Fund Grant,Fund Grant Description,Fund Group,Fund Subgroup,Fund Type,Parent Fund,Parent Fund Description,Leaf Fund Grant,Fund Category Name
FG332-430297,Nonpublic Inst. & Supp. Serv. - Independ. -  FG332-430297,Operating Funds,General Operating Funds,General Operating Funds,805,NCLB Federal,1,
FG332-430305,Title I - School Improvement Focus Initiative -  FG332-430305,Operating Funds,General Operating Funds,General Operating Funds,805,NCLB Federal,1,
FG332-430307,Title I - District Parent Involvement -  FG332-430307,Operating Funds,General Operating Funds,General Operating Funds,805,NCLB Federal,1,
FG336-410039,IASA VI Non-Public Schools - IVB,Operating Funds,General Operating Funds,General Operating Funds,805,NCLB Federal,1,
FG336-500027,Project Cultivate,Operating Funds,General Operating Funds,General Operating Funds,805,NCLB Federal,1,
FG336-500150,Professional Development for Chicago Public Schools Science Teach,Operating Funds,General Operating Funds,General Operating Funds,805,NCLB Federal,1,
FG358-000109,Sick and Vacation Termination Payout - ESP,Operating Funds,General Operating Funds,General Operating Funds,805,NCLB Federal,1,
FG332-430311,Nonpublic Inst. & Supp. Serv. - Christian  -  FG332-430311,Operating Funds,General Operating Funds,General Operating Funds,805,NCLB Federal,1,
FG332-430318,Title I - School Improvement Focus Initiative  -  FG332-430318,Operating Funds,General Operating Funds,General Operating Funds,805,NCLB Federal,1,
FG332-430616,Delinquent Programs,Operating Funds,General Operating Funds,General Operating Funds,805,NCLB Federal,1,
FG332-494036,Title IIA - Supplementary,Operating Funds,General Operating Funds,General Operating Funds,805,NCLB Federal,1,
FG332-510222,Headstart-Child Development,Operating Funds,General Operating Funds,General Operating Funds,805,NCLB Federal,1,
FG334,NCLB Title 1 - Neglected & Delinquent,Operating Funds,NA,General Operating Funds,805,NCLB Federal,0,
FG334-410023,CONTINGENCY FOR PROJECT EXPAN,Operating Funds,General Operating Funds,General Operating Funds,805,NCLB Federal,1,
FG334-430527,Neglected Programs,Operating Funds,General Operating Funds,General Operating Funds,805,NCLB Federal,1,
FG334-430532,Neglected Programs (Title I Neglected),Operating Funds,General Operating Funds,General Operating Funds,805,NCLB Federal,1,
FG335-488404,Ed Jobs Fund - Misc,Operating Funds,General Operating Funds,General Operating Funds,805,NCLB Federal,1,
FG334-430517,Neglected Programs,Operating Funds,General Operating Funds,General Operating Funds,805,NCLB Federal,1,
FG335-488409,Ed Jobs Fund - Misc,Operating Funds,General Operating Funds,General Operating Funds,805,NCLB Federal,1,
FG335-488412,Ed. Jobs Fund - Full Day Kindergarten,Operating Funds,General Operating Funds,General Operating Funds,805,NCLB Federal,1,
FG332-430286,Nonpublic Inst. & Supp. Serv. - Lutheran,Operating Funds,General Operating Funds,General Operating Funds,805,NCLB Federal,1,
FG220-460529,Preschool Discretionary (STARNET)  -  FG220-460529,Operating Funds,General Operating Funds,General Operating Funds,807,Other Grants,1,
FG220-462505,IDEA Room & Board,Operating Funds,General Operating Funds,General Operating Funds,807,Other Grants,1,
FG324-376827,Agriculture Education,Operating Funds,General Operating Funds,General Operating Funds,807,Other Grants,1,
FG324-409434,CIMBY:CPS Environmental Literacy for Environmental Justice - Nati,Operating Funds,General Operating Funds,General Operating Funds,807,Other Grants,1,
FG324-409435,CIMBY:CPS Environmental Literacy for Environmental Justice  -  FG324-409435,Operating Funds,General Operating Funds,General Operating Funds,807,Other Grants,1,
FG324-410009,CONTINGENCY FOR PROG EXPANSION,Operating Funds,General Operating Funds,General Operating Funds,807,Other Grants,1,
FG324-411005,Class Size Reduction (Public),Operating Funds,General Operating Funds,General Operating Funds,807,Other Grants,1,
FG324-399812,School Steam Grant Program -  FG324-399812,Operating Funds,General Operating Funds,General Operating Funds,807,Other Grants,1,
FG324-399818,University of Illinois/ Illinois Youth Survey  -  FG324-399818,Operating Funds,General Operating Funds,General Operating Funds,807,Other Grants,1,
FG324-409425,Calumet Is My Back Yard CIMBY-IDNR FY18,Operating Funds,General Operating Funds,General Operating Funds,807,Other Grants,1,
FG220-462509,IDEA Room & Board  -  FG220-462509,Operating Funds,General Operating Funds,General Operating Funds,807,Other Grants,1,
FG124-905102,CFF - FY22 Round 2 Success Bound Grant,Operating Funds,General Operating Funds,General Operating Funds,801,School Generated,1,
FG324-210069,IGA Support of an Online Vaccination Consent System,Operating Funds,General Operating Funds,General Operating Funds,807,Other Grants,1,
FG324-409429,CIMBY - Burnham Park,Operating Funds,General Operating Funds,General Operating Funds,807,Other Grants,1,
FG124-905167,CFF Friends of Coonley Sponsor-a-School partnership,Operating Funds,General Operating Funds,General Operating Funds,801,School Generated,1,
FG324-210073,IGA City Year FY24,Operating Funds,General Operating Funds,General Operating Funds,807,Other Grants,1,
FG324-380114,School Library Grant - Per Captia,Operating Funds,General Operating Funds,General Operating Funds,807,Other Grants,1,
FG220-460603,IDEA Preschool Discr. - Early Childhood (StarNet)R*Tas,Operating Funds,General Operating Funds,General Operating Funds,807,Other Grants,1,
FG324-380121,FY18 School District Library Grant,Operating Funds,General Operating Funds,General Operating Funds,807,Other Grants,1,
FG324-400104,Chicago Gear-Up 6 (Year 5),Operating Funds,General Operating Funds,General Operating Funds,807,Other Grants,1,
FG324-400105,Chicago Gear-Up 6 (Year 6) FY2020,Operating Funds,General Operating Funds,General Operating Funds,807,Other Grants,1,
FG124-905064,CFF - FY22 McCormick Foundation K-12 Civics,Operating Funds,General Operating Funds,General Operating Funds,801,School Generated,1,
FG124-905068,CFF - Social Works New Chance Computer Science Grant,Operating Funds,General Operating Funds,General Operating Funds,801,School Generated,1,
FG324-200019,Chicago Cook Workforce Partnership,Operating Funds,General Operating Funds,General Operating Funds,807,Other Grants,1,
FG324-210085,Healthy CPS Partnerships - Chief Health Officer,Operating Funds,General Operating Funds,General Operating Funds,807,Other Grants,1,
FG324-210086,IGA Chicago Connected Phase Two,Operating Funds,General Operating Funds,General Operating Funds,807,Other Grants,1,
FG124-905128,LIFE TIME FOUNDATION ¿ MOVEMENT PROGRAM,Operating Funds,General Operating Funds,General Operating Funds,801,School Generated,1,
FG124-905135,CFF NIU Phoenix Military FY23,Operating Funds,General Operating Funds,General Operating Funds,801,School Generated,1,
FG220-460014,Preschool Incentive Grant,Operating Funds,General Operating Funds,General Operating Funds,807,Other Grants,1,
FG220-460016,Preschool Incentive Grant,Operating Funds,General Operating Funds,General Operating Funds,807,Other Grants,1,
FG324-399961,District Broadband Expansion Grant- ISBE FY 22- FG324-399961,Operating Funds,General Operating Funds,General Operating Funds,807,Other Grants,1,
FG220-460018,Preschool Incentive Grant,Operating Funds,General Operating Funds,General Operating Funds,807,Other Grants,1,
FG220-462065,LEA  FlowThru Instruction,Operating Funds,General Operating Funds,General Operating Funds,807,Other Grants,1,
FG324-200032,Choose To Change - FY24  -  FG324-200032,Operating Funds,General Operating Funds,General Operating Funds,807,Other Grants,1,
FG324-210021,Summer Youth Employment Program,Operating Funds,General Operating Funds,General Operating Funds,807,Other Grants,1,
FG324-396232,Arts & Foreign Language - Fine Arts,Operating Funds,General Operating Funds,General Operating Funds,807,Other Grants,1,
FG124-905140,CFF Choose To Change PRJ and the Cir of Ser Fnd Fund- FG124-905140,Operating Funds,General Operating Funds,General Operating Funds,801,School Generated,1,
FG124-905141,CFF SY23-24 Postsecondary Advising Planning Expansion project and,Operating Funds,General Operating Funds,General Operating Funds,801,School Generated,1,
FG324-403411,Increase Teacher Quality,Operating Funds,General Operating Funds,General Operating Funds,807,Other Grants,1,
FG324-403413,Increase Teacher Quality Grant,Operating Funds,General Operating Funds,General Operating Funds,807,Other Grants,1,
FG220-460025,Preschool Incentive Grant,Operating Funds,General Operating Funds,General Operating Funds,807,Other Grants,1,
FG324-210033,City Year IGA FY20,Operating Funds,General Operating Funds,General Operating Funds,807,Other Grants,1,
FG324-210036,IGA Summer Youth Employment Program FY 20-21,Operating Funds,General Operating Funds,General Operating Funds,807,Other Grants,1,
FG324-321721,Jobs for Illinois Graduates (JILG),Operating Funds,General Operating Funds,General Operating Funds,807,Other Grants,1,
FG220-460030,Preschool Incentive Grant,Operating Funds,General Operating Funds,General Operating Funds,807,Other Grants,1,
FG220-462085,LEA Flowthru Instruction - Nonpublic -  FG220-462085,Operating Funds,General Operating Funds,General Operating Funds,807,Other Grants,1,
FG324-376810,Truant Alternative Optional Education,Operating Funds,General Operating Funds,General Operating Funds,807,Other Grants,1,
FG324-399504,After School Programs,Operating Funds,General Operating Funds,General Operating Funds,807,Other Grants,1,
FG324-424031,Fresh Fruit & Vegetables Program,Operating Funds,General Operating Funds,General Operating Funds,807,Other Grants,1,
FG124-905088,CFF - Crown Family Literacy Initiative Grant,Operating Funds,General Operating Funds,General Operating Funds,801,School Generated,1,
FG124-905089,CFF - FY22 Success Bound Grant,Operating Funds,General Operating Funds,General Operating Funds,801,School Generated,1,
FG124-905090,CFF - FY22 Joyce G Gossom (Perkin Bass ES) Donation,Operating Funds,General Operating Funds,General Operating Funds,801,School Generated,1,
FG324-376815,Agriculture Education - Three Circles,Operating Funds,General Operating Funds,General Operating Funds,807,Other Grants,1,
FG324-322520,Work Exp. & Career Exp. Program (WECEP),Operating Funds,General Operating Funds,General Operating Funds,807,Other Grants,1,
FG124-905157,CFF The Crown Alumni Support Program Management PRJ,Operating Funds,General Operating Funds,General Operating Funds,801,School Generated,1,
FG124-905158,CFF The Chicago Cubs Charities Donations to Schools projects,Operating Funds,General Operating Funds,General Operating Funds,801,School Generated,1,
FG124-905159,CFF John McCarter Newcomer Supports project,Operating Funds,General Operating Funds,General Operating Funds,801,School Generated,1,
FG124-905161,CFF The Chicago Children's Museum Curiosity Classroom,Operating Funds,General Operating Funds,General Operating Funds,801,School Generated,1,
FG324-210050,Computer Science for All FY17,Operating Funds,General Operating Funds,General Operating Funds,807,Other Grants,1,
FG324-210055,CIMBY-IDNR 2020,Operating Funds,General Operating Funds,General Operating Funds,807,Other Grants,1,
FG324-327505,Elementary Career Development Program,Operating Funds,General Operating Funds,General Operating Funds,807,Other Grants,1,
FG220-460521,Preschool Discretionary (STARNET),Operating Funds,General Operating Funds,General Operating Funds,807,Other Grants,1,
FG220-460525,Preschool Discretionary (STARNET),Operating Funds,General Operating Funds,General Operating Funds,807,Other Grants,1,
FG324-210059,Computer Science for all FY22,Operating Funds,General Operating Funds,General Operating Funds,807,Other Grants,1,
FG701-442285,Title Iv - 21st Century Comm Learning Centers B2,Operating Funds,General Operating Funds,Others,,,1,
FG701-580202,CDC Strategy 2 - HIV/STD Prevention Initiative,Operating Funds,General Operating Funds,Others,,,1,
FG701-580205,Healthy Chicago Public Schools- YRBS 262006,Operating Funds,General Operating Funds,Others,,,1,
FG701-499835,ESSER II- Early Childhood- Jump Start K-1st 22-4998-FG,Operating Funds,General Operating Funds,Others,,,1,
FG701-210026,IGA Early Learning Investment Program - City FY18,Operating Funds,General Operating Funds,Others,,,1,
FG701-400090,Gear-Up - All Schools,Operating Funds,General Operating Funds,Others,,,1,
FG657-399602,State Distributive Fund,Operating Funds,Debt-Service Funds,Debt-Service Funds,808,Debt Service Fund,1,
FG659-000000,2021A New Money,Operating Funds,Debt-Service Funds,Debt-Service Funds,808,Debt Service Fund,1,
FG691-600010,Bond Series 2011C-2,Operating Funds,Debt-Service Funds,Debt-Service Funds,808,Debt Service Fund,1,
FG692,CIP Series 2016 Debt Service,Operating Funds,NA,Debt-Service Funds,808,Debt Service Fund,0,
FG701-442308,Title IV 21st Century Community Learning Centers Cohort A1,Operating Funds,General Operating Funds,Others,,,1,
FG701-442309,Title IV 21st Century Community Learning Centers Cohort B1,Operating Funds,General Operating Funds,Others,,,1,
FG701-442316,Title IV 21st Century Community Learning Centers A3,Operating Funds,General Operating Funds,Others,,,1,
FG495-500846,Amelia Earhart Options School Improvements - ICJIA 822004,Capital Funds,Capital Funds,Others,810,Capital Projects Fund,1,
FG692-399602,State Distributive Fund,Operating Funds,Debt-Service Funds,Debt-Service Funds,808,Debt Service Fund,1,
FG425-379037,2022 DCEO State Capital Addams Project,Capital Funds,Capital Funds,Others,810,Capital Projects Fund,1,
FG701-460024,Preschool Incentive Grant FY20,Operating Funds,General Operating Funds,Others,,,1,
FG701-510223,Headstart-Child Development,Operating Funds,General Operating Funds,Others,,,1,
FG701-580217,Healthy CPS-HIV STD Prevention Initiative 221077 FY20,Operating Funds,General Operating Funds,Others,,,1,
FG495-548058,IL for Arts Education - Newman,Capital Funds,Capital Funds,Others,810,Capital Projects Fund,1,
FG623-600019,Unlimited Tax Go Refunding Bond Series 2017B,Operating Funds,Debt-Service Funds,Debt-Service Funds,808,Debt Service Fund,1,
FG425-379174,DCEO State - AVALON PARK,Capital Funds,Capital Funds,Others,810,Capital Projects Fund,1,
FG701-460804,CPC i3 Project,Operating Funds,General Operating Funds,Others,,,1,
FG701-580232,CDC DASH Mental Health Supplement Year 1 Continuation,Operating Funds,General Operating Funds,Others,,,1,
FG701-499936,Preschool Expansion Grant FY 16,Operating Funds,General Operating Funds,Others,,,1,
FG627,CIP Series 2016B Debt Service,Operating Funds,NA,Debt-Service Funds,808,Debt Service Fund,0,
FG661-000000,CIP Series 2022A,Operating Funds,Debt-Service Funds,Debt-Service Funds,808,Debt Service Fund,1,
FG663,Refunding Series 2022B,Operating Funds,NA,Debt-Service Funds,808,Debt Service Fund,0,
FG701-499938,Preschool Expansion Grant FY18,Operating Funds,General Operating Funds,Others,,,1,
FG699-399602,State Distributive Fund,Operating Funds,Debt-Service Funds,Debt-Service Funds,808,Debt Service Fund,1,
FG401,CIP Admin. Cost Center,Capital Funds,NA,Others,810,Capital Projects Fund,0,
FG666,CIP Series 2007D Debt Service,Operating Funds,NA,Debt-Service Funds,808,Debt Service Fund,0,
FG701-462506,IDEA Room and Board,Operating Funds,General Operating Funds,Others,,,1,
FG701-472016,Perkins Leaderhip - High Schools That Work,Operating Funds,General Operating Funds,Others,,,1,
FG701-472118,High Schools That Work (Supplemental),Operating Funds,General Operating Funds,Others,,,1,
FG495-210065,IGA Computer Science for All FY23,Capital Funds,Capital Funds,Others,810,Capital Projects Fund,1,
FG495-322038,Cte Education Career Pathway RFP,Capital Funds,Capital Funds,Others,810,Capital Projects Fund,1,
FG124-070202,LISC - Cubs Charities Diamond Project,Operating Funds,General Operating Funds,General Operating Funds,801,School Generated,1,
FG701-474563,Special Student Needs-C. Perkins,Operating Funds,General Operating Funds,Others,,,1,
FG701-474564,Special Student Needs-C. Perkins,Operating Funds,General Operating Funds,Others,,,1,
FG701-485610,Preschool Incentive Grant ARRA,Operating Funds,General Operating Funds,Others,,,1,
FG701-000053,Capital Project Donations - Parents/Business,Operating Funds,General Operating Funds,Others,,,1,
FG701-000065,Magnet Schools,Operating Funds,General Operating Funds,Others,,,1,
FG701-000102,Alternative and Specialty Schools Support,Operating Funds,General Operating Funds,Others,,,1,
FG630-000000,Refunding Series 2004B Debt Service,Operating Funds,Debt-Service Funds,Debt-Service Funds,808,Debt Service Fund,1,
FG124-070240,MacArthur Global Citizen Initiative,Operating Funds,General Operating Funds,General Operating Funds,801,School Generated,1,
FG701-379166,DCEO State Capital Farragut,Operating Funds,General Operating Funds,Others,,,1,
FG684-000000,CIP Series 2009D,Operating Funds,Debt-Service Funds,Debt-Service Funds,808,Debt Service Fund,1,
FG124-070301,McCormick JROTC,Operating Funds,General Operating Funds,General Operating Funds,801,School Generated,1,
FG124-070307,McCormick Foundation JROTC CY 2015,Operating Funds,General Operating Funds,General Operating Funds,801,School Generated,1,
FG124-070316,Ortho Sprague Memorial Institute,Operating Funds,General Operating Funds,General Operating Funds,801,School Generated,1,
FG124-070322,BOKS Activation Grant,Operating Funds,General Operating Funds,General Operating Funds,801,School Generated,1,
FG701-493520,Title II-Improving Teacher Quality-RA Leadership N Sustainability,Operating Funds,General Operating Funds,Others,,,1,
FG495-430284,Nonpublic Inst. and Supp. Serv. - Independ.,Capital Funds,Capital Funds,Others,810,Capital Projects Fund,1,
FG685-000000,CIP Series 2013BC - Debt Service,Operating Funds,Debt-Service Funds,Debt-Service Funds,808,Debt Service Fund,1,
FG412-005060,Central Office Relocation of 2015,Capital Funds,Capital Funds,Others,810,Capital Projects Fund,1,
FG412-610000,Build America Bonds (BABS),Capital Funds,Capital Funds,Others,810,Capital Projects Fund,1,
FG124-070360,NFL Foundation,Operating Funds,General Operating Funds,General Operating Funds,801,School Generated,1,
FG124-070370,CFF - Michael Reese Health Trust Grant,Operating Funds,General Operating Funds,General Operating Funds,801,School Generated,1,
FG701-550007,Aids Foundation of Chicago,Operating Funds,General Operating Funds,Others,,,1,
FG425-379149,DCEO - WASHINGTON,Capital Funds,Capital Funds,Others,810,Capital Projects Fund,1,
FG701-433145,Il-Empower (Cohort 19 - Grant 5) FY20,Operating Funds,General Operating Funds,Others,,,1,
FG701-550018,IL for Arts and STEM Education- Grant 1,Operating Funds,General Operating Funds,Others,,,1,
FG701-550020,IL for Arts and STEM Education - 0199,Operating Funds,General Operating Funds,Others,,,1,
FG701-399811,District Broadband Expansion ISBE 24-3999-EP,Operating Funds,General Operating Funds,Others,,,1,
FG701-399813,Multi-tiered System of Trauma-informed Supports to Students and T,Operating Funds,General Operating Funds,Others,,,1,
FG701-399955,Teacher Mentoring & Mentoring Pilot Program,Operating Funds,General Operating Funds,Others,,,1,
FG701-399961,Advanced Placement,Operating Funds,General Operating Funds,Others,,,1,
FG647,Series 2018D,Operating Funds,NA,Debt-Service Funds,808,Debt Service Fund,0,
FG701-433996,SIG - Harper High School FY12,Operating Funds,General Operating Funds,Others,,,1,
FG701-434016,SIG Transformation FY12 -Richard,Operating Funds,General Operating Funds,Others,,,1,
FG701-494089,Title IIA Archidiocese Of Chicago. Suppl.Servc.,Operating Funds,General Operating Funds,Others,,,1,
FG701-499801,IL Empower FY18,Operating Funds,General Operating Funds,Others,,,1,
FG701-400077,Gear-Up / NEIU,Operating Funds,General Operating Funds,Others,,,1,
FG687,CIP Series 2012B,Operating Funds,NA,Debt-Service Funds,808,Debt Service Fund,0,
FG688-000000,CIP Series 2009F,Operating Funds,Debt-Service Funds,Debt-Service Funds,808,Debt Service Fund,1,
FG701-501710,NYLCs Generator Go Green G3 Initiative,Operating Funds,General Operating Funds,Others,,,1,
FG701-501711,NYLC's Generator Go Green (G3) Initiative II,Operating Funds,General Operating Funds,Others,,,1,
FG701-560027,Headstart-Child Supp. Dis. SP Initiative,Operating Funds,General Operating Funds,Others,,,1,
FG701-070948,CPEF Professional Learning Communities (PLC) Stipends,Operating Funds,General Operating Funds,Others,,,1,
FG425-379015,Illinois Dept of Commerce and Economic Opportunity,Capital Funds,Capital Funds,Others,810,Capital Projects Fund,1,
FG701-442242,21st Century Community Learning Centers (Cohort 19-Grant 2),Operating Funds,General Operating Funds,Others,,,1,
FG701-442252,21st Century Community Learning Centers - (Cohort 15-Grant 4),Operating Funds,General Operating Funds,Others,,,1,
FG701-580112,Category A - Communities Putting Prevention to Work,Operating Funds,General Operating Funds,Others,,,1,
FG701-177705,ComEd Energy Efficiency,Operating Funds,General Operating Funds,Others,,,1,
FG701-379184,DCEO State Capital Murphy,Operating Funds,General Operating Funds,Others,,,1,
FG701-379188,DCEO - Curie High School,Operating Funds,General Operating Funds,Others,,,1,
FG701-433148,Il-Empower (Cohort 19 - Grant 8) FY20,Operating Funds,General Operating Funds,Others,,,1,
FG701-442264,Title IV - 21st Century Comm Learning Centers  B2,Operating Funds,General Operating Funds,Others,,,1,
FG701-383807,CPS Library Safety Resource Kits,Operating Funds,General Operating Funds,Others,,,1,
FG495-499825,ESSER III - School Based Unfinished Learning,Capital Funds,Capital Funds,Others,810,Capital Projects Fund,1,
FG495-499831,ARP ESSER III State Set Aside Grant-  After School Programs,Capital Funds,Capital Funds,Others,810,Capital Projects Fund,1,
FG652-000000,CIP Series 2005B Debt Service,Operating Funds,Debt-Service Funds,Debt-Service Funds,808,Debt Service Fund,1,
FG701-442268,Title IV - 21st Century Comm Learning Centers  F2,Operating Funds,General Operating Funds,Others,,,1,
FG701-442275,21st Century Community Learning Centers - (Cohort 15-Grant 6),Operating Funds,General Operating Funds,Others,,,1,
FG701-442281,21st Century Community Learning Centers (Cohort 19-Grant 5),Operating Funds,General Operating Funds,Others,,,1,
FG701-509195,"Teams, Interventions, Evaluations, And Resources For Supportive S",Operating Funds,General Operating Funds,Others,,,1,
FG701-188815,Space To Grow-Chgo Dept. of Water,Operating Funds,General Operating Funds,Others,,,1,
FG701-199922,JROTC Parade Program,Operating Funds,General Operating Funds,Others,,,1,
FG324-500048,CAFECS: AP CSP Access for All,Operating Funds,General Operating Funds,General Operating Funds,807,Other Grants,1,
FG324-500050,CAFECS - Build Connections -  FG324-500050,Operating Funds,General Operating Funds,General Operating Funds,807,Other Grants,1,
FG324-442166,21st Century Community Learning Centers-(Cohort 15-Grant 2) FY18,Operating Funds,General Operating Funds,General Operating Funds,807,Other Grants,1,
FG324-442171,21st Century Community Learning Centers FY19,Operating Funds,General Operating Funds,General Operating Funds,807,Other Grants,1,
FG436-904003,Citywide Miscellaneous,Capital Funds,Capital Funds,Others,810,Capital Projects Fund,1,
FG495-004136,Teach Plus NSI Stipend,Capital Funds,Capital Funds,Others,810,Capital Projects Fund,1,
FG324-548057,IL for Arts Education - Quigley,Operating Funds,General Operating Funds,General Operating Funds,807,Other Grants,1,
FG324-548060,CPS Fostering Diverse Schools Planning Initiative,Operating Funds,General Operating Funds,General Operating Funds,807,Other Grants,1,
FG668-000000,CIP Series 2008A,Operating Funds,Debt-Service Funds,Debt-Service Funds,808,Debt Service Fund,1,
FG674,CIP Series 1998B-1 Debt Service,Operating Funds,NA,Debt-Service Funds,808,Debt Service Fund,0,
FG441,Future TBD Bonds,Capital Funds,NA,Others,810,Capital Projects Fund,0,
FG210-376709,Transportation - Safety Personnel,Operating Funds,General Operating Funds,General Operating Funds,802,General Fund,1,
FG210-430298,Nonpublic Inst. and Supp. Serv. - Christian,Operating Funds,General Operating Funds,General Operating Funds,802,General Fund,1,
FG701-000017,TIF Capital,Operating Funds,General Operating Funds,Others,,,1,
FG324-500061,CAFECS: AP CSP Access for All  -  FG324-500061,Operating Funds,General Operating Funds,General Operating Funds,807,Other Grants,1,
FG695-399602,State Distributive Fund,Operating Funds,Debt-Service Funds,Debt-Service Funds,808,Debt Service Fund,1,
FG697-000000,CIP Series 2010F,Operating Funds,Debt-Service Funds,Debt-Service Funds,808,Debt Service Fund,1,
FG450,CIP 2001 C -$200M,Capital Funds,NA,Others,810,Capital Projects Fund,0,
FG450-000000,CIP 2001 C -$200M,Capital Funds,Capital Funds,Others,810,Capital Projects Fund,1,
FG436-491006,Green Roofs Program ARRA Brown,Capital Funds,Capital Funds,Others,810,Capital Projects Fund,1,
FG701-210120,Illinois Arts Council,Operating Funds,General Operating Funds,Others,,,1,
FG701-399002,Hold Harmless FY 15,Operating Funds,General Operating Funds,Others,,,1,
FG324-511248,CPS Healing Trauma Together FY19,Operating Funds,General Operating Funds,General Operating Funds,807,Other Grants,1,
FG324-512069,Department of Energy - Resiliency Center Network,Operating Funds,General Operating Funds,General Operating Funds,807,Other Grants,1,
FG425-379121,DCEO - ASHBURN 22-203040,Capital Funds,Capital Funds,Others,810,Capital Projects Fund,1,
FG425-379124,DCEO - BOND ES 22-203040,Capital Funds,Capital Funds,Others,810,Capital Projects Fund,1,
FG425-379127,DCEO - DAVIS ES 22-203040,Capital Funds,Capital Funds,Others,810,Capital Projects Fund,1,
FG701-300011,Agricultural Fair,Operating Funds,General Operating Funds,Others,,,1,
FG324-529014,Preventing Truancy in Urban Schools,Operating Funds,General Operating Funds,General Operating Funds,807,Other Grants,1,
FG324-500066,Stronger Together Initiative - Cook County (ARPA),Operating Funds,General Operating Funds,General Operating Funds,807,Other Grants,1,
FG425-379190,DCEO - BELL ELEMENTARY SCHOOL,Capital Funds,Capital Funds,Others,810,Capital Projects Fund,1,
FG425-379199,THE STATE OF ILLINOIS - CDB - MULTI SCHOOL PRE K GRANT,Capital Funds,Capital Funds,Others,810,Capital Projects Fund,1,
FG478-000000,CIP Series 2007D,Capital Funds,Capital Funds,Others,810,Capital Projects Fund,1,
FG324-529025,Randomized Study to Abate Truancy and Violence-2,Operating Funds,General Operating Funds,General Operating Funds,807,Other Grants,1,
FG324-532008,Accelerated STEM Program of Study & Leadership,Operating Funds,General Operating Funds,General Operating Funds,807,Other Grants,1,
FG324-532010,Accelerated STEM Program of Study and Leadership Development FY18,Operating Funds,General Operating Funds,General Operating Funds,807,Other Grants,1,
FG324-439601,Critical MASS,Operating Funds,General Operating Funds,General Operating Funds,807,Other Grants,1,
FG425-379231,DCEO - SCAMMON -22-203243,Capital Funds,Capital Funds,Others,810,Capital Projects Fund,1,
FG701-321730,Jobs for Illinois Graduates - Middle Grades Program,Operating Funds,General Operating Funds,Others,,,1,
FG324-500004,Start on Success Program FY19,Operating Funds,General Operating Funds,General Operating Funds,807,Other Grants,1,
FG425-392504,ISBE School Maintenance Grant,Capital Funds,Capital Funds,Others,810,Capital Projects Fund,1,
FG427-600016,2016 Bond Proceeds,Capital Funds,Capital Funds,Others,810,Capital Projects Fund,1,
FG428-000000,Capital Improvement Bonds Of 1997A,Capital Funds,Capital Funds,Others,810,Capital Projects Fund,1,
FG701-322033,Career and Technical Educ. Improvement Grant (Ctei),Operating Funds,General Operating Funds,Others,,,1,
FG479-620000,Qualified School Construction Bond (QSCB),Capital Funds,Capital Funds,Others,810,Capital Projects Fund,1,
FG324-500691,Refugee Children's School Impact Grant,Operating Funds,General Operating Funds,General Operating Funds,807,Other Grants,1,
FG324-500692,Refugee Children's School Impact Grant  -  FG324-500692,Operating Funds,General Operating Funds,General Operating Funds,807,Other Grants,1,
FG324-500693,Refugee Children's School Impact Grant,Operating Funds,General Operating Funds,General Operating Funds,807,Other Grants,1,
FG324-442146,21st Century Community Learning Centers - (Cohort 15-Grant 3),Operating Funds,General Operating Funds,General Operating Funds,807,Other Grants,1,
FG324-442150,21st Century Community Learning Centers,Operating Funds,General Operating Funds,General Operating Funds,807,Other Grants,1,
FG431-525001,Noise Abatement - Federal,Capital Funds,Capital Funds,Others,810,Capital Projects Fund,1,
FG431-590001,E-Rate,Capital Funds,Capital Funds,Others,810,Capital Projects Fund,1,
FG435,Local-South Loop School,Capital Funds,NA,Others,810,Capital Projects Fund,0,
FG481-000000,BABS - CIP Series 2010D,Capital Funds,Capital Funds,Others,810,Capital Projects Fund,1,
FG324-548021,Track 2 CS10K: Accelerate ECS4ALL,Operating Funds,General Operating Funds,General Operating Funds,807,Other Grants,1,
FG324-548043,Trio - Talent Search,Operating Funds,General Operating Funds,General Operating Funds,807,Other Grants,1,
FG324-548044,Trio - Talent Search,Operating Funds,General Operating Funds,General Operating Funds,807,Other Grants,1,
FG324-442190,21st Century Community Learning Cntrs - (Cohort 15-Grant 5) FY20,Operating Funds,General Operating Funds,General Operating Funds,807,Other Grants,1,
FG436-000057,Fund 436 Spend Down,Capital Funds,Capital Funds,Others,810,Capital Projects Fund,1,
FG497-000000,Lease,Capital Funds,Capital Funds,Others,810,Capital Projects Fund,1,
FG497-000388,Cellular Revenue,Capital Funds,Capital Funds,Others,810,Capital Projects Fund,1,
FG324-500008,Bridges - Advancing High School Computer Science FY20,Operating Funds,General Operating Funds,General Operating Funds,807,Other Grants,1,
FG324-500017,Collaborative Research: Geospatial HS Course in CTE Clusters FY19,Operating Funds,General Operating Funds,General Operating Funds,807,Other Grants,1,
FG324-442252,21st Century Community Learning Centers - (Cohort 15-Grant 4)  -  FG324-442252,Operating Funds,General Operating Funds,General Operating Funds,807,Other Grants,1,
FG436-000904,LISC - Cubs Charities Diamond Project (Capital),Capital Funds,Capital Funds,Others,810,Capital Projects Fund,1,
FG436-000907,American Endowment Foundation - LaSalle Playground Project,Capital Funds,Capital Funds,Others,810,Capital Projects Fund,1,
FG436-000917,Friends of Pulaski - Full Locker Replacement,Capital Funds,Capital Funds,Others,810,Capital Projects Fund,1,
FG436-000918,Friends of Payton Association - Lighting Project Auditorium,Capital Funds,Capital Funds,Others,810,Capital Projects Fund,1,
FG701-369621,Regional Safe Schools FY18,Operating Funds,General Operating Funds,Others,,,1,
FG324-500752,Youth Career Connect - Network Based FY18,Operating Funds,General Operating Funds,General Operating Funds,807,Other Grants,1,
FG324-500901,National Leadership Grant for Libraries,Operating Funds,General Operating Funds,General Operating Funds,807,Other Grants,1,
FG436-070189,CFF-Chance the Rapper-SocialWorks,Capital Funds,Capital Funds,Others,810,Capital Projects Fund,1,
FG487,Series 2017 CIT,Capital Funds,NA,Others,810,Capital Projects Fund,0,
FG324-542132,Distributed Leadership in Opportunity Schools (DLOS) FY18,Operating Funds,General Operating Funds,General Operating Funds,807,Other Grants,1,
FG324-442154,21st Century Community Learning Centers - (Cohort 15-Grant 4),Operating Funds,General Operating Funds,General Operating Funds,807,Other Grants,1,
FG324-442155,21st Century Community Learning Centers - (Cohort 15-Grant 5),Operating Funds,General Operating Funds,General Operating Funds,807,Other Grants,1,
FG324-442262,21st Century Community Learning Centers  Cohort Project B1 -  FG324-442262,Operating Funds,General Operating Funds,General Operating Funds,807,Other Grants,1,
FG436-188813,IEPA Remediation at Kerry Wood Field,Capital Funds,Capital Funds,Others,810,Capital Projects Fund,1,
FG436-188815,Space To Grow-Chgo Dept. of Water,Capital Funds,Capital Funds,Others,810,Capital Projects Fund,1,
FG436-188819,Open Spaces Project-Alcott,Capital Funds,Capital Funds,Others,810,Capital Projects Fund,1,
FG605-399602,State Distributive Fund,Operating Funds,Debt-Service Funds,Debt-Service Funds,808,Debt Service Fund,1,
FG324-500022,Scratch Encore FY20,Operating Funds,General Operating Funds,General Operating Funds,807,Other Grants,1,
FG324-500023,Scratch Encore,Operating Funds,General Operating Funds,General Operating Funds,807,Other Grants,1,
FG324-500030,EAGER Program,Operating Funds,General Operating Funds,General Operating Funds,807,Other Grants,1,
FG324-500031,RAPID: Mitigating Impact of Rem Lrning COVID,Operating Funds,General Operating Funds,General Operating Funds,807,Other Grants,1,
FG324-500033,Chicago Alliance for Equity in Computer Science (CAFE-CS),Operating Funds,General Operating Funds,General Operating Funds,807,Other Grants,1,
FG324-500902,National Leadership Grant for Libraries,Operating Funds,General Operating Funds,General Operating Funds,807,Other Grants,1,
FG324-442268,Title IV - 21st Century Comm Learning Centers F2,Operating Funds,General Operating Funds,General Operating Funds,807,Other Grants,1,
FG324-440302,Healthy Schools Healthy City Medicaid Enrollment Project FY19,Operating Funds,General Operating Funds,General Operating Funds,807,Other Grants,1,
FG324-503003,USDA Garden Grant CSAS,Operating Funds,General Operating Funds,General Operating Funds,807,Other Grants,1,
FG436-300017,Secretary of State Capital Grant,Capital Funds,Capital Funds,Others,810,Capital Projects Fund,1,
FG324-548052,Trio - Talent Search,Operating Funds,General Operating Funds,General Operating Funds,807,Other Grants,1,
FG324-500039,CAFECS - Build Connections -  FG324-500039,Operating Funds,General Operating Funds,General Operating Funds,807,Other Grants,1,
FG324-442201,21st Century Community Learning Centers - (Cohort 15-Grant 3),Operating Funds,General Operating Funds,General Operating Funds,807,Other Grants,1,
FG324-442273,21st Century Community Learning Centers - (Cohort 15-Grant 4),Operating Funds,General Operating Funds,General Operating Funds,807,Other Grants,1,
FG436-379022,Public Sector Energy Efficiency Program,Capital Funds,Capital Funds,Others,810,Capital Projects Fund,1,
FG633-000000,CIP Series 2017E,Operating Funds,Debt-Service Funds,Debt-Service Funds,808,Debt Service Fund,1,
FG635-000000,CIP Series 2017G,Operating Funds,Debt-Service Funds,Debt-Service Funds,808,Debt Service Fund,1,
FG324-509240,CIMBY Gets WET,Operating Funds,General Operating Funds,General Operating Funds,807,Other Grants,1,
FG324-542133,Distributed Leadership in Opportunity School (DLOS) FY19,Operating Funds,General Operating Funds,General Operating Funds,807,Other Grants,1,
FG436-392504,ISBE School Maintenance Grant,Capital Funds,Capital Funds,Others,810,Capital Projects Fund,1,
FG436-399502,IEMA-School & Campus Safety Grant,Capital Funds,Capital Funds,Others,810,Capital Projects Fund,1,
FG701-379011,Illinois Dept of Com. & Econ. Opportunity,Operating Funds,General Operating Funds,Others,,,1,
FG324-542137,Distributed Leadership In Opportunity School (DLOS),Operating Funds,General Operating Funds,General Operating Funds,807,Other Grants,1,
FG324-547514,Indian Elem/Sec. Assistance Prog.,Operating Funds,General Operating Funds,General Operating Funds,807,Other Grants,1,
FG324-442181,21st Century Community Learning Centers (Cohort 19-Grant 2) FY19,Operating Funds,General Operating Funds,General Operating Funds,807,Other Grants,1,
FG324-500318,MSAP-TAC FY25  -  FG324-500318,Operating Funds,General Operating Funds,General Operating Funds,807,Other Grants,1,
FG124-070122,CASEL Collaborating Districts Implementation (Year 3),Operating Funds,General Operating Funds,General Operating Funds,801,School Generated,1,
FG325,ARRA Other Misc Federal Grants,Operating Funds,NA,General Operating Funds,807,Other Grants,0,
FG325-497146,ARRA Title ll D Enhancing Education,Operating Funds,General Operating Funds,General Operating Funds,807,Other Grants,1,
FG367-433196,FY24 School and District  Improvement Grant (Cohort 18) - 38,Operating Funds,General Operating Funds,General Operating Funds,807,Other Grants,1,
FG324-442247,21st Century Community Learning Centers  Cohort Project B1,Operating Funds,General Operating Funds,General Operating Funds,807,Other Grants,1,
FG324-442250,21st Century Community Learning Centers - (Cohort 15-Grant 2)  -  FG324-442250,Operating Funds,General Operating Funds,General Operating Funds,807,Other Grants,1,
FG324-524020,Secondary Transitional Experience Program (STEP),Operating Funds,General Operating Funds,General Operating Funds,807,Other Grants,1,
FG324-524023,Secondary Transitional Experience Program (STEP) FY19,Operating Funds,General Operating Funds,General Operating Funds,807,Other Grants,1,
FG324-524024,Secondary Transitional Experience Program (STEP) FY20,Operating Funds,General Operating Funds,General Operating Funds,807,Other Grants,1,
FG324-524025,Secondary Transitional Experience Program (STEP),Operating Funds,General Operating Funds,General Operating Funds,807,Other Grants,1,
FG124-001069,Chicago Preschool Inputs Childrens Study,Operating Funds,General Operating Funds,General Operating Funds,801,School Generated,1,
FG114-490201,Medicaid - Fee for Service,Operating Funds,General Operating Funds,General Operating Funds,801,General Fund,1,
FG325-517501,Chicago Teen Pregnancy Prevention Initiative,Operating Funds,General Operating Funds,General Operating Funds,807,Other Grants,1,
FG325-542129,Teacher Incentive Fund - CPS ARRA,Operating Funds,General Operating Funds,General Operating Funds,807,Other Grants,1,
FG326,Government Funded School Based Grants,Operating Funds,NA,General Operating Funds,807,Other Grants,0,
FG326-100401,City of Chicago Vision Program,Operating Funds,General Operating Funds,General Operating Funds,807,Other Grants,1,
FG324-500361,STARTALK - Chinese Language Program,Operating Funds,General Operating Funds,General Operating Funds,807,Other Grants,1,
FG115-000002,Special Education - Other Distrs Govt Tuition,Operating Funds,General Operating Funds,General Operating Funds,801,General Fund,1,
FG115-000526,Security Services Revenue From Charters,Operating Funds,General Operating Funds,General Operating Funds,801,General Fund,1,
FG326-210114,Illinois Arts Council,Operating Funds,General Operating Funds,General Operating Funds,807,Other Grants,1,
FG326-400081,Gear-Up - All Schools,Operating Funds,General Operating Funds,General Operating Funds,807,Other Grants,1,
FG324-524107,21st Century CLC - After School Support,Operating Funds,General Operating Funds,General Operating Funds,807,Other Grants,1,
FG115-000575,Need-Based Flexible Funding,Operating Funds,General Operating Funds,General Operating Funds,801,General Fund,1,
FG115-000580,Charter Core Instructional Funding,Operating Funds,General Operating Funds,General Operating Funds,801,General Fund,1,
FG326-500003,Start on Success Program FY 18,Operating Funds,General Operating Funds,General Operating Funds,807,Other Grants,1,
FG326-509180,Employability Plus ABLA,Operating Funds,General Operating Funds,General Operating Funds,807,Other Grants,1,
FG326-509181,Employability Plus,Operating Funds,General Operating Funds,General Operating Funds,807,Other Grants,1,
FG326-511180,ILNET Mini Grants,Operating Funds,General Operating Funds,General Operating Funds,807,Other Grants,1,
FG324-442313,Title Iv - 21st Century Comm Learning Centers D2 -  FG324-442313,Operating Funds,General Operating Funds,General Operating Funds,807,Other Grants,1,
FG324-442317,Title IV - 21st Century Comm Learning Centers B3 -  FG324-442317,Operating Funds,General Operating Funds,General Operating Funds,807,Other Grants,1,
FG124-070081,AUSL - Zell Foundation,Operating Funds,General Operating Funds,General Operating Funds,801,School Generated,1,
FG124-070082,UIC Project READI - Substitutes,Operating Funds,General Operating Funds,General Operating Funds,801,School Generated,1,
FG115-000025,OSSE Attendance Project,Operating Funds,General Operating Funds,General Operating Funds,801,General Fund,1,
FG115-000065,Magnet Schools,Operating Funds,General Operating Funds,General Operating Funds,801,General Fund,1,
FG326-300097,North River After School Collaborative FY11,Operating Funds,General Operating Funds,General Operating Funds,807,Other Grants,1,
FG324-442322,Title Iv - 21st Century Comm Learning Centers A2  -  FG324-442322,Operating Funds,General Operating Funds,General Operating Funds,807,Other Grants,1,
FG124-004150,Shedd Aquarium Refund,Operating Funds,General Operating Funds,General Operating Funds,801,School Generated,1,
FG115-000733,Selective Enrollment High Schools,Operating Funds,General Operating Funds,General Operating Funds,801,General Fund,1,
FG115-000900,Supplemental Ancillary Teaching Positions,Operating Funds,General Operating Funds,General Operating Funds,801,General Fund,1,
FG115-005012,Extended Day Learning Time,Operating Funds,General Operating Funds,General Operating Funds,801,General Fund,1,
FG326-399924,Advanced Placement -  FG326-399924,Operating Funds,General Operating Funds,General Operating Funds,807,Other Grants,1,
FG326-399957,Advance Placement FY23,Operating Funds,General Operating Funds,General Operating Funds,807,Other Grants,1,
FG324-442333,Title IV - 21st Century Comm Learning Centers A5,Operating Funds,General Operating Funds,General Operating Funds,807,Other Grants,1,
FG324-442335,Title IV - 21st Century Comm Learning Centers C5,Operating Funds,General Operating Funds,General Operating Funds,807,Other Grants,1,
FG324-442341,Title IV - 21st Century Comm Learning Centers A3,Operating Funds,General Operating Funds,General Operating Funds,807,Other Grants,1,
FG124-070089,Illinois State University - Substitutes,Operating Funds,General Operating Funds,General Operating Funds,801,School Generated,1,
FG124-070090,Erikson Institute - Substitutes,Operating Funds,General Operating Funds,General Operating Funds,801,School Generated,1,
FG326-472018,Perkins Leadership - High Schools That Work,Operating Funds,General Operating Funds,General Operating Funds,807,Other Grants,1,
FG324-442350,Title IV - 21st Century Comm Learning Centers B5,Operating Funds,General Operating Funds,General Operating Funds,807,Other Grants,1,
FG115-000103,Instructional Support,Operating Funds,General Operating Funds,General Operating Funds,801,General Fund,1,
FG324-474518,C. Perkins: Special Student Needs,Operating Funds,General Operating Funds,General Operating Funds,807,Other Grants,1,
FG324-442336,Title IV - 21st Century Comm Learning Centers B2,Operating Funds,General Operating Funds,General Operating Funds,807,Other Grants,1,
FG324-492116,Homeless Education Prog.,Operating Funds,General Operating Funds,General Operating Funds,807,Other Grants,1,
FG324-492119,Homeless Education Prog.,Operating Funds,General Operating Funds,General Operating Funds,807,Other Grants,1,
FG124-070152,CFF/CCT CPS Social Science Academy,Operating Funds,General Operating Funds,General Operating Funds,801,School Generated,1,
FG124-070154,CFF - Aspen Challenge,Operating Funds,General Operating Funds,General Operating Funds,801,School Generated,1,
FG115-000942,Positions Allocated on Appeal,Operating Funds,General Operating Funds,General Operating Funds,801,General Fund,1,
FG115-001010,FY10 Comparability,Operating Funds,General Operating Funds,General Operating Funds,801,General Fund,1,
FG326-399996,Advanced Placement FY20,Operating Funds,General Operating Funds,General Operating Funds,807,Other Grants,1,
FG326-400071,Gear-Up / NEIU,Operating Funds,General Operating Funds,General Operating Funds,807,Other Grants,1,
FG324-492128,Homeless Education Program- Mckinney Vento -  FG324-492128,Operating Funds,General Operating Funds,General Operating Funds,807,Other Grants,1,
FG115-008001,Regional Gifted Centers,Operating Funds,General Operating Funds,General Operating Funds,801,General Fund,1,
FG115-008003,Academic Centers,Operating Funds,General Operating Funds,General Operating Funds,801,General Fund,1,
FG114-376711,Special Education - Non-Public Tuition,Operating Funds,General Operating Funds,General Operating Funds,801,General Fund,1,
FG114-376712,Special Education - Transportation,Operating Funds,General Operating Funds,General Operating Funds,801,General Fund,1,
FG324-580221,Healthy Chicago Public Schools-YRBS 262006  -  FG324-580221,Operating Funds,General Operating Funds,General Operating Funds,807,Other Grants,1,
FG324-517500,Chicago Teen Pregnancy Prevention,Operating Funds,General Operating Funds,General Operating Funds,807,Other Grants,1,
FG124-004165,School Specialty - George Washington H.S.,Operating Funds,General Operating Funds,General Operating Funds,801,School Generated,1,
FG124-004167,Meijer - Thomas Chalmers Specialty Elementary School,Operating Funds,General Operating Funds,General Operating Funds,801,School Generated,1,
FG124-070102,Facing History Ourselves Substitute Bucket,Operating Funds,General Operating Funds,General Operating Funds,801,School Generated,1,
FG124-000400,School Parking Lot Rental,Operating Funds,General Operating Funds,General Operating Funds,801,School Generated,1,
FG324-580230,CDC Dash Mental Health Supplement,Operating Funds,General Operating Funds,General Operating Funds,807,Other Grants,1,
FG324-580231,Training For Mental Health Equity (TMHE),Operating Funds,General Operating Funds,General Operating Funds,807,Other Grants,1,
FG324-499852,IL Aware-AW 2024 -  FG324-499852,Operating Funds,General Operating Funds,General Operating Funds,807,Other Grants,1,
FG324-499867,Stronger Connections Grant 25-4998-4s,Operating Funds,General Operating Funds,General Operating Funds,807,Other Grants,1,
FG324-499908,S/C/P - Transition Services,Operating Funds,General Operating Funds,General Operating Funds,807,Other Grants,1,
FG124-000562,McCormick Foundation - JROTC (2017-2018),Operating Funds,General Operating Funds,General Operating Funds,801,School Generated,1,
FG124-000584,Volunteer Donations,Operating Funds,General Operating Funds,General Operating Funds,801,School Generated,1,
FG124-000703,Supplemental General State Aid (SGSA),Operating Funds,General Operating Funds,General Operating Funds,801,School Generated,1,
FG324-580236,Healthy CPS -HIV/STD Prevention Initiative 221077 -  FG324-580236,Operating Funds,General Operating Funds,General Operating Funds,807,Other Grants,1,
FG324-580210,CPS Youth Mental Health First Aid,Operating Funds,General Operating Funds,General Operating Funds,807,Other Grants,1,
FG324-499964,21st Cntry. Comm. Lrn. Ctr.-After School,Operating Funds,General Operating Funds,General Operating Funds,807,Other Grants,1,
FG324-499102,Comprehensive Induction and Mentoring (Year 2),Operating Funds,General Operating Funds,General Operating Funds,807,Other Grants,1,
FG324-500273,STARTALK - Arabic Language Program,Operating Funds,General Operating Funds,General Operating Funds,807,Other Grants,1,
FG124-004174,The Nature Conservancy - Kenwood Academy H.S.,Operating Funds,General Operating Funds,General Operating Funds,801,School Generated,1,
FG124-070155,Roberts Foundation,Operating Funds,General Operating Funds,General Operating Funds,801,School Generated,1,
FG324-552312,Summer Language Institute For American Youth Program,Operating Funds,General Operating Funds,General Operating Funds,807,Other Grants,1,
FG324-580213,Healthy Chicago Public School-HIV/STD Prevention Init-221077 FY18,Operating Funds,General Operating Funds,General Operating Funds,807,Other Grants,1,
FG324-524014,Secondary Trans. Exp. Prog. (STEP),Operating Funds,General Operating Funds,General Operating Funds,807,Other Grants,1,
FG324-500309,Magnet Schools Assistance Program (CPSMSAP) FY18-19,Operating Funds,General Operating Funds,General Operating Funds,807,Other Grants,1,
FG124-007110,LISC ELEV 8 Schools,Operating Funds,General Operating Funds,General Operating Funds,801,School Generated,1,
FG124-007238,Baxter Science Education Initiative CFF,Operating Funds,General Operating Funds,General Operating Funds,801,School Generated,1,
FG124-007239,Baxter Biotech Symposium,Operating Funds,General Operating Funds,General Operating Funds,801,School Generated,1,
FG124-010178,Chicago Public Education Fund - Chavez,Operating Funds,General Operating Funds,General Operating Funds,801,School Generated,1,
FG362-376662,State Preschool for All Age 3-5,Operating Funds,General Operating Funds,General Operating Funds,807,Other Grants,1,
FG332-430213,Title I - Support,Operating Funds,General Operating Funds,General Operating Funds,805,NCLB Federal,1,
FG332-430216,Title I - School Improvement Priority Initiative,Operating Funds,General Operating Funds,General Operating Funds,805,NCLB Federal,1,
FG356,ELL & Bilingual Programs,Operating Funds,NA,General Operating Funds,805,NCLB Federal,0,
FG362-376669,State Preschool for All Age 3-5 FY19,Operating Funds,General Operating Funds,General Operating Funds,807,Other Grants,1,
FG362-376670,State Preschool for All Age 3-5 Community Partnerships FY19,Operating Funds,General Operating Funds,General Operating Funds,807,Other Grants,1,
FG326-591001,Title II SEED Program - National Writing Project,Operating Funds,General Operating Funds,General Operating Funds,807,Other Grants,1,
FG331-000000,Federal Title I - 2009 Stimulus (ARRA),Operating Funds,General Operating Funds,General Operating Funds,805,NCLB Federal,1,
FG129,CTPF Pension Levy,Operating Funds,NA,General Operating Funds,801,General Fund,0,
FG324-369615,Regional Safe Schools,Operating Funds,General Operating Funds,General Operating Funds,807,Other Grants,1,
FG353-493528,Teacher Quality - Teacher Residencies -  FG353-493528,Operating Funds,General Operating Funds,General Operating Funds,805,NCLB Federal,1,
FG331-430096,NonPublic Instr and Support Services Independ ARRA,Operating Funds,General Operating Funds,General Operating Funds,805,NCLB Federal,1,
FG331-430097,NonPublic Instr and Support Services Christian ARRA,Operating Funds,General Operating Funds,General Operating Funds,805,NCLB Federal,1,
FG332-430098,NonPublic Instr and Support Services Lutheran ARRA,Operating Funds,General Operating Funds,General Operating Funds,805,NCLB Federal,1,
FG220-462043,LEA FlowThru Instruction,Operating Funds,General Operating Funds,General Operating Funds,807,Other Grants,1,
FG324-399831,University of Illinois/ Illinois Youth Survey,Operating Funds,General Operating Funds,General Operating Funds,807,Other Grants,1,
FG353-494017,Title IIA - Teacher Quality,Operating Funds,General Operating Funds,General Operating Funds,805,NCLB Federal,1,
FG332-430104,NCLB After School Program ARRA,Operating Funds,General Operating Funds,General Operating Funds,805,NCLB Federal,1,
FG220-462060,LEA FlowThru Summer,Operating Funds,General Operating Funds,General Operating Funds,807,Other Grants,1,
FG220-463021,IDEA Parent Mentoring Project,Operating Funds,General Operating Funds,General Operating Funds,807,Other Grants,1,
FG336-542130,FIE Senn HS Science Laboratory Improvements,Operating Funds,General Operating Funds,General Operating Funds,805,NCLB Federal,1,
FG356-376721,Bilingual Ed - TBE/TPI (Per Pupil),Operating Funds,General Operating Funds,General Operating Funds,805,NCLB Federal,1,
FG362-210045,IGA Early Learning Investment Program - FY21,Operating Funds,General Operating Funds,General Operating Funds,807,Other Grants,1,
FG332-430234,Title I - School Discretionary,Operating Funds,General Operating Funds,General Operating Funds,805,NCLB Federal,1,
FG220-463208,Bil Spec Ed Initiative,Operating Funds,General Operating Funds,General Operating Funds,807,Other Grants,1,
FG220-463509,Corey H Training & Tech,Operating Funds,General Operating Funds,General Operating Funds,807,Other Grants,1,
FG220-463511,Corey H Training & Tech,Operating Funds,General Operating Funds,General Operating Funds,807,Other Grants,1,
FG336-542140,FIE Bobby Rush Earmark Grant,Operating Funds,General Operating Funds,General Operating Funds,805,NCLB Federal,1,
FG353-494084,Title IIA - Other Private Supplementary Servc. -  FG353-494084,Operating Funds,General Operating Funds,General Operating Funds,805,NCLB Federal,1,
FG362-376644,PEG/PFA Tracking FY18,Operating Funds,General Operating Funds,General Operating Funds,807,Other Grants,1,
FG353-494035,Title IIA - Other Private Supplementary Servc.,Operating Funds,General Operating Funds,General Operating Funds,805,NCLB Federal,1,
FG331-430104,NCLB After School Program ARRA,Operating Funds,General Operating Funds,General Operating Funds,805,NCLB Federal,1,
FG358-440037,Title IV - Archdiocese of Chgo. Suppl. Servc.,Operating Funds,General Operating Funds,General Operating Funds,805,NCLB Federal,1,
FG358-440039,Title IV - Drug Free Sch/Com.Act,Operating Funds,General Operating Funds,General Operating Funds,805,NCLB Federal,1,
FG358-440048,Title IV Part A,Operating Funds,General Operating Funds,General Operating Funds,805,NCLB Federal,1,
FG353-494039,Title IIA - Other Private Supplementary Servc.,Operating Funds,General Operating Funds,General Operating Funds,805,NCLB Federal,1,
FG353-494041,Title IIA - Teacher Quality,Operating Funds,General Operating Funds,General Operating Funds,805,NCLB Federal,1,
FG356-410008,CONTINGENCY FOR PROJECT EXPAN,Operating Funds,General Operating Funds,General Operating Funds,805,NCLB Federal,1,
FG356-490914,Title III - Language Acquisition,Operating Funds,General Operating Funds,General Operating Funds,805,NCLB Federal,1,
FG312-000066,Lunchroom Payment- Passages,Operating Funds,General Operating Funds,General Operating Funds,806,Lunchroom,1,
FG336-543517,FIE Smaller Learning Communities,Operating Funds,General Operating Funds,General Operating Funds,805,NCLB Federal,1,
FG336-543518,FIE Smaller Learning Communities,Operating Funds,General Operating Funds,General Operating Funds,805,NCLB Federal,1,
FG332-430180,Title I - Office of Strategic School Support Services,Operating Funds,General Operating Funds,General Operating Funds,805,NCLB Federal,1,
FG332-430181,Title I - Transitional Support,Operating Funds,General Operating Funds,General Operating Funds,805,NCLB Federal,1,
FG353-494101,Title IIA - Reduced Class Size  -  FG353-494101,Operating Funds,General Operating Funds,General Operating Funds,805,NCLB Federal,1,
FG362-376688,State Preschool For All Age 3-5  -  FG362-376688,Operating Funds,General Operating Funds,General Operating Funds,807,Other Grants,1,
FG353-494047,Title IIA - Other Private Supplementary Services,Operating Funds,General Operating Funds,General Operating Funds,805,NCLB Federal,1,
FG358-440059,Title IV Part A - Nonpublic,Operating Funds,General Operating Funds,General Operating Funds,805,NCLB Federal,1,
FG353-494050,Title IIA - Archdiocese of Chgo. Suppl. Servc.,Operating Funds,General Operating Funds,General Operating Funds,805,NCLB Federal,1,
FG356-490927,Title III - Limited English Proficient - Nonpublic,Operating Funds,General Operating Funds,General Operating Funds,805,NCLB Federal,1,
FG332-041008,Contingency for Grant Expansion,Operating Funds,General Operating Funds,General Operating Funds,805,NCLB Federal,1,
FG332-430128,Mandated Parent Involvement,Operating Funds,General Operating Funds,General Operating Funds,805,NCLB Federal,1,
FG324-100108,Out-of-School-Time Awards,Operating Funds,General Operating Funds,General Operating Funds,807,Other Grants,1,
FG220-463128,Regional Professional Development Centers (ASPIRE),Operating Funds,General Operating Funds,General Operating Funds,807,Other Grants,1,
FG324-100116,Out-of-School-Time Awards,Operating Funds,General Operating Funds,General Operating Funds,807,Other Grants,1,
FG353-500176,Chicago Bilingual Summer Math. Lab.,Operating Funds,General Operating Funds,General Operating Funds,805,NCLB Federal,1,
FG362-376653,State Preschool for All Age 3-5,Operating Funds,General Operating Funds,General Operating Funds,807,Other Grants,1,
FG324-100310,Aldermanic School Micro-Grant Ward 13 - Azuela ES,Operating Funds,General Operating Funds,General Operating Funds,807,Other Grants,1,
FG353-494065,Title II - Supplementary,Operating Funds,General Operating Funds,General Operating Funds,805,NCLB Federal,1,
FG353-494067,Title IIA - Archdiocese of Chgo. Suppl. Servc.,Operating Funds,General Operating Funds,General Operating Funds,805,NCLB Federal,1,
FG332-430259,Mandated Parent Involvement,Operating Funds,General Operating Funds,General Operating Funds,805,NCLB Federal,1,
FG332-430262,Title I - Support,Operating Funds,General Operating Funds,General Operating Funds,805,NCLB Federal,1,
FG332-430265,Title I - District Parent Involvement,Operating Funds,General Operating Funds,General Operating Funds,805,NCLB Federal,1,
FG324-100317,Alderman Microgrant Ward 33- Roosevelt HS,Operating Funds,General Operating Funds,General Operating Funds,807,Other Grants,1,
FG324-100318,Alderman Microgrant Ward 39 - Palmer,Operating Funds,General Operating Funds,General Operating Funds,807,Other Grants,1,
FG324-100397,Elementary Sports Program (CPS Score),Operating Funds,General Operating Funds,General Operating Funds,807,Other Grants,1,
FG353-402212,Developing models and Tools for PD,Operating Funds,General Operating Funds,General Operating Funds,805,NCLB Federal,1,
FG356-490947,Title III - IEP,Operating Funds,General Operating Funds,General Operating Funds,805,NCLB Federal,1,
FG356-490948,Title III - Language Acquisition,Operating Funds,General Operating Funds,General Operating Funds,805,NCLB Federal,1,
FG332-430267,Nonpublic Inst. & Supp. Serv. - Catholic -  FG332-430267,Operating Funds,General Operating Funds,General Operating Funds,805,NCLB Federal,1,
FG332-410028,IASA-2 DESEGREGATION,Operating Funds,General Operating Funds,General Operating Funds,805,NCLB Federal,1,
FG332-430012,IASA Title 1 - Nonpublic,Operating Funds,General Operating Funds,General Operating Funds,805,NCLB Federal,1,
FG353-548055,TQP: Pre-Service Teaching Equity Project (TQP: P-STEP) -  FG353-548055,Operating Funds,General Operating Funds,General Operating Funds,805,NCLB Federal,1,
FG332-430016,IASA Title I: Discretionary,Operating Funds,General Operating Funds,General Operating Funds,805,NCLB Federal,1,
FG332-430138,NCLB - Choice Schools / SES,Operating Funds,General Operating Funds,General Operating Funds,805,NCLB Federal,1,
FG332-430143,Title I - Nonpublic Instruction & Support Services - Independent,Operating Funds,General Operating Funds,General Operating Funds,805,NCLB Federal,1,
FG324-188818,After School Program Spring and Summer Break Programs IGA CY 15,Operating Funds,General Operating Funds,General Operating Funds,807,Other Grants,1,
FG324-188820,After School Program-Spring Break & Summer Break Program IGA FY18,Operating Funds,General Operating Funds,General Operating Funds,807,Other Grants,1,
FG324-188823,After School Program  Spring and Summer Break Programs IGA FY20,Operating Funds,General Operating Funds,General Operating Funds,807,Other Grants,1,
FG324-188825,Safe Passage Program IGA 2019,Operating Funds,General Operating Funds,General Operating Funds,807,Other Grants,1,
FG362-000000,Early Childhood Development,Operating Funds,General Operating Funds,General Operating Funds,807,Other Grants,1,
FG353-494082,Title IIA - Teacher Quality -  FG353-494082,Operating Funds,General Operating Funds,General Operating Funds,805,NCLB Federal,1,
FG332-430150,Title I - Mandated Parent Involvement,Operating Funds,General Operating Funds,General Operating Funds,805,NCLB Federal,1,
FG324-399820,MST -informed Supports to Students and Their Families  -  FG324-399820,Operating Funds,General Operating Funds,General Operating Funds,807,Other Grants,1,
FG362-210017,IGA Early Learning Investment Program,Operating Funds,General Operating Funds,General Operating Funds,807,Other Grants,1,
FG367-434024,SIG Transformation - North Lawndale Charter,Operating Funds,General Operating Funds,General Operating Funds,807,Other Grants,1,
FG367-434030,SIG Transformation - Hancock HS,Operating Funds,General Operating Funds,General Operating Funds,807,Other Grants,1,
FG367-434035,SIG Transformation - Richards HS,Operating Funds,General Operating Funds,General Operating Funds,807,Other Grants,1,
FG701-500361,STARTALK - Chinese Language Program,Operating Funds,General Operating Funds,Others,,,1,
FG701-543522,Smaller Learning Communities - Cohort 10,Operating Funds,General Operating Funds,Others,,,1,
FG124-070500,McCarthey Dressman Education Foundation,Operating Funds,General Operating Funds,General Operating Funds,801,School Generated,1,
FG369-322032,Cte Ed Career Pathway Continuation,Operating Funds,General Operating Funds,General Operating Funds,807,Other Grants,1,
FG332-430061,Public Inst. & Support Services,Operating Funds,General Operating Funds,General Operating Funds,805,NCLB Federal,1,
FG799-000000,Quarterly Fund,Operating Funds,General Operating Funds,Others,,,1,
FG799-321730,Jobs for Illinois Graduates - Middle Grades Program,Operating Funds,General Operating Funds,Others,,,1,
FG701-547522,Indian Elem/Sec. Assistance Prog. FY18,Operating Funds,General Operating Funds,Others,,,1,
FG799-369614,Regional Safe Schools,Operating Funds,General Operating Funds,Others,,,1,
FG124-070902,Scholarship America - Target Field Trips,Operating Funds,General Operating Funds,General Operating Funds,801,School Generated,1,
FG124-070904,Transition to High School - SFF,Operating Funds,General Operating Funds,General Operating Funds,801,School Generated,1,
FG124-070908,The Stenning - Graham's Learn to Ride Program,Operating Funds,General Operating Funds,General Operating Funds,801,School Generated,1,
FG124-070914,Nike Sponsorship - Sports Administration,Operating Funds,General Operating Funds,General Operating Funds,801,School Generated,1,
FG124-070915,No Kid Hungry Summer Food Program 2021,Operating Funds,General Operating Funds,General Operating Funds,801,School Generated,1,
FG618-000000,CIP Series 2000A $107M,Operating Funds,Debt-Service Funds,Debt-Service Funds,808,Debt Service Fund,1,
FG620,CIP 2000 Rental Income Bond,Operating Funds,NA,Debt-Service Funds,808,Debt Service Fund,0,
FG621-399602,State Distributive Fund,Operating Funds,Debt-Service Funds,Debt-Service Funds,808,Debt Service Fund,1,
FG369-322039,Career & Technical Educ. Improvement Grant (CTEI)  -  FG369-322039,Operating Funds,General Operating Funds,General Operating Funds,807,Other Grants,1,
FG124-070921,FARE Food Allergy Grant,Operating Funds,General Operating Funds,General Operating Funds,801,School Generated,1,
FG369-322043,Cte Education Career Pathway RFP Continuation - 25-3220-E4,Operating Funds,General Operating Funds,General Operating Funds,807,Other Grants,1,
FG332-430222,Nonpublic Inst. & Supp. Serv. - Lutheran,Operating Funds,General Operating Funds,General Operating Funds,805,NCLB Federal,1,
FG701-547527,Indian Elem/Sec. Assistance Prog.,Operating Funds,General Operating Funds,Others,,,1,
FG701-548052,Trio - Talent Search,Operating Funds,General Operating Funds,Others,,,1,
FG124-070944,Sulzer Family Foundation Lake View High School- FG124-070944,Operating Funds,General Operating Funds,General Operating Funds,801,School Generated,1,
FG124-070945,Hoellen Fam Found Lake View High Sch- Scholarship Fund- FG124-070945,Operating Funds,General Operating Funds,General Operating Funds,801,School Generated,1,
FG324-550007,Aids Foundation of Chicago,Operating Funds,General Operating Funds,General Operating Funds,807,Other Grants,1,
FG426,Capital Improvement Bonds Of 1997,Capital Funds,NA,Others,810,Capital Projects Fund,0,
FG799-491019,K-12 Learn & Serve Grant,Operating Funds,General Operating Funds,Others,,,1,
FG124-070802,Midwest Expansion of CPC Program (Pritzker),Operating Funds,General Operating Funds,General Operating Funds,801,School Generated,1,
FG369-474557,Development / Support - C. Perkins,Operating Funds,General Operating Funds,General Operating Funds,807,Other Grants,1,
FG369-474561,Carl Perkins - Special Student Needs,Operating Funds,General Operating Funds,General Operating Funds,807,Other Grants,1,
FG701-517500,Chicago Teen Pregnancy Prevention,Operating Funds,General Operating Funds,Others,,,1,
FG701-517504,Chicago Teen Pregnancy Prevention Initiative,Operating Funds,General Operating Funds,Others,,,1,
FG124-070949,First Illinois Robotics -Dep of Stem,Operating Funds,General Operating Funds,General Operating Funds,801,School Generated,1,
FG124-070810,Woodlawn Promise Zone MOU,Operating Funds,General Operating Funds,General Operating Funds,801,School Generated,1,
FG124-070958,Chicago Cubs All Stars -Lakeview HS FY 2022,Operating Funds,General Operating Funds,General Operating Funds,801,School Generated,1,
FG367-434040,SIG - Burke (Cohort 5),Operating Funds,General Operating Funds,General Operating Funds,807,Other Grants,1,
FG512,PBC Rental Leases Fund,Operating Funds,NA,Debt-Service Funds,808,Debt Service Fund,0,
FG512-000000,PBC Rental Leases Fund,Operating Funds,Debt-Service Funds,Debt-Service Funds,808,Debt Service Fund,1,
FG701-580293,Uic Whole Child,Operating Funds,General Operating Funds,Others,,,1,
FG124-070962,CPEF SLI Inaugural Design Challenge,Operating Funds,General Operating Funds,General Operating Funds,801,School Generated,1,
FG124-070966,Rockefeller Philanthropy Advisors- RPA Project,Operating Funds,General Operating Funds,General Operating Funds,801,School Generated,1,
FG370-499833,ARP ESSER III State Set Aside Grant- Summer Enrichment- FG370-499833,Operating Funds,General Operating Funds,General Operating Funds,807,Other Grants,1,
FG370-499836,ARP McKinney Ventro Homeless-LEAs- FG370-499836,Operating Funds,General Operating Funds,General Operating Funds,807,Other Grants,1,
FG701-524017,Secondary Transitional Experience Program (STEP),Operating Funds,General Operating Funds,Others,,,1,
FG701-524022,Secondary Transitional Experience Program (STEP) FY18,Operating Funds,General Operating Funds,Others,,,1,
FG370-499839,ESSER III - Instructional Capacity Tier III,Operating Funds,General Operating Funds,General Operating Funds,807,Other Grants,1,
FG370-499837,ESSER III - Instructional Capacity Tier I,Operating Funds,General Operating Funds,General Operating Funds,807,Other Grants,1,
FG124-070984,CPEF Annual Design Challenge,Operating Funds,General Operating Funds,General Operating Funds,801,School Generated,1,
FG124-070986,Digital Promise by Verizon Corp Svcs,Operating Funds,General Operating Funds,General Operating Funds,801,School Generated,1,
FG370-430266,Title I - School Discretionary,Operating Funds,General Operating Funds,General Operating Funds,807,Other Grants,1,
FG701-500025,Project Cultivate FY19,Operating Funds,General Operating Funds,Others,,,1,
FG124-071984,Ingenuity CSF12  2020-2021,Operating Funds,General Operating Funds,General Operating Funds,801,School Generated,1,
FG367-435027,SIG - Kelly - (Cohort 4),Operating Funds,General Operating Funds,General Operating Funds,807,Other Grants,1,
FG367-433950,School Improvement Grant Brunson,Operating Funds,General Operating Funds,General Operating Funds,807,Other Grants,1,
FG367-433953,SIG - Phillips High School,Operating Funds,General Operating Funds,General Operating Funds,807,Other Grants,1,
FG701-529024,Randomized Study to Abate Truancy and Violence-2,Operating Funds,General Operating Funds,Others,,,1,
FG124-102000,Staff Development Lane II,Operating Funds,General Operating Funds,General Operating Funds,801,School Generated,1,
FG124-905028,CFF - CCT New Teacher Support,Operating Funds,General Operating Funds,General Operating Funds,801,School Generated,1,
FG124-905029,CFF - Walsh Family Foundation - Yoga Mats,Operating Funds,General Operating Funds,General Operating Funds,801,School Generated,1,
FG124-905031,CFF -Salesforce.org (FY21),Operating Funds,General Operating Funds,General Operating Funds,801,School Generated,1,
FG124-905032,CFF - 5/3 Financial Education Grant,Operating Funds,General Operating Funds,General Operating Funds,801,School Generated,1,
FG370-499860,ESSER II - Postsecondary Success,Operating Funds,General Operating Funds,General Operating Funds,807,Other Grants,1,
FG370-499863,Freedom Schools Grant 4998-FS  -  FG370-499863,Operating Funds,General Operating Funds,General Operating Funds,807,Other Grants,1,
FG367-433993,School Improvement Grant Fulton,Operating Funds,General Operating Funds,General Operating Funds,807,Other Grants,1,
FG701-600009,Bond Series 2011C-1,Operating Funds,General Operating Funds,Others,,,1,
FG124-070996,Ingenuity CSF 2024-2025,Operating Funds,General Operating Funds,General Operating Funds,801,School Generated,1,
FG370-548051,Emergency Connectivity Fund - ECF FCC- FG370-548051,Operating Funds,General Operating Funds,General Operating Funds,807,Other Grants,1,
FG367-433994,School Improvement Grant Harper,Operating Funds,General Operating Funds,General Operating Funds,807,Other Grants,1,
FG367-434001,SIG Transformation FY11 - Hancock HS,Operating Funds,General Operating Funds,General Operating Funds,807,Other Grants,1,
FG367-434006,SIG Transformation FY11 - Richards HS,Operating Funds,General Operating Funds,General Operating Funds,807,Other Grants,1,
FG124-142100,Permit/Rental - All Schools,Operating Funds,General Operating Funds,General Operating Funds,801,School Generated,1,
FG124-421005,Local Food for Schools,Operating Funds,General Operating Funds,General Operating Funds,801,School Generated,1,
FG369-322014,Career & Technical Educ. Improvement Grant,Operating Funds,General Operating Funds,General Operating Funds,807,Other Grants,1,
FG370-548064,Youth Employment Program-ARP  -  FG370-548064,Operating Funds,General Operating Funds,General Operating Funds,807,Other Grants,1,
FG370-490954,Title III - Language Acquisition,Operating Funds,General Operating Funds,General Operating Funds,807,Other Grants,1,
FG701-532009,Accelerated STEM Program of Study and Leadership Development,Operating Funds,General Operating Funds,Others,,,1,
FG701-542126,Teacher Incentive Fund,Operating Funds,General Operating Funds,Others,,,1,
FG124-905015,CFF Laurie's Hospital/ICJIA Trauma Responsive Schools,Operating Funds,General Operating Funds,General Operating Funds,801,School Generated,1,
FG124-905021,CFF - Donations for District's COVID response,Operating Funds,General Operating Funds,General Operating Funds,801,School Generated,1,
FG124-905050,CFF Whole Kids Foundation Grant,Operating Funds,General Operating Funds,General Operating Funds,801,School Generated,1,
FG370-581010,Emergency Connectivity Fund II - Tracking Grant,Operating Funds,General Operating Funds,General Operating Funds,807,Other Grants,1,
FG124-071974,Arts Essentials Ingenuity,Operating Funds,General Operating Funds,General Operating Funds,801,School Generated,1,
FG369-322021,Career & Technical Educ. Improvement Grant (CTEI),Operating Funds,General Operating Funds,General Operating Funds,807,Other Grants,1,
FG370-499818,ESSER III - District Initiatives,Operating Funds,General Operating Funds,General Operating Funds,807,Other Grants,1,
FG370-499821,ESSER III - School Based Unfinished Learning,Operating Funds,General Operating Funds,General Operating Funds,807,Other Grants,1,
FG701-500276,Teachers Lead Chicago -Y1,Operating Funds,General Operating Funds,Others,,,1,
FG701-500316,Magnet School Assistance Program-Technology Advancing Communities,Operating Funds,General Operating Funds,Others,,,1,
FG701-442182,21st Century Community Learning Centers-(Cohort 19-Grant 3) FY19,Operating Funds,General Operating Funds,Others,,,1,
FG115-009019,International Recruitment Program,Operating Funds,General Operating Funds,General Operating Funds,801,General Fund,1,
FG124-070054,ITS School Technology Grant,Operating Funds,General Operating Funds,General Operating Funds,801,School Generated,1,
FG124-000320,Beverage Vending Services,Operating Funds,General Operating Funds,General Operating Funds,801,School Generated,1,
FG124-000324,Subpoena Fee Revenue,Operating Funds,General Operating Funds,General Operating Funds,801,School Generated,1,
FG367-433145,Il-Empower (Cohort 19 - Grant 5) FY20,Operating Funds,General Operating Funds,General Operating Funds,807,Other Grants,1,
FG367-433146,Il-Empower (Cohort 19 - Grant 6) FY20,Operating Funds,General Operating Funds,General Operating Funds,807,Other Grants,1,
FG114-490001,Medicaid - Administrative,Operating Funds,General Operating Funds,General Operating Funds,801,General Fund,1,
FG115-210014,Summer Youth Employment Program,Operating Funds,General Operating Funds,General Operating Funds,801,General Fund,1,
FG115-000521,Orphanage Act,Operating Funds,General Operating Funds,General Operating Funds,801,General Fund,1,
FG124-004130,Nutrition Support Scrap Metal Revenue,Operating Funds,General Operating Funds,General Operating Funds,801,School Generated,1,
FG367-433913,SIG - Fenger High School,Operating Funds,General Operating Funds,General Operating Funds,807,Other Grants,1,
FG115-343920,CDB - Gaming Revenue,Operating Funds,General Operating Funds,General Operating Funds,801,General Fund,1,
FG115-376633,Full Day Kindergarten,Operating Funds,General Operating Funds,General Operating Funds,801,General Fund,1,
FG701-442127,21st Century Community Learning Centers2,Operating Funds,General Operating Funds,Others,,,1,
FG367-433932,SIG - District FY12,Operating Funds,General Operating Funds,General Operating Funds,807,Other Grants,1,
FG367-433153,Il-Empower (Cohort 19 - Grant 2),Operating Funds,General Operating Funds,General Operating Funds,807,Other Grants,1,
FG115-071975,Ingenuity - Creative Compass,Operating Funds,General Operating Funds,General Operating Funds,801,General Fund,1,
FG115-376682,Preschool for All Age 3-5,Operating Funds,General Operating Funds,General Operating Funds,801,General Fund,1,
FG115-376702,Orphanage Act,Operating Funds,General Operating Funds,General Operating Funds,801,General Fund,1,
FG124-070912,Chicago Cubs All Star Grant,Operating Funds,General Operating Funds,General Operating Funds,801,School Generated,1,
FG124-070920,SEL IN ACTION AWARD -Novo Ed First Rockefeller FG124-070920,Operating Funds,General Operating Funds,General Operating Funds,801,School Generated,1,
FG701-442193,21st Century Community Learning Cntrs (Cohort 19-Grant 1) FY20,Operating Funds,General Operating Funds,Others,,,1,
FG701-442196,21st Century Community Learning Cntrs (Cohort 19-Grant 3) FY20 - FG701-442195,Operating Funds,General Operating Funds,Others,,,1,
FG701-442200,21st Century Community Learning Centers - (Cohort 15-Grant 2),Operating Funds,General Operating Funds,Others,,,1,
FG701-442203,21st Century Community Learning Centers - (Cohort 15-Grant 5),Operating Funds,General Operating Funds,Others,,,1,
FG367-433156,Il-Empower (Cohort 19 - Grant 5),Operating Funds,General Operating Funds,General Operating Funds,807,Other Grants,1,
FG367-433201,Il-Empower (Cohort 23 - Grant 1),Operating Funds,General Operating Funds,General Operating Funds,807,Other Grants,1,
FG115-399602,State Distributive Fund,Operating Funds,General Operating Funds,General Operating Funds,801,General Fund,1,
FG701-430520,Neglected Programs,Operating Funds,General Operating Funds,Others,,,1,
FG701-430526,Neglected Programs FY20,Operating Funds,General Operating Funds,Others,,,1,
FG701-430527,Neglected Programs,Operating Funds,General Operating Funds,Others,,,1,
FG367-433216,School and District Improvement Grant (Title 1003a) Cohort 17  -  FG367-433216,Operating Funds,General Operating Funds,General Operating Funds,807,Other Grants,1,
FG115-430234,Title I - School Discretionary,Operating Funds,General Operating Funds,General Operating Funds,801,General Fund,1,
FG115-410008,CONTINGENCY FOR PROJECT EXPAN,Operating Funds,General Operating Funds,General Operating Funds,801,General Fund,1,
FG324-500312,Magnet Schools Assistance Program (CPSMSAP) FY21,Operating Funds,General Operating Funds,General Operating Funds,807,Other Grants,1,
FG312-421003,National School Lunch Program-SN 21-4210-SN,Operating Funds,General Operating Funds,General Operating Funds,806,Lunchroom,1,
FG124-905010,Southwest Airlines Aviation Grant,Operating Funds,General Operating Funds,General Operating Funds,801,School Generated,1,
FG701-442133,21st Century Community Learning Centers 4,Operating Funds,General Operating Funds,Others,,,1,
FG367-433173,IL-Empower (Cohort 20 - Grant 11)  -  FG367-433173,Operating Funds,General Operating Funds,General Operating Funds,807,Other Grants,1,
FG115-439001,R.O.T.C. - Air Force,Operating Funds,General Operating Funds,General Operating Funds,801,General Fund,1,
FG115-488401,Ed Jobs Fund Reduced Class Size,Operating Funds,General Operating Funds,General Operating Funds,801,General Fund,1,
FG115-490942,Title III - Language Acquisition,Operating Funds,General Operating Funds,General Operating Funds,801,General Fund,1,
FG124-905037,CFF - Best Buy Chromebook Loaning Library for STLS,Operating Funds,General Operating Funds,General Operating Funds,801,School Generated,1,
FG124-905038,CFF - Crown Vision and Learn Plan Succeed,Operating Funds,General Operating Funds,General Operating Funds,801,School Generated,1,
FG701-442146,21st Century Community Learning Centers - (Cohort 15-Grant 3),Operating Funds,General Operating Funds,Others,,,1,
FG115-499501,FEMA Grant,Operating Funds,General Operating Funds,General Operating Funds,801,General Fund,1,
FG115-510220,Headstart - Child Development,Operating Funds,General Operating Funds,General Operating Funds,801,General Fund,1,
FG124-905055,CFF -  Matthew Zhang Donation(Tilden),Operating Funds,General Operating Funds,General Operating Funds,801,School Generated,1,
FG701-442229,21st Century Community Learning Cntrs (Cohort 19-Grant 5) FY20 - FG701-442197,Operating Funds,General Operating Funds,Others,,,1,
FG367-433185,School and District Improvement (Cohort 22  - Grant 12) -FG367-433185,Operating Funds,General Operating Funds,General Operating Funds,807,Other Grants,1,
FG115-590001,E-Rate,Operating Funds,General Operating Funds,General Operating Funds,801,General Fund,1,
FG115-904003,Citywide Miscellaneous,Operating Funds,General Operating Funds,General Operating Funds,801,General Fund,1,
FG115-440052,"Title IV, Part A",Operating Funds,General Operating Funds,General Operating Funds,801,General Fund,1,
FG117,Tuition Based Program,Operating Funds,NA,General Operating Funds,801,School Generated,0,
FG117-000734,Pre-K Tuition - Board Debt Collections,Operating Funds,General Operating Funds,General Operating Funds,801,School Generated,1,
FG799-510311,Headstart Quality Improvement ARRA,Operating Funds,General Operating Funds,Others,,,1,
FG799-501710,NYLCs Generator Go Green G3 Initiative,Operating Funds,General Operating Funds,Others,,,1,
FG701-433118,Title I School Improvement Grant- (SOSS),Operating Funds,General Operating Funds,Others,,,1,
FG362-510215,Headstart-Child Development,Operating Funds,General Operating Funds,General Operating Funds,807,Other Grants,1,
FG124-000000,School Special Income Fund,Operating Funds,General Operating Funds,General Operating Funds,801,School Generated,1,
FG799-511240,Pathways to Accelerated Student Success,Operating Funds,General Operating Funds,Others,,,1,
FG799-517510,Enhancing Students Skills for Success,Operating Funds,General Operating Funds,Others,,,1,
FG701-442154,21st Century Community Learning Centers - (Cohort 15-Grant 4),Operating Funds,General Operating Funds,Others,,,1,
FG115-905030,CFF - Joyce Foundation New Teacher Support,Operating Funds,General Operating Funds,General Operating Funds,801,General Fund,1,
FG124-001710,THE MASH,Operating Funds,General Operating Funds,General Operating Funds,801,School Generated,1,
FG124-001711,Starcom,Operating Funds,General Operating Funds,General Operating Funds,801,School Generated,1,
FG124-004102,CASEL Travel and Lodging Reimbursement,Operating Funds,General Operating Funds,General Operating Funds,801,School Generated,1,
FG799-582041,Transition to Teaching BETP,Operating Funds,General Operating Funds,Others,,,1,
FG799-494033,Title IIA - Teacher Quality,Operating Funds,General Operating Funds,Others,,,1,
FG799-499501,FEMA Grant,Operating Funds,General Operating Funds,Others,,,1,
FG799-499970,International Baccalaureate,Operating Funds,General Operating Funds,Others,,,1,
FG701-442159,21st Century Community Learning Centers - (Cohort 15-Grant 2),Operating Funds,General Operating Funds,Others,,,1,
FG701-400406,Comprehensive Strategies to Promote Social and Emotional Learning,Operating Funds,General Operating Funds,Others,,,1,
FG362-560035,Headstart-Child Supp. Dis. SP Initiative,Operating Funds,General Operating Funds,General Operating Funds,807,Other Grants,1,
FG701-500791,Striving Readers,Operating Funds,General Operating Funds,Others,,,1,
FG701-424012,Fresh Fruit & Vegetables Program,Operating Funds,General Operating Funds,Others,,,1,
FG364-500788,Striving Readers,Operating Funds,General Operating Funds,General Operating Funds,807,Other Grants,1,
FG364-500791,Striving Readers,Operating Funds,General Operating Funds,General Operating Funds,807,Other Grants,1,
FG367,Title I - Comprehensive School Reform,Operating Funds,NA,General Operating Funds,807,Other Grants,0,
FG124-070015,Project Lead The Way (Year 3) - Von Steuben,Operating Funds,General Operating Funds,General Operating Funds,801,School Generated,1,
FG124-000051,Share Our Strength,Operating Funds,General Operating Funds,General Operating Funds,801,School Generated,1,
FG799-400070,GEAR UP Summer Transition Program,Operating Funds,General Operating Funds,Others,,,1,
FG362-560037,Headstart-Child Supp. Dis. SP Initiative -  FG362-560037,Operating Funds,General Operating Funds,General Operating Funds,807,Other Grants,1,
FG367-424062,SIG - District (Cohort 5) FY18,Operating Funds,General Operating Funds,General Operating Funds,807,Other Grants,1,
FG701-424084,SIG - Gage Park (Cohort 6) FY18,Operating Funds,General Operating Funds,Others,,,1,
FG701-424086,SIG - Gage Park (Cohort ) FY19,Operating Funds,General Operating Funds,Others,,,1,
FG115-000410,CPS Rights Fees - Weigel Broadcasting,Operating Funds,General Operating Funds,General Operating Funds,801,General Fund,1,
FG124-070044,Broad Residency,Operating Funds,General Operating Funds,General Operating Funds,801,School Generated,1,
FG124-070050,Rush Medical Clinics,Operating Funds,General Operating Funds,General Operating Funds,801,School Generated,1,
FG124-000122,FY09 Beverage Vending Machine Carryover,Operating Funds,General Operating Funds,General Operating Funds,801,School Generated,1,
FG701-435011,SIG - Bogan,Operating Funds,General Operating Funds,Others,,,1,
FG367-424088,SIG - Gage Park (Cohort 6) FY20,Operating Funds,General Operating Funds,General Operating Funds,807,Other Grants,1,
FG115-001014,FY14 Comparability,Operating Funds,General Operating Funds,General Operating Funds,801,General Fund,1,
FG115-001015,FY15 Comparability,Operating Funds,General Operating Funds,General Operating Funds,801,General Fund,1,
FG115-001021,FY21 Comparability,Operating Funds,General Operating Funds,General Operating Funds,801,General Fund,1,
FG701-439201,R.O.T.C. - Marines,Operating Funds,General Operating Funds,Others,,,1,
FG701-439606,Critical Mass Year 6,Operating Funds,General Operating Funds,Others,,,1,
FG701-440042,Title IV Part A,Operating Funds,General Operating Funds,Others,,,1,
FG336-410009,CONTINGENCY FOR PROG EXPANSION,Operating Funds,General Operating Funds,General Operating Funds,805,NCLB Federal,1,
FG336-410010,Contingency for Program Expansion,Operating Funds,General Operating Funds,General Operating Funds,805,NCLB Federal,1,
FG336-500025,Project Cultivate FY19,Operating Funds,General Operating Funds,General Operating Funds,805,NCLB Federal,1,
FG334-430627,Delinquent Programs,Operating Funds,General Operating Funds,General Operating Funds,805,NCLB Federal,1,
FG336-500211,Metropolitan Family Services-ACT Now Full Service Community,Operating Funds,General Operating Funds,General Operating Funds,805,NCLB Federal,1,
FG356-499990,Title III Program Improvement Grant,Operating Funds,General Operating Funds,General Operating Funds,805,NCLB Federal,1,
FG358-000000,Title IV Safe & Drug Free Schools,Operating Funds,General Operating Funds,General Operating Funds,805,NCLB Federal,1,
FG358-041008,Contingency for Grant Expansion,Operating Funds,General Operating Funds,General Operating Funds,805,NCLB Federal,1,
FG358-440027,Title IV - Drug Free Sch/Com. Act,Operating Funds,General Operating Funds,General Operating Funds,805,NCLB Federal,1,
FG332-430232,Title I - School Improvement Priority Initiative,Operating Funds,General Operating Funds,General Operating Funds,805,NCLB Federal,1,
FG332-430321,Title I - School Discretionary,Operating Funds,General Operating Funds,General Operating Funds,805,NCLB Federal,1,
FG332-430331,Title I - School Improvement Focus Initiative,Operating Funds,General Operating Funds,General Operating Funds,805,NCLB Federal,1,
FG332-430332,Title I - School Improvement Priority Initiative,Operating Funds,General Operating Funds,General Operating Funds,805,NCLB Federal,1,
FG332-430700,Title I - Tier Supports,Operating Funds,General Operating Funds,General Operating Funds,805,NCLB Federal,1,
FG334-100304,Aldermanic School Micro-Grant Ward 13 - Nathan Hale School,Operating Funds,General Operating Funds,General Operating Funds,805,NCLB Federal,1,
FG334-430296,Nonpublic Inst. and Supp. Serv. - Catholic,Operating Funds,General Operating Funds,General Operating Funds,805,NCLB Federal,1,
FG334-430515,Neglected Programs,Operating Funds,General Operating Funds,General Operating Funds,805,NCLB Federal,1,
FG332-430320,Title I - District Parent Involvement  -  FG332-430320,Operating Funds,General Operating Funds,General Operating Funds,805,NCLB Federal,1,
FG335-000496,Magnet Cluster Programs,Operating Funds,General Operating Funds,General Operating Funds,805,NCLB Federal,1,
FG336-000108,Sick and Vacation Termination Payout - TCH,Operating Funds,General Operating Funds,General Operating Funds,805,NCLB Federal,1,
FG332-430285,Nonpublic Inst. & Supp. Serv. - Christian,Operating Funds,General Operating Funds,General Operating Funds,805,NCLB Federal,1,
FG324-376824,Agriculture Education  -  FG324-376824,Operating Funds,General Operating Funds,General Operating Funds,807,Other Grants,1,
FG324-376826,Truant Alternative Optional Education,Operating Funds,General Operating Funds,General Operating Funds,807,Other Grants,1,
FG324-410008,CONTINGENCY FOR PROJECT EXPAN,Operating Funds,General Operating Funds,General Operating Funds,807,Other Grants,1,
FG124-905100,CFF - Jewish Federation C2C Grant,Operating Funds,General Operating Funds,General Operating Funds,801,School Generated,1,
FG124-905101,CFF - MRHT HCP C2C Grant,Operating Funds,General Operating Funds,General Operating Funds,801,School Generated,1,
FG124-905104,CFF - NS CREATE Program's 75th St. CIP Grant,Operating Funds,General Operating Funds,General Operating Funds,801,School Generated,1,
FG324-424014,Fresh Fruit & Vegetables Program,Operating Funds,General Operating Funds,General Operating Funds,807,Other Grants,1,
FG324-210065,IGA Computer Science for All FY23,Operating Funds,General Operating Funds,General Operating Funds,807,Other Grants,1,
FG324-210066,IGA Summer Youth Employment FY23,Operating Funds,General Operating Funds,General Operating Funds,807,Other Grants,1,
FG324-210068,Improving Vaccination in Under Vaccinated Populations 2023 -  FG324-210068,Operating Funds,General Operating Funds,General Operating Funds,807,Other Grants,1,
FG124-905061,CFF - Crown STLS Population Grant,Operating Funds,General Operating Funds,General Operating Funds,801,School Generated,1,
FG124-905166,CFF Motorola's Chicago Police and Firefighter Training Academy,Operating Funds,General Operating Funds,General Operating Funds,801,School Generated,1,
FG324-210074,IGA Computer Science for All FY24,Operating Funds,General Operating Funds,General Operating Funds,807,Other Grants,1,
FG324-376828,Agriculture Education - Three Circles,Operating Funds,General Operating Funds,General Operating Funds,807,Other Grants,1,
FG220-462032,LEA FlowThru Inclusive Schools,Operating Funds,General Operating Funds,General Operating Funds,807,Other Grants,1,
FG324-400401,Investing In Innovation (i3),Operating Funds,General Operating Funds,General Operating Funds,807,Other Grants,1,
FG324-400406,Comprehensive Strategies to Promote Social and Emotional Learning,Operating Funds,General Operating Funds,General Operating Funds,807,Other Grants,1,
FG324-210075,Improving Vaccination in Under Vaccinated Populations 2023  -  FG324-210075,Operating Funds,General Operating Funds,General Operating Funds,807,Other Grants,1,
FG324-210076,IGA Support of an Online Vaccination Consent System  -  FG324-210076,Operating Funds,General Operating Funds,General Operating Funds,807,Other Grants,1,
FG324-399955,Teacher Mentoring & Mentoring Pilot Program,Operating Funds,General Operating Funds,General Operating Funds,807,Other Grants,1,
FG324-200020,IGA: Choose to Change Program,Operating Funds,General Operating Funds,General Operating Funds,807,Other Grants,1,
FG324-210081,Healthy CPS Partnerships - Chief Health Officer  -  FG324-210081,Operating Funds,General Operating Funds,General Operating Funds,807,Other Grants,1,
FG324-200030,IGA Choose to Change FY23,Operating Funds,General Operating Funds,General Operating Funds,807,Other Grants,1,
FG324-369628,Regional Safe Schools  -  FG324-369628,Operating Funds,General Operating Funds,General Operating Funds,807,Other Grants,1,
FG324-369629,Regional Safe Schools,Operating Funds,General Operating Funds,General Operating Funds,807,Other Grants,1,
FG324-380128,School District Library Grant  -  FG324-380128,Operating Funds,General Operating Funds,General Operating Funds,807,Other Grants,1,
FG324-383807,CPS Library Safety Resource Kits,Operating Funds,General Operating Funds,General Operating Funds,807,Other Grants,1,
FG124-905138,CFF Kathy Bollhous Foundation,Operating Funds,General Operating Funds,General Operating Funds,801,School Generated,1,
FG220-410008,CONTINGENCY FOR PROJECT EXPAN,Operating Funds,General Operating Funds,General Operating Funds,807,Other Grants,1,
FG324-373005,ROE/ISC Operations  -  FG324-373005,Operating Funds,General Operating Funds,General Operating Funds,807,Other Grants,1,
FG324-399964,FY22 School STEAM Grant Program- FG324-399964,Operating Funds,General Operating Funds,General Operating Funds,807,Other Grants,1,
FG324-424028,Fresh Fruit and Vegetables Program - 24-4240-24,Operating Funds,General Operating Funds,General Operating Funds,807,Other Grants,1,
FG324-210088,Improving Vaccination in Under Vaccinated Populations 2023,Operating Funds,General Operating Funds,General Operating Funds,807,Other Grants,1,
FG324-210118,Not Available - Incorrect fund for grant - should be Fund 326,Operating Funds,General Operating Funds,General Operating Funds,807,Other Grants,1,
FG220-462068,LEA  FlowThru Instruction - Nonpublic,Operating Funds,General Operating Funds,General Operating Funds,807,Other Grants,1,
FG324-399988,Instructional Technology Center (Hub 7),Operating Funds,General Operating Funds,General Operating Funds,807,Other Grants,1,
FG324-300055,Teacher Leadership for Elementary Mathematics and Science (TeLEMS,Operating Funds,General Operating Funds,General Operating Funds,807,Other Grants,1,
FG324-376637,Truant Alternative Optional Education,Operating Funds,General Operating Funds,General Operating Funds,807,Other Grants,1,
FG324-376638,Truant Alternative Optional Education,Operating Funds,General Operating Funds,General Operating Funds,807,Other Grants,1,
FG324-396115,Advance Placement - State,Operating Funds,General Operating Funds,General Operating Funds,807,Other Grants,1,
FG324-400410,Collab for Academic-Social-Emotional Learning - CASEL Ltl Village,Operating Funds,General Operating Funds,General Operating Funds,807,Other Grants,1,
FG324-376712,Special Education - Transportation,Operating Funds,General Operating Funds,General Operating Funds,807,Other Grants,1,
FG324-403414,Increase Teacher Quality Grant,Operating Funds,General Operating Funds,General Operating Funds,807,Other Grants,1,
FG324-408252,Project Safe Neighborhood(PSN13) Year 2,Operating Funds,General Operating Funds,General Operating Funds,807,Other Grants,1,
FG324-320005,CPS Tech Prep (State),Operating Funds,General Operating Funds,General Operating Funds,807,Other Grants,1,
FG324-320520,Innovative Bridge & Transition Program,Operating Funds,General Operating Funds,General Operating Funds,807,Other Grants,1,
FG220-460029,Preschool Incentive Grant  -  FG220-460029,Operating Funds,General Operating Funds,General Operating Funds,807,Other Grants,1,
FG324-322037,Career and Technical Educ. Improvement Grant (CTEI),Operating Funds,General Operating Funds,General Operating Funds,807,Other Grants,1,
FG324-399509,After School Programs-AD FY 22 ISBE  -  FG324-399509,Operating Funds,General Operating Funds,General Operating Funds,807,Other Grants,1,
FG324-424032,FY26 Team Nutrition Recipe Development RFP,Operating Funds,General Operating Funds,General Operating Funds,807,Other Grants,1,
FG124-905091,CFF - FinEd Grant,Operating Funds,General Operating Funds,General Operating Funds,801,School Generated,1,
FG324-376811,Agriculture Education,Operating Funds,General Operating Funds,General Operating Funds,807,Other Grants,1,
FG324-376814,Agriculture Education  -  FG324-376814,Operating Funds,General Operating Funds,General Operating Funds,807,Other Grants,1,
FG124-905096,CFF - Crown C2C Expansion and Ultra High Needs Pilot,Operating Funds,General Operating Funds,General Operating Funds,801,School Generated,1,
FG324-400094,Chicago Gear-Up Alliance 5,Operating Funds,General Operating Funds,General Operating Funds,807,Other Grants,1,
FG324-400096,Gear Up 4 (Year 6),Operating Funds,General Operating Funds,General Operating Funds,807,Other Grants,1,
FG124-905163,CFF The Christopher Family Foundation Sponsor-a-SP,Operating Funds,General Operating Funds,General Operating Funds,801,School Generated,1,
FG220-460523,Preschool Discretionary (STARNET),Operating Funds,General Operating Funds,General Operating Funds,807,Other Grants,1,
FG220-460524,Preschool Discretionary (STARNET),Operating Funds,General Operating Funds,General Operating Funds,807,Other Grants,1,
FG701-442282,21st Century Community Learning Centers Cohort Project A1,Operating Funds,General Operating Funds,Others,,,1,
FG701-442283,21st Century Community Learning Centers Cohort Project B1,Operating Funds,General Operating Funds,Others,,,1,
FG701-580211,CPS Youth Mental Health First Aid,Operating Funds,General Operating Funds,Others,,,1,
FG701-580214,Healthy Chicago Public Schools-YRBS 262006 FY19,Operating Funds,General Operating Funds,Others,,,1,
FG701-400082,GEAR-UP 4 (Year 3),Operating Funds,General Operating Funds,Others,,,1,
FG701-400088,Gear-Up Alliance 4,Operating Funds,General Operating Funds,Others,,,1,
FG701-400096,Gear Up 4 (Year 6),Operating Funds,General Operating Funds,Others,,,1,
FG659-399602,State Distributive Fund,Operating Funds,Debt-Service Funds,Debt-Service Funds,808,Debt Service Fund,1,
FG701-442310,Title IV 21st Century Community Learning Centers A2,Operating Funds,General Operating Funds,Others,,,1,
FG701-442315,Title IV 21st Century Community Learning Centers F2,Operating Funds,General Operating Funds,Others,,,1,
FG701-499840,New Principal Mentoring 22-4998-PM,Operating Funds,General Operating Funds,Others,,,1,
FG701-499856,Freedom Schools Grant 4998-FS,Operating Funds,General Operating Funds,Others,,,1,
FG701-400102,Chicago Gear-Up Alliance 6,Operating Funds,General Operating Funds,Others,,,1,
FG701-400104,Chicago Gear-Up 6 (Year 5),Operating Funds,General Operating Funds,Others,,,1,
FG693,CIP Series 2011D (2000C) Debt Service,Operating Funds,NA,Debt-Service Funds,808,Debt Service Fund,0,
FG693-399602,State Distributive Fund,Operating Funds,Debt-Service Funds,Debt-Service Funds,808,Debt Service Fund,1,
FG425-379041,2022 DCEO State Capital Burnham Project,Capital Funds,Capital Funds,Others,810,Capital Projects Fund,1,
FG701-442319,21st Century CLC NEIU FY23,Operating Funds,General Operating Funds,Others,,,1,
FG701-460026,Preschool Incentive Grant,Operating Funds,General Operating Funds,Others,,,1,
FG701-510224,Headstart-Child Development,Operating Funds,General Operating Funds,Others,,,1,
FG701-510226,Headstart-Child Development,Operating Funds,General Operating Funds,Others,,,1,
FG701-511240,Pathways to Accelerated Student Success,Operating Funds,General Operating Funds,Others,,,1,
FG324-548068,Il For Arts Education - Quigley,Operating Funds,General Operating Funds,General Operating Funds,807,Other Grants,1,
FG425-379181,DCEO State Capital Belmont Craigin,Capital Funds,Capital Funds,Others,810,Capital Projects Fund,1,
FG701-460521,Preschool Discretionary (STARNET),Operating Funds,General Operating Funds,Others,,,1,
FG701-460527,Preschool Discretionary (STARNET) FY20,Operating Funds,General Operating Funds,Others,,,1,
FG701-460802,Midwest Expansion of the Child Parent Center Education Program (U,Operating Funds,General Operating Funds,Others,,,1,
FG701-580223,CDC DASH Mental Health Supplement,Operating Funds,General Operating Funds,Others,,,1,
FG677-399602,State Distributive Fund,Operating Funds,Debt-Service Funds,Debt-Service Funds,808,Debt Service Fund,1,
FG425-379183,DCEO State Capital Lake view HS,Capital Funds,Capital Funds,Others,810,Capital Projects Fund,1,
FG660-399602,State Distributive Fund,Operating Funds,Debt-Service Funds,Debt-Service Funds,808,Debt Service Fund,1,
FG701-462046,LEA FlowThru Instruction,Operating Funds,General Operating Funds,Others,,,1,
FG701-460805,CPC i3 Project,Operating Funds,General Operating Funds,Others,,,1,
FG701-499939,Preschool Expansion FY19,Operating Funds,General Operating Funds,Others,,,1,
FG701-499984,Pathways For Success-Univ of Southern California,Operating Funds,General Operating Funds,Others,,,1,
FG701-499989,Pathways to Success in the Transition to HS 2020,Operating Funds,General Operating Funds,Others,,,1,
FG701-500004,Start on Success Program FY19,Operating Funds,General Operating Funds,Others,,,1,
FG116,Equipment Fund,Capital Funds,NA,Others,810,Capital Projects Fund,0,
FG664-000000,CIP Series 2007BC Debt Service,Operating Funds,Debt-Service Funds,Debt-Service Funds,808,Debt Service Fund,1,
FG701-462508,IDEA Room and Board,Operating Funds,General Operating Funds,Others,,,1,
FG495-070985,Ingenuity CSF13 2023-2024,Capital Funds,Capital Funds,Others,810,Capital Projects Fund,1,
FG495-300110,EBF - Bilingual Programs,Capital Funds,Capital Funds,Others,810,Capital Projects Fund,1,
FG411,CSFA Rehab - Assets Conversion,Capital Funds,NA,Others,810,Capital Projects Fund,0,
FG124-070191,CFF-Chicago Beyond-One Goal (year 1),Operating Funds,General Operating Funds,General Operating Funds,801,School Generated,1,
FG124-070193,CFF-Chicago Beyond-One Goal (year 3),Operating Funds,General Operating Funds,General Operating Funds,801,School Generated,1,
FG124-070198,Field Museum - Substitutes 2,Operating Funds,General Operating Funds,General Operating Funds,801,School Generated,1,
FG124-070209,CFF - Steans Family Foundation,Operating Funds,General Operating Funds,General Operating Funds,801,School Generated,1,
FG701-474566,Special Student Needs-C. Perkins FY19,Operating Funds,General Operating Funds,Others,,,1,
FG632-000000,CIP Series 2003B - Debt Service,Operating Funds,Debt-Service Funds,Debt-Service Funds,808,Debt Service Fund,1,
FG124-070221,Improving Asthma and Food Allergy Verification and Medication Acc,Operating Funds,General Operating Funds,General Operating Funds,801,School Generated,1,
FG124-070244,McCormick Foundation - K-12 Civics 2017-2018,Operating Funds,General Operating Funds,General Operating Funds,801,School Generated,1,
FG124-070251,Educational Solar PV Program,Operating Funds,General Operating Funds,General Operating Funds,801,School Generated,1,
FG124-070261,IL Administrative Academy Workshop,Operating Funds,General Operating Funds,General Operating Funds,801,School Generated,1,
FG701-490930,Title III - Language Acquisition,Operating Funds,General Operating Funds,Others,,,1,
FG701-490953,Title III - Lmtd. Eng. Prf. - Nonpublic,Operating Funds,General Operating Funds,Others,,,1,
FG701-490954,Title III - Language Acquisition,Operating Funds,General Operating Funds,Others,,,1,
FG701-379050,School Energy Efficiency Project,Operating Funds,General Operating Funds,Others,,,1,
FG639-000000,CIP Series 2018A,Operating Funds,Debt-Service Funds,Debt-Service Funds,808,Debt Service Fund,1,
FG639-399602,State Distributive Fund,Operating Funds,Debt-Service Funds,Debt-Service Funds,808,Debt Service Fund,1,
FG683-000000,CIP Series 2013A Refunding Bond,Operating Funds,Debt-Service Funds,Debt-Service Funds,808,Debt Service Fund,1,
FG683-600011,Bond Series 2013A-1,Operating Funds,Debt-Service Funds,Debt-Service Funds,808,Debt Service Fund,1,
FG124-070304,Tawani Scholars Program (2015 Award),Operating Funds,General Operating Funds,General Operating Funds,801,School Generated,1,
FG124-070306,Summer Meals Program Grant,Operating Funds,General Operating Funds,General Operating Funds,801,School Generated,1,
FG495-430295,Title I - School Discretionary,Capital Funds,Capital Funds,Others,810,Capital Projects Fund,1,
FG684-399602,State Distributive Fund,Operating Funds,Debt-Service Funds,Debt-Service Funds,808,Debt Service Fund,1,
FG124-070341,Healthy Food Healthy Schools,Operating Funds,General Operating Funds,General Operating Funds,801,School Generated,1,
FG124-070351,InspirED School Climate Assessment Grant,Operating Funds,General Operating Funds,General Operating Funds,801,School Generated,1,
FG124-070361,Driskill Foundation,Operating Funds,General Operating Funds,General Operating Funds,801,School Generated,1,
FG701-493523,FY20 Teacher Quality - Teacher Residencies,Operating Funds,General Operating Funds,Others,,,1,
FG701-494045,Title IIA - Teacher Quality,Operating Funds,General Operating Funds,Others,,,1,
FG701-001023,FY23 Comparability,Operating Funds,General Operating Funds,Others,,,1,
FG701-002239,Internal Accounts Book Transfers,Operating Funds,General Operating Funds,Others,,,1,
FG425-188813,IEPA Remediation at kerry Wood Field,Capital Funds,Capital Funds,Others,810,Capital Projects Fund,1,
FG425-379146,DCEO - BROWNELL ES  22-203040,Capital Funds,Capital Funds,Others,810,Capital Projects Fund,1,
FG701-433135,Il-Empower (Cohort 19 - Grant 5) FY19,Operating Funds,General Operating Funds,Others,,,1,
FG701-433143,Il-Empower (Cohort 19 - Grant 3) FY20,Operating Funds,General Operating Funds,Others,,,1,
FG701-433147,Il-Empower (Cohort 19 - Grant 7) FY20,Operating Funds,General Operating Funds,Others,,,1,
FG701-433911,School Improvement Grant Fenger,Operating Funds,General Operating Funds,Others,,,1,
FG701-433912,SIG - Fenger High School FY12,Operating Funds,General Operating Funds,Others,,,1,
FG701-550019,IL for Arts and STEM Education - 0197,Operating Funds,General Operating Funds,Others,,,1,
FG701-492125,Homeless Education Prog.,Operating Funds,General Operating Funds,Others,,,1,
FG701-399814,Teacher Vacancy Grant Pilot Program - ISB,Operating Funds,General Operating Funds,Others,,,1,
FG701-399956,Illinois Youth Survey,Operating Funds,General Operating Funds,Others,,,1,
FG701-399991,Instructional Technology Center (Hub 7),Operating Funds,General Operating Funds,Others,,,1,
FG701-399993,Advanced Placement FY18,Operating Funds,General Operating Funds,Others,,,1,
FG645,CIP Series 2018B,Operating Funds,NA,Debt-Service Funds,808,Debt Service Fund,0,
FG649,Series 2018 CIT,Operating Funds,NA,Debt-Service Funds,808,Debt Service Fund,0,
FG701-433932,SIG - District FY12,Operating Funds,General Operating Funds,Others,,,1,
FG701-434012,SIG Transformation FY12 -Juarez,Operating Funds,General Operating Funds,Others,,,1,
FG701-494088,Title IIA Teacher Quality,Operating Funds,General Operating Funds,Others,,,1,
FG701-494097,Title IIA - Reduced Class Size,Operating Funds,General Operating Funds,Others,,,1,
FG495-490955,Title III - Lmtd. Eng. Prf. - Nonpublic,Capital Funds,Capital Funds,Others,810,Capital Projects Fund,1,
FG649-000000,Series 2018 CIT,Operating Funds,Debt-Service Funds,Debt-Service Funds,808,Debt Service Fund,1,
FG701-442165,21st Century Community Learning Centers - (Cohort 15-Grant1) FY18,Operating Funds,General Operating Funds,Others,,,1,
FG701-442167,21st Century Community Learning Centers - (Cohort 15-Grant3) FY18,Operating Funds,General Operating Funds,Others,,,1,
FG701-442168,21st Century Community Learning Centers - (Cohort 15-Grant4) FY18,Operating Funds,General Operating Funds,Others,,,1,
FG701-442170,21st Century Community Learning Centers - (Cohort 15-Grant6) FY18,Operating Funds,General Operating Funds,Others,,,1,
FG701-442174,21st Century Community Learning Centers-(Cohort 15-Grant 3) FY19,Operating Funds,General Operating Funds,Others,,,1,
FG701-501315,FEMA 4489 DR-IL Declaration,Operating Funds,General Operating Funds,Others,,,1,
FG701-560028,Headstart - Child Supp Dis SP Initiative,Operating Funds,General Operating Funds,Others,,,1,
FG495-494089,Title IIA Archidiocese Of Chicago. Suppl.Servc.,Capital Funds,Capital Funds,Others,810,Capital Projects Fund,1,
FG701-070974,Thrive MBK IUE,Operating Funds,General Operating Funds,Others,,,1,
FG701-442245,21st Century Community Learning Centers (Cohort 19-Grant 5),Operating Funds,General Operating Funds,Others,,,1,
FG701-560029,Headstart - Child Supp Dis SP Initiative,Operating Funds,General Operating Funds,Others,,,1,
FG701-560031,Headstart-Child Supp. Dis. SP Initiative,Operating Funds,General Operating Funds,Others,,,1,
FG701-560033,Headstart-Child Supp. Dis. SP Initiative,Operating Funds,General Operating Funds,Others,,,1,
FG701-578213,Project Italic Integrative Technology in Arabic,Operating Funds,General Operating Funds,Others,,,1,
FG701-499803,ESSER - Nonpublic Inst. & Supp. Serv. - Catholic,Operating Funds,General Operating Funds,Others,,,1,
FG425-379029,2021 DCEO St. Capital Grants AC Powell Paideia Community Aca ES,Capital Funds,Capital Funds,Others,810,Capital Projects Fund,1,
FG425-379031,2021 DCEO State Capital Grants   Burley Playground,Capital Funds,Capital Funds,Others,810,Capital Projects Fund,1,
FG425-379032,2021 DCEO State Capital Grants Dusable/Williams Project- FG425-379032,Capital Funds,Capital Funds,Others,810,Capital Projects Fund,1,
FG701-442256,21st Century Community Learning Centers (Cohort 19-Grant 1),Operating Funds,General Operating Funds,Others,,,1,
FG701-442260,21st Century Community Learning Centers (Cohort 19-Grant 5),Operating Funds,General Operating Funds,Others,,,1,
FG701-442265,Title IV - 21st Century Comm Learning Centers  C2,Operating Funds,General Operating Funds,Others,,,1,
FG701-499830,ARP- Social Emotional Learning and Trauma Response,Operating Funds,General Operating Funds,Others,,,1,
FG701-499832,ARP ESSER III State Set Aside Grant- Learning Loss,Operating Funds,General Operating Funds,Others,,,1,
FG701-392509,Illinois Green Infrastructure Grant Alcott,Operating Funds,General Operating Funds,Others,,,1,
FG495-499832,ARP ESSER III State Set Aside Grant- Learning Loss,Capital Funds,Capital Funds,Others,810,Capital Projects Fund,1,
FG425-379172,DCEO State Capital WATERS,Capital Funds,Capital Funds,Others,810,Capital Projects Fund,1,
FG655-000000,CIP Series 2019B,Operating Funds,Debt-Service Funds,Debt-Service Funds,808,Debt Service Fund,1,
FG701-442269,21st Century Community Learning Centers,Operating Funds,General Operating Funds,Others,,,1,
FG701-442276,21st Century Community Learning Centers - (Cohort 15-Grant 7),Operating Funds,General Operating Funds,Others,,,1,
FG701-580121,Healthy Chicago Public Schools (Year 1),Operating Funds,General Operating Funds,Others,,,1,
FG495-500316,Magnet School Assistance Program-Technology Advancing Communities,Capital Funds,Capital Funds,Others,810,Capital Projects Fund,1,
FG701-188817,IGA Attendance and Truancy TIP,Operating Funds,General Operating Funds,Others,,,1,
FG701-188838,City of Chicago and CPS Public Art - Solomon Elementary School,Operating Funds,General Operating Funds,Others,,,1,
FG324-500045,Cities Mentoring,Operating Funds,General Operating Funds,General Operating Funds,807,Other Grants,1,
FG324-442134,21st Century Community Learning Centers,Operating Funds,General Operating Funds,General Operating Funds,807,Other Grants,1,
FG436-525002,Noise Abatement - Federal,Capital Funds,Capital Funds,Others,810,Capital Projects Fund,1,
FG495-004154,Teach Plus NSI Stipend 23-24,Capital Funds,Capital Funds,Others,810,Capital Projects Fund,1,
FG495-008005,International Baccalaureate Program,Capital Funds,Capital Funds,Others,810,Capital Projects Fund,1,
FG495-008008,Classical Schools,Capital Funds,Capital Funds,Others,810,Capital Projects Fund,1,
FG495-012119,Laptop Replacement Program - Absolute,Capital Funds,Capital Funds,Others,810,Capital Projects Fund,1,
FG676,FY2009 New Money Bond,Operating Funds,NA,Debt-Service Funds,808,Debt Service Fund,0,
FG443-000000,Bond Series 2023- FG443-000000,Capital Funds,Capital Funds,Others,810,Capital Projects Fund,1,
FG080,TORT,Operating Funds,NA,Others,,General Fund,0,
FG210,Workers'& Unemployment Compensation/Tort,Operating Funds,NA,General Operating Funds,802,General Fund,0,
FG210-376714,Special Education Transportation,Operating Funds,General Operating Funds,General Operating Funds,802,General Fund,1,
FG324-500060,CR: Adapting and Implementing a Geospatial HSC  in CTE Clusters  -  FG324-500060,Operating Funds,General Operating Funds,General Operating Funds,807,Other Grants,1,
FG324-500063,2023 Clean School Bus Grant - Operational,Operating Funds,General Operating Funds,General Operating Funds,807,Other Grants,1,
FG324-511242,Pathways to Accelerated Student Success (PASS),Operating Funds,General Operating Funds,General Operating Funds,807,Other Grants,1,
FG695-060002,State Grants School Construction Program,Operating Funds,Debt-Service Funds,Debt-Service Funds,808,Debt Service Fund,1,
FG697-399602,State Distributive Fund,Operating Funds,Debt-Service Funds,Debt-Service Funds,808,Debt Service Fund,1,
FG451,Bond Series 2021,Capital Funds,NA,Others,810,Capital Projects Fund,0,
FG458-000000,CIP Series 2003D,Capital Funds,Capital Funds,Others,810,Capital Projects Fund,1,
FG467-000000,CIP Series 2005DE,Capital Funds,Capital Funds,Others,810,Capital Projects Fund,1,
FG701-396115,Advance Placement - State,Operating Funds,General Operating Funds,Others,,,1,
FG701-399001,Other State Programs,Operating Funds,General Operating Funds,Others,,,1,
FG701-399502,IEMA-School & Campus Safety Grant,Operating Funds,General Operating Funds,Others,,,1,
FG701-399504,After School Programs,Operating Funds,General Operating Funds,Others,,,1,
FG425-379122,DCEO - BARTON ES 22-203040,Capital Funds,Capital Funds,Others,810,Capital Projects Fund,1,
FG701-300110,EBF - Bilingual Programs,Operating Funds,General Operating Funds,Others,,,1,
FG701-300300,Public Sector Natural Gas Boiler Tune-Up Program,Operating Funds,General Operating Funds,Others,,,1,
FG701-310001,Special Education - Private Facilities,Operating Funds,General Operating Funds,Others,,,1,
FG701-312001,Special Ed. - Orphanage-Individual,Operating Funds,General Operating Funds,Others,,,1,
FG436-906000,Grants from Children First Fund - (Capital),Capital Funds,Capital Funds,Others,810,Capital Projects Fund,1,
FG324-547521,Indian Elem/Sec. Assistance Prog.,Operating Funds,General Operating Funds,General Operating Funds,807,Other Grants,1,
FG477-610000,Build America Bonds (BABS),Capital Funds,Capital Funds,Others,810,Capital Projects Fund,1,
FG477-610001,Illinois Capital Development Board FY2002,Capital Funds,Capital Funds,Others,810,Capital Projects Fund,1,
FG468-000000,TIF FY05-1 Simeon,Capital Funds,Capital Funds,Others,810,Capital Projects Fund,1,
FG324-529024,Randomized Study to Abate Truancy and Violence-2,Operating Funds,General Operating Funds,General Operating Funds,807,Other Grants,1,
FG425-379230,DCEO - DCEO - HARTE ES 23-203230,Capital Funds,Capital Funds,Others,810,Capital Projects Fund,1,
FG701-320522,Innovative Bridges and Transition Program,Operating Funds,General Operating Funds,Others,,,1,
FG324-499994,International Baccalaureate  -  FG324-499994,Operating Funds,General Operating Funds,General Operating Funds,807,Other Grants,1,
FG324-439603,Critical Mass Year 3,Operating Funds,General Operating Funds,General Operating Funds,807,Other Grants,1,
FG324-440012,Drug-Free School and Community Act: Public,Operating Funds,General Operating Funds,General Operating Funds,807,Other Grants,1,
FG425-392509,Illinois Green Infrastructure Grant Alcott,Capital Funds,Capital Funds,Others,810,Capital Projects Fund,1,
FG701-330502,Bilingual Ed TPI & TBE,Operating Funds,General Operating Funds,Others,,,1,
FG324-500747,Youth Career Connect,Operating Funds,General Operating Funds,General Operating Funds,807,Other Grants,1,
FG324-442145,21st Century Community Learning Centers - (Cohort 15-Grant 2),Operating Funds,General Operating Funds,General Operating Funds,807,Other Grants,1,
FG324-442185,21st Century Community Learning Centers FY20,Operating Funds,General Operating Funds,General Operating Funds,807,Other Grants,1,
FG436-000016,State Funded Capital Projects,Capital Funds,Capital Funds,Others,810,Capital Projects Fund,1,
FG324-548026,Track 2 CS10K:  Accelerate ECS4ALL,Operating Funds,General Operating Funds,General Operating Funds,807,Other Grants,1,
FG324-500006,Bridges - Advancing High School Computer Science FY18,Operating Funds,General Operating Funds,General Operating Funds,807,Other Grants,1,
FG436-000036,Guaranteed Rate,Capital Funds,Capital Funds,Others,810,Capital Projects Fund,1,
FG436-000058,Capital Project Donations - Private Foundation/Charity,Capital Funds,Capital Funds,Others,810,Capital Projects Fund,1,
FG436-000059,Capital Projects - Miscellaneous School Internal Accounts,Capital Funds,Capital Funds,Others,810,Capital Projects Fund,1,
FG436-000017,TIF Capital,Capital Funds,Capital Funds,Others,810,Capital Projects Fund,1,
FG495-905125,CFF The School Partnership Program project and the Ardmore Roderi,Capital Funds,Capital Funds,Others,810,Capital Projects Fund,1,
FG324-500012,Chicago Alliance for Equity in Computer Science (CAFE-CS) FY19,Operating Funds,General Operating Funds,General Operating Funds,807,Other Grants,1,
FG324-442257,21st Century Community Learning Centers (Cohort 19-Grant 2)  -  FG324-442257,Operating Funds,General Operating Funds,General Operating Funds,807,Other Grants,1,
FG324-442259,21st Century Community Learning Centers (Cohort 19-Grant 4)  -  FG324-442259,Operating Funds,General Operating Funds,General Operating Funds,807,Other Grants,1,
FG324-442261,21st Century Community Learning Centers Cohort Project A1 -  FG324-442261,Operating Funds,General Operating Funds,General Operating Funds,807,Other Grants,1,
FG436-000902,Chicago Academy Playground,Capital Funds,Capital Funds,Others,810,Capital Projects Fund,1,
FG436-000908,Belvedere Cares - LaSalle Playground Project,Capital Funds,Capital Funds,Others,810,Capital Projects Fund,1,
FG436-000909,Hawthorne Playground,Capital Funds,Capital Funds,Others,810,Capital Projects Fund,1,
FG701-369618,Regional Safe Schools,Operating Funds,General Operating Funds,Others,,,1,
FG324-500841,Secure Our Schools (SOS),Operating Funds,General Operating Funds,General Operating Funds,807,Other Grants,1,
FG324-500845,STOP School Violence (SOS) FY21-FG324-500845,Operating Funds,General Operating Funds,General Operating Funds,807,Other Grants,1,
FG324-440215,Homeless Services Food Stamp Outreach,Operating Funds,General Operating Funds,General Operating Funds,807,Other Grants,1,
FG324-440216,Homeless Services Food Stamp Outreach FY18,Operating Funds,General Operating Funds,General Operating Funds,807,Other Grants,1,
FG324-440222,Homeless Services Food Stamp Outreach -  FG324-440222,Operating Funds,General Operating Funds,General Operating Funds,807,Other Grants,1,
FG436-050013,Aldermanic Menu Funds,Capital Funds,Capital Funds,Others,810,Capital Projects Fund,1,
FG436-070001,Educational Solar PV Program,Capital Funds,Capital Funds,Others,810,Capital Projects Fund,1,
FG436-070169,CFF - Jorndt Family,Capital Funds,Capital Funds,Others,810,Capital Projects Fund,1,
FG488-000000,Series 2017H,Capital Funds,Capital Funds,Others,810,Capital Projects Fund,1,
FG488-000057,Fund 436 Spend Down,Capital Funds,Capital Funds,Others,810,Capital Projects Fund,1,
FG324-538008,School Choice Program (C),Operating Funds,General Operating Funds,General Operating Funds,807,Other Grants,1,
FG324-442153,21st Century Community Learning Centers - (Cohort 15-Grant 3),Operating Funds,General Operating Funds,General Operating Funds,807,Other Grants,1,
FG324-442197,21st Century Community Learning Cntrs (Cohort 19-Grant 5) FY20,Operating Funds,General Operating Funds,General Operating Funds,807,Other Grants,1,
FG324-442198,21st Century Community Learning Centers,Operating Funds,General Operating Funds,General Operating Funds,807,Other Grants,1,
FG498-000000,Software Based Information Technology Agreements (SBITAs),Capital Funds,Capital Funds,Others,810,Capital Projects Fund,1,
FG499-000000,SuperFund,Capital Funds,Capital Funds,Others,810,Capital Projects Fund,1,
FG617-000000,CIP Series 2017D,Operating Funds,Debt-Service Funds,Debt-Service Funds,808,Debt Service Fund,1,
FG324-500024,Chicago Alliance for Equity in Computer Includes Supplement,Operating Funds,General Operating Funds,General Operating Funds,807,Other Grants,1,
FG324-501013,Elementary and Secondary School Counseling,Operating Funds,General Operating Funds,General Operating Funds,807,Other Grants,1,
FG436-188848,City of Chicago & CPS Public Art - Belding Elementary School,Capital Funds,Capital Funds,Others,810,Capital Projects Fund,1,
FG324-548046,Trio - Talent Search FY18,Operating Funds,General Operating Funds,General Operating Funds,807,Other Grants,1,
FG324-548047,Trio - Talent Search FY19,Operating Funds,General Operating Funds,General Operating Funds,807,Other Grants,1,
FG436-220001,Illinois Green Infrastructure Grant,Capital Funds,Capital Funds,Others,810,Capital Projects Fund,1,
FG436-300018,John Playlot Phase II State Capital DCEO,Capital Funds,Capital Funds,Others,810,Capital Projects Fund,1,
FG436-343920,CDB - Gaming Revenue,Capital Funds,Capital Funds,Others,810,Capital Projects Fund,1,
FG324-500037,EAGER Program  -  FG324-500037,Operating Funds,General Operating Funds,General Operating Funds,807,Other Grants,1,
FG324-442202,21st Century Community Learning Centers - (Cohort 15-Grant 4),Operating Funds,General Operating Funds,General Operating Funds,807,Other Grants,1,
FG324-442274,21st Century Community Learning Centers - (Cohort 15-Grant 5),Operating Funds,General Operating Funds,General Operating Funds,807,Other Grants,1,
FG436-379013,IDCEO 3 FY12,Capital Funds,Capital Funds,Others,810,Capital Projects Fund,1,
FG436-379017,Illinois Dept of Com. & Econ. Opportunity,Capital Funds,Capital Funds,Others,810,Capital Projects Fund,1,
FG436-379050,School Energy Efficiency Project,Capital Funds,Capital Funds,Others,810,Capital Projects Fund,1,
FG673,CIP Series 2023A,Operating Funds,NA,Debt-Service Funds,808,Debt Service Fund,0,
FG673-000000,CIP Series 2023A,Operating Funds,Debt-Service Funds,Debt-Service Funds,808,Debt Service Fund,1,
FG324-503007,USDA Farm To School,Operating Funds,General Operating Funds,General Operating Funds,807,Other Grants,1,
FG324-542134,Distributed Leadership in Opportunity School (DLOS) FY20,Operating Funds,General Operating Funds,General Operating Funds,807,Other Grants,1,
FG324-442124,21st Century Community Learning Centers2,Operating Funds,General Operating Funds,General Operating Funds,807,Other Grants,1,
FG324-442127,21st Century Community Learning Centers2,Operating Funds,General Operating Funds,General Operating Funds,807,Other Grants,1,
FG324-442131,21st Century Community Learning Centers 2,Operating Funds,General Operating Funds,General Operating Funds,807,Other Grants,1,
FG436-491004,Green Roofs Program ARRA - Ogden,Capital Funds,Capital Funds,Others,810,Capital Projects Fund,1,
FG701-379010,Illinois Dept of Com. & Econ. Opportunity,Operating Funds,General Operating Funds,Others,,,1,
FG701-379012,IDCEO 2 FY12,Operating Funds,General Operating Funds,Others,,,1,
FG701-379035,2022 DCEO State Capital McPherson Project,Operating Funds,General Operating Funds,Others,,,1,
FG324-500042,Chicago Alliance For Equity In Computer Includes Supplement,Operating Funds,General Operating Funds,General Operating Funds,807,Other Grants,1,
FG324-500314,Magnet School Assistance Program-TAC (MSAP-TAC) FY23,Operating Funds,General Operating Funds,General Operating Funds,807,Other Grants,1,
FG124-070121,CASEL Collaborating Districts Implementation (Year 2),Operating Funds,General Operating Funds,General Operating Funds,801,School Generated,1,
FG324-442243,21st Century Community Learning Centers (Cohort 19-Grant 3),Operating Funds,General Operating Funds,General Operating Funds,807,Other Grants,1,
FG324-442249,21st Century Community Learning Centers - (Cohort 15-Grant 1)  -  FG324-442249,Operating Funds,General Operating Funds,General Operating Funds,807,Other Grants,1,
FG324-442277,21st Century Community Learning Centers (Cohort 19-Grant 1),Operating Funds,General Operating Funds,General Operating Funds,807,Other Grants,1,
FG124-000937,GATES Grant Instructional Strategy Vend Pymt,Operating Funds,General Operating Funds,General Operating Funds,801,School Generated,1,
AFR_Fund_Grants,All Fund_Grant,Operating Funds,NA,Others,,,0,
FG325-510312,ARRA Head Start - Early HS Expansion Yr 2,Operating Funds,General Operating Funds,General Operating Funds,807,Other Grants,1,
FG324-500360,STARTALK - Chinese Language Program,Operating Funds,General Operating Funds,General Operating Funds,807,Other Grants,1,
FG115-000018,R. O. T. C. Salaries,Operating Funds,General Operating Funds,General Operating Funds,801,General Fund,1,
FG326-200018,Recidivism Reduction Mini-Seed Grant,Operating Funds,General Operating Funds,General Operating Funds,807,Other Grants,1,
FG326-210116,Illinois Arts Council,Operating Funds,General Operating Funds,General Operating Funds,807,Other Grants,1,
FG326-210122,Illinois Arts Council FY18,Operating Funds,General Operating Funds,General Operating Funds,807,Other Grants,1,
FG324-442291,Title IV - 21st Century Comm Learning Centers B3,Operating Funds,General Operating Funds,General Operating Funds,807,Other Grants,1,
FG324-524027,Secondary Transitional Experience Program (Step),Operating Funds,General Operating Funds,General Operating Funds,807,Other Grants,1,
FG115-000541,Special Override Positions,Operating Funds,General Operating Funds,General Operating Funds,801,General Fund,1,
FG324-442287,Title IV - 21st Century Comm Learning Centers D2,Operating Funds,General Operating Funds,General Operating Funds,807,Other Grants,1,
FG324-529012,Preventing Truancy in Urban Schools,Operating Funds,General Operating Funds,General Operating Funds,807,Other Grants,1,
FG324-499985,International Baccalaureate FY18,Operating Funds,General Operating Funds,General Operating Funds,807,Other Grants,1,
FG324-500450,Transportation Education Pilot Program,Operating Funds,General Operating Funds,General Operating Funds,807,Other Grants,1,
FG115-004116,Accelerated Placement Screening,Operating Funds,General Operating Funds,General Operating Funds,801,General Fund,1,
FG114-000002,Special Education - Other Distrs Govt Tuition,Operating Funds,General Operating Funds,General Operating Funds,801,General Fund,1,
FG115-000021,Exchange Student Tuition,Operating Funds,General Operating Funds,General Operating Funds,801,General Fund,1,
FG326-500758,WIA State Sector Initiatives,Operating Funds,General Operating Funds,General Operating Funds,807,Other Grants,1,
FG324-442312,Title Iv - 21st Century Comm Learning Centers C2 -  FG324-442312,Operating Funds,General Operating Funds,General Operating Funds,807,Other Grants,1,
FG115-000071,ED IMP-LIB RESOURCE PGM,Operating Funds,General Operating Funds,General Operating Funds,801,General Fund,1,
FG115-000088,Alternative Schools Supports,Operating Funds,General Operating Funds,General Operating Funds,801,General Fund,1,
FG326-300011,Agricultural Fair,Operating Funds,General Operating Funds,General Operating Funds,807,Other Grants,1,
FG324-442326,Title Iv - 21st Century Comm Learning Centers E2  -  FG324-442326,Operating Funds,General Operating Funds,General Operating Funds,807,Other Grants,1,
FG324-442328,Title IV - 21st Century Comm Learning Centers A3  -  FG324-442328,Operating Funds,General Operating Funds,General Operating Funds,807,Other Grants,1,
FG324-442330,Title IV - 21st Century Comm Learning Centers C3  -  FG324-442330,Operating Funds,General Operating Funds,General Operating Funds,807,Other Grants,1,
FG324-442331,21st Century Community Learning Centers Cohort Project B1  -  FG324-442331,Operating Funds,General Operating Funds,General Operating Funds,807,Other Grants,1,
FG124-070142,High School Breakfast Expansion Initiative,Operating Funds,General Operating Funds,General Operating Funds,801,School Generated,1,
FG124-070144,CFF - District-Charter Collaboration/Gates Foundation,Operating Funds,General Operating Funds,General Operating Funds,801,School Generated,1,
FG324-442338,Title IV - 21st Century Comm Learning Centers D2,Operating Funds,General Operating Funds,General Operating Funds,807,Other Grants,1,
FG324-442339,Title IV - 21st Century Comm Learning Centers E2,Operating Funds,General Operating Funds,General Operating Funds,807,Other Grants,1,
FG324-442343,Title IV - 21st Century Comm Learning Centers C3,Operating Funds,General Operating Funds,General Operating Funds,807,Other Grants,1,
FG124-070149,CFF-CCT Digital Arts Academy,Operating Funds,General Operating Funds,General Operating Funds,801,School Generated,1,
FG124-004157,Hormel Foods,Operating Funds,General Operating Funds,General Operating Funds,801,School Generated,1,
FG124-070088,MSI Subs - Expedition Green,Operating Funds,General Operating Funds,General Operating Funds,801,School Generated,1,
FG115-005058,New and Expansion School Funding,Operating Funds,General Operating Funds,General Operating Funds,801,General Fund,1,
FG115-005061,School Transitions,Operating Funds,General Operating Funds,General Operating Funds,801,General Fund,1,
FG115-005062,FY19 School Actions,Operating Funds,General Operating Funds,General Operating Funds,801,General Fund,1,
FG326-472017,Perkins Leaderhip - High Schools That Work,Operating Funds,General Operating Funds,General Operating Funds,807,Other Grants,1,
FG324-442351,Title IV - 21st Century Comm Learning Centers C5,Operating Funds,General Operating Funds,General Operating Funds,807,Other Grants,1,
FG115-000112,ED Plan HS Restructuring,Operating Funds,General Operating Funds,General Operating Funds,801,General Fund,1,
FG326-442228,Developing 21st Century Critical Thinking Skills,Operating Funds,General Operating Funds,General Operating Funds,807,Other Grants,1,
FG326-442229,21st Century CLC - NEIU FY20,Operating Funds,General Operating Funds,General Operating Funds,807,Other Grants,1,
FG326-399987,Advanced Placement FY18,Operating Funds,General Operating Funds,General Operating Funds,807,Other Grants,1,
FG324-490011,Chicago Schools Readiness Project (CSRP),Operating Funds,General Operating Funds,General Operating Funds,807,Other Grants,1,
FG124-000364,Collaborating Districts Initiative Planning Grant,Operating Funds,General Operating Funds,General Operating Funds,801,School Generated,1,
FG124-070153,CFF-CCT Disciplinary Language & Literacy,Operating Funds,General Operating Funds,General Operating Funds,801,School Generated,1,
FG115-000948,Prior Year Carry Over Funds,Operating Funds,General Operating Funds,General Operating Funds,801,General Fund,1,
FG115-000980,Crossing Guards,Operating Funds,General Operating Funds,General Operating Funds,801,General Fund,1,
FG115-000983,Athletic Director Positions & Stipends,Operating Funds,General Operating Funds,General Operating Funds,801,General Fund,1,
FG115-001009,FY09 Comparability,Operating Funds,General Operating Funds,General Operating Funds,801,General Fund,1,
FG124-000388,Cellular Revenue,Operating Funds,General Operating Funds,General Operating Funds,801,School Generated,1,
FG124-004161,The Field Museum,Operating Funds,General Operating Funds,General Operating Funds,801,School Generated,1,
FG115-006068,Critical Language Initiative,Operating Funds,General Operating Funds,General Operating Funds,801,General Fund,1,
FG326-499501,FEMA Grant,Operating Funds,General Operating Funds,General Operating Funds,807,Other Grants,1,
FG324-580201,CDC Strategy 1 -Youth Risk Behavior Survey (YRBS),Operating Funds,General Operating Funds,General Operating Funds,807,Other Grants,1,
FG324-580202,CDC Strategy 2 - HIV/STD Prevention Initiative,Operating Funds,General Operating Funds,General Operating Funds,807,Other Grants,1,
FG324-497122,Title IID - Educational Technology,Operating Funds,General Operating Funds,General Operating Funds,807,Other Grants,1,
FG324-512070,DOE-Resilience Center Network-Renew America'S School Prize,Operating Funds,General Operating Funds,General Operating Funds,807,Other Grants,1,
FG124-070100,Chicago New Options Project (NOP),Operating Funds,General Operating Funds,General Operating Funds,801,School Generated,1,
FG115-000302,AUSL Supplemental PD Supports,Operating Funds,General Operating Funds,General Operating Funds,801,General Fund,1,
FG115-000315,2020 COVID19 Shutdown Expenditures,Operating Funds,General Operating Funds,General Operating Funds,801,General Fund,1,
FG324-499864,Stronger Connections Grant 4998-4S,Operating Funds,General Operating Funds,General Operating Funds,807,Other Grants,1,
FG124-000520,Tawani Foundation Military JROTC (2017-2018),Operating Funds,General Operating Funds,General Operating Funds,801,School Generated,1,
FG124-000456,Go for the Gold,Operating Funds,General Operating Funds,General Operating Funds,801,School Generated,1,
FG115-000319,Academic Competitions,Operating Funds,General Operating Funds,General Operating Funds,801,General Fund,1,
FG324-550020,IL for Arts and STEM Education - 0199,Operating Funds,General Operating Funds,General Operating Funds,807,Other Grants,1,
FG324-550021,IL for Arts and STEM Education - 0200,Operating Funds,General Operating Funds,General Operating Funds,807,Other Grants,1,
FG324-550024,IL for Arts and STEM Education - 0203,Operating Funds,General Operating Funds,General Operating Funds,807,Other Grants,1,
FG324-580234,Project Aware- SUS Infra for Crisis Re & CTM of Care Prt- FG324-580234,Operating Funds,General Operating Funds,General Operating Funds,807,Other Grants,1,
FG324-580237,CDC DASH Mental Health Supplement -  FG324-580237,Operating Funds,General Operating Funds,General Operating Funds,807,Other Grants,1,
FG324-500270,STARTALK - Arabic Language Program,Operating Funds,General Operating Funds,General Operating Funds,807,Other Grants,1,
FG124-004177,"Life Time, Inc - JROTC Program - Kelvyn Park H.S.",Operating Funds,General Operating Funds,General Operating Funds,801,School Generated,1,
FG324-580216,Healthy Chicago Public Schools-YRBS 262006 FY20,Operating Funds,General Operating Funds,General Operating Funds,807,Other Grants,1,
FG324-580239,CDC DASH Mental Health Supplement Year 1 Continuation -  FG324-580239,Operating Funds,General Operating Funds,General Operating Funds,807,Other Grants,1,
FG124-070168,CFF - Chase Summer Certification Program 2017-2018,Operating Funds,General Operating Funds,General Operating Funds,801,School Generated,1,
FG124-004183,Orlando Science Center - C.A.T.S. Stipend - Bret Harte E.S.,Operating Funds,General Operating Funds,General Operating Funds,801,School Generated,1,
FG324-580217,Healthy CPS-HIV STD Prevention Initiative 221077 FY20,Operating Funds,General Operating Funds,General Operating Funds,807,Other Grants,1,
FG324-442137,21st Century Community Learning Centers 1,Operating Funds,General Operating Funds,General Operating Funds,807,Other Grants,1,
FG324-499970,International Baccalaureate,Operating Funds,General Operating Funds,General Operating Funds,807,Other Grants,1,
FG124-010228,Confucius Institute of Chicago,Operating Funds,General Operating Funds,General Operating Funds,801,School Generated,1,
FG124-010309,Japanese Language and Culture through SCH LIB,Operating Funds,General Operating Funds,General Operating Funds,801,School Generated,1,
FG353-493524,Teacher Quality Leadership Grant,Operating Funds,General Operating Funds,General Operating Funds,805,NCLB Federal,1,
FG362-376659,State Preschool for All Age 3-5,Operating Funds,General Operating Funds,General Operating Funds,807,Other Grants,1,
FG362-376663,State Preschool for All Age 0-3 Community Partnerships,Operating Funds,General Operating Funds,General Operating Funds,807,Other Grants,1,
FG124-905117,CFF Discover Personal Finance - Discover Bright Funds,Operating Funds,General Operating Funds,General Operating Funds,801,School Generated,1,
FG324-188835,"Safe Haven/After School Program, Spring Break and Summer Break Pr",Operating Funds,General Operating Funds,General Operating Funds,807,Other Grants,1,
FG124-905178,CFF CME's Robotics OST Connecting to our Community award,Operating Funds,General Operating Funds,General Operating Funds,801,School Generated,1,
FG184,School Internal Accounts,Operating Funds,NA,General Operating Funds,801,General Fund,0,
FG353-493527,Teacher Quality Leadership Grant  -  FG353-493527,Operating Funds,General Operating Funds,General Operating Funds,805,NCLB Federal,1,
FG353-493529,Teacher Quality - Teacher Residencies TR FY 22 -  FG353-493529,Operating Funds,General Operating Funds,General Operating Funds,805,NCLB Federal,1,
FG353-493530,Teacher Quality - Teacher Residencies (TR),Operating Funds,General Operating Funds,General Operating Funds,805,NCLB Federal,1,
FG332-430088,Nonpublic Inst. & Supp. Serv. - Jewish,Operating Funds,General Operating Funds,General Operating Funds,805,NCLB Federal,1,
FG332-430097,NonPublic Instr and Support Services Christian ARRA,Operating Funds,General Operating Funds,General Operating Funds,805,NCLB Federal,1,
FG184-000000,School Internal Accounts,Operating Funds,General Operating Funds,General Operating Funds,801,General Fund,1,
FG220-462044,LEA FlowThru Inclusive Schools,Operating Funds,General Operating Funds,General Operating Funds,807,Other Grants,1,
FG220-462046,LEA FlowThru Instruction,Operating Funds,General Operating Funds,General Operating Funds,807,Other Grants,1,
FG220-462053,LEA FlowThru Inclusive Schools,Operating Funds,General Operating Funds,General Operating Funds,807,Other Grants,1,
FG220-462056,LEA FlowThru Inclusive Schools,Operating Funds,General Operating Funds,General Operating Funds,807,Other Grants,1,
FG324-369624,Regional Safe Schools,Operating Funds,General Operating Funds,General Operating Funds,807,Other Grants,1,
FG324-399914,School Maintenance Projects Grant,Operating Funds,General Operating Funds,General Operating Funds,807,Other Grants,1,
FG324-399941,Teacher Mentoring & Mentoring Pilot Program Area 14,Operating Funds,General Operating Funds,General Operating Funds,807,Other Grants,1,
FG324-399949,Teacher Mentoring & Mentoring Pilot Program Area13 & 17,Operating Funds,General Operating Funds,General Operating Funds,807,Other Grants,1,
FG356-330503,Bilingual Ed - TBE/TPI (Per Pupil),Operating Funds,General Operating Funds,General Operating Funds,805,NCLB Federal,1,
FG332-430165,Title I - Office of Strategic School Support Services,Operating Funds,General Operating Funds,General Operating Funds,805,NCLB Federal,1,
FG332-430168,Title I - School Improvement Priority Initiative,Operating Funds,General Operating Funds,General Operating Funds,805,NCLB Federal,1,
FG332-430170,Nonpublic Inst. & Supp. Serv. - Catholic,Operating Funds,General Operating Funds,General Operating Funds,805,NCLB Federal,1,
FG336-528313,CREATES - Arts in Education,Operating Funds,General Operating Funds,General Operating Funds,805,NCLB Federal,1,
FG362-210047,IGA  Early Learning Investment Program FY23,Operating Funds,General Operating Funds,General Operating Funds,807,Other Grants,1,
FG332-430178,Mandated Parent Involvement,Operating Funds,General Operating Funds,General Operating Funds,805,NCLB Federal,1,
FG332-430233,Title I - District Parent Involvement,Operating Funds,General Operating Funds,General Operating Funds,805,NCLB Federal,1,
FG332-430240,Title I - District Initiatives,Operating Funds,General Operating Funds,General Operating Funds,805,NCLB Federal,1,
FG124-905127,CFF GWC KG prj and the Abejide Toure fund,Operating Funds,General Operating Funds,General Operating Funds,801,School Generated,1,
FG220-463508,Corey H Training & Tech,Operating Funds,General Operating Funds,General Operating Funds,807,Other Grants,1,
FG331-430098,NonPublic Instr and Support Services Lutheran ARRA,Operating Funds,General Operating Funds,General Operating Funds,805,NCLB Federal,1,
FG220-463516,Corey H. Training & Tech.,Operating Funds,General Operating Funds,General Operating Funds,807,Other Grants,1,
FG220-524018,Not Available - Incorrect fund for grant  - should be Fund 324,Operating Funds,General Operating Funds,General Operating Funds,807,Other Grants,1,
FG353-494038,Title IIA - Archdiocese of Chgo. Suppl. Servc.,Operating Funds,General Operating Funds,General Operating Funds,805,NCLB Federal,1,
FG331-430115,Mandated Parent Involvement,Operating Funds,General Operating Funds,General Operating Funds,805,NCLB Federal,1,
FG332-430115,Mandated Parent Involvement,Operating Funds,General Operating Funds,General Operating Funds,805,NCLB Federal,1,
FG312-000064,Lunchroom Payment,Operating Funds,General Operating Funds,General Operating Funds,806,Lunchroom,1,
FG312-336510,Lunchroom Breakfast Incentibe,Operating Funds,General Operating Funds,General Operating Funds,806,Lunchroom,1,
FG358-440053,"Title IV, Part A - Nonpublic",Operating Funds,General Operating Funds,General Operating Funds,805,NCLB Federal,1,
FG336-543521,Smaller Learning Communities,Operating Funds,General Operating Funds,General Operating Funds,805,NCLB Federal,1,
FG336-578212,Spanish Heritage Language Project,Operating Funds,General Operating Funds,General Operating Funds,805,NCLB Federal,1,
FG356-490916,Title III - Language Acquisition,Operating Funds,General Operating Funds,General Operating Funds,805,NCLB Federal,1,
FG356-490922,Title III - Language Acquisition,Operating Funds,General Operating Funds,General Operating Funds,805,NCLB Federal,1,
FG332-430184,Title I District Parent Involvement,Operating Funds,General Operating Funds,General Operating Funds,805,NCLB Federal,1,
FG312-421002,National School Lunch Program -BT 21-4210-BT,Operating Funds,General Operating Funds,General Operating Funds,806,Lunchroom,1,
FG312-421004,Supply Chain Assistance,Operating Funds,General Operating Funds,General Operating Funds,806,Lunchroom,1,
FG353-494094,Title IIA Teacher Quality -  FG353-494094,Operating Funds,General Operating Funds,General Operating Funds,805,NCLB Federal,1,
FG353-494099,Title IIA Archidiocese Of Chicago. Suppl.Servc.  -  FG353-494099,Operating Funds,General Operating Funds,General Operating Funds,805,NCLB Federal,1,
FG362-410008,CONTINGENCY FOR PROJECT EXPAN,Operating Funds,General Operating Funds,General Operating Funds,807,Other Grants,1,
FG353-494043,Title IIA - Other Private Supplementary Services,Operating Funds,General Operating Funds,General Operating Funds,805,NCLB Federal,1,
FG353-494045,Title IIA - Teacher Quality,Operating Funds,General Operating Funds,General Operating Funds,805,NCLB Federal,1,
FG332-430188,Nonpublic Inst. & Supp. Serv. - Christian,Operating Funds,General Operating Funds,General Operating Funds,805,NCLB Federal,1,
FG332-430189,Nonpublic Inst. & Supp. Serv. - Lutheran,Operating Funds,General Operating Funds,General Operating Funds,805,NCLB Federal,1,
FG332-430250,Title I - School Discretionary,Operating Funds,General Operating Funds,General Operating Funds,805,NCLB Federal,1,
FG312-423003,Federal Snacks,Operating Funds,General Operating Funds,General Operating Funds,806,Lunchroom,1,
FG314,Lunchroom - Lighthouse,Operating Funds,NA,General Operating Funds,806,Lunchroom,0,
FG353-494104,Title IIA - Other Private Supplementary Servc.,Operating Funds,General Operating Funds,General Operating Funds,805,NCLB Federal,1,
FG358-440057,Title IV Part A - Nonpublic  -  FG358-440057,Operating Funds,General Operating Funds,General Operating Funds,805,NCLB Federal,1,
FG358-509190,Safe and Drug-Free Schools (Project SERV),Operating Funds,General Operating Funds,General Operating Funds,805,NCLB Federal,1,
FG353-494056,Title IIA - Other Private Supplementary Servc.,Operating Funds,General Operating Funds,General Operating Funds,805,NCLB Federal,1,
FG356-490926,Title III - Language Acquisition,Operating Funds,General Operating Funds,General Operating Funds,805,NCLB Federal,1,
FG332-430256,Title I - District Initiatives,Operating Funds,General Operating Funds,General Operating Funds,805,NCLB Federal,1,
FG332-430258,ESSA (NCLB Choice),Operating Funds,General Operating Funds,General Operating Funds,805,NCLB Federal,1,
FG332-000575,Not Available - Incorrect fund for grant - should be Fund 115,Operating Funds,General Operating Funds,General Operating Funds,805,NCLB Federal,1,
FG324-000044,CTU Sustainable Schools Initiative,Operating Funds,General Operating Funds,General Operating Funds,807,Other Grants,1,
FG324-041008,Contingency for Grant Expansion,Operating Funds,General Operating Funds,General Operating Funds,807,Other Grants,1,
FG336-581046,CPS Community Schools Initiative  -  FG336-581046,Operating Funds,General Operating Funds,General Operating Funds,805,NCLB Federal,1,
FG336-582507,FIE Carol White Physical Education,Operating Funds,General Operating Funds,General Operating Funds,805,NCLB Federal,1,
FG362-376646,State Preschool for All Age 3-5 Diverse Learners FY18,Operating Funds,General Operating Funds,General Operating Funds,807,Other Grants,1,
FG332-410008,CONTINGENCY FOR PROJECT EXPAN,Operating Funds,General Operating Funds,General Operating Funds,805,NCLB Federal,1,
FG324-100105,CPS Security Program IGA,Operating Funds,General Operating Funds,General Operating Funds,807,Other Grants,1,
FG324-100109,Out-of-School-Time Awards -  FG324-100109,Operating Funds,General Operating Funds,General Operating Funds,807,Other Grants,1,
FG353-500175,Chicago Bilingual Summer Math. Lab.,Operating Funds,General Operating Funds,General Operating Funds,805,NCLB Federal,1,
FG353-528408,Title II - Effective Leaders Improve Schools,Operating Funds,General Operating Funds,General Operating Funds,805,NCLB Federal,1,
FG362-376655,State Preschool for All Age 3-5 Community Partnerships,Operating Funds,General Operating Funds,General Operating Funds,807,Other Grants,1,
FG362-376656,State Preschool for All Age 3-5,Operating Funds,General Operating Funds,General Operating Funds,807,Other Grants,1,
FG353-494058,Title IIA - Teacher Quality,Operating Funds,General Operating Funds,General Operating Funds,805,NCLB Federal,1,
FG353-494060,Title IIA - Other Private Supplementary Servc.,Operating Funds,General Operating Funds,General Operating Funds,805,NCLB Federal,1,
FG332-430135,Nonpublic Instruction & Support Services - Jewish,Operating Funds,General Operating Funds,General Operating Funds,805,NCLB Federal,1,
FG353-528414,"Seed Grant HHNDH, Develop, And Retain Highly Effective Teachers",Operating Funds,General Operating Funds,General Operating Funds,805,NCLB Federal,1,
FG332-430264,Title I - School Improvement Priority Initiative,Operating Funds,General Operating Funds,General Operating Funds,805,NCLB Federal,1,
FG353-410008,CONTINGENCY FOR PROJECT EXPAN,Operating Funds,General Operating Funds,General Operating Funds,805,NCLB Federal,1,
FG356-490946,Title III - Lmtd. Eng. Prf. - Nonpublic,Operating Funds,General Operating Funds,General Operating Funds,805,NCLB Federal,1,
FG356-490951,Title III - Lmtd. Eng. Prf. - Nonpublic -  FG356-490951,Operating Funds,General Operating Funds,General Operating Funds,805,NCLB Federal,1,
FG362-430314,Title I - District Initiatives,Operating Funds,General Operating Funds,General Operating Funds,807,Other Grants,1,
FG332-430269,Nonpublic Inst. & Supp. Serv. - Christian -  FG332-430269,Operating Funds,General Operating Funds,General Operating Funds,805,NCLB Federal,1,
FG332-424082,SIG - Gage Park (Cohort 6),Operating Funds,General Operating Funds,General Operating Funds,805,NCLB Federal,1,
FG332-430015,IASA Title I: Non-Public,Operating Funds,General Operating Funds,General Operating Funds,805,NCLB Federal,1,
FG324-100112,Out-of-School-Time Awards  -  FG324-100112,Operating Funds,General Operating Funds,General Operating Funds,807,Other Grants,1,
FG353-582040,Transition to Teaching (T Sped),Operating Funds,General Operating Funds,General Operating Funds,805,NCLB Federal,1,
FG353-494074,Title IIA - Professional Development,Operating Funds,General Operating Funds,General Operating Funds,805,NCLB Federal,1,
FG353-494075,Title II - Supplementary,Operating Funds,General Operating Funds,General Operating Funds,805,NCLB Federal,1,
FG353-494076,Title IIA - Teacher Quality,Operating Funds,General Operating Funds,General Operating Funds,805,NCLB Federal,1,
FG354-410008,CONTINGENCY FOR PROJECT EXPAN,Operating Funds,General Operating Funds,General Operating Funds,805,NCLB Federal,1,
FG358-580246,SBMH Services Grant- CPS RR of School-Based Clinical St  -  FG358-580246,Operating Funds,General Operating Funds,General Operating Funds,805,NCLB Federal,1,
FG362-000109,Sick and Vacation Termination Payout - ESP,Operating Funds,General Operating Funds,General Operating Funds,807,Other Grants,1,
FG353-494077,Title IIA - Archdiocese of Chgo. Suppl. Servc.,Operating Funds,General Operating Funds,General Operating Funds,805,NCLB Federal,1,
FG356-490952,Title III - Language Acquisition,Operating Funds,General Operating Funds,General Operating Funds,805,NCLB Federal,1,
FG356-490956,EL- Bilingual Education Award,Operating Funds,General Operating Funds,General Operating Funds,805,NCLB Federal,1,
FG332-430148,Title I - Discretionary,Operating Funds,General Operating Funds,General Operating Funds,805,NCLB Federal,1,
FG332-430211,Title I - NCLB - Summer Learning Initiative,Operating Funds,General Operating Funds,General Operating Funds,805,NCLB Federal,1,
FG362-210018,IGA Early Learning Investment Program,Operating Funds,General Operating Funds,General Operating Funds,807,Other Grants,1,
FG353-493514,Title II - Teacher Quality - Leadership Grant,Operating Funds,General Operating Funds,General Operating Funds,805,NCLB Federal,1,
FG353-493519,Teacher Quality Leadership Grant FY19,Operating Funds,General Operating Funds,General Operating Funds,805,NCLB Federal,1,
FG230-000982,SCHOOL PARK FACILITIES,Operating Funds,General Operating Funds,General Operating Funds,809,General Fund,1,
FG369-322029,CTE Education Career Pathway -  FG369-322029,Operating Funds,General Operating Funds,General Operating Funds,807,Other Grants,1,
FG701-500362,STARTALK - Chinese Language Program,Operating Funds,General Operating Funds,Others,,,1,
FG701-543518,FIE Smaller Learning Communities,Operating Funds,General Operating Funds,Others,,,1,
FG701-543519,FIE: Smaller Learning Community Cohort 10,Operating Funds,General Operating Funds,Others,,,1,
FG701-547517,Indian Elem / Sec Assistance Program,Operating Funds,General Operating Funds,Others,,,1,
FG369-322035,Special Student Needs-C. Perkins,Operating Funds,General Operating Funds,General Operating Funds,807,Other Grants,1,
FG230-376682,Preschool for All Age 3-5,Operating Funds,General Operating Funds,General Operating Funds,809,General Fund,1,
FG616,CIP Series 2000BCD $303M,Operating Funds,NA,Debt-Service Funds,808,Debt Service Fund,0,
FG332-430053,Public Inst. & Support Services,Operating Funds,General Operating Funds,General Operating Funds,805,NCLB Federal,1,
FG332-430067,Supplementary,Operating Funds,General Operating Funds,General Operating Funds,805,NCLB Federal,1,
FG332-430151,Title I - NCLB - Summer Learning Initiative,Operating Funds,General Operating Funds,General Operating Funds,805,NCLB Federal,1,
FG799,Quarterly Fund,Operating Funds,NA,Others,,,0,
FG799-337001,Driver's Education,Operating Funds,General Operating Funds,Others,,,1,
FG124-070907,Developing Safe and Supportive School Communities,Operating Funds,General Operating Funds,General Operating Funds,801,School Generated,1,
FG618,CIP Series 2000A $107M,Operating Funds,NA,Debt-Service Funds,808,Debt Service Fund,0,
FG621-600018,Unlimited Tax Go Series 2017A,Operating Funds,Debt-Service Funds,Debt-Service Funds,808,Debt Service Fund,1,
FG332-430152,Title I - Office of Strategic School Support Services,Operating Funds,General Operating Funds,General Operating Funds,805,NCLB Federal,1,
FG332-430153,Title I - Transitional Support,Operating Funds,General Operating Funds,General Operating Funds,805,NCLB Federal,1,
FG332-430157,Nonpublic Inst. & Supp. Serv. - Christian,Operating Funds,General Operating Funds,General Operating Funds,805,NCLB Federal,1,
FG701-500684,Early Reading First,Operating Funds,General Operating Funds,Others,,,1,
FG124-070936,UCAN- Collins Academy Athletics Program,Operating Funds,General Operating Funds,General Operating Funds,801,School Generated,1,
FG369-410008,CONTINGENCY FOR PROJECT EXPAN,Operating Funds,General Operating Funds,General Operating Funds,807,Other Grants,1,
FG369-474549,Special Student Needs-C. Perkins,Operating Funds,General Operating Funds,General Operating Funds,807,Other Grants,1,
FG230-376712,Special Education - Transportation,Operating Funds,General Operating Funds,General Operating Funds,809,General Fund,1,
FG230-392503,State Maintenance Program Grant - Not Used,Operating Funds,General Operating Funds,General Operating Funds,809,General Fund,1,
FG332-430226,ESSA (NCLB Choice),Operating Funds,General Operating Funds,General Operating Funds,805,NCLB Federal,1,
FG332-430230,Title I - Support,Operating Funds,General Operating Funds,General Operating Funds,805,NCLB Federal,1,
FG332-430231,Title I - School Improvement Focus Initiative,Operating Funds,General Operating Funds,General Operating Funds,805,NCLB Federal,1,
FG701-547526,Indian Elem/Sec. Assistance Prog.,Operating Funds,General Operating Funds,Others,,,1,
FG701-548023,Track 2 CS10K:  Accelerate ECS4ALL FY18,Operating Funds,General Operating Funds,Others,,,1,
FG124-070941,Chicago Cubs All Star Horace Greeley- FG124-070941,Operating Funds,General Operating Funds,General Operating Funds,801,School Generated,1,
FG324-548069,Il For Arts Education - Newman,Operating Funds,General Operating Funds,General Operating Funds,807,Other Grants,1,
FG324-548070,Il For Arts Education - Rush,Operating Funds,General Operating Funds,General Operating Funds,807,Other Grants,1,
FG230-430297,Nonpublic Inst. and Supp. Serv. - Independ.,Operating Funds,General Operating Funds,General Operating Funds,809,General Fund,1,
FG426-000000,Capital Improvement Bonds Of 1997,Capital Funds,Capital Funds,Others,810,Capital Projects Fund,1,
FG332-430278,Title I - Support -  FG332-430278,Operating Funds,General Operating Funds,General Operating Funds,805,NCLB Federal,1,
FG332-430281,Title I - District Parent Involvement -  FG332-430281,Operating Funds,General Operating Funds,General Operating Funds,805,NCLB Federal,1,
FG332-430282,Title I - School Discretionary,Operating Funds,General Operating Funds,General Operating Funds,805,NCLB Federal,1,
FG799-492115,Homeless Education Prog.,Operating Funds,General Operating Funds,Others,,,1,
FG370-499822,ESSER III - District Initiatives -  FG370-499822,Operating Funds,General Operating Funds,General Operating Funds,807,Other Grants,1,
FG370-499825,ESSER III - School Based Unfinished Learning -  FG370-499825,Operating Funds,General Operating Funds,General Operating Funds,807,Other Grants,1,
FG369-474555,Special Student Needs-C. Perkins,Operating Funds,General Operating Funds,General Operating Funds,807,Other Grants,1,
FG369-474562,Special Student Needs-C. Perkins,Operating Funds,General Operating Funds,General Operating Funds,807,Other Grants,1,
FG701-511247,CPS Healing Trauma Together FY18,Operating Funds,General Operating Funds,Others,,,1,
FG701-517510,Enhancing Students Skills for Success,Operating Funds,General Operating Funds,Others,,,1,
FG701-580239,CDC DASH Mental Health Supplement Year 1 Continuation,Operating Funds,General Operating Funds,Others,,,1,
FG124-070951,CPEF Executive Principal Program- FG124-070951,Operating Funds,General Operating Funds,General Operating Funds,801,School Generated,1,
FG124-070952,AUSL - Shapiro Grant - Math Class/Math Club for Virtual Academy,Operating Funds,General Operating Funds,General Operating Funds,801,School Generated,1,
FG124-070953,West Side United- Herzl -  FG124-070953,Operating Funds,General Operating Funds,General Operating Funds,801,School Generated,1,
FG370-499832,ARP ESSER III State Set Aside Grant- Learning Loss- FG370-499832,Operating Funds,General Operating Funds,General Operating Funds,807,Other Grants,1,
FG367-434042,SIG - Marshall (Cohort 5),Operating Funds,General Operating Funds,General Operating Funds,807,Other Grants,1,
FG369-474563,Special Student Needs-C. Perkins,Operating Funds,General Operating Funds,General Operating Funds,807,Other Grants,1,
FG369-474564,Special Student Needs-C. Perkins,Operating Funds,General Operating Funds,General Operating Funds,807,Other Grants,1,
FG701-580243,Enhancing Post-COVID Recovery Efforts,Operating Funds,General Operating Funds,Others,,,1,
FG701-580291,UIC Whole Child,Operating Funds,General Operating Funds,Others,,,1,
FG701-500011,Chicago Alliance for Equity in Computer Science (CAFE-CS),Operating Funds,General Operating Funds,Others,,,1,
FG124-070971,Dolores Huerta Foundation,Operating Funds,General Operating Funds,General Operating Funds,801,School Generated,1,
FG124-070960,Big Green -Jumpstart Grant,Operating Funds,General Operating Funds,General Operating Funds,801,School Generated,1,
FG367-434044,SIG - District (Cohort 5),Operating Funds,General Operating Funds,General Operating Funds,807,Other Grants,1,
FG367-435011,SIG - Bogan,Operating Funds,General Operating Funds,General Operating Funds,807,Other Grants,1,
FG369-474567,Special Student Needs-C. Perkins FY20,Operating Funds,General Operating Funds,General Operating Funds,807,Other Grants,1,
FG701-525011,Noise Mitigation Project,Operating Funds,General Operating Funds,Others,,,1,
FG124-905002,CFF - MRHT,Operating Funds,General Operating Funds,General Operating Funds,801,School Generated,1,
FG124-905006,CFF -McCormick Foundation HS Civics and Service Learning,Operating Funds,General Operating Funds,General Operating Funds,801,School Generated,1,
FG606-000000,CIP Bonds Of 1996 - Debt Services,Operating Funds,Debt-Service Funds,Debt-Service Funds,808,Debt Service Fund,1,
FG607,CIP Series 2015C,Operating Funds,NA,Debt-Service Funds,808,Debt Service Fund,0,
FG607-399602,State Distributive Fund,Operating Funds,Debt-Service Funds,Debt-Service Funds,808,Debt Service Fund,1,
FG610,CIP Bonds Of 1997A - Debt Services,Operating Funds,NA,Debt-Service Funds,808,Debt Service Fund,0,
FG613,CIP Series 2015E,Operating Funds,NA,Debt-Service Funds,808,Debt Service Fund,0,
FG613-399602,State Distributive Fund,Operating Funds,Debt-Service Funds,Debt-Service Funds,808,Debt Service Fund,1,
FG614,CIP Series 1999A,Operating Funds,NA,Debt-Service Funds,808,Debt Service Fund,0,
FG799-430616,Delinquent Programs,Operating Funds,General Operating Funds,Others,,,1,
FG799-433727,Reading 1st - Prof Development,Operating Funds,General Operating Funds,Others,,,1,
FG799-422002,Lunchroom Breakfast Program,Operating Funds,General Operating Funds,Others,,,1,
FG124-070987,The Learning Partnership,Operating Funds,General Operating Funds,General Operating Funds,801,School Generated,1,
FG367-435023,SIG - Clemente - (Cohort 3),Operating Funds,General Operating Funds,General Operating Funds,807,Other Grants,1,
FG367-435026,SIG - District - (Cohort 3),Operating Funds,General Operating Funds,General Operating Funds,807,Other Grants,1,
FG370-499845,ARP IDEA Flowthru - Non-Public Programs,Operating Funds,General Operating Funds,General Operating Funds,807,Other Grants,1,
FG370-433187,IL Empower(Cohort 22  - Grant 14),Operating Funds,General Operating Funds,General Operating Funds,807,Other Grants,1,
FG367-433941,School Improvement Grant Jackson Elementary,Operating Funds,General Operating Funds,General Operating Funds,807,Other Grants,1,
FG701-500033,Project Cultivate,Operating Funds,General Operating Funds,Others,,,1,
FG701-500039,CAFECS - Build Connections,Operating Funds,General Operating Funds,Others,,,1,
FG701-528313,CREATES - Arts in Education,Operating Funds,General Operating Funds,Others,,,1,
FG124-070990,Proviso Township HS District 209,Operating Funds,General Operating Funds,General Operating Funds,801,School Generated,1,
FG124-071977,Ingenuity - APLC/AE Conference,Operating Funds,General Operating Funds,General Operating Funds,801,School Generated,1,
FG124-071980,Ingenuity - CSF9,Operating Funds,General Operating Funds,General Operating Funds,801,School Generated,1,
FG124-071983,Ingenuity CSF11,Operating Funds,General Operating Funds,General Operating Funds,801,School Generated,1,
FG124-079032,CPEF SDP stipends,Operating Funds,General Operating Funds,General Operating Funds,801,School Generated,1,
FG370-499850,CURES After School Programs,Operating Funds,General Operating Funds,General Operating Funds,807,Other Grants,1,
FG367-435029,SIG - District (Cohort 4),Operating Funds,General Operating Funds,General Operating Funds,807,Other Grants,1,
FG367-435030,SIG - Kelly (Cohort 4),Operating Funds,General Operating Funds,General Operating Funds,807,Other Grants,1,
FG367-433951,School Improvement Grant Phillips HS,Operating Funds,General Operating Funds,General Operating Funds,807,Other Grants,1,
FG367-433961,School Improvement Grant Julian,Operating Funds,General Operating Funds,General Operating Funds,807,Other Grants,1,
FG367-433980,School Improvement Grant Yale,Operating Funds,General Operating Funds,General Operating Funds,807,Other Grants,1,
FG370-440054,Title IV Part A,Operating Funds,General Operating Funds,General Operating Funds,807,Other Grants,1,
FG701-528411,Highly Effective Teachers / SEED,Operating Funds,General Operating Funds,Others,,,1,
FG701-529013,Preventing Truancy in Urban Schools,Operating Funds,General Operating Funds,Others,,,1,
FG124-905013,CFF - Salesforce.org (FY20),Operating Funds,General Operating Funds,General Operating Funds,801,School Generated,1,
FG370-442295,21st Century Community Learning Centers - (Cohort 15-Grant 2),Operating Funds,General Operating Funds,General Operating Funds,807,Other Grants,1,
FG370-442302,21st Century Community Learning Centers - (Cohort 15-Grant 7),Operating Funds,General Operating Funds,General Operating Funds,807,Other Grants,1,
FG701-600011,Bond Series 2013A-1,Operating Funds,General Operating Funds,Others,,,1,
FG701-500043,Cafecs - Build Connections,Operating Funds,General Operating Funds,Others,,,1,
FG124-070993,Mathematica - Saga QED,Operating Funds,General Operating Funds,General Operating Funds,801,School Generated,1,
FG124-071001,Northern Illinois University Foundation - Transportation Reimburs,Operating Funds,General Operating Funds,General Operating Funds,801,School Generated,1,
FG370-499867,Stronger Connections Grant 25-4998-4s,Operating Funds,General Operating Funds,General Operating Funds,807,Other Grants,1,
FG370-500846,Amelia Earhart Options School Improvements,Operating Funds,General Operating Funds,General Operating Funds,807,Other Grants,1,
FG701-500045,Cities Mentoring,Operating Funds,General Operating Funds,Others,,,1,
FG701-500046,Bridges - Advancing High School Computer Science FY23,Operating Funds,General Operating Funds,Others,,,1,
FG701-500053,Collaborative Research: Adapting and Implementing a Geospatial Hi,Operating Funds,General Operating Funds,Others,,,1,
FG701-500054,CAFECS: AP CSP Access for All,Operating Funds,General Operating Funds,Others,,,1,
FG701-500115,Connect and Redirect to Respect FY 16,Operating Funds,General Operating Funds,Others,,,1,
FG701-500116,Connect and Redirect to Respect FY18,Operating Funds,General Operating Funds,Others,,,1,
FG701-500117,Connect and Redirect to Respect FY18,Operating Funds,General Operating Funds,Others,,,1,
FG701-500150,Professional Development for Chicago Public Schools Science Teach,Operating Funds,General Operating Funds,Others,,,1,
FG701-500196,Full Service Community Schools 24,Operating Funds,General Operating Funds,Others,,,1,
FG124-169400,Management Information System - Vendor,Operating Funds,General Operating Funds,General Operating Funds,801,School Generated,1,
FG370-499809,Digital Equity Grant,Operating Funds,General Operating Funds,General Operating Funds,807,Other Grants,1,
FG701-532012,Accelerated STEM Program of Study and Leadership Development FY20,Operating Funds,General Operating Funds,Others,,,1,
FG701-532013,Accelerated STEM Program of Study and Leadership Development,Operating Funds,General Operating Funds,Others,,,1,
FG124-905041,CFF - FY21/22 Crown Memorial Fit-Finance-Finish- FG124-905041,Operating Funds,General Operating Funds,General Operating Funds,801,School Generated,1,
FG124-905042,CFF - SocialWorks New Chance Advanced Literacy & Travel Funds- FG124-905042,Operating Funds,General Operating Funds,General Operating Funds,801,School Generated,1,
FG370-580227,You Are Not Alone (CRF),Operating Funds,General Operating Funds,General Operating Funds,807,Other Grants,1,
FG999,Error,Operating Funds,NA,Others,,,0,
FG369-322016,Career & Technical Educ. Improvement Grant,Operating Funds,General Operating Funds,General Operating Funds,807,Other Grants,1,
FG367-434013,SIG Transformation FY12 -Julian,Operating Funds,General Operating Funds,General Operating Funds,807,Other Grants,1,
FG367-434021,SIG Transformation - Juarez HS,Operating Funds,General Operating Funds,General Operating Funds,807,Other Grants,1,
FG370-499810,Digital Equity Grant - Nonpublic - Catholic,Operating Funds,General Operating Funds,General Operating Funds,807,Other Grants,1,
FG799-442122,21st Cntry. Comm. Lrn. Ctr.-After School,Operating Funds,General Operating Funds,Others,,,1,
FG799-463514,Corey H. Training & Tech.,Operating Funds,General Operating Funds,Others,,,1,
FG124-071922,Get Yourself Tested Campaign (Year 2) -  FG124-071922,Operating Funds,General Operating Funds,General Operating Funds,801,School Generated,1,
FG124-071932,Chicago Bears Athletic Training (2016-2017),Operating Funds,General Operating Funds,General Operating Funds,801,School Generated,1,
FG124-071938,Toshiba Eco-Citizens Project,Operating Funds,General Operating Funds,General Operating Funds,801,School Generated,1,
FG124-071973,Ingenuity CSF7,Operating Funds,General Operating Funds,General Operating Funds,801,School Generated,1,
FG230-000575,Student Based Budgeting,Operating Funds,General Operating Funds,General Operating Funds,809,General Fund,1,
FG370-499820,ESSER III - DW Unfinished Learning,Operating Funds,General Operating Funds,General Operating Funds,807,Other Grants,1,
FG367-433136,Il-Empower (Cohort 19 - Grant 6) FY19,Operating Funds,General Operating Funds,General Operating Funds,807,Other Grants,1,
FG115-001022,FY23 Comparability,Operating Funds,General Operating Funds,General Operating Funds,801,General Fund,1,
FG115-008012,World Language,Operating Funds,General Operating Funds,General Operating Funds,801,General Fund,1,
FG701-430284,Nonpublic Inst. and Supp. Serv. - Independ.,Operating Funds,General Operating Funds,Others,,,1,
FG701-430298,Nonpublic Inst. and Supp. Serv. - Christian,Operating Funds,General Operating Funds,Others,,,1,
FG367-433144,Il-Empower (Cohort 19 - Grant 4) FY20,Operating Funds,General Operating Funds,General Operating Funds,807,Other Grants,1,
FG367-433501,SDI Grant Base Allocation EPM ONLY,Operating Funds,General Operating Funds,General Operating Funds,807,Other Grants,1,
FG115-300110,EBF - Bilingual Programs,Operating Funds,General Operating Funds,General Operating Funds,801,General Fund,1,
FG115-322037,Career and Technical Educ. Improvement Grant (CTEI),Operating Funds,General Operating Funds,General Operating Funds,801,General Fund,1,
FG124-000343,McDougal Foundation Demonstration Schools,Operating Funds,General Operating Funds,General Operating Funds,801,School Generated,1,
FG124-004133,Mark Lavin - Curie HS Schoolarships- FG124-004133,Operating Funds,General Operating Funds,General Operating Funds,801,School Generated,1,
FG124-004136,Teach Plus NSI Stipend,Operating Funds,General Operating Funds,General Operating Funds,801,School Generated,1,
FG701-433168,Il-Empower (Cohort 19 - Grant 6),Operating Funds,General Operating Funds,Others,,,1,
FG701-433171,Il-Empower (Cohort 19 - Grant 9),Operating Funds,General Operating Funds,Others,,,1,
FG701-433178,Il-Empower (Cohort 19 - Grant 5),Operating Funds,General Operating Funds,Others,,,1,
FG367-433914,SIG - Fenger High School,Operating Funds,General Operating Funds,General Operating Funds,807,Other Grants,1,
FG367-433923,SIG - Marshall High School,Operating Funds,General Operating Funds,General Operating Funds,807,Other Grants,1,
FG115-376612,Gifted Region 1,Operating Funds,General Operating Funds,General Operating Funds,801,General Fund,1,
FG115-376615,Gifted - Region 5,Operating Funds,General Operating Funds,General Operating Funds,801,General Fund,1,
FG115-376617,Gifted - Region 3,Operating Funds,General Operating Funds,General Operating Funds,801,General Fund,1,
FG115-376632,Truant Alternative Optional Education,Operating Funds,General Operating Funds,General Operating Funds,801,General Fund,1,
FG124-004139,Friends of WMY MHS Stipends SEL/MTSS & DEI Coordinator- FG124-004139,Operating Funds,General Operating Funds,General Operating Funds,801,School Generated,1,
FG124-070060,Chicago Teaching Fellows Program,Operating Funds,General Operating Funds,General Operating Funds,801,School Generated,1,
FG701-440050,"Title IV, Part A",Operating Funds,General Operating Funds,Others,,,1,
FG701-440053,"Title IV, Part A - Nonpublic",Operating Funds,General Operating Funds,Others,,,1,
FG701-440054,Title IV Part A,Operating Funds,General Operating Funds,Others,,,1,
FG115-376665,State Preschool for All Age 3-5 FY18,Operating Funds,General Operating Funds,General Operating Funds,801,General Fund,1,
FG367-433154,Il-Empower (Cohort 19 - Grant 3),Operating Funds,General Operating Funds,General Operating Funds,807,Other Grants,1,
FG367-433158,Il-Empower (Cohort 19 - Grant 7),Operating Funds,General Operating Funds,General Operating Funds,807,Other Grants,1,
FG115-905028,CFF - CCT New Teacher Support,Operating Funds,General Operating Funds,General Operating Funds,801,General Fund,1,
FG701-430530,Neglected Programs,Operating Funds,General Operating Funds,Others,,,1,
FG701-430620,Delinquent Programs,Operating Funds,General Operating Funds,Others,,,1,
FG701-430626,Delinquent Programs FY20,Operating Funds,General Operating Funds,Others,,,1,
FG367-433219,School and District Improvement Grant (Title 1003a) - 4331-40,Operating Funds,General Operating Funds,General Operating Funds,807,Other Grants,1,
FG367-433159,Il-Empower (Cohort 19 - Grant 8),Operating Funds,General Operating Funds,General Operating Funds,807,Other Grants,1,
FG115-430101,Discretionary ARRA,Operating Funds,General Operating Funds,General Operating Funds,801,General Fund,1,
FG115-430119,Public Inst. & Support Services,Operating Funds,General Operating Funds,General Operating Funds,801,General Fund,1,
FG115-430164,Title I - NCLB - Summer Learning Initiative,Operating Funds,General Operating Funds,General Operating Funds,801,General Fund,1,
FG115-430314,Title I - District Initiatives,Operating Funds,General Operating Funds,General Operating Funds,801,General Fund,1,
FG124-070174,Harvest Joy Program,Operating Funds,General Operating Funds,General Operating Funds,801,School Generated,1,
FG124-905025,CFF - Chicago Creds You Are Not Alone,Operating Funds,General Operating Funds,General Operating Funds,801,School Generated,1,
FG701-433181,Il-Empower (Cohort 19 - Grant 8),Operating Funds,General Operating Funds,Others,,,1,
FG701-433183,Il-Empower (Cohort 19 - Grant 10),Operating Funds,General Operating Funds,Others,,,1,
FG701-433188,School and District Improvement - formerly IL Empower (Cohort 20-,Operating Funds,General Operating Funds,Others,,,1,
FG701-433189,School and District Improvement - formerly IL Empower (Cohort 12),Operating Funds,General Operating Funds,Others,,,1,
FG367-433165,Il-Empower (Cohort 19 - Grant 3)  -  FG367-433165,Operating Funds,General Operating Funds,General Operating Funds,807,Other Grants,1,
FG367-433166,Il-Empower (Cohort 19 - Grant 4)  -  FG367-433166,Operating Funds,General Operating Funds,General Operating Funds,807,Other Grants,1,
FG367-433170,Il-Empower (Cohort 19 - Grant 8)  -  FG367-433170,Operating Funds,General Operating Funds,General Operating Funds,807,Other Grants,1,
FG124-905043,CFF - Boeing Technology Support For South & West Side- FG124-905048,Operating Funds,General Operating Funds,General Operating Funds,801,School Generated,1,
FG124-905046,CFF - Salesforce.org (FY20-21),Operating Funds,General Operating Funds,General Operating Funds,801,School Generated,1,
FG124-905047,CFF - Union Pacific Donation,Operating Funds,General Operating Funds,General Operating Funds,801,School Generated,1,
FG701-442144,21st Century Community Learning Centers - (Cohort 15-Grant 1),Operating Funds,General Operating Funds,Others,,,1,
FG367-433225,School and District Improvement Grant (Title 1003a) Cohort 16,Operating Funds,General Operating Funds,General Operating Funds,807,Other Grants,1,
FG367-433228,School and District Improvement Grant (Title 1003a),Operating Funds,General Operating Funds,General Operating Funds,807,Other Grants,1,
FG124-905057,CFF - McCormick Foundation KIDS PreK PLC Grant,Operating Funds,General Operating Funds,General Operating Funds,801,School Generated,1,
FG701-442220,21st Century CLC - NEIU,Operating Funds,General Operating Funds,Others,,,1,
FG367-433187,School and District Improvement (Cohort 22  - Grant 14) -FG367-433187,Operating Funds,General Operating Funds,General Operating Funds,807,Other Grants,1,
FG124-004128,Southside Occupational Academy Donation,Operating Funds,General Operating Funds,General Operating Funds,801,School Generated,1,
FG799-500791,Striving Readers,Operating Funds,General Operating Funds,Others,,,1,
FG701-433193,FY24 School and District  Improvement Grant (Cohort 15) - 35,Operating Funds,General Operating Funds,Others,,,1,
FG367-433176,School and District Improvement (Cohort 19 - Grant 3),Operating Funds,General Operating Funds,General Operating Funds,807,Other Grants,1,
FG367-433190,School and District Improvement (Cohort 33) -  FG367-433190,Operating Funds,General Operating Funds,General Operating Funds,807,Other Grants,1,
FG115-494042,Title IIA - Archdiocese of Chicago Supplementary Services,Operating Funds,General Operating Funds,General Operating Funds,801,General Fund,1,
FG799-543519,FIE: Smaller Learning Community Cohort 10,Operating Funds,General Operating Funds,Others,,,1,
FG701-433195,FY24 School and District  Improvement Grant (Cohort 17) - 37,Operating Funds,General Operating Funds,Others,,,1,
FG362-560024,Headstart-Child Supp. Dis. SP Initiative,Operating Funds,General Operating Funds,General Operating Funds,807,Other Grants,1,
FG364-410009,CONTINGENCY FOR PROG EXPANSION,Operating Funds,General Operating Funds,General Operating Funds,807,Other Grants,1,
FG367-424055,SIG - Mann (Cohort 5),Operating Funds,General Operating Funds,General Operating Funds,807,Other Grants,1,
FG124-070005,Project Lead the Way - Alcott,Operating Funds,General Operating Funds,General Operating Funds,801,School Generated,1,
FG124-002239,Internal Accounts Book Transfers,Operating Funds,General Operating Funds,General Operating Funds,801,School Generated,1,
FG799-494034,Title IIA - Archdiocese of Chgo. Suppl. Servc,Operating Funds,General Operating Funds,Others,,,1,
FG701-408250,Project Safe Neighborhoods (PSN13),Operating Funds,General Operating Funds,Others,,,1,
FG124-004108,Student Lactation Rooms Program,Operating Funds,General Operating Funds,General Operating Funds,801,School Generated,1,
FG124-070009,Project Lead The Way (Year 3) - Jones,Operating Funds,General Operating Funds,General Operating Funds,801,School Generated,1,
FG124-070013,Project Lead The Way (Year 1) - Von Steuben,Operating Funds,General Operating Funds,General Operating Funds,801,School Generated,1,
FG124-070014,Project Lead The Way (Year 2) - Von Steuben,Operating Funds,General Operating Funds,General Operating Funds,801,School Generated,1,
FG701-548055,Teacher Quality Partnership: Pre-Service Teaching Equity Project,Operating Funds,General Operating Funds,Others,,,1,
FG701-409423,Calumet Is My Back Yard CIMBY-IDNR,Operating Funds,General Operating Funds,Others,,,1,
FG701-409432,CIMBY: Building Student and Teacher Leadership BSTL,Operating Funds,General Operating Funds,Others,,,1,
FG701-422001,Lunchroom Breakfast Program,Operating Funds,General Operating Funds,Others,,,1,
FG367-424059,SIG - Hirsch (Cohort 5) FY18,Operating Funds,General Operating Funds,General Operating Funds,807,Other Grants,1,
FG124-000050,CFF - Arie & Ida Crown Memorial,Operating Funds,General Operating Funds,General Operating Funds,801,School Generated,1,
FG799-379003,Illinois Dept of Com. & Econ. Opportunity,Operating Funds,General Operating Funds,Others,,,1,
FG799-396115,Advance Placement - State,Operating Funds,General Operating Funds,Others,,,1,
FG124-004113,Burns McDonnell Foundation Donation,Operating Funds,General Operating Funds,General Operating Funds,801,School Generated,1,
FG701-400250,Reading for Understanding (Project READI),Operating Funds,General Operating Funds,Others,,,1,
FG701-430154,Title 1 - School Discretionary,Operating Funds,General Operating Funds,Others,,,1,
FG701-430185,Title 1 - School Discretionary,Operating Funds,General Operating Funds,Others,,,1,
FG701-430201,Title 1 - School Discretionary,Operating Funds,General Operating Funds,Others,,,1,
FG701-433149,Il-Empower (Cohort 19 - Grant 9) FY20,Operating Funds,General Operating Funds,Others,,,1,
FG367-424068,SIG - District (Cohort 5) FY19,Operating Funds,General Operating Funds,General Operating Funds,807,Other Grants,1,
FG114-430314,Title I - District Initiatives,Operating Funds,General Operating Funds,General Operating Funds,801,General Fund,1,
FG114-430530,Neglected Programs,Operating Funds,General Operating Funds,General Operating Funds,801,General Fund,1,
FG115-000359,Spalding School Project,Operating Funds,General Operating Funds,General Operating Funds,801,General Fund,1,
FG115-000389,CTE Programs,Operating Funds,General Operating Funds,General Operating Funds,801,General Fund,1,
FG115-000392,Golden Apple / Fullbright Award,Operating Funds,General Operating Funds,General Operating Funds,801,General Fund,1,
FG124-000124,Contextos,Operating Funds,General Operating Funds,General Operating Funds,801,School Generated,1,
FG701-433153,Il-Empower (Cohort 19 - Grant 2),Operating Funds,General Operating Funds,Others,,,1,
FG701-433154,Il-Empower (Cohort 19 - Grant 3),Operating Funds,General Operating Funds,Others,,,1,
FG701-434030,SIG Transformation - Hancock HS,Operating Funds,General Operating Funds,Others,,,1,
FG367-424054,SIG - Marshall (Cohort 5),Operating Funds,General Operating Funds,General Operating Funds,807,Other Grants,1,
FG115-001017,FY17 Comparability,Operating Funds,General Operating Funds,General Operating Funds,801,General Fund,1,
FG124-004120,Travel Lunch Stipend from Hemisphere Travel,Operating Funds,General Operating Funds,General Operating Funds,801,School Generated,1,
FG336-410071,Title V - Innovation to Education,Operating Funds,General Operating Funds,General Operating Funds,805,NCLB Federal,1,
FG336-500210,Metropolitan Family Services-ACT Now Full Service Community Schoo,Operating Funds,General Operating Funds,General Operating Funds,805,NCLB Federal,1,
FG332-430328,Title I - Child Parent Centers,Operating Funds,General Operating Funds,General Operating Funds,805,NCLB Federal,1,
FG332-430296,Nonpublic Inst. & Supp. Serv. - Catholic -  FG332-430296,Operating Funds,General Operating Funds,General Operating Funds,805,NCLB Federal,1,
FG334-410008,CONTINGENCY FOR PROJECT EXPAN,Operating Funds,General Operating Funds,General Operating Funds,805,NCLB Federal,1,
FG334-430519,Neglected Programs,Operating Funds,General Operating Funds,General Operating Funds,805,NCLB Federal,1,
FG334-430524,Neglected Programs FY18,Operating Funds,General Operating Funds,General Operating Funds,805,NCLB Federal,1,
FG334-430528,Neglected Programs  -  FG334-430528,Operating Funds,General Operating Funds,General Operating Funds,805,NCLB Federal,1,
FG334-430616,Delinquent Programs,Operating Funds,General Operating Funds,General Operating Funds,805,NCLB Federal,1,
FG335-488401,Ed Jobs Fund Reduced Class Size,Operating Funds,General Operating Funds,General Operating Funds,805,NCLB Federal,1,
FG335-494040,Title II - Supplementary,Operating Funds,General Operating Funds,General Operating Funds,805,NCLB Federal,1,
FG336,NCLB Title V Fund,Operating Funds,NA,General Operating Funds,805,NCLB Federal,0,
FG332-430292,Title I - School Improvement Focus Initiative,Operating Funds,General Operating Funds,General Operating Funds,805,NCLB Federal,1,
FG332-430164,Title I - NCLB - Summer Learning Initiative,Operating Funds,General Operating Funds,General Operating Funds,805,NCLB Federal,1,
FG324-399813,MTS of Trauma-informed Supports to Students and Their Families -  FG324-399813,Operating Funds,General Operating Funds,General Operating Funds,807,Other Grants,1,
FG324-399817,Other State Programs - Whitney Young,Operating Funds,General Operating Funds,General Operating Funds,807,Other Grants,1,
FG220-463006,IDEA Disc B/Ed Continuum,Operating Funds,General Operating Funds,General Operating Funds,807,Other Grants,1,
FG124-905103,CFF - Ketchum-Clorox Donation,Operating Funds,General Operating Funds,General Operating Funds,801,School Generated,1,
FG324-424012,Fresh Fruit & Vegetables Program,Operating Funds,General Operating Funds,General Operating Funds,807,Other Grants,1,
FG324-210063,IGA Summer Youth Employment 2022,Operating Funds,General Operating Funds,General Operating Funds,807,Other Grants,1,
FG324-409430,CIMBY - Burnham Park -  FG324-409430,Operating Funds,General Operating Funds,General Operating Funds,807,Other Grants,1,
FG324-409433,CIMBY: Building Student and Teacher Leadership BSTL -  FG324-409433,Operating Funds,General Operating Funds,General Operating Funds,807,Other Grants,1,
FG124-905169,CFF The Prince Charitable Trust Environmental Justice Gift,Operating Funds,General Operating Funds,General Operating Funds,801,School Generated,1,
FG124-905173,CFF Crown College Field Trips and Alumni Advisory,Operating Funds,General Operating Funds,General Operating Funds,801,School Generated,1,
FG220-462023,IDEA Flowthru Instruction,Operating Funds,General Operating Funds,General Operating Funds,807,Other Grants,1,
FG324-400200,HUSSC Monetary Incentive,Operating Funds,General Operating Funds,General Operating Funds,807,Other Grants,1,
FG324-400202,Healthier US Schools Challenge,Operating Funds,General Operating Funds,General Operating Funds,807,Other Grants,1,
FG220-462031,LEA FlowThru Instruction,Operating Funds,General Operating Funds,General Operating Funds,807,Other Grants,1,
FG124-905069,CFF - CME Financial Education Iniative Grant,Operating Funds,General Operating Funds,General Operating Funds,801,School Generated,1,
FG324-399953,Teaching Mentoring & Mentoring Pilot Program Area 3,Operating Funds,General Operating Funds,General Operating Funds,807,Other Grants,1,
FG324-380122,School District Library Grant FY19,Operating Funds,General Operating Funds,General Operating Funds,807,Other Grants,1,
FG124-905071,CFF - FY22 IMC Donation (Chavez & Brooks),Operating Funds,General Operating Funds,General Operating Funds,801,School Generated,1,
FG124-905132,CFF Cabrera-Lee FinEd PTP prj and the Cabrera CM fund,Operating Funds,General Operating Funds,General Operating Funds,801,School Generated,1,
FG124-905137,CFF Bank of America,Operating Funds,General Operating Funds,General Operating Funds,801,School Generated,1,
FG324-373001,ROE/ISC Operations,Operating Funds,General Operating Funds,General Operating Funds,807,Other Grants,1,
FG324-373004,ROE/ISC Operations,Operating Funds,General Operating Funds,General Operating Funds,807,Other Grants,1,
FG220-430314,Title I - District Initiatives,Operating Funds,General Operating Funds,General Operating Funds,807,Other Grants,1,
FG324-399962,District Broadband Expansion Grant- ISBE FY 22- FG324-399962,Operating Funds,General Operating Funds,General Operating Funds,807,Other Grants,1,
FG324-424022,Fresh Fruit & Vegetables Program,Operating Funds,General Operating Funds,General Operating Funds,807,Other Grants,1,
FG324-424024,Fresh Fruit & Vegetables Program,Operating Funds,General Operating Funds,General Operating Funds,807,Other Grants,1,
FG324-424027,FY23 Team Nutrition Recipe Development RFP -  FG324-424027,Operating Funds,General Operating Funds,General Operating Funds,807,Other Grants,1,
FG324-424029,Fresh Fruit & Vegetables Program  -  FG324-424029,Operating Funds,General Operating Funds,General Operating Funds,807,Other Grants,1,
FG324-210016,City Year Expansion Project FY 15,Operating Funds,General Operating Funds,General Operating Funds,807,Other Grants,1,
FG324-303200,Operation Teen Safe Driving,Operating Funds,General Operating Funds,General Operating Funds,807,Other Grants,1,
FG324-313001,Special Education - Orphanage Act,Operating Funds,General Operating Funds,General Operating Funds,807,Other Grants,1,
FG324-396114,Advance Placement - State,Operating Funds,General Operating Funds,General Operating Funds,807,Other Grants,1,
FG124-905077,CFF - FY22 Qatar Foundation Arabic IB Program (LPHS)- FG124-905077,Operating Funds,General Operating Funds,General Operating Funds,801,School Generated,1,
FG124-905078,CFF - FY22 MRHT Workforce Grant- FG124-905078,Operating Funds,General Operating Funds,General Operating Funds,801,School Generated,1,
FG124-905080,CFF - FY22-FY24 Circle of Service Roadmap Grant- FG124-905080,Operating Funds,General Operating Funds,General Operating Funds,801,School Generated,1,
FG324-400411,CASEL - Little Village,Operating Funds,General Operating Funds,General Operating Funds,807,Other Grants,1,
FG124-905146,MS Unrestricted CEO Funds,Operating Funds,General Operating Funds,General Operating Funds,801,School Generated,1,
FG124-905147,CFF IMC N16 fund and FY24 Student Mental Health & ECCP,Operating Funds,General Operating Funds,General Operating Funds,801,School Generated,1,
FG324-399990,Learning Technology Center (Hub 7),Operating Funds,General Operating Funds,General Operating Funds,807,Other Grants,1,
FG324-400413,Collab Acad Social Emotional Learning - CASEL Little Villag FY19,Operating Funds,General Operating Funds,General Operating Funds,807,Other Grants,1,
FG324-408250,Project Safe Neighborhoods (PSN13),Operating Funds,General Operating Funds,General Operating Funds,807,Other Grants,1,
FG220-460026,Preschool Incentive Grant  -  FG220-460026,Operating Funds,General Operating Funds,General Operating Funds,807,Other Grants,1,
FG324-210032,Summer Youth Employment Program FY19/20,Operating Funds,General Operating Funds,General Operating Funds,807,Other Grants,1,
FG324-210037,City Year FY 2021,Operating Funds,General Operating Funds,General Operating Funds,807,Other Grants,1,
FG220-462081,LEA Flowthru Instruction,Operating Funds,General Operating Funds,General Operating Funds,807,Other Grants,1,
FG220-462084,LEA Flowthru Instruction -  FG220-462084,Operating Funds,General Operating Funds,General Operating Funds,807,Other Grants,1,
FG220-462087,LEA Flowthru Instruction  -  FG220-462087,Operating Funds,General Operating Funds,General Operating Funds,807,Other Grants,1,
FG324-376806,Agriculture Education - Three Cirlces,Operating Funds,General Operating Funds,General Operating Funds,807,Other Grants,1,
FG324-399505,Other State Programs - Michele Clark 23-3999-MC,Operating Funds,General Operating Funds,General Operating Funds,807,Other Grants,1,
FG324-399805,University of Illinois/ Illinois Youth Survey,Operating Funds,General Operating Funds,General Operating Funds,807,Other Grants,1,
FG124-905094,CFF - FY22 McCormick Foundation KIDS PreK PLC Grant,Operating Funds,General Operating Funds,General Operating Funds,801,School Generated,1,
FG124-905153,CFF Crown Education Racial Justice Project/Empathy Interviews,Operating Funds,General Operating Funds,General Operating Funds,801,School Generated,1,
FG124-905154,CFF NIU Illinois Math Badging Initiative project,Operating Funds,General Operating Funds,General Operating Funds,801,School Generated,1,
FG124-905156,CFF The Tullman Family Donations to Schools project,Operating Funds,General Operating Funds,General Operating Funds,801,School Generated,1,
FG324-400101,Chicago Gear Up 6 (Year 2),Operating Funds,General Operating Funds,General Operating Funds,807,Other Grants,1,
FG324-327514,Back to Our Future/Moving Forward with CPS -  FG324-327514,Operating Funds,General Operating Funds,General Operating Funds,807,Other Grants,1,
FG124-905162,"CFF The Salesforce FY25-26 CTE, ECSS and RDMP Programming Project",Operating Funds,General Operating Funds,General Operating Funds,801,School Generated,1,
FG220-460526,Preschool Discretionary (STARNET) FY19,Operating Funds,General Operating Funds,General Operating Funds,807,Other Grants,1,
FG324-210057,Computer Science for All FY21,Operating Funds,General Operating Funds,General Operating Funds,807,Other Grants,1,
FG324-210061,"Improving Vaccination in Under Vaccinated Populations, 2023",Operating Funds,General Operating Funds,General Operating Funds,807,Other Grants,1,
FG324-376817,Truant Alternative Optional Education,Operating Funds,General Operating Funds,General Operating Funds,807,Other Grants,1,
FG701-442177,21st Century Community Learning Centers-(Cohort 15-Grant 6) FY19,Operating Funds,General Operating Funds,Others,,,1,
FG701-442286,Title Iv - 21st Century Comm Learning Centers C2,Operating Funds,General Operating Funds,Others,,,1,
FG701-442295,21st Century Community Learning Centers - (Cohort 15-Grant 2),Operating Funds,General Operating Funds,Others,,,1,
FG701-442296,21st Century Community Learning Centers - (Cohort 15-Grant 3),Operating Funds,General Operating Funds,Others,,,1,
FG701-580208,Healthy CPS-HIV/STD Prevention Initiative 221077,Operating Funds,General Operating Funds,Others,,,1,
FG701-580210,CPS Youth Mental Health First Aid,Operating Funds,General Operating Funds,Others,,,1,
FG701-210023,High School Transition - Urban Labs,Operating Funds,General Operating Funds,Others,,,1,
FG701-400091,Gear Up 4 (Year 5),Operating Funds,General Operating Funds,Others,,,1,
FG701-400092,Chicago Gear-Up Alliance 5,Operating Funds,General Operating Funds,Others,,,1,
FG690-000000,CIP Series 2009G,Operating Funds,Debt-Service Funds,Debt-Service Funds,808,Debt Service Fund,1,
FG691-399602,State Distributive Fund,Operating Funds,Debt-Service Funds,Debt-Service Funds,808,Debt Service Fund,1,
FG701-510219,Headstart - Child Development,Operating Funds,General Operating Funds,Others,,,1,
FG701-510221,Head Start - Child Development,Operating Funds,General Operating Funds,Others,,,1,
FG495-500847,John Foster Dulles School Improvements ICJIA 822003,Capital Funds,Capital Funds,Others,810,Capital Projects Fund,1,
FG425-379039,2022 DCEO State Capital Drummond Project,Capital Funds,Capital Funds,Others,810,Capital Projects Fund,1,
FG701-460028,Preschool Incentive Grant,Operating Funds,General Operating Funds,Others,,,1,
FG701-510312,ARRA Head Start - Early HS Expansion Yr 2,Operating Funds,General Operating Funds,Others,,,1,
FG701-511241,Pathways to Accelerated Student Success - PASS,Operating Funds,General Operating Funds,Others,,,1,
FG701-511242,Pathways to Accelerated Student Success (PASS),Operating Funds,General Operating Funds,Others,,,1,
FG701-511246,CPS Healing Trauma Together,Operating Funds,General Operating Funds,Others,,,1,
FG425-379180,DCEO State Capital Marine Leadership,Capital Funds,Capital Funds,Others,810,Capital Projects Fund,1,
FG425-379182,DCEO State Capital Alcott ES,Capital Funds,Capital Funds,Others,810,Capital Projects Fund,1,
FG661,CIP Series 2022A,Operating Funds,NA,Debt-Service Funds,808,Debt Service Fund,0,
FG663-399602,State Distributive Fund,Operating Funds,Debt-Service Funds,Debt-Service Funds,808,Debt Service Fund,1,
FG701-462055,LEA FlowThru Instruction,Operating Funds,General Operating Funds,Others,,,1,
FG701-462061,LEA FlowThru Instruction,Operating Funds,General Operating Funds,Others,,,1,
FG701-462073,LEA FlowThru Instruction,Operating Funds,General Operating Funds,Others,,,1,
FG701-499976,International Baccalaureate,Operating Funds,General Operating Funds,Others,,,1,
FG701-499979,UIC-Substitute Reimbursement,Operating Funds,General Operating Funds,Others,,,1,
FG701-500008,Aids Foundation of Chicago - FG701-550008,Operating Funds,General Operating Funds,Others,,,1,
FG699,CIP Series 2010G,Operating Funds,NA,Debt-Service Funds,808,Debt Service Fund,0,
FG699-000000,CIP Series 2010G,Operating Funds,Debt-Service Funds,Debt-Service Funds,808,Debt Service Fund,1,
FG699-000001,Special Education - Summer School ESY,Operating Funds,Debt-Service Funds,Debt-Service Funds,808,Debt Service Fund,1,
FG116-000000,Equipment Fund,Capital Funds,Capital Funds,Others,810,Capital Projects Fund,1,
FG664-600007,Bond Series 2007B,Operating Funds,Debt-Service Funds,Debt-Service Funds,808,Debt Service Fund,1,
FG124-070176,Wired to Learn,Operating Funds,General Operating Funds,General Operating Funds,801,School Generated,1,
FG124-070177,CFF - We are Ready Program- ASAS Initiative 2017-2018,Operating Funds,General Operating Funds,General Operating Funds,801,School Generated,1,
FG701-462081,LEA Flowthru Instruction,Operating Funds,General Operating Funds,Others,,,1,
FG701-462501,IDEA Room & Board,Operating Funds,General Operating Funds,Others,,,1,
FG701-459101,R.O.T.C. - Army,Operating Funds,General Operating Funds,Others,,,1,
FG701-462507,IDEA Room and Board,Operating Funds,General Operating Funds,Others,,,1,
FG495-376684,State Preschool For All Age 3-5,Capital Funds,Capital Funds,Others,810,Capital Projects Fund,1,
FG412,Real Estate Fund,Capital Funds,NA,Others,810,Capital Projects Fund,0,
FG425-379134,DCEO - KING ACADEMY ES 22-203040,Capital Funds,Capital Funds,Others,810,Capital Projects Fund,1,
FG425-379139,DCEO - PARK MANOR ES 22-203040,Capital Funds,Capital Funds,Others,810,Capital Projects Fund,1,
FG124-070211,Steans / CFF,Operating Funds,General Operating Funds,General Operating Funds,801,School Generated,1,
FG701-474567,Special Student Needs-C. Perkins FY20,Operating Funds,General Operating Funds,Others,,,1,
FG701-000044,CTU Sustainable Schools Initiative,Operating Funds,General Operating Funds,Others,,,1,
FG701-000327,STEM,Operating Funds,General Operating Funds,Others,,,1,
FG637-000000,CIT Series 2017,Operating Funds,Debt-Service Funds,Debt-Service Funds,808,Debt Service Fund,1,
FG124-070222,Improving Food Allergy Verification Management and EpiPen Autoin,Operating Funds,General Operating Funds,General Operating Funds,801,School Generated,1,
FG124-070195,CFF- Chicago Beyond One Goal Year 4,Operating Funds,General Operating Funds,General Operating Funds,801,School Generated,1,
FG124-070231,Improving Access to Vision Care,Operating Funds,General Operating Funds,General Operating Funds,801,School Generated,1,
FG701-460903,i3 Convergence Acad-Digital Media Whole School Reform Model Proj,Operating Funds,General Operating Funds,Others,,,1,
FG701-462504,IDEA Room & Board,Operating Funds,General Operating Funds,Others,,,1,
FG701-490950,Title III - Language Acquisition,Operating Funds,General Operating Funds,Others,,,1,
FG701-490952,Title III - Language Acquisition,Operating Funds,General Operating Funds,Others,,,1,
FG701-000376,CFF- CTE Michael Reese Health Trust Grant 2016-2018,Operating Funds,General Operating Funds,Others,,,1,
FG701-379042,2022 DCEO State Capital Talcott Elementary Project,Operating Funds,General Operating Funds,Others,,,1,
FG701-379171,DCEO State Capital Ravenswood,Operating Funds,General Operating Funds,Others,,,1,
FG682-399602,State Distributive Fund,Operating Funds,Debt-Service Funds,Debt-Service Funds,808,Debt Service Fund,1,
FG124-070320,Get Schools Cooking,Operating Funds,General Operating Funds,General Operating Funds,801,School Generated,1,
FG701-492122,Homeless Education Prog. FY18,Operating Funds,General Operating Funds,Others,,,1,
FG495-399815,Other State Program Leif Ericson LA,Capital Funds,Capital Funds,Others,810,Capital Projects Fund,1,
FG423-000000,Series 2020 CIT,Capital Funds,Capital Funds,Others,810,Capital Projects Fund,1,
FG425,Other State Funded Capital Grants,Capital Funds,NA,Others,810,Capital Projects Fund,0,
FG425-000000,Other State Funded Capital Grants,Capital Funds,Capital Funds,Others,810,Capital Projects Fund,1,
FG701-494041,Title IIA - Teacher Quality,Operating Funds,General Operating Funds,Others,,,1,
FG701-494049,Title IIA - Teacher Quality,Operating Funds,General Operating Funds,Others,,,1,
FG701-000979,Whole School Safety Plans,Operating Funds,General Operating Funds,Others,,,1,
FG425-060003,Chicago Vocational Career Academy (CVCA) Major Capital Renovation,Capital Funds,Capital Funds,Others,810,Capital Projects Fund,1,
FG425-343920,CDB - Gaming Revenue,Capital Funds,Capital Funds,Others,810,Capital Projects Fund,1,
FG425-379153,DCEO - MANIERRE ES -23-203621,Capital Funds,Capital Funds,Others,810,Capital Projects Fund,1,
FG701-433139,Il-Empower (Cohort 19 - Grant 9) FY19,Operating Funds,General Operating Funds,Others,,,1,
FG701-433910,School Improvement Grant Fenger,Operating Funds,General Operating Funds,Others,,,1,
FG701-550021,IL for Arts and STEM Education - 0200,Operating Funds,General Operating Funds,Others,,,1,
FG701-494066,Title IIA - Teacher Quality,Operating Funds,General Operating Funds,Others,,,1,
FG701-494070,Title IIA - Teacher Quality,Operating Funds,General Operating Funds,Others,,,1,
FG425-379158,DCEO - Kellogg ES 23-203363,Capital Funds,Capital Funds,Others,810,Capital Projects Fund,1,
FG642-600004,Bond Series 2001B,Operating Funds,Debt-Service Funds,Debt-Service Funds,808,Debt Service Fund,1,
FG645-000000,CIP Series 2018B,Operating Funds,Debt-Service Funds,Debt-Service Funds,808,Debt Service Fund,1,
FG701-433931,School Improvement Grant District,Operating Funds,General Operating Funds,Others,,,1,
FG701-433994,School Improvement Grant Harper,Operating Funds,General Operating Funds,Others,,,1,
FG701-442163,21st Century Community Learning Centers - (Cohort 15-Grant 6),Operating Funds,General Operating Funds,Others,,,1,
FG701-494090,Title IIA - Other Private Supplementary Servc.,Operating Funds,General Operating Funds,Others,,,1,
FG701-500848,Amelia Earhart Options-Capital Grant,Operating Funds,General Operating Funds,Others,,,1,
FG701-500901,National Leadership Grant for Libraries,Operating Funds,General Operating Funds,Others,,,1,
FG701-400080,Gear-Up / NEIU,Operating Funds,General Operating Funds,Others,,,1,
FG495-430529,Neglected Programs,Capital Funds,Capital Funds,Others,810,Capital Projects Fund,1,
FG495-440053,"Title IV, Part A - Nonpublic",Capital Funds,Capital Funds,Others,810,Capital Projects Fund,1,
FG701-442169,21st Century Community Learning Centers - (Cohort 15-Grant5) FY18,Operating Funds,General Operating Funds,Others,,,1,
FG701-442173,21st Century Community Learning Centers-(Cohort 15-Grant 2) FY19,Operating Funds,General Operating Funds,Others,,,1,
FG701-509179,Employability Plus,Operating Funds,General Operating Funds,Others,,,1,
FG701-509180,Employability Plus ABLA,Operating Funds,General Operating Funds,Others,,,1,
FG495-494095,Title IIA Archdiocese Of Chicago. Suppl.Servc.,Capital Funds,Capital Funds,Others,810,Capital Projects Fund,1,
FG701-008008,Classical Schools,Operating Funds,General Operating Funds,Others,,,1,
FG701-008011,STEM Programs,Operating Funds,General Operating Funds,Others,,,1,
FG701-012119,Laptop Replacement Program - Absolute,Operating Funds,General Operating Funds,Others,,,1,
FG425-379027,2021 DCEO State Capital Grants Salmon P Chase ES,Capital Funds,Capital Funds,Others,810,Capital Projects Fund,1,
FG701-442241,21st Century Community Learning Centers (Cohort 19-Grant 1),Operating Funds,General Operating Funds,Others,,,1,
FG701-442246,21st Century Community Learning Centers Cohort Project A1,Operating Funds,General Operating Funds,Others,,,1,
FG701-442250,21st Century Community Learning Centers - (Cohort 15-Grant 2),Operating Funds,General Operating Funds,Others,,,1,
FG701-100410,ELC Reopening Schools IGA - ARP21,Operating Funds,General Operating Funds,Others,,,1,
FG701-442267,Title IV - 21st Century Comm Learning Centers  E2,Operating Funds,General Operating Funds,Others,,,1,
FG701-395003,Orphanage Regular Students - Sec. 18-3,Operating Funds,General Operating Funds,Others,,,1,
FG701-395021,Children's Low-Cost Laptop Program FY12,Operating Funds,General Operating Funds,Others,,,1,
FG495-499824,ESSER III - DW Unfinished Learning,Capital Funds,Capital Funds,Others,810,Capital Projects Fund,1,
FG652,CIP Series 2005B Debt Service,Operating Funds,NA,Debt-Service Funds,808,Debt Service Fund,0,
FG653,CIP Series 2019A -FG653,Operating Funds,NA,Debt-Service Funds,808,Debt Service Fund,0,
FG701-442273,21st Century Community Learning Centers - (Cohort 15-Grant 4),Operating Funds,General Operating Funds,Others,,,1,
FG701-442278,21st Century Community Learning Centers (Cohort 19-Grant 2),Operating Funds,General Operating Funds,Others,,,1,
FG701-509204,Developing School Nursing Pipeline for Consistent Care (DSNPCC),Operating Funds,General Operating Funds,Others,,,1,
FG701-510217,Headstart-Child Development,Operating Funds,General Operating Funds,Others,,,1,
FG701-580122,Healthy Chicago Public Schools (Year 2),Operating Funds,General Operating Funds,Others,,,1,
FG324-511039,CHIPRA Outreach and Enrollment Grant,Operating Funds,General Operating Funds,General Operating Funds,807,Other Grants,1,
FG324-442170,21st Century Community Learning Centers-(Cohort 15-Grant 6) FY18,Operating Funds,General Operating Funds,General Operating Funds,807,Other Grants,1,
FG436-525012,Noise Abatement-Ebinger-Federal,Capital Funds,Capital Funds,Others,810,Capital Projects Fund,1,
FG436-800000,Private Grants,Capital Funds,Capital Funds,Others,810,Capital Projects Fund,1,
FG436-379010,Illinois Dept of Com. & Econ. Opportunity,Capital Funds,Capital Funds,Others,810,Capital Projects Fund,1,
FG495-008001,Regional Gifted Centers,Capital Funds,Capital Funds,Others,810,Capital Projects Fund,1,
FG668,CIP Series 2008A,Operating Funds,NA,Debt-Service Funds,808,Debt Service Fund,0,
FG672-000000,CIP Series 2008C (2003B/2004B) Debt Service,Operating Funds,Debt-Service Funds,Debt-Service Funds,808,Debt Service Fund,1,
FG440-000000,CIP Series 2000BCD $303M,Capital Funds,Capital Funds,Others,810,Capital Projects Fund,1,
FG673-399602,State Distributive Fund,Operating Funds,Debt-Service Funds,Debt-Service Funds,808,Debt Service Fund,1,
FG210-000000,Workers'& Unemployment Compensation/Tort,Operating Funds,General Operating Funds,General Operating Funds,802,General Fund,1,
FG676-000000,FY2009 New Money Bond,Operating Funds,Debt-Service Funds,Debt-Service Funds,808,Debt Service Fund,1,
FG694-000000,CIP Series 2010B/ (Series 2005D-2) Debt Service,Operating Funds,Debt-Service Funds,Debt-Service Funds,808,Debt Service Fund,1,
FG696-000000,CIP Series 2010C,Operating Funds,Debt-Service Funds,Debt-Service Funds,808,Debt Service Fund,1,
FG697,CIP Series 2010F,Operating Funds,NA,Debt-Service Funds,808,Debt Service Fund,0,
FG697-060002,State Grants School Construction Program,Operating Funds,Debt-Service Funds,Debt-Service Funds,808,Debt Service Fund,1,
FG467,CIP Series 2005DE,Capital Funds,NA,Others,810,Capital Projects Fund,0,
FG701-210202,Chicago Cultural & Arts Education Plans (Arts Essentials Cat 3-4),Operating Funds,General Operating Funds,Others,,,1,
FG701-396600,Learning Support Specialist Grant,Operating Funds,General Operating Funds,Others,,,1,
FG701-399602,State Distributive Fund,Operating Funds,General Operating Funds,Others,,,1,
FG701-399809,Multi-tiered System of Trauma-informed Supports to Students and T,Operating Funds,General Operating Funds,Others,,,1,
FG324-511245,Pathways To Accelerated Student Success (PASS),Operating Funds,General Operating Funds,General Operating Funds,807,Other Grants,1,
FG324-512018,CPS School Laboratory Enhancement Program,Operating Funds,General Operating Funds,General Operating Funds,807,Other Grants,1,
FG425-379072,Public Sector Energy Efficiency - ComEd,Capital Funds,Capital Funds,Others,810,Capital Projects Fund,1,
FG324-500680,Supplemental Services for Recently Arrived Refugees,Operating Funds,General Operating Funds,General Operating Funds,807,Other Grants,1,
FG324-500685,Refugee Children's School Impact Grant,Operating Funds,General Operating Funds,General Operating Funds,807,Other Grants,1,
FG324-547528,Indian Elem/Sec. Assistance Prog. -  FG324-547528,Operating Funds,General Operating Funds,General Operating Funds,807,Other Grants,1,
FG474,CIP Series 2006B,Capital Funds,NA,Others,810,Capital Projects Fund,0,
FG474-000000,CIP Series 2006B,Capital Funds,Capital Funds,Others,810,Capital Projects Fund,1,
FG477-580907,US Dept of Housing and Urban Development,Capital Funds,Capital Funds,Others,810,Capital Projects Fund,1,
FG479-000000,QSCB - CIP Series 2010C,Capital Funds,Capital Funds,Others,810,Capital Projects Fund,1,
FG324-529022,Randomized Study to Abate Truancy and Violence,Operating Funds,General Operating Funds,General Operating Funds,807,Other Grants,1,
FG324-500069,CAFECS: AP CSP Access for All,Operating Funds,General Operating Funds,General Operating Funds,807,Other Grants,1,
FG324-500116,Connect and Redirect to Respect FY 17,Operating Funds,General Operating Funds,General Operating Funds,807,Other Grants,1,
FG495-550020,IL for Arts and STEM Education - 0199,Capital Funds,Capital Funds,Others,810,Capital Projects Fund,1,
FG495-904003,Citywide Miscellaneous,Capital Funds,Capital Funds,Others,810,Capital Projects Fund,1,
FG436-000315,2020 COVID19 Shutdown Expenditures,Capital Funds,Capital Funds,Others,810,Capital Projects Fund,1,
FG430,Capital Improvement Bonds Of 1998,Capital Funds,NA,Others,810,Capital Projects Fund,0,
FG425-379131,DCEO - HAMPTON ES 22-203040,Capital Funds,Capital Funds,Others,810,Capital Projects Fund,1,
FG701-322021,Career & Technical Educ. Improvement Grant (CTEI),Operating Funds,General Operating Funds,Others,,,1,
FG701-322024,Career & Technical Educ. Improvement Grant (CTEI) FY20,Operating Funds,General Operating Funds,Others,,,1,
FG701-322035,Cte Ed Career Pathway Continuation (CTE Pathway 20),Operating Funds,General Operating Funds,Others,,,1,
FG324-500739,DOJ - Secure Our Schools,Operating Funds,General Operating Funds,General Operating Funds,807,Other Grants,1,
FG324-442142,21st Century Community Learning Centers,Operating Funds,General Operating Funds,General Operating Funds,807,Other Grants,1,
FG324-442149,21st Century Community Learning Centers - (Cohort 15-Grant 6),Operating Funds,General Operating Funds,General Operating Funds,807,Other Grants,1,
FG436-000000,IGA and Other Capital Projects Fund,Capital Funds,Capital Funds,Others,810,Capital Projects Fund,1,
FG425-379218,DCEO - KELLY 22-203156,Capital Funds,Capital Funds,Others,810,Capital Projects Fund,1,
FG481-610000,Build America Bonds (BABS),Capital Funds,Capital Funds,Others,810,Capital Projects Fund,1,
FG324-548022,Track 2 CS10K: Accelerate ECS4ALL - Year 2,Operating Funds,General Operating Funds,General Operating Funds,807,Other Grants,1,
FG324-548024,Track 2 CS10K:  Accelerate ECS4ALL FY19,Operating Funds,General Operating Funds,General Operating Funds,807,Other Grants,1,
FG324-548040,TRIO - Talent Search,Operating Funds,General Operating Funds,General Operating Funds,807,Other Grants,1,
FG324-442187,21st Century Community Learning Cntrs - (Cohort 15-Grant 2) FY20,Operating Funds,General Operating Funds,General Operating Funds,807,Other Grants,1,
FG436-000096,Wells Athletic Field Project,Capital Funds,Capital Funds,Others,810,Capital Projects Fund,1,
FG495-905086,CFF - IL DCEO Grant (Illinois Works Pre-apprenticeship Program),Capital Funds,Capital Funds,Others,810,Capital Projects Fund,1,
FG495-905118,CFF CPS Technology Grant project and the Relativity fund,Capital Funds,Capital Funds,Others,810,Capital Projects Fund,1,
FG495-905143,The IT Model Pathways project and the Salesforce Foundation fund,Capital Funds,Capital Funds,Others,810,Capital Projects Fund,1,
FG701-369614,Regional Safe Schools,Operating Funds,General Operating Funds,Others,,,1,
FG324-500750,Workforce Investment Act (YES),Operating Funds,General Operating Funds,General Operating Funds,807,Other Grants,1,
FG324-442256,21st Century Community Learning Centers (Cohort 19-Grant 1)  -  FG324-442256,Operating Funds,General Operating Funds,General Operating Funds,807,Other Grants,1,
FG324-500850,STOP School Violence (SOS) FY21  -  FG324-500850,Operating Funds,General Operating Funds,General Operating Funds,807,Other Grants,1,
FG324-440220,Homeless Services Food Stamp Outreach - SNAP -  FG324-440220,Operating Funds,General Operating Funds,General Operating Funds,807,Other Grants,1,
FG324-440221,Homeless Services Food Stamp Outreach,Operating Funds,General Operating Funds,General Operating Funds,807,Other Grants,1,
FG324-440224,Homeless Services Food Stamp Outreach,Operating Funds,General Operating Funds,General Operating Funds,807,Other Grants,1,
FG324-440301,Healthy Schools Healthy City Medicaid Enrollment Project FY18,Operating Funds,General Operating Funds,General Operating Funds,807,Other Grants,1,
FG436-005059,FY 14 School Actions,Capital Funds,Capital Funds,Others,810,Capital Projects Fund,1,
FG436-177705,ComEd Energy Efficiency,Capital Funds,Capital Funds,Others,810,Capital Projects Fund,1,
FG436-000014,Early Childhood Expansion-Social Impact Bond,Capital Funds,Capital Funds,Others,810,Capital Projects Fund,1,
FG486,CIT Bond Fund,Capital Funds,NA,Others,810,Capital Projects Fund,0,
FG488,Series 2017H,Capital Funds,NA,Others,810,Capital Projects Fund,0,
FG495-000000,GASB 2021-1 Aggregated Assets,Capital Funds,Capital Funds,Others,810,Capital Projects Fund,1,
FG324-532014,Acltd STEM Program of Study and Leads Dev,Operating Funds,General Operating Funds,General Operating Funds,807,Other Grants,1,
FG324-500021,Scratch Encore FY19,Operating Funds,General Operating Funds,General Operating Funds,807,Other Grants,1,
FG324-442264,Title IV - 21st Century Comm Learning Centers B2,Operating Funds,General Operating Funds,General Operating Funds,807,Other Grants,1,
FG436-188816,Space To Grow-Private Donations,Capital Funds,Capital Funds,Others,810,Capital Projects Fund,1,
FG498-430276,Title I - ESSA - Summer Learning Initiative,Capital Funds,Capital Funds,Others,810,Capital Projects Fund,1,
FG324-501710,NYLCs Generator Go Green G3 Initiative,Operating Funds,General Operating Funds,General Operating Funds,807,Other Grants,1,
FG324-442267,Title IV - 21st Century Comm Learning Centers E2,Operating Funds,General Operating Funds,General Operating Funds,807,Other Grants,1,
FG436-188853,City Of Chicago & CPS Public Art - Hayt Elementary School,Capital Funds,Capital Funds,Others,810,Capital Projects Fund,1,
FG701-376676,State Preschool for All Age 0-3 Community Partnerships,Operating Funds,General Operating Funds,Others,,,1,
FG701-376704,Bilingual Ed TPI & TBE,Operating Funds,General Operating Funds,Others,,,1,
FG701-376731,FY18 ISBE Transportaion - Special Education,Operating Funds,General Operating Funds,Others,,,1,
FG701-376807,Truant Alternative Optional Education FY20,Operating Funds,General Operating Funds,Others,,,1,
FG324-503001,Farm to School Implementation Grant,Operating Funds,General Operating Funds,General Operating Funds,807,Other Grants,1,
FG324-442157,21st Century Community Learning Centers,Operating Funds,General Operating Funds,General Operating Funds,807,Other Grants,1,
FG324-442160,21st Century Community Learning Centers - (Cohort 15-Grant 3),Operating Funds,General Operating Funds,General Operating Funds,807,Other Grants,1,
FG324-442161,21st Century Community Learning Centers - (Cohort 15-Grant 4),Operating Funds,General Operating Funds,General Operating Funds,807,Other Grants,1,
FG436-300300,Public Sector Natural Gas Boiler Tune-Up Program,Capital Funds,Capital Funds,Others,810,Capital Projects Fund,1,
FG436-379007,Illinois Dept of Com. & Econ. Opportunity,Capital Funds,Capital Funds,Others,810,Capital Projects Fund,1,
FG495-000411,Sports Payout,Capital Funds,Capital Funds,Others,810,Capital Projects Fund,1,
FG324-548049,Trio - Talent Search,Operating Funds,General Operating Funds,General Operating Funds,807,Other Grants,1,
FG324-500035,Chicago Alliance for Equity in Computer includes Supplement -  FG324-500035,Operating Funds,General Operating Funds,General Operating Funds,807,Other Grants,1,
FG324-442200,21st Century Community Learning Centers - (Cohort 15-Grant 2),Operating Funds,General Operating Funds,General Operating Funds,807,Other Grants,1,
FG436-379015,Illinois Dept of Commerce and Economic Opportunity,Capital Funds,Capital Funds,Others,810,Capital Projects Fund,1,
FG629,CIP Series 2017H,Operating Funds,NA,Debt-Service Funds,808,Debt Service Fund,0,
FG633,CIP Series 2017E,Operating Funds,NA,Debt-Service Funds,808,Debt Service Fund,0,
FG324-509219,Womens Educational Equity,Operating Funds,General Operating Funds,General Operating Funds,807,Other Grants,1,
FG324-442122,21st Cntry. Comm. Lrn. Ctr.-After School,Operating Funds,General Operating Funds,General Operating Funds,807,Other Grants,1,
FG324-442133,21st Century Community Learning Centers 4,Operating Funds,General Operating Funds,General Operating Funds,807,Other Grants,1,
FG436-392510,Illinois Green Infrastructure Grant Village School Yard,Capital Funds,Capital Funds,Others,810,Capital Projects Fund,1,
FG701-379025,2020 DCEO State Capital Grants,Operating Funds,General Operating Funds,Others,,,1,
FG701-379029,2021 DCEO State Capital Grants  Adam Clayton Powell Paideia Commu,Operating Funds,General Operating Funds,Others,,,1,
FG701-379032,2021 DCEO State Capital Grants Dusable/Williams Project,Operating Funds,General Operating Funds,Others,,,1,
FG701-379037,2022 DCEO State Capital Addams Project,Operating Funds,General Operating Funds,Others,,,1,
FG701-379038,2022 DCEO State Capital Volta Project,Operating Funds,General Operating Funds,Others,,,1,
FG324-547516,Indian Elem/Sec. Assistance Prog.,Operating Funds,General Operating Funds,General Operating Funds,807,Other Grants,1,
FG324-547517,Indian Elem / Sec. Assistance Prog.,Operating Funds,General Operating Funds,General Operating Funds,807,Other Grants,1,
FG324-500040,Chicago Alliance for Equity in Computer Science (CAFE-CS),Operating Funds,General Operating Funds,General Operating Funds,807,Other Grants,1,
FG324-500320,MSA Program-Technology Advancing Communities (MSAP-TAC) FY26,Operating Funds,General Operating Funds,General Operating Funds,807,Other Grants,1,
FG124-070123,CFF - CCT Generation for All,Operating Funds,General Operating Funds,General Operating Funds,801,School Generated,1,
FG124-070125,Collaborating Districts Initiative - Year 2,Operating Funds,General Operating Funds,General Operating Funds,801,School Generated,1,
FG124-070127,Rockefeller FY18,Operating Funds,General Operating Funds,General Operating Funds,801,School Generated,1,
FG124-070129,ASU-Innovation Through Design Thinking Program,Operating Funds,General Operating Funds,General Operating Funds,801,School Generated,1,
FG124-070133,CFF - New Chance Arts & Literature - SocialWorks,Operating Funds,General Operating Funds,General Operating Funds,801,School Generated,1,
FG324-524022,Secondary Transitional Experience Program (STEP) FY18,Operating Funds,General Operating Funds,General Operating Funds,807,Other Grants,1,
FG114,Special Education Fund,Operating Funds,NA,General Operating Funds,801,General Fund,0,
FG114-000001,Special Education - Summer School ESY,Operating Funds,General Operating Funds,General Operating Funds,801,General Fund,1,
FG325-542128,Teacher Incentive Fund - CPS TIF,Operating Funds,General Operating Funds,General Operating Funds,807,Other Grants,1,
FG324-442140,21st Century Community Learning Centers 4,Operating Funds,General Operating Funds,General Operating Funds,807,Other Grants,1,
FG324-500362,STARTALK - Chinese Language Program,Operating Funds,General Operating Funds,General Operating Funds,807,Other Grants,1,
FG324-500363,Startalk Arabic/Chinese,Operating Funds,General Operating Funds,General Operating Funds,807,Other Grants,1,
FG115-000005,Labor Management Coop. Comm. On Healthcare Tracker (LMCC),Operating Funds,General Operating Funds,General Operating Funds,801,General Fund,1,
FG326-210117,Illinois Arts Council,Operating Funds,General Operating Funds,General Operating Funds,807,Other Grants,1,
FG326-210118,Illinois Arts Council,Operating Funds,General Operating Funds,General Operating Funds,807,Other Grants,1,
FG324-442292,Title IV - 21st Century Comm Learning Centers C3,Operating Funds,General Operating Funds,General Operating Funds,807,Other Grants,1,
FG324-442251,21st Century Community Learning Centers - (Cohort 15-Grant 3)  -  FG324-442251,Operating Funds,General Operating Funds,General Operating Funds,807,Other Grants,1,
FG115-000540,School-Based Foundational Formulaic Funds,Operating Funds,General Operating Funds,General Operating Funds,801,General Fund,1,
FG326-400250,Reading for Understanding (Project READI),Operating Funds,General Operating Funds,General Operating Funds,807,Other Grants,1,
FG326-410008,CONTINGENCY FOR PROJECT EXPAN,Operating Funds,General Operating Funds,General Operating Funds,807,Other Grants,1,
FG324-442309,21st Century Community Learning Centers Cohort Project B1 -  FG324-442309,Operating Funds,General Operating Funds,General Operating Funds,807,Other Grants,1,
FG115-004124,FINE AND PERFORMING ARTS,Operating Funds,General Operating Funds,General Operating Funds,801,General Fund,1,
FG114-000151,Special Education Workload Reduction,Operating Funds,General Operating Funds,General Operating Funds,801,General Fund,1,
FG115-000020,Non-Resident Tuition - Parents,Operating Funds,General Operating Funds,General Operating Funds,801,General Fund,1,
FG324-442311,Title Iv - 21st Century Comm Learning Centers B2 -  FG324-442311,Operating Funds,General Operating Funds,General Operating Funds,807,Other Grants,1,
FG124-004145,UChicago EdLab Donation,Operating Funds,General Operating Funds,General Operating Funds,801,School Generated,1,
FG115-000026,HIGH SCHOOL TRANSITION,Operating Funds,General Operating Funds,General Operating Funds,801,General Fund,1,
FG115-000089,Specialty Schools,Operating Funds,General Operating Funds,General Operating Funds,801,General Fund,1,
FG115-000090,Specialty Schools Supports,Operating Funds,General Operating Funds,General Operating Funds,801,General Fund,1,
FG326-442217,21st Century Community Learning Centers - NEIU,Operating Funds,General Operating Funds,General Operating Funds,807,Other Grants,1,
FG326-379011,Illinois Dept of Com. & Econ. Opportunity,Operating Funds,General Operating Funds,General Operating Funds,807,Other Grants,1,
FG324-442324,Title Iv - 21st Century Comm Learning Centers C2  -  FG324-442324,Operating Funds,General Operating Funds,General Operating Funds,807,Other Grants,1,
FG324-442325,Title Iv - 21st Century Comm Learning Centers D2  -  FG324-442325,Operating Funds,General Operating Funds,General Operating Funds,807,Other Grants,1,
FG124-004151,Shedd Aquarium Refund,Operating Funds,General Operating Funds,General Operating Funds,801,School Generated,1,
FG115-000912,Re-Engagement Funding,Operating Funds,General Operating Funds,General Operating Funds,801,General Fund,1,
FG326-399925,Advanced Placement  -  FG326-399925,Operating Funds,General Operating Funds,General Operating Funds,807,Other Grants,1,
FG326-442216,21st Century CLC - NEIU,Operating Funds,General Operating Funds,General Operating Funds,807,Other Grants,1,
FG326-442234,NEIU 21st CCLC Summer Programming,Operating Funds,General Operating Funds,General Operating Funds,807,Other Grants,1,
FG324-442337,Title IV - 21st Century Comm Learning Centers C2,Operating Funds,General Operating Funds,General Operating Funds,807,Other Grants,1,
FG324-442340,Title IV - 21st Century Comm Learning Centers F2,Operating Funds,General Operating Funds,General Operating Funds,807,Other Grants,1,
FG324-442342,Title IV - 21st Century Comm Learning Centers B3,Operating Funds,General Operating Funds,General Operating Funds,807,Other Grants,1,
FG124-070087,MSI Subs - AUSL,Operating Funds,General Operating Funds,General Operating Funds,801,School Generated,1,
FG115-005063,FY19 School Actions - Englewood,Operating Funds,General Operating Funds,General Operating Funds,801,General Fund,1,
FG114-000703,Supplemental General State Aid (SGSA),Operating Funds,General Operating Funds,General Operating Funds,801,General Fund,1,
FG326-442219,21st Century CLC - NEIU,Operating Funds,General Operating Funds,General Operating Funds,807,Other Grants,1,
FG324-442348,Title Iv - 21st Century Comm Learning Centers A2,Operating Funds,General Operating Funds,General Operating Funds,807,Other Grants,1,
FG324-460526,Preschool Discretionary (STARNET) FY19,Operating Funds,General Operating Funds,General Operating Funds,807,Other Grants,1,
FG324-460901,i3 Convergence Academies: Digital Media Whole School Reform Model,Operating Funds,General Operating Funds,General Operating Funds,807,Other Grants,1,
FG115-000108,Sick and Vacation Termination Payout - TCH,Operating Funds,General Operating Funds,General Operating Funds,801,General Fund,1,
FG115-000152,Class Size Committee,Operating Funds,General Operating Funds,General Operating Funds,801,General Fund,1,
FG115-000201,Work Stoppage,Operating Funds,General Operating Funds,General Operating Funds,801,General Fund,1,
FG326-442224,21st Century CLC - NEIU FY19,Operating Funds,General Operating Funds,General Operating Funds,807,Other Grants,1,
FG326-442227,Developing 21st Century Critical Thinking Skills,Operating Funds,General Operating Funds,General Operating Funds,807,Other Grants,1,
FG124-000366,CFF - Melody Stem School Donation,Operating Funds,General Operating Funds,General Operating Funds,801,School Generated,1,
FG115-000943,Funds Allocated on Appeal,Operating Funds,General Operating Funds,General Operating Funds,801,General Fund,1,
FG115-000977,Operational Support Funds,Operating Funds,General Operating Funds,General Operating Funds,801,General Fund,1,
FG326-400010,Validating the Talent Development-Diplomas Now Secondary School T,Operating Funds,General Operating Funds,General Operating Funds,807,Other Grants,1,
FG326-472118,High Schools That Work (Supplemental),Operating Funds,General Operating Funds,General Operating Funds,807,Other Grants,1,
FG324-492121,Homeless Education Prog.,Operating Funds,General Operating Funds,General Operating Funds,807,Other Grants,1,
FG324-492122,Homeless Education Prog. FY18,Operating Funds,General Operating Funds,General Operating Funds,807,Other Grants,1,
FG324-442347,21st CCL Centers Cohort Project B1,Operating Funds,General Operating Funds,General Operating Funds,807,Other Grants,1,
FG124-000378,CCC - GE Capital Donation,Operating Funds,General Operating Funds,General Operating Funds,801,School Generated,1,
FG124-000381,Pritzker Military Foundation,Operating Funds,General Operating Funds,General Operating Funds,801,School Generated,1,
FG124-004162,High Tech High Graduate - School of Education,Operating Funds,General Operating Funds,General Operating Funds,801,School Generated,1,
FG124-004163,"Paragon Marketing Group, LLC - Westinghouse Students",Operating Funds,General Operating Funds,General Operating Funds,801,School Generated,1,
FG115-008005,International Baccalaureate Program,Operating Funds,General Operating Funds,General Operating Funds,801,General Fund,1,
FG115-008008,Classical Schools,Operating Funds,General Operating Funds,General Operating Funds,801,General Fund,1,
FG326-491019,K-12 Learn & Serve Grant,Operating Funds,General Operating Funds,General Operating Funds,807,Other Grants,1,
FG124-004164,The University of Chicago - Phoenix Military Academy H.S.,Operating Funds,General Operating Funds,General Operating Funds,801,School Generated,1,
FG124-070101,Code.org,Operating Funds,General Operating Funds,General Operating Funds,801,School Generated,1,
FG124-000421,FACILITRON- FG124-000421,Operating Funds,General Operating Funds,General Operating Funds,801,School Generated,1,
FG324-580222,Healthy CPS -HIV/STD Prevention Initiative 221077  -  FG324-580222,Operating Funds,General Operating Funds,General Operating Funds,807,Other Grants,1,
FG324-580228,Healthy Chicago Public Schools-Yrbs 262006,Operating Funds,General Operating Funds,General Operating Funds,807,Other Grants,1,
FG324-580229,Healthy CPS-Hiv/Std Prevention Initiative 221077,Operating Funds,General Operating Funds,General Operating Funds,807,Other Grants,1,
FG324-492127,Homeless Education Program- Mckinney Vento,Operating Funds,General Operating Funds,General Operating Funds,807,Other Grants,1,
FG124-000524,Tawani Foundation Military JROTC,Operating Funds,General Operating Funds,General Operating Funds,801,School Generated,1,
FG124-004169,LUCAP Payment - Department of Literacy,Operating Funds,General Operating Funds,General Operating Funds,801,School Generated,1,
FG324-550030,Il For Arts And Stem Education - 0203,Operating Funds,General Operating Funds,General Operating Funds,807,Other Grants,1,
FG324-552313,Summer Language Institute For American Youth Program,Operating Funds,General Operating Funds,General Operating Funds,807,Other Grants,1,
FG324-580121,Healthy Chicago Public Schools (Year 1),Operating Funds,General Operating Funds,General Operating Funds,807,Other Grants,1,
FG324-517512,Enhancing Students Skills for Success,Operating Funds,General Operating Funds,General Operating Funds,807,Other Grants,1,
FG324-517515,Enhancing Students Skills for Success,Operating Funds,General Operating Funds,General Operating Funds,807,Other Grants,1,
FG324-521809,DOJ Byrne Disc After School Counts,Operating Funds,General Operating Funds,General Operating Funds,807,Other Grants,1,
FG324-524013,Secondary Trans Exp Prog (STEP),Operating Funds,General Operating Funds,General Operating Funds,807,Other Grants,1,
FG124-000827,Citywide Private Foundation,Operating Funds,General Operating Funds,General Operating Funds,801,School Generated,1,
FG324-580295,UIC Whole Child  -  FG324-580295,Operating Funds,General Operating Funds,General Operating Funds,807,Other Grants,1,
FG324-442138,21st Century Community Learning Centers 2,Operating Funds,General Operating Funds,General Operating Funds,807,Other Grants,1,
FG324-442175,21st Century Community Learning Centers - (Cohort 15-Grant 4)FY19,Operating Funds,General Operating Funds,General Operating Funds,807,Other Grants,1,
FG324-499969,21st Cntry. Comm. Lrn. Ctr.-Mexican Fine Arts,Operating Funds,General Operating Funds,General Operating Funds,807,Other Grants,1,
FG324-499971,21st Cntry. Comm. Lrn. Ctr.-After School,Operating Funds,General Operating Funds,General Operating Funds,807,Other Grants,1,
FG124-010229,Confucius Institute of Chicago (2015 Annual Funds),Operating Funds,General Operating Funds,General Operating Funds,801,School Generated,1,
FG353-493523,FY20 Teacher Quality - Teacher Residencies,Operating Funds,General Operating Funds,General Operating Funds,805,NCLB Federal,1,
FG356-494094,Title IIA Teacher Quality,Operating Funds,General Operating Funds,General Operating Funds,805,NCLB Federal,1,
FG362-376665,State Preschool for All Age 3-5 FY18,Operating Funds,General Operating Funds,General Operating Funds,807,Other Grants,1,
FG124-905116,CFF Improving Arts Access in CPS,Operating Funds,General Operating Funds,General Operating Funds,801,School Generated,1,
FG324-399828,Computer Science Equity Grant - 25-3999-Cs,Operating Funds,General Operating Funds,General Operating Funds,807,Other Grants,1,
FG324-100404,CDPH/CPS School-Based Vision Program,Operating Funds,General Operating Funds,General Operating Funds,807,Other Grants,1,
FG324-188856,IGA New Principal Mentoring Program - Isbe,Operating Funds,General Operating Funds,General Operating Funds,807,Other Grants,1,
FG356-000108,Sick and Vacation Termination Payout - TCH,Operating Funds,General Operating Funds,General Operating Funds,805,NCLB Federal,1,
FG362-376673,State Preschool for All Age 3-5 Community Partnerships FY20,Operating Funds,General Operating Funds,General Operating Funds,807,Other Grants,1,
FG362-376676,State Preschool for All Age 0-3 Community Partnerships,Operating Funds,General Operating Funds,General Operating Funds,807,Other Grants,1,
FG326-541200,NASA Explorer School,Operating Funds,General Operating Funds,General Operating Funds,807,Other Grants,1,
FG124-905124,CFF Crown Postsecondary Advising Planing Cohort,Operating Funds,General Operating Funds,General Operating Funds,801,School Generated,1,
FG127,Playground Operating Fund,Operating Funds,NA,General Operating Funds,801,General Fund,0,
FG127-070148,CFF-Chase Summer Certification Program,Operating Funds,General Operating Funds,General Operating Funds,801,General Fund,1,
FG129-000000,CTPF Pension Levy,Operating Funds,General Operating Funds,General Operating Funds,801,General Fund,1,
FG324-199922,JROTC Parade Program,Operating Funds,General Operating Funds,General Operating Funds,807,Other Grants,1,
FG362-376680,State Preschool for All Age 3-5 Diverse Learners,Operating Funds,General Operating Funds,General Operating Funds,807,Other Grants,1,
FG353-493526,Teacher Quality - Teacher Residencies RFP,Operating Funds,General Operating Funds,General Operating Funds,805,NCLB Federal,1,
FG353-494013,Title IIA - Teacher Quality,Operating Funds,General Operating Funds,General Operating Funds,805,NCLB Federal,1,
FG331-430094,Public Instr and Support Services ARRA,Operating Funds,General Operating Funds,General Operating Funds,805,NCLB Federal,1,
FG220-000000,Federal Special Education IDEA Programs,Operating Funds,General Operating Funds,General Operating Funds,807,Other Grants,1,
FG220-000108,Sick and Vacation Termination Payout - TCH,Operating Funds,General Operating Funds,General Operating Funds,807,Other Grants,1,
FG324-399926,Healthy Communities Investments 17-3999,Operating Funds,General Operating Funds,General Operating Funds,807,Other Grants,1,
FG356-330500,Bilingual Ed TPI & TBE,Operating Funds,General Operating Funds,General Operating Funds,805,NCLB Federal,1,
FG356-330502,Bilingual Ed TPI & TBE,Operating Funds,General Operating Funds,General Operating Funds,805,NCLB Federal,1,
FG356-330504,Bilingual Ed TPI & TBE,Operating Funds,General Operating Funds,General Operating Funds,805,NCLB Federal,1,
FG220-463022,IDEA Disc B/Ed Continuum,Operating Funds,General Operating Funds,General Operating Funds,807,Other Grants,1,
FG336-500985,Arts Teachers Leading Achievement and Success (ATLAS) FY20,Operating Funds,General Operating Funds,General Operating Funds,805,NCLB Federal,1,
FG356-376704,Bilingual Ed TPI & TBE,Operating Funds,General Operating Funds,General Operating Funds,805,NCLB Federal,1,
FG356-376720,Bilingual Ed TPI & TPE,Operating Funds,General Operating Funds,General Operating Funds,805,NCLB Federal,1,
FG220-463120,Regional Professional Development Center,Operating Funds,General Operating Funds,General Operating Funds,807,Other Grants,1,
FG220-463513,Corey H. Training & Tech.,Operating Funds,General Operating Funds,General Operating Funds,807,Other Grants,1,
FG336-500983,Arts Teachers Leading Achievement and Success (ATLAS) FY18,Operating Funds,General Operating Funds,General Operating Funds,805,NCLB Federal,1,
FG353-494089,Title IIA Archidiocese Of Chicago. Suppl.Servc.,Operating Funds,General Operating Funds,General Operating Funds,805,NCLB Federal,1,
FG353-494091,Title IIA - Reduced Class Size,Operating Funds,General Operating Funds,General Operating Funds,805,NCLB Federal,1,
FG362-376641,State Preschool for All Age 3-5 Extended Supports,Operating Funds,General Operating Funds,General Operating Funds,807,Other Grants,1,
FG362-376642,State Preschool for All Age 3-5 Diverse Learners,Operating Funds,General Operating Funds,General Operating Funds,807,Other Grants,1,
FG353-494031,Title IIA - Other Private Supplementary Servc.,Operating Funds,General Operating Funds,General Operating Funds,805,NCLB Federal,1,
FG332-430242,ESSA (NCLB Choice),Operating Funds,General Operating Funds,General Operating Funds,805,NCLB Federal,1,
FG331-430099,NonPublic Instr and Support Services Jewish ARRA,Operating Funds,General Operating Funds,General Operating Funds,805,NCLB Federal,1,
FG331-430112,Supplementary,Operating Funds,General Operating Funds,General Operating Funds,805,NCLB Federal,1,
FG220-041008,Contingency for Grant Expansion,Operating Funds,General Operating Funds,General Operating Funds,807,Other Grants,1,
FG353-494042,Title IIA - Archdiocese of Chicago Supplemntary Services,Operating Funds,General Operating Funds,General Operating Funds,805,NCLB Federal,1,
FG356-430141,Title I,Operating Funds,General Operating Funds,General Operating Funds,805,NCLB Federal,1,
FG332,NCLB Title I Regular Fund,Operating Funds,NA,General Operating Funds,805,NCLB Federal,0,
FG332-430114,NCLB - Choice Schools / SES,Operating Funds,General Operating Funds,General Operating Funds,805,NCLB Federal,1,
FG220-462063,LEA FlowThru Summer,Operating Funds,General Operating Funds,General Operating Funds,807,Other Grants,1,
FG356-490920,Title III - Language Acquisition,Operating Funds,General Operating Funds,General Operating Funds,805,NCLB Federal,1,
FG362-376682,State Preschool for All Age 3-5  -  FG362-376682,Operating Funds,General Operating Funds,General Operating Funds,807,Other Grants,1,
FG362-376683,State Preschool For All Age 0-3 Community Partnerships,Operating Funds,General Operating Funds,General Operating Funds,807,Other Grants,1,
FG362-376685,State Preschool For All Age 0-3 Community Partnerships -  FG362-376685,Operating Funds,General Operating Funds,General Operating Funds,807,Other Grants,1,
FG332-430120,Nonpublic Inst. & Supp. Serv. - Catholic,Operating Funds,General Operating Funds,General Operating Funds,805,NCLB Federal,1,
FG332-430187,Nonpublic Inst. & Supp. Serv. - Independ.,Operating Funds,General Operating Funds,General Operating Funds,805,NCLB Federal,1,
FG312-421001,Lunchroom Lunch Program,Operating Funds,General Operating Funds,General Operating Funds,806,Lunchroom,1,
FG312-421005,Local Food for Schools FY24,Operating Funds,General Operating Funds,General Operating Funds,806,Lunchroom,1,
FG312-422503,Summer Food Service Program FY20,Operating Funds,General Operating Funds,General Operating Funds,806,Lunchroom,1,
FG353-494103,Title IIA Archidiocese Of Chicago. Suppl.Servc.,Operating Funds,General Operating Funds,General Operating Funds,805,NCLB Federal,1,
FG362-376690,State Preschool For All Age 3-5,Operating Funds,General Operating Funds,General Operating Funds,807,Other Grants,1,
FG362-399002,Hold Harmless FY 15,Operating Funds,General Operating Funds,General Operating Funds,807,Other Grants,1,
FG353-494044,Title II - Supplementary,Operating Funds,General Operating Funds,General Operating Funds,805,NCLB Federal,1,
FG332-430247,Title I - School Improvement Focus Initiative,Operating Funds,General Operating Funds,General Operating Funds,805,NCLB Federal,1,
FG332-430248,Title I - School Improvement Priority Initiative,Operating Funds,General Operating Funds,General Operating Funds,805,NCLB Federal,1,
FG332-430253,Nonpublic Inst. & Supp. Serv. - Christian,Operating Funds,General Operating Funds,General Operating Funds,805,NCLB Federal,1,
FG312-422504,Summer Food Service Program,Operating Funds,General Operating Funds,General Operating Funds,806,Lunchroom,1,
FG312-422601,Lunchroom Child & Adult Care Food Program,Operating Funds,General Operating Funds,General Operating Funds,806,Lunchroom,1,
FG324,Misc. Federal State and Local Grants,Operating Funds,NA,General Operating Funds,807,Other Grants,0,
FG358-490954,Title III - Language Acquisition,Operating Funds,General Operating Funds,General Operating Funds,805,NCLB Federal,1,
FG358-509191,Project SERV,Operating Funds,General Operating Funds,General Operating Funds,805,NCLB Federal,1,
FG356-490928,Title III - Language Acquisition,Operating Funds,General Operating Funds,General Operating Funds,805,NCLB Federal,1,
FG332-000109,Sick and Vacation Termination Payout - ESP,Operating Funds,General Operating Funds,General Operating Funds,805,NCLB Federal,1,
FG324-100101,Out-of-School-Time Awards,Operating Funds,General Operating Funds,General Operating Funds,807,Other Grants,1,
FG358-509192,Teams Intrvns Evals Res for Supp Schls TIERSS,Operating Funds,General Operating Funds,General Operating Funds,805,NCLB Federal,1,
FG356-490936,Title III - Language Acquisition,Operating Funds,General Operating Funds,General Operating Funds,805,NCLB Federal,1,
FG356-490937,Title III - Lmtd. Eng. Prf. - Nonpublic,Operating Funds,General Operating Funds,General Operating Funds,805,NCLB Federal,1,
FG324-100106,Out-of-School-Time IGA FY19,Operating Funds,General Operating Funds,General Operating Funds,807,Other Grants,1,
FG324-100111,After School All Stars - Out of School Time Awards IGA FY24,Operating Funds,General Operating Funds,General Operating Funds,807,Other Grants,1,
FG362-376654,State Preschool for All Age 0-3 Community Partnerships,Operating Funds,General Operating Funds,General Operating Funds,807,Other Grants,1,
FG362-376657,State Preschool for All Age 0-3 Community Partnerships,Operating Funds,General Operating Funds,General Operating Funds,807,Other Grants,1,
FG362-376658,State Preschool for All Age 3-5 Community Partnerships,Operating Funds,General Operating Funds,General Operating Funds,807,Other Grants,1,
FG332-430133,Nonpublic Instruction & Support Services - Christian,Operating Funds,General Operating Funds,General Operating Funds,805,NCLB Federal,1,
FG324-100311,Aldermanic School Micro-Grant Ward 13 - Hubbard HS,Operating Funds,General Operating Funds,General Operating Funds,807,Other Grants,1,
FG358-509203,Developing School Nursing Pipeline for Consistent Care (DSNPCC) -  FG358-509203,Operating Funds,General Operating Funds,General Operating Funds,805,NCLB Federal,1,
FG353-494069,Title II - Supplementary,Operating Funds,General Operating Funds,General Operating Funds,805,NCLB Federal,1,
FG356-490941,Title III - IEP,Operating Funds,General Operating Funds,General Operating Funds,805,NCLB Federal,1,
FG356-490943,Title III - Lmtd. Eng. Prf. - Nonpublic,Operating Funds,General Operating Funds,General Operating Funds,805,NCLB Federal,1,
FG332-430200,Title I - District Parent Involvement,Operating Funds,General Operating Funds,General Operating Funds,805,NCLB Federal,1,
FG332-430204,Nonpublic Inst. & Supp. Serv. - Christian,Operating Funds,General Operating Funds,General Operating Funds,805,NCLB Federal,1,
FG332-430263,Title I - School Improvement Focus Initiative,Operating Funds,General Operating Funds,General Operating Funds,805,NCLB Federal,1,
FG358-580240,School Based MHS Grant- CPS R and R of School-Based Clinical St -  FG358-580240,Operating Funds,General Operating Funds,General Operating Funds,805,NCLB Federal,1,
FG353-402211,Developing Models and Tools for PD,Operating Funds,General Operating Funds,General Operating Funds,805,NCLB Federal,1,
FG356-490949,Title III - Lmtd. Eng. Prf. - Nonpublic,Operating Funds,General Operating Funds,General Operating Funds,805,NCLB Federal,1,
FG332-430268,Nonpublic Inst. & Supp. Serv. - Independ. -  FG332-430268,Operating Funds,General Operating Funds,General Operating Funds,805,NCLB Federal,1,
FG332-430270,Nonpublic Inst. & Supp. Serv. - Lutheran -  FG332-430270,Operating Funds,General Operating Funds,General Operating Funds,805,NCLB Federal,1,
FG324-100402,City of Chicago Vision Program,Operating Funds,General Operating Funds,General Operating Funds,807,Other Grants,1,
FG324-100405,CDPH/CPS School-Based Vision Program FY18,Operating Funds,General Operating Funds,General Operating Funds,807,Other Grants,1,
FG324-100413,CDPH/CPS School-Based Vision Program IGA  -  FG324-100413,Operating Funds,General Operating Funds,General Operating Funds,807,Other Grants,1,
FG354,Title IID - Educational Technology,Operating Funds,NA,General Operating Funds,805,NCLB Federal,0,
FG362-499939,Preschool Expansion FY19,Operating Funds,General Operating Funds,General Operating Funds,807,Other Grants,1,
FG332-430139,Mandated Parent Involvement,Operating Funds,General Operating Funds,General Operating Funds,805,NCLB Federal,1,
FG324-188817,IGA Attendance and Truancy TIP,Operating Funds,General Operating Funds,General Operating Funds,807,Other Grants,1,
FG362-041008,Contingency for Grant Expansion,Operating Funds,General Operating Funds,General Operating Funds,807,Other Grants,1,
FG353-494078,Title IIA - Other Private Supplementary Servc.,Operating Funds,General Operating Funds,General Operating Funds,805,NCLB Federal,1,
FG332-430146,Title I - Nonpublic Instruction & Support Services - Jewish,Operating Funds,General Operating Funds,General Operating Funds,805,NCLB Federal,1,
FG332-430207,Title 1 - District Initiatives,Operating Funds,General Operating Funds,General Operating Funds,805,NCLB Federal,1,
FG324-399819,District Broadband Expansion Grant- Isbe  -  FG324-399819,Operating Funds,General Operating Funds,General Operating Funds,807,Other Grants,1,
FG324-399821,Teacher Vacancy Grant Pilot Program - ISB  -  FG324-399821,Operating Funds,General Operating Funds,General Operating Funds,807,Other Grants,1,
FG353-493513,Title II Teacher Quality Leadership,Operating Funds,General Operating Funds,General Operating Funds,805,NCLB Federal,1,
FG353-493518,Teacher Quality Leadership Grant FY18,Operating Funds,General Operating Funds,General Operating Funds,805,NCLB Federal,1,
FG353-493520,Title II-Improving Teacher Quality-RA Leadership & Sustainability,Operating Funds,General Operating Funds,General Operating Funds,805,NCLB Federal,1,
FG369-322027,CTE Ed Career Pathway Continuation,Operating Funds,General Operating Funds,General Operating Funds,807,Other Grants,1,
FG369-322028,Career & Technical Educ. Improvement Grant (CTEI)  -  FG369-322028,Operating Funds,General Operating Funds,General Operating Funds,807,Other Grants,1,
FG367-434031,SIG Transformation - Juarez HS,Operating Funds,General Operating Funds,General Operating Funds,807,Other Grants,1,
FG701-543517,FIE Smaller Learning Communities,Operating Funds,General Operating Funds,Others,,,1,
FG124-433190,School and District Improvement - formerly IL Empower (Cohort 13),Operating Funds,General Operating Funds,General Operating Funds,801,School Generated,1,
FG124-442122,21st Cntry. Comm. Lrn. Ctr.-After School,Operating Funds,General Operating Funds,General Operating Funds,801,School Generated,1,
FG124-494052,Title II - Supplementary,Operating Funds,General Operating Funds,General Operating Funds,801,School Generated,1,
FG124-806000,McArthur Foundation,Operating Funds,General Operating Funds,General Operating Funds,801,School Generated,1,
FG124-900759,POL HS Transformation Agile Mind,Operating Funds,General Operating Funds,General Operating Funds,801,School Generated,1,
FG124-070600,21st Century MOU Program Income,Operating Funds,General Operating Funds,General Operating Funds,801,School Generated,1,
FG332-430072,Public Inst & Support Services,Operating Funds,General Operating Funds,General Operating Funds,805,NCLB Federal,1,
FG332-430080,NCLB - Choice Schools,Operating Funds,General Operating Funds,General Operating Funds,805,NCLB Federal,1,
FG799-300097,North River After School Collaborative FY11,Operating Funds,General Operating Funds,Others,,,1,
FG799-322015,Career & Technical Educ. Improvement Grant,Operating Funds,General Operating Funds,Others,,,1,
FG332-430156,Nonpublic Inst. & Supp. Serv. - Independ.,Operating Funds,General Operating Funds,General Operating Funds,805,NCLB Federal,1,
FG701-500460,STARTALK URDU LANGUAGE CAMP,Operating Funds,General Operating Funds,Others,,,1,
FG701-500687,Refugee Children's School Impact Grant,Operating Funds,General Operating Funds,Others,,,1,
FG701-500693,Refugee Children's School Impact Grant,Operating Funds,General Operating Funds,Others,,,1,
FG124-070930,Harvard Ed.L.D. Fellowship Program- FG124-070930,Operating Funds,General Operating Funds,General Operating Funds,801,School Generated,1,
FG124-070938,HCRC and Lorriane M. Sullivan Fund- Child-Parent Center Program,Operating Funds,General Operating Funds,General Operating Funds,801,School Generated,1,
FG369-410023,CONTINGENCY FOR PROJECT EXPAN,Operating Funds,General Operating Funds,General Operating Funds,807,Other Grants,1,
FG369-474546,Special Student Needs - C Perkins,Operating Funds,General Operating Funds,General Operating Funds,807,Other Grants,1,
FG332-430220,Nonpublic Inst. & Supp. Serv. - Independ.,Operating Funds,General Operating Funds,General Operating Funds,805,NCLB Federal,1,
FG332-430227,Mandated Parent Involvement,Operating Funds,General Operating Funds,General Operating Funds,805,NCLB Federal,1,
FG701-547528,Indian Elem/Sec. Assistance Prog.,Operating Funds,General Operating Funds,Others,,,1,
FG701-548024,Track 2 CS10K: Accelerate ECS4ALL FY19,Operating Funds,General Operating Funds,Others,,,1,
FG124-070940,CPEF Fall Workshop Stipends- FG124-070940,Operating Funds,General Operating Funds,General Operating Funds,801,School Generated,1,
FG324-550008,Aids Foundation of Chicago,Operating Funds,General Operating Funds,General Operating Funds,807,Other Grants,1,
FG230-462053,LEA FlowThru Inclusive Schools,Operating Funds,General Operating Funds,General Operating Funds,809,General Fund,1,
FG453,CIP Series 2023A,Capital Funds,NA,Others,810,Capital Projects Fund,0,
FG453-000000,CIP Series 2023A,Capital Funds,Capital Funds,Others,810,Capital Projects Fund,1,
FG369-474551,Development/Support-C.Perkins,Operating Funds,General Operating Funds,General Operating Funds,807,Other Grants,1,
FG332-430272,Title I - District Initiatives -  FG332-430272,Operating Funds,General Operating Funds,General Operating Funds,805,NCLB Federal,1,
FG332-430276,Title I - ESSA - Summer Learning Initiative -  FG332-430276,Operating Funds,General Operating Funds,General Operating Funds,805,NCLB Federal,1,
FG332-430279,Title I - School Improvement Focus Initiative -  FG332-430279,Operating Funds,General Operating Funds,General Operating Funds,805,NCLB Federal,1,
FG124-070701,Joyce Foundation - West Ed,Operating Funds,General Operating Funds,General Operating Funds,801,School Generated,1,
FG324-550015,IL for Arts and STEM Education- Grant 4- FG324-550015,Operating Funds,General Operating Funds,General Operating Funds,807,Other Grants,1,
FG370-499823,ESSER III - DW Targeted -  FG370-499823,Operating Funds,General Operating Funds,General Operating Funds,807,Other Grants,1,
FG369-474560,Carl Perkins - Development / Support,Operating Funds,General Operating Funds,General Operating Funds,807,Other Grants,1,
FG701-517501,Chicago Teen Pregnancy Prevention Initiative,Operating Funds,General Operating Funds,Others,,,1,
FG370-499830,ARP- Social Emotional Learning and Trauma Response- FG370-499830,Operating Funds,General Operating Funds,General Operating Funds,807,Other Grants,1,
FG370-499831,ARP ESSER III State Set Aside Grant-? After School Programs- FG370-499831,Operating Funds,General Operating Funds,General Operating Funds,807,Other Grants,1,
FG367-434038,SIG Transformation - District,Operating Funds,General Operating Funds,General Operating Funds,807,Other Grants,1,
FG455-000000,Future Series Bond 2024,Capital Funds,Capital Funds,Others,810,Capital Projects Fund,1,
FG514-000000,PBC Rental Series A Of 1989,Operating Funds,Debt-Service Funds,Debt-Service Funds,808,Debt Service Fund,1,
FG518,PBC Rental Series B Of 1990,Operating Funds,NA,Debt-Service Funds,808,Debt Service Fund,0,
FG124-070959,AIR-Advancing Evidence Improving Lives,Operating Funds,General Operating Funds,General Operating Funds,801,School Generated,1,
FG124-070964,MSI SLI Pre Survey Stipend,Operating Funds,General Operating Funds,General Operating Funds,801,School Generated,1,
FG124-070965,Michigan State University - Stipends,Operating Funds,General Operating Funds,General Operating Funds,801,School Generated,1,
FG369-474568,Special Student Needs-C. Perkins,Operating Funds,General Operating Funds,General Operating Funds,807,Other Grants,1,
FG606,CIP Bonds Of 1996 - Debt Services,Operating Funds,NA,Debt-Service Funds,808,Debt Service Fund,0,
FG701-521812,US Department of Justice Grant - CPS,Operating Funds,General Operating Funds,Others,,,1,
FG701-528310,Community Arts in Education (V),Operating Funds,General Operating Funds,Others,,,1,
FG701-581043,CPS Community Schools Initiative,Operating Funds,General Operating Funds,Others,,,1,
FG124-905004,CFF - MB Financial Charitable Foundation,Operating Funds,General Operating Funds,General Operating Funds,801,School Generated,1,
FG124-905008,CFF - McDougal Family - Demonstration Schools,Operating Funds,General Operating Funds,General Operating Funds,801,School Generated,1,
FG370-499841,ARP IDEA Preschool,Operating Funds,General Operating Funds,General Operating Funds,807,Other Grants,1,
FG608,CIP Bonds Of 1997 - Debt Services,Operating Funds,NA,Debt-Service Funds,808,Debt Service Fund,0,
FG799-430516,TITLE I PART D NEGLECTED PROGRAM ARRA,Operating Funds,General Operating Funds,Others,,,1,
FG701-500014,Chicago Alliance for Equity in Computer Science (CAFE-CS),Operating Funds,General Operating Funds,Others,,,1,
FG124-070980,MSI Stipends Out of School Educator Program,Operating Funds,General Operating Funds,General Operating Funds,801,School Generated,1,
FG124-070981,MSI Understanding Energy through Engineering course,Operating Funds,General Operating Funds,General Operating Funds,801,School Generated,1,
FG124-070983,Facillitron School Rental Revenue,Operating Funds,General Operating Funds,General Operating Funds,801,School Generated,1,
FG367-435025,SIG - Al Raby - (Cohort 3),Operating Funds,General Operating Funds,General Operating Funds,807,Other Grants,1,
FG370-000108,Sick and Vacation Termination Payout - TCH,Operating Funds,General Operating Funds,General Operating Funds,807,Other Grants,1,
FG370-041008,Contingency for Grant Expansion,Operating Funds,General Operating Funds,General Operating Funds,807,Other Grants,1,
FG370-100410,ELC Reopening Schools IGA,Operating Funds,General Operating Funds,General Operating Funds,807,Other Grants,1,
FG370-399959,District Broadband Expansion Grant- ISBE- FG370-399959,Operating Funds,General Operating Funds,General Operating Funds,807,Other Grants,1,
FG701-500038,RAPID: Mitigating the Impact of Forced Remote Learning of ECS Due,Operating Funds,General Operating Funds,Others,,,1,
FG701-528408,Title II - Effective Leaders Improve Schools,Operating Funds,General Operating Funds,Others,,,1,
FG124-071978,Ingenuity - APLC,Operating Funds,General Operating Funds,General Operating Funds,801,School Generated,1,
FG124-071981,Ingenuity - CSF10,Operating Funds,General Operating Funds,General Operating Funds,801,School Generated,1,
FG124-071999,E-Rate Charter School Consortium,Operating Funds,General Operating Funds,General Operating Funds,801,School Generated,1,
FG370-499851,Freedom Schools Grant 4998-FS,Operating Funds,General Operating Funds,General Operating Funds,807,Other Grants,1,
FG367-433970,School Improvement Grant Copernicus,Operating Funds,General Operating Funds,General Operating Funds,807,Other Grants,1,
FG367-433981,School Improvement Grant Yale,Operating Funds,General Operating Funds,General Operating Funds,807,Other Grants,1,
FG370-442294,21st Century Community Learning Centers - (Cohort 15-Grant 1),Operating Funds,General Operating Funds,General Operating Funds,807,Other Grants,1,
FG701-528413,Highly Effective Teachers / SEED,Operating Funds,General Operating Funds,Others,,,1,
FG701-529010,Preventing Truancy in Urban Schools FY11,Operating Funds,General Operating Funds,Others,,,1,
FG701-529012,Preventing Truancy in Urban Schools,Operating Funds,General Operating Funds,Others,,,1,
FG124-905011,CFF - Salesforce.org Tuition Reimbursement,Operating Funds,General Operating Funds,General Operating Funds,801,School Generated,1,
FG124-905014,CFF - MRHT Foundation - SPARCS FY20,Operating Funds,General Operating Funds,General Operating Funds,801,School Generated,1,
FG367-435033,SIG Bogan-(Cohort 3),Operating Funds,General Operating Funds,General Operating Funds,807,Other Grants,1,
FG367-435039,SIG - Kelly (Cohort 4),Operating Funds,General Operating Funds,General Operating Funds,807,Other Grants,1,
FG701-610000,Build America Bonds (BABS),Operating Funds,General Operating Funds,Others,,,1,
FG701-905104,CFF - NS CREATE Program's 75th St. CIP Grant,Operating Funds,General Operating Funds,Others,,,1,
FG124-071000,Northern Illinois University Foundation - Transportation Reimburs,Operating Funds,General Operating Funds,General Operating Funds,801,School Generated,1,
FG367-435041,SIG - District (Cohort 4),Operating Funds,General Operating Funds,General Operating Funds,807,Other Grants,1,
FG367-442157,21st Century Community Learning Centers,Operating Funds,General Operating Funds,General Operating Funds,807,Other Grants,1,
FG369-000108,Sick and Vacation Termination Payout - TCH,Operating Funds,General Operating Funds,General Operating Funds,807,Other Grants,1,
FG370-548059,Youth Employment Program-ARP,Operating Funds,General Operating Funds,General Operating Funds,807,Other Grants,1,
FG370-499806,ESSER - Nonpublic Inst & Supp Serv - Lutheran,Operating Funds,General Operating Funds,General Operating Funds,807,Other Grants,1,
FG370-499807,ESSER - Nonpublic Inst & Supp Serv - Jewish,Operating Funds,General Operating Funds,General Operating Funds,807,Other Grants,1,
FG701-541201,NASA NRA K12 Competative Grant Opportunity,Operating Funds,General Operating Funds,Others,,,1,
FG701-542128,Teacher Incentive Fund - CPS TIF,Operating Funds,General Operating Funds,Others,,,1,
FG701-542136,Distributed Leadership in Opportunity School (DLOS),Operating Funds,General Operating Funds,Others,,,1,
FG701-542137,Distributed Leadership In Opportunity School (DLOS),Operating Funds,General Operating Funds,Others,,,1,
FG701-542201,Carol M. White Physical Education Program Grant,Operating Funds,General Operating Funds,Others,,,1,
FG124-905018,CFF - Sprague Memorial Institute YRBS Grant,Operating Funds,General Operating Funds,General Operating Funds,801,School Generated,1,
FG124-905022,CFF - Roadmap Leader Philanthropic Grant,Operating Funds,General Operating Funds,General Operating Funds,801,School Generated,1,
FG369-322017,Career & Technical Education Improvement Grant,Operating Funds,General Operating Funds,General Operating Funds,807,Other Grants,1,
FG701-542203,Carol M. White Physical Education Program Grant,Operating Funds,General Operating Funds,Others,,,1,
FG799-433994,School Improvement Grant Harper,Operating Funds,General Operating Funds,Others,,,1,
FG799-462049,LEA Flow Thru Instruction ARRA,Operating Funds,General Operating Funds,Others,,,1,
FG799-462052,LEA FlowThru Instruction,Operating Funds,General Operating Funds,Others,,,1,
FG799-474550,Program Innovation-C.Perkins,Operating Funds,General Operating Funds,Others,,,1,
FG124-071930,Chicago Bears - Athletico,Operating Funds,General Operating Funds,General Operating Funds,801,School Generated,1,
FG369-322022,Career & Technical Educ. Improvement Grant (CTEI) FY18,Operating Funds,General Operating Funds,General Operating Funds,807,Other Grants,1,
FG369-322025,Career & Technical Educ. Improvement Grant (CTEI),Operating Funds,General Operating Funds,General Operating Funds,807,Other Grants,1,
FG370-499816,ESSER II - District Initiatives,Operating Funds,General Operating Funds,General Operating Funds,807,Other Grants,1,
FG701-500311,Magnet Schools Assistance Program (CPSMSAP) FY20,Operating Funds,General Operating Funds,Others,,,1,
FG701-442181,21st Century Community Learning Centers-(Cohort 19-Grant 2) FY19,Operating Funds,General Operating Funds,Others,,,1,
FG701-430297,Nonpublic Inst. and Supp. Serv. - Independ.,Operating Funds,General Operating Funds,Others,,,1,
FG701-430283,Nonpublic Inst. and Supp. Serv. - Catholic,Operating Funds,General Operating Funds,Others,,,1,
FG701-433162,IL-Empower (Cohort 20 - Grant 11),Operating Funds,General Operating Funds,Others,,,1,
FG701-433163,Il-Empower (Cohort 19 - Grant 1),Operating Funds,General Operating Funds,Others,,,1,
FG367-433142,Il-Empower (Cohort 19 - Grant 2) FY20,Operating Funds,General Operating Funds,General Operating Funds,807,Other Grants,1,
FG115-210301,After School 2014 Program Spring Break and Summer Break 2014 Pro,Operating Funds,General Operating Funds,General Operating Funds,801,General Fund,1,
FG115-337002,Drivers Education,Operating Funds,General Operating Funds,General Operating Funds,801,General Fund,1,
FG124-004134,CTE Construction Architecture and Pre-engineering Program,Operating Funds,General Operating Funds,General Operating Funds,801,School Generated,1,
FG701-433172,Il-Empower (Cohort 19 - Grant 10),Operating Funds,General Operating Funds,Others,,,1,
FG367-433920,School Improvement Grant Youth Connec CHRTR,Operating Funds,General Operating Funds,General Operating Funds,807,Other Grants,1,
FG367-433193,FY24 School and District  Improvement Grant (Cohort 15) - 35,Operating Funds,General Operating Funds,General Operating Funds,807,Other Grants,1,
FG115-376634,School Actions,Operating Funds,General Operating Funds,General Operating Funds,801,General Fund,1,
FG124-004138,Decatur Textbook Ins. Claim- FG124-004138,Operating Funds,General Operating Funds,General Operating Funds,801,School Generated,1,
FG124-070057,Thrive - Summer Melt,Operating Funds,General Operating Funds,General Operating Funds,801,School Generated,1,
FG124-070064,IDRA Coca-Cola VYP,Operating Funds,General Operating Funds,General Operating Funds,801,School Generated,1,
FG701-440055,Title IV Part A - Nonpublic,Operating Funds,General Operating Funds,Others,,,1,
FG701-440211,Homeless Services Food Stamp Outreach,Operating Funds,General Operating Funds,Others,,,1,
FG701-442129,21st Century CLC-4,Operating Funds,General Operating Funds,Others,,,1,
FG701-440048,"Title IV, Part A",Operating Funds,General Operating Funds,Others,,,1,
FG701-442130,21st Century Community Learning Centers 1,Operating Funds,General Operating Funds,Others,,,1,
FG367-433931,School Improvement Grant District,Operating Funds,General Operating Funds,General Operating Funds,807,Other Grants,1,
FG367-433940,School Improvement Grant Jackson,Operating Funds,General Operating Funds,General Operating Funds,807,Other Grants,1,
FG115-376640,ELEM & HS Network - Gen Board Funds,Operating Funds,General Operating Funds,General Operating Funds,801,General Fund,1,
FG115-376650,State Preschool for All Age 3-5 Local,Operating Funds,General Operating Funds,General Operating Funds,801,General Fund,1,
FG124-070918,Chicago Cubs All Star Horace Greeley ES,Operating Funds,General Operating Funds,General Operating Funds,801,School Generated,1,
FG124-070923,DeSports OST Computer Science Program -DePaul,Operating Funds,General Operating Funds,General Operating Funds,801,School Generated,1,
FG115-376611,Regional Gifted Centers,Operating Funds,General Operating Funds,General Operating Funds,801,General Fund,1,
FG115-376712,Special Education - Transportation,Operating Funds,General Operating Funds,General Operating Funds,801,General Fund,1,
FG115-395003,Orphanage Regular Students - Sec. 18-3,Operating Funds,General Operating Funds,General Operating Funds,801,General Fund,1,
FG324-433211,Comprehensive School Reform (Support) (C),Operating Funds,General Operating Funds,General Operating Funds,807,Other Grants,1,
FG701-430524,Neglected Programs FY18,Operating Funds,General Operating Funds,Others,,,1,
FG701-430525,Neglected Programs FY19,Operating Funds,General Operating Funds,Others,,,1,
FG701-430617,Delinquent Programs,Operating Funds,General Operating Funds,Others,,,1,
FG701-430624,Delinquent Programs FY18,Operating Funds,General Operating Funds,Others,,,1,
FG367-433218,School and District Improvement Grant (Title 1003a) - 4331-39,Operating Funds,General Operating Funds,General Operating Funds,807,Other Grants,1,
FG367-433160,Il-Empower (Cohort 19 - Grant 9),Operating Funds,General Operating Funds,General Operating Funds,807,Other Grants,1,
FG115-430141,Title I - Public Instruction & Support Services,Operating Funds,General Operating Funds,General Operating Funds,801,General Fund,1,
FG124-905023,CFF -FY21 McCormick Foundation K-12 Civics,Operating Funds,General Operating Funds,General Operating Funds,801,School Generated,1,
FG701-433184,Il Empower (Cohort 19 - Grant 11),Operating Funds,General Operating Funds,Others,,,1,
FG367-433164,Il-Empower (Cohort 19 - Grant 2)  -  FG367-433164,Operating Funds,General Operating Funds,General Operating Funds,807,Other Grants,1,
FG367-433169,Il-Empower (Cohort 19 - Grant 7)  -  FG367-433169,Operating Funds,General Operating Funds,General Operating Funds,807,Other Grants,1,
FG115-439201,R.O.T.C. - Marines,Operating Funds,General Operating Funds,General Operating Funds,801,General Fund,1,
FG115-490001,Medicaid - Administrative,Operating Funds,General Operating Funds,General Operating Funds,801,General Fund,1,
FG124-905027,CFF - Helen Thom STEM Donation,Operating Funds,General Operating Funds,General Operating Funds,801,School Generated,1,
FG124-905040,CityArts Chicago Theater Grant,Operating Funds,General Operating Funds,General Operating Funds,801,School Generated,1,
FG124-905045,CFF - Success Bound Donation,Operating Funds,General Operating Funds,General Operating Funds,801,School Generated,1,
FG701-442136,21st Century Community Learning Centers,Operating Funds,General Operating Funds,Others,,,1,
FG701-442138,21st Century Community Learning Centers 2,Operating Funds,General Operating Funds,Others,,,1,
FG701-442140,21st Century Community Learning Centers 4,Operating Funds,General Operating Funds,Others,,,1,
FG367-433222,School and District Improvement Grant (Title 1003a) Cohort 18,Operating Funds,General Operating Funds,General Operating Funds,807,Other Grants,1,
FG115-492115,Homeless Education Prog.,Operating Funds,General Operating Funds,General Operating Funds,801,General Fund,1,
FG115-494033,Title IIA - Teacher Quality,Operating Funds,General Operating Funds,General Operating Funds,801,General Fund,1,
FG124-905048,CFF - Adobe/Benevity Donation,Operating Funds,General Operating Funds,General Operating Funds,801,School Generated,1,
FG124-905049,CFF - Joe Fresh Donation,Operating Funds,General Operating Funds,General Operating Funds,801,School Generated,1,
FG701-442204,21st Century Community Learning Centers - (Cohort 15-Grant 6),Operating Funds,General Operating Funds,Others,,,1,
FG701-442218,Illinois 21st Century CLC - NEIU,Operating Funds,General Operating Funds,Others,,,1,
FG701-442219,21st Century CLC - NEIU,Operating Funds,General Operating Funds,Others,,,1,
FG701-442221,21st Century CLC-Columbia College-Darwin School,Operating Funds,General Operating Funds,Others,,,1,
FG701-442223,21st Century CLC - NEIU FY18,Operating Funds,General Operating Funds,Others,,,1,
FG367-433500,SDI FY26 EPM ONLY,Operating Funds,General Operating Funds,General Operating Funds,807,Other Grants,1,
FG367-433179,School and District Improvement (Cohort 19 - Grant 6),Operating Funds,General Operating Funds,General Operating Funds,807,Other Grants,1,
FG367-433184,School and District Improvement (Cohort 19 - Grant 11),Operating Funds,General Operating Funds,General Operating Funds,807,Other Grants,1,
FG117-000012,Tuition Based Preschool-Early Childhood,Operating Funds,General Operating Funds,General Operating Funds,801,School Generated,1,
FG117-002239,Internal Accounts Book Transfers,Operating Funds,General Operating Funds,General Operating Funds,801,School Generated,1,
FG799-500676,Refugee Children's School Impact Grant,Operating Funds,General Operating Funds,Others,,,1,
FG799-500972,Partnership for arts integration research,Operating Funds,General Operating Funds,Others,,,1,
FG701-430629,Delinquent Programs,Operating Funds,General Operating Funds,Others,,,1,
FG367-433191,School and District Improvement (Cohort 34) -  FG367-433191,Operating Funds,General Operating Funds,General Operating Funds,807,Other Grants,1,
FG367-433192,School and District Improvement (Cohort 20),Operating Funds,General Operating Funds,General Operating Funds,807,Other Grants,1,
FG362-510217,Headstart-Child Development,Operating Funds,General Operating Funds,General Operating Funds,807,Other Grants,1,
FG124-070002,Exelon-Von Steuben,Operating Funds,General Operating Funds,General Operating Funds,801,School Generated,1,
FG799-509189,SDFS - Readiness & Emergency Management Schools,Operating Funds,General Operating Funds,Others,,,1,
FG799-512018,CPS School Laboratory Enhancement Program,Operating Funds,General Operating Funds,Others,,,1,
FG799-521812,US Department of Justice Grant - CPS,Operating Funds,General Operating Funds,Others,,,1,
FG799-524015,Secondary Trans. Exp. Prog. (STEP),Operating Funds,General Operating Funds,Others,,,1,
FG799-525010,Noise Program Implementation Hitch ARRA,Operating Funds,General Operating Funds,Others,,,1,
FG701-442153,21st Century Community Learning Centers - (Cohort 15-Grant 3),Operating Funds,General Operating Funds,Others,,,1,
FG364-410008,CONTINGENCY FOR PROJECT EXPAN,Operating Funds,General Operating Funds,General Operating Funds,807,Other Grants,1,
FG367-424057,SIG - Holmes (Cohort 5) FY18,Operating Funds,General Operating Funds,General Operating Funds,807,Other Grants,1,
FG124-070006,Project Lead the Way - Hancock,Operating Funds,General Operating Funds,General Operating Funds,801,School Generated,1,
FG799-578213,Project Italic Integrative Technology in Arabic,Operating Funds,General Operating Funds,Others,,,1,
FG799-499967,21st Cntry. Comm. Lrn. Ctr.-After School,Operating Funds,General Operating Funds,Others,,,1,
FG701-500748,Youth Career Connect,Operating Funds,General Operating Funds,Others,,,1,
FG701-400402,Investing In Innovation (i3),Operating Funds,General Operating Funds,Others,,,1,
FG701-403411,Increase Teacher Quality,Operating Funds,General Operating Funds,Others,,,1,
FG701-408252,Project Safe Neighborhood(PSN13) Year 2,Operating Funds,General Operating Funds,Others,,,1,
FG364-433726,Reading 1st - Technical Assistance,Operating Funds,General Operating Funds,General Operating Funds,807,Other Grants,1,
FG124-070007,Project Lead The Way (All),Operating Funds,General Operating Funds,General Operating Funds,801,School Generated,1,
FG701-500842,Restorative Justice Conflict Resolution,Operating Funds,General Operating Funds,Others,,,1,
FG701-500747,Youth Career Connect,Operating Funds,General Operating Funds,Others,,,1,
FG799-376629,State Pre-K - IDCEO,Operating Funds,General Operating Funds,Others,,,1,
FG701-421001,Lunchroom Lunch Program,Operating Funds,General Operating Funds,Others,,,1,
FG701-424017,Fresh Fruit and Vegetables Program,Operating Funds,General Operating Funds,Others,,,1,
FG364-433727,Reading 1st - Prof Development,Operating Funds,General Operating Funds,General Operating Funds,807,Other Grants,1,
FG367-000109,Sick and Vacation Termination Payout - ESP,Operating Funds,General Operating Funds,General Operating Funds,807,Other Grants,1,
FG367-041008,Contingency for Grant Expansion,Operating Funds,General Operating Funds,General Operating Funds,807,Other Grants,1,
FG799-396112,Advanced Placement Classes CCSS,Operating Funds,General Operating Funds,Others,,,1,
FG799-400074,Gear-Up / NEIU,Operating Funds,General Operating Funds,Others,,,1,
FG124-070400,Howard University Bus Tour,Operating Funds,General Operating Funds,General Operating Funds,801,School Generated,1,
FG701-424024,Fresh Fruit and Vegetables Program,Operating Funds,General Operating Funds,Others,,,1,
FG367-424046,SIG - Burke (Cohort 5),Operating Funds,General Operating Funds,General Operating Funds,807,Other Grants,1,
FG367-424048,SIG - Marshall (Cohort 5),Operating Funds,General Operating Funds,General Operating Funds,807,Other Grants,1,
FG124-000052,Council of Greater City Schools,Operating Funds,General Operating Funds,General Operating Funds,801,School Generated,1,
FG124-004111,Library PD Contractual Sponsorship,Operating Funds,General Operating Funds,General Operating Funds,801,School Generated,1,
FG124-070041,The Broad Residency - McClary,Operating Funds,General Operating Funds,General Operating Funds,801,School Generated,1,
FG701-430106,Public Inst. & Support Services,Operating Funds,General Operating Funds,Others,,,1,
FG367-424051,SIG - Holmes (Cohort 5),Operating Funds,General Operating Funds,General Operating Funds,807,Other Grants,1,
FG367-424084,SIG - Gage Park (Cohort 6) FY18,Operating Funds,General Operating Funds,General Operating Funds,807,Other Grants,1,
FG115-000327,STEM,Operating Funds,General Operating Funds,General Operating Funds,801,General Fund,1,
FG124-070052,Free CTA Fare Card Pilot,Operating Funds,General Operating Funds,General Operating Funds,801,School Generated,1,
FG124-000123,Prior Year Beverage Carryover,Operating Funds,General Operating Funds,General Operating Funds,801,School Generated,1,
FG701-433152,Il-Empower (Cohort 19 - Grant 1),Operating Funds,General Operating Funds,Others,,,1,
FG367-424087,SIG - District (Cohort 6) FY19,Operating Funds,General Operating Funds,General Operating Funds,807,Other Grants,1,
FG367-424089,SIG - District (Cohort 6) FY20,Operating Funds,General Operating Funds,General Operating Funds,807,Other Grants,1,
FG367-433108,Title I School Improvement Grant (M/S),Operating Funds,General Operating Funds,General Operating Funds,807,Other Grants,1,
FG367-433119,Title I - School Improvement Grant - (SOSS),Operating Funds,General Operating Funds,General Operating Funds,807,Other Grants,1,
FG367-433120,Tilte I - School Improvement Grant - (SOSS),Operating Funds,General Operating Funds,General Operating Funds,807,Other Grants,1,
FG115-000440,Athletic Directors,Operating Funds,General Operating Funds,General Operating Funds,801,General Fund,1,
FG115-001012,FY12 Comparability,Operating Funds,General Operating Funds,General Operating Funds,801,General Fund,1,
FG124-000207,NPS Education Foundation,Operating Funds,General Operating Funds,General Operating Funds,801,School Generated,1,
FG124-004114,Study Skills Pilot Project Donation,Operating Funds,General Operating Funds,General Operating Funds,801,School Generated,1,
FG124-004118,Warehouse Scrap Metal Revenue,Operating Funds,General Operating Funds,General Operating Funds,801,School Generated,1,
FG701-435039,SIG - Kelly (Cohort 4),Operating Funds,General Operating Funds,Others,,,1,
FG701-442179,21st Century Community Learning Centers-(Cohort 15-Grant 7) FY19,Operating Funds,General Operating Funds,Others,,,1,
FG332-430304,Title I - ESSA - Summer Learning Initiative -  FG332-430304,Operating Funds,General Operating Funds,General Operating Funds,805,NCLB Federal,1,
FG336-500026,Project Cultivate FY20,Operating Funds,General Operating Funds,General Operating Funds,805,NCLB Federal,1,
FG336-500033,Project Cultivate  -  FG336-500033,Operating Funds,General Operating Funds,General Operating Funds,805,NCLB Federal,1,
FG336-500036,Project Cultivate,Operating Funds,General Operating Funds,General Operating Funds,805,NCLB Federal,1,
FG336-500198,Full Service Community Schools 23,Operating Funds,General Operating Funds,General Operating Funds,805,NCLB Federal,1,
FG356-499991,Title III Sheltered Instruction,Operating Funds,General Operating Funds,General Operating Funds,805,NCLB Federal,1,
FG358-410023,CONTINGENCY FOR PROJECT EXPAN,Operating Funds,General Operating Funds,General Operating Funds,805,NCLB Federal,1,
FG332-430314,Title I - District Initiatives  -  FG332-430314,Operating Funds,General Operating Funds,General Operating Funds,805,NCLB Federal,1,
FG332-430324,Nonpublic Inst. & Supp. Serv. - Christian,Operating Funds,General Operating Funds,General Operating Funds,805,NCLB Federal,1,
FG332-430329,Mandated Parent Involvement,Operating Funds,General Operating Funds,General Operating Funds,805,NCLB Federal,1,
FG332-430701,Title I - Tier Support,Operating Funds,General Operating Funds,General Operating Funds,805,NCLB Federal,1,
FG332-494045,Title IIA,Operating Funds,General Operating Funds,General Operating Funds,805,NCLB Federal,1,
FG332-494058,Title IIA - Teacher Quality,Operating Funds,General Operating Funds,General Operating Funds,805,NCLB Federal,1,
FG332-510220,Headstart - Child Development,Operating Funds,General Operating Funds,General Operating Funds,805,NCLB Federal,1,
FG334-000109,Sick and Vacation Termination Payout - ESP,Operating Funds,General Operating Funds,General Operating Funds,805,NCLB Federal,1,
FG334-041008,Contingency for Grant Expansion,Operating Funds,General Operating Funds,General Operating Funds,805,NCLB Federal,1,
FG334-410009,CONTINGENCY FOR PROG EXPANSION,Operating Funds,General Operating Funds,General Operating Funds,805,NCLB Federal,1,
FG334-430298,Nonpublic Inst. and Supp. Serv. - Christian,Operating Funds,General Operating Funds,General Operating Funds,805,NCLB Federal,1,
FG334-430518,Neglected Programs,Operating Funds,General Operating Funds,General Operating Funds,805,NCLB Federal,1,
FG334-430521,Neglected Programs,Operating Funds,General Operating Funds,General Operating Funds,805,NCLB Federal,1,
FG334-430525,Neglected Programs FY19,Operating Funds,General Operating Funds,General Operating Funds,805,NCLB Federal,1,
FG334-430624,Delinquent Programs FY18,Operating Funds,General Operating Funds,General Operating Funds,805,NCLB Federal,1,
FG332-430284,Nonpublic Inst. & Supp. Serv. - Independ.,Operating Funds,General Operating Funds,General Operating Funds,805,NCLB Federal,1,
FG332-430288,Title I - District Initiatives,Operating Funds,General Operating Funds,General Operating Funds,805,NCLB Federal,1,
FG332-430295,Title I - School Discretionary -  FG332-430295,Operating Funds,General Operating Funds,General Operating Funds,805,NCLB Federal,1,
FG220-462503,IDEA Room & Board - FY19,Operating Funds,General Operating Funds,General Operating Funds,807,Other Grants,1,
FG220-462508,IDEA Room & Board -  FG220-462508,Operating Funds,General Operating Funds,General Operating Funds,807,Other Grants,1,
FG324-409422,Calumet Is My Back Yard (CIMBY),Operating Funds,General Operating Funds,General Operating Funds,807,Other Grants,1,
FG324-409424,Calumet Is My Back Yard CIMBY-EPA,Operating Funds,General Operating Funds,General Operating Funds,807,Other Grants,1,
FG324-210064,IGA City Year 2023,Operating Funds,General Operating Funds,General Operating Funds,807,Other Grants,1,
FG124-905058,CFF - Chicago Builds (CTE) Grant,Operating Funds,General Operating Funds,General Operating Funds,801,School Generated,1,
FG124-905060,CFF - Compassion Funds,Operating Funds,General Operating Funds,General Operating Funds,801,School Generated,1,
FG124-905062,CFF - 19-22 CME,Operating Funds,General Operating Funds,General Operating Funds,801,School Generated,1,
FG124-905108,CFF - 5/3 Financial Literacy Planning Grant,Operating Funds,General Operating Funds,General Operating Funds,801,School Generated,1,
FG124-905109,CFF - World Wildlife Fund Grant- FG124-905109,Operating Funds,General Operating Funds,General Operating Funds,801,School Generated,1,
FG124-905111,FY23 Stu Mental Health and ECP  and Benevity Inc. fund,Operating Funds,General Operating Funds,General Operating Funds,801,School Generated,1,
FG124-905165,CFF The Gene Haas Foundation FIRST Robotics STEM Award,Operating Funds,General Operating Funds,General Operating Funds,801,School Generated,1,
FG324-380018,CPS Kids Talk,Operating Funds,General Operating Funds,General Operating Funds,807,Other Grants,1,
FG124-905175,CFF Black Student Success,Operating Funds,General Operating Funds,General Operating Funds,801,School Generated,1,
FG220-462018,IDEA Flow Through: Summer,Operating Funds,General Operating Funds,General Operating Funds,807,Other Grants,1,
FG324-400106,Chicago Gear-Up 6 (Year 5),Operating Funds,General Operating Funds,General Operating Funds,807,Other Grants,1,
FG124-905067,CFF - CME Kickoff to Kindergarten Grant- FG124-905067,Operating Funds,General Operating Funds,General Operating Funds,801,School Generated,1,
FG124-905070,CFF - CME Esports Framework Pilot Grant,Operating Funds,General Operating Funds,General Operating Funds,801,School Generated,1,
FG324-399956,Illinois Youth Survey,Operating Funds,General Operating Funds,General Operating Funds,807,Other Grants,1,
FG324-200021,IGA: Creative Schools Fund Program,Operating Funds,General Operating Funds,General Operating Funds,807,Other Grants,1,
FG324-380123,School District Library Grant FY20,Operating Funds,General Operating Funds,General Operating Funds,807,Other Grants,1,
FG124-905136,CFF The Fund for Public Schools,Operating Funds,General Operating Funds,General Operating Funds,801,School Generated,1,
FG324-424019,Fresh Fruit & Vegetables Program FY18,Operating Funds,General Operating Funds,General Operating Funds,807,Other Grants,1,
FG220-410009,CONTINGENCY FOR PROG EXPANSION,Operating Funds,General Operating Funds,General Operating Funds,807,Other Grants,1,
FG220-430164,Title I - NCLB - Summer Learning Initiative,Operating Funds,General Operating Funds,General Operating Funds,807,Other Grants,1,
FG324-373006,ROE/ISC Operations,Operating Funds,General Operating Funds,General Operating Funds,807,Other Grants,1,
FG324-373007,ROE/ISC Operations -  FG324-373007,Operating Funds,General Operating Funds,General Operating Funds,807,Other Grants,1,
FG324-399974,Salary Incentive Program for Hard to Staff Schools,Operating Funds,General Operating Funds,General Operating Funds,807,Other Grants,1,
FG324-210123,Illinois Arts Council FY19,Operating Funds,General Operating Funds,General Operating Funds,807,Other Grants,1,
FG220-462067,LEA  FlowThru Instruction,Operating Funds,General Operating Funds,General Operating Funds,807,Other Grants,1,
FG220-462069,LEA FlowThru Instruction,Operating Funds,General Operating Funds,General Operating Funds,807,Other Grants,1,
FG220-462071,LEA  FlowThru Instruction,Operating Funds,General Operating Funds,General Operating Funds,807,Other Grants,1,
FG220-462072,LEA  FlowThru Instruction - Nonpublic,Operating Funds,General Operating Funds,General Operating Funds,807,Other Grants,1,
FG220-462073,LEA FlowThru Instruction,Operating Funds,General Operating Funds,General Operating Funds,807,Other Grants,1,
FG324-210020,Summer Youth Employment Program,Operating Funds,General Operating Funds,General Operating Funds,807,Other Grants,1,
FG324-312001,Special Ed. - Orphanage-Individual,Operating Funds,General Operating Funds,General Operating Funds,807,Other Grants,1,
FG324-396113,Advance Placement - State,Operating Funds,General Operating Funds,General Operating Funds,807,Other Grants,1,
FG220-462075,LEA  FlowThru Instruction,Operating Funds,General Operating Funds,General Operating Funds,807,Other Grants,1,
FG220-462076,LEA  FlowThru Instruction - Nonpublic,Operating Funds,General Operating Funds,General Operating Funds,807,Other Grants,1,
FG124-905074,CFF - FY22 IMC Donation (Network 16)- FG124-905074,Operating Funds,General Operating Funds,General Operating Funds,801,School Generated,1,
FG124-905081,CFF - Donation for Tech Items (Burnham ES),Operating Funds,General Operating Funds,General Operating Funds,801,School Generated,1,
FG324-376636,Truant Alternative Optional Education,Operating Funds,General Operating Funds,General Operating Funds,807,Other Grants,1,
FG324-396522,Social & Emotional Learning (SEL),Operating Funds,General Operating Funds,General Operating Funds,807,Other Grants,1,
FG124-905145,CFF Circle of Service Whole School Safety,Operating Funds,General Operating Funds,General Operating Funds,801,School Generated,1,
FG324-376730,Transportation - Regular and Vocational (Revenue),Operating Funds,General Operating Funds,General Operating Funds,807,Other Grants,1,
FG324-376731,ISBE Transportation - Special Education (Revenue),Operating Funds,General Operating Funds,General Operating Funds,807,Other Grants,1,
FG324-399991,Instructional Technology Center (Hub 7),Operating Funds,General Operating Funds,General Operating Funds,807,Other Grants,1,
FG324-399992,Instructional Technology Center (Hub 7) FY18,Operating Funds,General Operating Funds,General Operating Funds,807,Other Grants,1,
FG324-408251,ICJA-Gale,Operating Funds,General Operating Funds,General Operating Funds,807,Other Grants,1,
FG220-460019,Preschool Incentive Grant,Operating Funds,General Operating Funds,General Operating Funds,807,Other Grants,1,
FG220-460021,Preschool Incentive Grant,Operating Funds,General Operating Funds,General Operating Funds,807,Other Grants,1,
FG220-460022,Preschool Incentive Grant,Operating Funds,General Operating Funds,General Operating Funds,807,Other Grants,1,
FG220-460023,Preschool Incentive Grant FY19,Operating Funds,General Operating Funds,General Operating Funds,807,Other Grants,1,
FG324-400077,Gear-Up / NEIU,Operating Funds,General Operating Funds,General Operating Funds,807,Other Grants,1,
FG324-210030,Summer Youth Employment Program FY18-9,Operating Funds,General Operating Funds,General Operating Funds,807,Other Grants,1,
FG324-321704,Jobs for Illinois Graduates Program,Operating Funds,General Operating Funds,General Operating Funds,807,Other Grants,1,
FG324-322517,Work Experience & Career Experience Program (WECEP),Operating Funds,General Operating Funds,General Operating Funds,807,Other Grants,1,
FG220-460517,IDEA PRESCHOOL DISCRETIONARY (STARNET) FY 10,Operating Funds,General Operating Funds,General Operating Funds,807,Other Grants,1,
FG220-462078,LEA  FlowThru Instruction -  FG220-462078,Operating Funds,General Operating Funds,General Operating Funds,807,Other Grants,1,
FG324-210041,Healthy CPS Partnerships - Chief Health Officer,Operating Funds,General Operating Funds,General Operating Funds,807,Other Grants,1,
FG324-376804,Agriculture Education FY19,Operating Funds,General Operating Funds,General Operating Funds,807,Other Grants,1,
FG324-376805,Agriculture Education - Three Circles,Operating Funds,General Operating Funds,General Operating Funds,807,Other Grants,1,
FG324-399806,District Broadband Expansion Grant- Isbe,Operating Funds,General Operating Funds,General Operating Funds,807,Other Grants,1,
FG324-399807,District Broadband Expansion Grant- Isbe Fy 22,Operating Funds,General Operating Funds,General Operating Funds,807,Other Grants,1,
FG220-462088,LEA Flowthru Instruction - Nonpublic  -  FG220-462088,Operating Funds,General Operating Funds,General Operating Funds,807,Other Grants,1,
FG124-905085,CFF - GoPuff Donation,Operating Funds,General Operating Funds,General Operating Funds,801,School Generated,1,
FG324-400082,GEAR-UP 4 (Year 3),Operating Funds,General Operating Funds,General Operating Funds,807,Other Grants,1,
FG324-400083,GEAR-UP 5 (Year 1),Operating Funds,General Operating Funds,General Operating Funds,807,Other Grants,1,
FG324-400089,Chicago Gear-Up Alliance 5,Operating Funds,General Operating Funds,General Operating Funds,807,Other Grants,1,
FG324-432103,Race to the Top,Operating Funds,General Operating Funds,General Operating Funds,807,Other Grants,1,
FG324-210051,Computer Science for All FY18,Operating Funds,General Operating Funds,General Operating Funds,807,Other Grants,1,
FG324-210053,Computer Science for All FY20,Operating Funds,General Operating Funds,General Operating Funds,807,Other Grants,1,
FG324-210056,Improving Vaccination in Under Vaccinated Populations,Operating Funds,General Operating Funds,General Operating Funds,807,Other Grants,1,
FG124-905164,CFF The Nuveen Sponsor-a-School Partnership,Operating Funds,General Operating Funds,General Operating Funds,801,School Generated,1,
FG324-376816,Truant Alternative Optional Education RFP- FG324-376816,Operating Funds,General Operating Funds,General Operating Funds,807,Other Grants,1,
FG701-442291,Title IV - 21st Century Comm Learning Centers B3,Operating Funds,General Operating Funds,Others,,,1,
FG701-210050,Computer Science for All FY17,Operating Funds,General Operating Funds,Others,,,1,
FG701-400097,Chicago Gear-Up Alliance 5 FY18,Operating Funds,General Operating Funds,Others,,,1,
FG701-442255,21st Century Community Learning Centers - (Cohort 15-Grant 7),Operating Funds,General Operating Funds,Others,,,1,
FG701-442313,Title IV 21st Century Community Learning Centers D2,Operating Funds,General Operating Funds,Others,,,1,
FG701-499841,ARP IDEA Preschool,Operating Funds,General Operating Funds,Others,,,1,
FG701-499847,New Principal Mentoring 23-4998-PM,Operating Funds,General Operating Funds,Others,,,1,
FG701-499850,CURES After School Programs,Operating Funds,General Operating Funds,Others,,,1,
FG495-500317,Magnet Schools Assistance Program (CPSMSAP) FY24,Capital Funds,Capital Funds,Others,810,Capital Projects Fund,1,
FG425-379038,2022 DCEO State Capital Volta Project,Capital Funds,Capital Funds,Others,810,Capital Projects Fund,1,
FG701-442400,ISU Chicago Teacher Education Pipeline,Operating Funds,General Operating Funds,Others,,,1,
FG701-442270,21st Century Community Learning Centers - (Cohort 15-Grant 1),Operating Funds,General Operating Funds,Others,,,1,
FG701-460022,Preschool Incentive Grant,Operating Funds,General Operating Funds,Others,,,1,
FG701-460023,Preschool Incentive Grant FY19,Operating Funds,General Operating Funds,Others,,,1,
FG701-510475,Ready to Learn Project,Operating Funds,General Operating Funds,Others,,,1,
FG701-511245,Pathways To Accelerated Student Success (PASS),Operating Funds,General Operating Funds,Others,,,1,
FG495-550014,IL for Arts and STEM Education- Grant 5,Capital Funds,Capital Funds,Others,810,Capital Projects Fund,1,
FG624-000000,Refunding Series 2004A Debt Service,Operating Funds,Debt-Service Funds,Debt-Service Funds,808,Debt Service Fund,1,
FG425-379045,DCEO State Capital Florence Nightingale Elementary School Project,Capital Funds,Capital Funds,Others,810,Capital Projects Fund,1,
FG701-442284,Title Iv - 21st Century Comm Learning Centers A2,Operating Funds,General Operating Funds,Others,,,1,
FG701-460526,Preschool Discretionary (STARNET) FY19,Operating Funds,General Operating Funds,Others,,,1,
FG701-580219,Healthy Chicago Public Schools-HIV/STD Prevention Initiative 2210,Operating Funds,General Operating Funds,Others,,,1,
FG701-580222,Healthy Chicago Public Schools-HIV/STD Prevention Initiative 2210,Operating Funds,General Operating Funds,Others,,,1,
FG701-580228,Healthy Chicago Public Schools-Yrbs 262006,Operating Funds,General Operating Funds,Others,,,1,
FG628-000000,Series 2001C Debt Service Fund,Operating Funds,Debt-Service Funds,Debt-Service Funds,808,Debt Service Fund,1,
FG678,CIP Series 2009A(2005E) Debt Service,Operating Funds,NA,Debt-Service Funds,808,Debt Service Fund,0,
FG678-000000,CIP Series 2009A(2005E) Debt Service,Operating Funds,Debt-Service Funds,Debt-Service Funds,808,Debt Service Fund,1,
FG425-379187,DCEO State Capital Charles Darwin,Capital Funds,Capital Funds,Others,810,Capital Projects Fund,1,
FG664,CIP Series 2007BC Debt Service,Operating Funds,NA,Debt-Service Funds,808,Debt Service Fund,0,
FG701-460901,i3 Convergence Acad: Digital Media Whole School Reform Model Proj,Operating Funds,General Operating Funds,Others,,,1,
FG701-442299,21st Century Community Learning Centers - (Cohort 15-Grant 6),Operating Funds,General Operating Funds,Others,,,1,
FG701-462058,LEA FlowThru Instruction,Operating Funds,General Operating Funds,Others,,,1,
FG701-462069,LEA  FlowThru Instruction,Operating Funds,General Operating Funds,Others,,,1,
FG681-399602,State Distributive Fund,Operating Funds,Debt-Service Funds,Debt-Service Funds,808,Debt Service Fund,1,
FG060,SITE AND CONSTRUCTION/CAPITAL,Operating Funds,NA,Others,,,0,
FG124-070171,OpusYou,Operating Funds,General Operating Funds,General Operating Funds,801,School Generated,1,
FG124-070173,ARTview Visual,Operating Funds,General Operating Funds,General Operating Funds,801,School Generated,1,
FG124-070180,Manadoob Program for Self-Esteem,Operating Funds,General Operating Funds,General Operating Funds,801,School Generated,1,
FG124-070186,CFF-CCT Emerson Collective - CPS/Safe Passage,Operating Funds,General Operating Funds,General Operating Funds,801,School Generated,1,
FG701-463017,Parent Mentoring Project,Operating Funds,General Operating Funds,Others,,,1,
FG701-474547,Program Innovation-C. Perkins,Operating Funds,General Operating Funds,Others,,,1,
FG701-474553,Program Innovation-C. Perkins,Operating Funds,General Operating Funds,Others,,,1,
FG495-070986,Digital Promise by Verizon Corp Svcs,Capital Funds,Capital Funds,Others,810,Capital Projects Fund,1,
FG411-000000,CSFA Rehab - Assets Conversion,Capital Funds,Capital Funds,Others,810,Capital Projects Fund,1,
FG412-000000,Real Estate Fund,Capital Funds,Capital Funds,Others,810,Capital Projects Fund,1,
FG425-379135,DCEO - MCKAY ES 22-203040,Capital Funds,Capital Funds,Others,810,Capital Projects Fund,1,
FG425-379137,DCEO - OGLESBY ES 22-203040,Capital Funds,Capital Funds,Others,810,Capital Projects Fund,1,
FG425-379138,DCEO - OWEN SCHOLASTIC ACADEMY ES 22-203040,Capital Funds,Capital Funds,Others,810,Capital Projects Fund,1,
FG124-070192,CFF-Chicago Beyond-One Goal (year 2),Operating Funds,General Operating Funds,General Operating Funds,801,School Generated,1,
FG124-070199,MOU PBC Settlement- Paschen Engineering Program,Operating Funds,General Operating Funds,General Operating Funds,801,School Generated,1,
FG701-474556,Program Innovation - C Perkins,Operating Funds,General Operating Funds,Others,,,1,
FG701-474559,Carl Perkins - Program Innovation,Operating Funds,General Operating Funds,Others,,,1,
FG701-474570,Special Student Needs-C. Perkins,Operating Funds,General Operating Funds,Others,,,1,
FG701-490001,Medicaid - Administrative,Operating Funds,General Operating Funds,Others,,,1,
FG701-490201,Medicaid - Fee for Service,Operating Funds,General Operating Funds,Others,,,1,
FG701-000054,Capital Proj Donations - PTO/PTA/Friends Or,Operating Funds,General Operating Funds,Others,,,1,
FG701-000322,Personalized Learning,Operating Funds,General Operating Funds,Others,,,1,
FG425-379141,DCEO - RANDOLPH 22-203040,Capital Funds,Capital Funds,Others,810,Capital Projects Fund,1,
FG425-379144,DCEO - WENTWORTH ES 22-203040,Capital Funds,Capital Funds,Others,810,Capital Projects Fund,1,
FG701-490938,Title III - IEP,Operating Funds,General Operating Funds,Others,,,1,
FG701-490948,Title III - Language Acquisition,Operating Funds,General Operating Funds,Others,,,1,
FG701-379041,2022 DCEO State Capital Burnham Project,Operating Funds,General Operating Funds,Others,,,1,
FG639,CIP Series 2018A,Operating Funds,NA,Debt-Service Funds,808,Debt Service Fund,0,
FG641-000000,CIT Series 2018,Operating Funds,Debt-Service Funds,Debt-Service Funds,808,Debt Service Fund,1,
FG124-070321,Active Classrooms,Operating Funds,General Operating Funds,General Operating Funds,801,School Generated,1,
FG701-491006,Green Roofs Program ARRA Brown,Operating Funds,General Operating Funds,Others,,,1,
FG701-492114,McKinney Vento Education for Homeless ARRA,Operating Funds,General Operating Funds,Others,,,1,
FG701-492123,Homeless Education Prog. FY19,Operating Funds,General Operating Funds,Others,,,1,
FG701-492124,McKinney Vento Education For Homeless,Operating Funds,General Operating Funds,Others,,,1,
FG495-430290,Mandated Parent Involvement,Capital Funds,Capital Funds,Others,810,Capital Projects Fund,1,
FG495-430296,Nonpublic Inst. and Supp. Serv. - Catholic,Capital Funds,Capital Funds,Others,810,Capital Projects Fund,1,
FG685-600014,Bond Series 2013B,Operating Funds,Debt-Service Funds,Debt-Service Funds,808,Debt Service Fund,1,
FG422-000000,CIP Series 2021A,Capital Funds,Capital Funds,Others,810,Capital Projects Fund,1,
FG422-590003,Non E-Rate,Capital Funds,Capital Funds,Others,810,Capital Projects Fund,1,
FG124-070333,MWDC - Mini-State Breakfast Challenge,Operating Funds,General Operating Funds,General Operating Funds,801,School Generated,1,
FG701-433133,Il-Empower (Cohort 19 - Grant 3) FY19,Operating Funds,General Operating Funds,Others,,,1,
FG701-548061,Emergency Connectivity Fund - EEmergency Connectivity Fund - ECF,Operating Funds,General Operating Funds,Others,,,1,
FG701-000411,Sports Payout,Operating Funds,General Operating Funds,Others,,,1,
FG701-000529,Special Ed Admin Fee,Operating Funds,General Operating Funds,Others,,,1,
FG425-379147,DCEO - COOK ES  22-203040,Capital Funds,Capital Funds,Others,810,Capital Projects Fund,1,
FG425-379154,DCEO - CANTY ES - 24-203126,Capital Funds,Capital Funds,Others,810,Capital Projects Fund,1,
FG701-550023,IL for Arts and STEM Education - 0202,Operating Funds,General Operating Funds,Others,,,1,
FG701-550024,IL for Arts and STEM Education - 0203,Operating Funds,General Operating Funds,Others,,,1,
FG701-008001,Regional Gifted Centers,Operating Funds,General Operating Funds,Others,,,1,
FG701-399816,Other State Programs - Jacob Beidler Elementary School,Operating Funds,General Operating Funds,Others,,,1,
FG701-399986,Advanced Placement FY17,Operating Funds,General Operating Funds,Others,,,1,
FG701-399989,Instructional Technology Center (Hub 7),Operating Funds,General Operating Funds,Others,,,1,
FG425-379156,DCEO - PALMER ES - 24-203211,Capital Funds,Capital Funds,Others,810,Capital Projects Fund,1,
FG701-433952,SIG - Phillips High School FY12,Operating Funds,General Operating Funds,Others,,,1,
FG701-434015,SIG Transformation FY12 -North Lawndale,Operating Funds,General Operating Funds,Others,,,1,
FG686,CIP Series 2009E,Operating Funds,NA,Debt-Service Funds,808,Debt Service Fund,0,
FG686-399602,State Distributive Fund,Operating Funds,Debt-Service Funds,Debt-Service Funds,808,Debt Service Fund,1,
FG689,CIP Series 2012A Debt Service,Operating Funds,NA,Debt-Service Funds,808,Debt Service Fund,0,
FG701-442166,21st Century Community Learning Centers - (Cohort 15-Grant2) FY18,Operating Funds,General Operating Funds,Others,,,1,
FG701-442176,21st Century Community Learning Centers-(Cohort 15-Grant 5) FY19,Operating Funds,General Operating Funds,Others,,,1,
FG701-501712,Generator Go Green (G3) Initative FY12,Operating Funds,General Operating Funds,Others,,,1,
FG701-501959,ABC's of Library Literacy,Operating Funds,General Operating Funds,Others,,,1,
FG701-503004,USDA Farm to School,Operating Funds,General Operating Funds,Others,,,1,
FG701-552311,Summer Language Institute for American Youth Program,Operating Funds,General Operating Funds,Others,,,1,
FG701-560026,Headstart- Chil Supp. Dis SP Initiative,Operating Funds,General Operating Funds,Others,,,1,
FG701-050013,Aldermanic Menu Funds,Operating Funds,General Operating Funds,Others,,,1,
FG701-100401,City of Chicago Vision Program,Operating Funds,General Operating Funds,Others,,,1,
FG689-000000,CIP Series 2012A Debt Service,Operating Funds,Debt-Service Funds,Debt-Service Funds,808,Debt Service Fund,1,
FG689-399602,State Distributive Fund,Operating Funds,Debt-Service Funds,Debt-Service Funds,808,Debt Service Fund,1,
FG690,CIP Series 2009G,Operating Funds,NA,Debt-Service Funds,808,Debt Service Fund,0,
FG425-379028,2021 DCEO State Capital Grants  Barbara Vick ECFC,Capital Funds,Capital Funds,Others,810,Capital Projects Fund,1,
FG701-442243,21st Century Community Learning Centers (Cohort 19-Grant 3),Operating Funds,General Operating Funds,Others,,,1,
FG701-442244,21st Century Community Learning Centers (Cohort 19-Grant 4),Operating Funds,General Operating Funds,Others,,,1,
FG701-442249,21st Century Community Learning Centers - (Cohort 15-Grant 1),Operating Funds,General Operating Funds,Others,,,1,
FG701-499809,Digital Equity Grant,Operating Funds,General Operating Funds,Others,,,1,
FG701-188813,IEPA Remediation at kerry Wood Field,Operating Funds,General Operating Funds,Others,,,1,
FG701-188814,Space To Grow-IGA Water Reclamation District,Operating Funds,General Operating Funds,Others,,,1,
FG701-379189,DCEO/CBE - Lyon ES/Lloyd ES,Operating Funds,General Operating Funds,Others,,,1,
FG701-379199,THE STATE OF ILLINOIS - CDB - MULTI SCHOOL PRE K GRANT,Operating Funds,General Operating Funds,Others,,,1,
FG425-379160,DCEO - NORWOOD PARK 23-203238,Capital Funds,Capital Funds,Others,810,Capital Projects Fund,1,
FG425-379163,DCEO State Capital Schurz 300K,Capital Funds,Capital Funds,Others,810,Capital Projects Fund,1,
FG425-379167,DCEO State Capital Sayre,Capital Funds,Capital Funds,Others,810,Capital Projects Fund,1,
FG701-499822,ESSER III - District Initiatives,Operating Funds,General Operating Funds,Others,,,1,
FG701-499823,ESSER III - DW Targeted,Operating Funds,General Operating Funds,Others,,,1,
FG701-499826,Elementary and Secondary Digital Professional Learning - PL,Operating Funds,General Operating Funds,Others,,,1,
FG701-499831,ARP ESSER III State Set Aside Grant-  After School Programs,Operating Funds,General Operating Funds,Others,,,1,
FG495-499834,Digital Equity Grant 22-4998-D2,Capital Funds,Capital Funds,Others,810,Capital Projects Fund,1,
FG425-379169,DCEO State Capital Kelly,Capital Funds,Capital Funds,Others,810,Capital Projects Fund,1,
FG425-379170,DCEO State Capital MCPherson,Capital Funds,Capital Funds,Others,810,Capital Projects Fund,1,
FG425-379171,DCEO State Capital Ravenswood,Capital Funds,Capital Funds,Others,810,Capital Projects Fund,1,
FG651-399602,State Distributive Fund,Operating Funds,Debt-Service Funds,Debt-Service Funds,808,Debt Service Fund,1,
FG653-000000,CIP Series 2019A,Operating Funds,Debt-Service Funds,Debt-Service Funds,808,Debt Service Fund,1,
FG655,CIP Series 2019B,Operating Funds,NA,Debt-Service Funds,808,Debt Service Fund,0,
FG655-399602,State Distributive Fund,Operating Funds,Debt-Service Funds,Debt-Service Funds,808,Debt Service Fund,1,
FG701-442277,21st Century Community Learning Centers (Cohort 19-Grant 1),Operating Funds,General Operating Funds,Others,,,1,
FG701-442280,21st Century Community Learning Centers (Cohort 19-Grant 4),Operating Funds,General Operating Funds,Others,,,1,
FG701-509205,Developing School Nursing Pipeline for Consistent Care (DSNPCC),Operating Funds,General Operating Funds,Others,,,1,
FG701-509240,CIMBY Gets WET,Operating Funds,General Operating Funds,Others,,,1,
FG701-188839,City of Chicago and CPS Public Art - Belding Elementary School,Operating Funds,General Operating Funds,Others,,,1,
FG324-500044,CAFECS:Developing Equitable CS Pathways from HS to College -  FG324-500044,Operating Funds,General Operating Funds,General Operating Funds,807,Other Grants,1,
FG324-511178,OJJDP Academic After School Program,Operating Funds,General Operating Funds,General Operating Funds,807,Other Grants,1,
FG324-442164,21st Century Community Learning Centers FY18,Operating Funds,General Operating Funds,General Operating Funds,807,Other Grants,1,
FG436-906002,CFF Allstate Hermosa Playground,Capital Funds,Capital Funds,Others,810,Capital Projects Fund,1,
FG495-004124,FINE AND PERFORMING ARTS,Capital Funds,Capital Funds,Others,810,Capital Projects Fund,1,
FG324-548062,Trio - Talent Search  -  FG324-548062,Operating Funds,General Operating Funds,General Operating Funds,807,Other Grants,1,
FG672,CIP Series 2008C (2003B/2004B) Debt Service,Operating Funds,NA,Debt-Service Funds,808,Debt Service Fund,0,
FG674-000000,CIP Series 1998B-1 Debt Service,Operating Funds,Debt-Service Funds,Debt-Service Funds,808,Debt Service Fund,1,
FG437-000000,CIP Series 2018D,Capital Funds,Capital Funds,Others,810,Capital Projects Fund,1,
FG437-000905,Jones Replacement HS Construction,Capital Funds,Capital Funds,Others,810,Capital Projects Fund,1,
FG439-000000,Series 2018 CIT,Capital Funds,Capital Funds,Others,810,Capital Projects Fund,1,
FG443,Bond Series 2023- FG443,Capital Funds,NA,Others,810,Capital Projects Fund,0,
FG448,Series 2001 Rental Income Bond Fund,Capital Funds,NA,Others,810,Capital Projects Fund,0,
FG210-000526,Security Service Revenue from Charters,Operating Funds,General Operating Funds,General Operating Funds,802,General Fund,1,
FG324-500058,CR:ADP and IMPL  a Geospatial HS Course in CTE Clusters FY24,Operating Funds,General Operating Funds,General Operating Funds,807,Other Grants,1,
FG696-610000,Build America Bonds (BABS),Operating Funds,Debt-Service Funds,Debt-Service Funds,808,Debt Service Fund,1,
FG698,CIP Series 2010D,Operating Funds,NA,Debt-Service Funds,808,Debt Service Fund,0,
FG451-000000,Bond Series 2021,Capital Funds,Capital Funds,Others,810,Capital Projects Fund,1,
FG701-396112,Advanced Placement Classes CCSS,Operating Funds,General Operating Funds,Others,,,1,
FG701-396223,Arts & Foreign Language - OLC,Operating Funds,General Operating Funds,Others,,,1,
FG701-399505,Other State Programs - Michele Clark 23-3999-MC,Operating Funds,General Operating Funds,Others,,,1,
FG701-399507,Other State Programs Enviromental Education Hay,Operating Funds,General Operating Funds,Others,,,1,
FG324-511341,Broadening Advanced Technological Education Connections (BATEC),Operating Funds,General Operating Funds,General Operating Funds,807,Other Grants,1,
FG324-511342,Broadening Advanced Technological Education Connection-BATEC-FY18,Operating Funds,General Operating Funds,General Operating Funds,807,Other Grants,1,
FG425-379047,"Grover Cleveland, E.S. Capital Project",Capital Funds,Capital Funds,Others,810,Capital Projects Fund,1,
FG425-379123,DCEO - BASS ES 22-203040,Capital Funds,Capital Funds,Others,810,Capital Projects Fund,1,
FG701-210205,Chicago Cultural Plan and Arts Education Plan - FY18,Operating Funds,General Operating Funds,Others,,,1,
FG701-313001,Special Education - Orphanage Act,Operating Funds,General Operating Funds,Others,,,1,
FG443-500848,Amelia Earhart Options-Capital Grant,Capital Funds,Capital Funds,Others,810,Capital Projects Fund,1,
FG324-500678,Refugee Children's School Impact Grant,Operating Funds,General Operating Funds,General Operating Funds,807,Other Grants,1,
FG324-547523,Indian Elem/Sec. Assistance Prog. FY19,Operating Funds,General Operating Funds,General Operating Funds,807,Other Grants,1,
FG324-547524,Indian Elem/Sec. Assistance Prog. FY20,Operating Funds,General Operating Funds,General Operating Funds,807,Other Grants,1,
FG324-500115,Connect and Redirect to Respect FY 16,Operating Funds,General Operating Funds,General Operating Funds,807,Other Grants,1,
FG425-379224,DCEO - GOUDY 24-203087,Capital Funds,Capital Funds,Others,810,Capital Projects Fund,1,
FG425-379226,DCEO - CASSELL ES 23-203268,Capital Funds,Capital Funds,Others,810,Capital Projects Fund,1,
FG495-550017,IL for arts and STEM education Grant 2,Capital Funds,Capital Funds,Others,810,Capital Projects Fund,1,
FG495-550021,IL for Arts and STEM Education - 0200,Capital Funds,Capital Funds,Others,810,Capital Projects Fund,1,
FG495-550023,IL for Arts and STEM Education - 0202,Capital Funds,Capital Funds,Others,810,Capital Projects Fund,1,
FG324-500002,Start on Success Program FY 17,Operating Funds,General Operating Funds,General Operating Funds,807,Other Grants,1,
FG324-500687,Refugee Children's School Impact Grant,Operating Funds,General Operating Funds,General Operating Funds,807,Other Grants,1,
FG324-439605,Critical Mass Year 5,Operating Funds,General Operating Funds,General Operating Funds,807,Other Grants,1,
FG324-439606,Critical Mass Year 6,Operating Funds,General Operating Funds,General Operating Funds,807,Other Grants,1,
FG324-442141,21st Century Community Learning Centers,Operating Funds,General Operating Funds,General Operating Funds,807,Other Grants,1,
FG425-399502,IEMA-School & Campus Safety Grant,Capital Funds,Capital Funds,Others,810,Capital Projects Fund,1,
FG427-000000,CIP Series 2016B,Capital Funds,Capital Funds,Others,810,Capital Projects Fund,1,
FG701-322038,Cte Education Career Pathway RFP,Operating Funds,General Operating Funds,Others,,,1,
FG701-322515,Work Exp. & Career Exp. Program (WECEP),Operating Funds,General Operating Funds,Others,,,1,
FG701-330500,Bilingual Ed TPI & TBE,Operating Funds,General Operating Funds,Others,,,1,
FG324-500745,Workforce Investment Act (MOWD),Operating Funds,General Operating Funds,General Operating Funds,807,Other Grants,1,
FG431-500848,Amelia Earhart Options-Capital Grant,Capital Funds,Capital Funds,Others,810,Capital Projects Fund,1,
FG435-000098,South Loop Elementary School Project,Capital Funds,Capital Funds,Others,810,Capital Projects Fund,1,
FG422-590001,E-Rate,Capital Funds,Capital Funds,Others,810,Capital Projects Fund,1,
FG481,BABS - CIP Series 2010D,Capital Funds,NA,Others,810,Capital Projects Fund,0,
FG324-500007,Bridges - Advancing High School Computer Science FY19,Operating Funds,General Operating Funds,General Operating Funds,807,Other Grants,1,
FG324-442188,21st Century Community Learning Cntrs - (Cohort 15-Grant 3) FY20,Operating Funds,General Operating Funds,General Operating Funds,807,Other Grants,1,
FG324-442195,21st Century Community Learning Cntrs (Cohort 19-Grant 3) FY20,Operating Funds,General Operating Funds,General Operating Funds,807,Other Grants,1,
FG436-000054,Capital Project Donations - PTO/PTA/Friends Org,Capital Funds,Capital Funds,Others,810,Capital Projects Fund,1,
FG496-000000,E-RATE Capital Projects,Capital Funds,Capital Funds,Others,810,Capital Projects Fund,1,
FG497-000400,School Parking Lot Rental,Capital Funds,Capital Funds,Others,810,Capital Projects Fund,1,
FG324-500014,Chicago Alliance for Equity in Computer Science (CAFE-CS),Operating Funds,General Operating Funds,General Operating Funds,807,Other Grants,1,
FG324-442255,21st Century Community Learning Centers - (Cohort 15-Grant 7)  -  FG324-442255,Operating Funds,General Operating Funds,General Operating Funds,807,Other Grants,1,
FG324-442258,21st Century Community Learning Centers (Cohort 19-Grant 3)  -  FG324-442258,Operating Funds,General Operating Funds,General Operating Funds,807,Other Grants,1,
FG436-003159,Educational Solar PV Program - Prescott,Capital Funds,Capital Funds,Others,810,Capital Projects Fund,1,
FG701-373003,ROE/ISC Operations FY20,Operating Funds,General Operating Funds,Others,,,1,
FG324-500842,Restorative Justice Conflict Resolution,Operating Funds,General Operating Funds,General Operating Funds,807,Other Grants,1,
FG324-500843,Restorative Justice Conflict Resolution Title II,Operating Funds,General Operating Funds,General Operating Funds,807,Other Grants,1,
FG324-532012,Accelerated STEM Prog of Study and Leadership Development FY20,Operating Funds,General Operating Funds,General Operating Funds,807,Other Grants,1,
FG436-188803,IGA - Drake Elementary School SBHC,Capital Funds,Capital Funds,Others,810,Capital Projects Fund,1,
FG486-000000,CIT Bond Fund,Capital Funds,Capital Funds,Others,810,Capital Projects Fund,1,
FG495,GASB 2021-1 Aggregated Assets,Capital Funds,NA,Others,810,Capital Projects Fund,0,
FG495-000044,CTU Sustainable Schools Initiative,Capital Funds,Capital Funds,Others,810,Capital Projects Fund,1,
FG324-541504,Technology Innovation Challenge Grant Reg 3,Operating Funds,General Operating Funds,General Operating Funds,807,Other Grants,1,
FG324-542126,Teacher Incentive Fund,Operating Funds,General Operating Funds,General Operating Funds,807,Other Grants,1,
FG324-500019,Collab Research Geospatial HS Course FY20,Operating Funds,General Operating Funds,General Operating Funds,807,Other Grants,1,
FG324-500020,Scratch Encore FY18,Operating Funds,General Operating Funds,General Operating Funds,807,Other Grants,1,
FG324-442156,21st Century Community Learning Centers - (Cohort 15-Grant 6),Operating Funds,General Operating Funds,General Operating Funds,807,Other Grants,1,
FG324-442196,21st Century Community Learning Cntrs (Cohort 19-Grant 4) FY20,Operating Funds,General Operating Funds,General Operating Funds,807,Other Grants,1,
FG324-442263,Title IV - 21st Century Comm Learning Centers A2,Operating Funds,General Operating Funds,General Operating Funds,807,Other Grants,1,
FG436-188833,Space to Grow,Capital Funds,Capital Funds,Others,810,Capital Projects Fund,1,
FG436-000326,Driver Education Revenue,Capital Funds,Capital Funds,Others,810,Capital Projects Fund,1,
FG497-376813,Truant Alternative Optional Education,Capital Funds,Capital Funds,Others,810,Capital Projects Fund,1,
FG499,SuperFund,Capital Funds,NA,Others,810,Capital Projects Fund,0,
FG605,CIP Series 2017C,Operating Funds,NA,Debt-Service Funds,808,Debt Service Fund,0,
FG605-000000,CIP Series 2017C,Operating Funds,Debt-Service Funds,Debt-Service Funds,808,Debt Service Fund,1,
FG324-442265,Title IV - 21st Century Comm Learning Centers C2,Operating Funds,General Operating Funds,General Operating Funds,807,Other Grants,1,
FG324-442266,Title IV - 21st Century Comm Learning Centers D2,Operating Funds,General Operating Funds,General Operating Funds,807,Other Grants,1,
FG701-376804,Agriculture Education FY19,Operating Funds,General Operating Funds,Others,,,1,
FG701-376817,Truant Alternative Optional Education,Operating Funds,General Operating Funds,Others,,,1,
FG324-501959,ABC's of Library Literacy,Operating Funds,General Operating Funds,General Operating Funds,807,Other Grants,1,
FG324-548045,Trio - Talent Search,Operating Funds,General Operating Funds,General Operating Funds,807,Other Grants,1,
FG324-442119,21st Century Community Learning Center - After School,Operating Funds,General Operating Funds,General Operating Funds,807,Other Grants,1,
FG324-442162,21st Century Community Learning Centers - (Cohort 15-Grant 5),Operating Funds,General Operating Funds,General Operating Funds,807,Other Grants,1,
FG495-000322,Personalized Learning,Capital Funds,Capital Funds,Others,810,Capital Projects Fund,1,
FG495-000576,Supplemental Aid,Capital Funds,Capital Funds,Others,810,Capital Projects Fund,1,
FG324-503006,USDA Farm to School -  FG324-503006,Operating Funds,General Operating Funds,General Operating Funds,807,Other Grants,1,
FG324-442203,21st Century Community Learning Centers - (Cohort 15-Grant 5),Operating Funds,General Operating Funds,General Operating Funds,807,Other Grants,1,
FG631,CIT Series 2017,Operating Funds,NA,Debt-Service Funds,808,Debt Service Fund,0,
FG701-379003,Illinois Dept of Com. & Econ. Opportunity,Operating Funds,General Operating Funds,Others,,,1,
FG324-509197,Safe and Drug Free Schools Healthy Students,Operating Funds,General Operating Funds,General Operating Funds,807,Other Grants,1,
FG324-542135,Distributed Leadership in Opportunity School (DLOS),Operating Funds,General Operating Funds,General Operating Funds,807,Other Grants,1,
FG324-542136,Distributed Leadership in Opportunity School (DLOS)  -  FG324-542136,Operating Funds,General Operating Funds,General Operating Funds,807,Other Grants,1,
FG324-442132,21st Century Community Learning Centers 3,Operating Funds,General Operating Funds,General Operating Funds,807,Other Grants,1,
FG436-188855,City Of Chicago & CPS Public Art - Palmer Elementary School,Capital Funds,Capital Funds,Others,810,Capital Projects Fund,1,
FG436-500064,2023 Clean School Bus Grant - Capital,Capital Funds,Capital Funds,Others,810,Capital Projects Fund,1,
FG701-379027,2021 DCEO State Capital Grants Salmon P Chase ES,Operating Funds,General Operating Funds,Others,,,1,
FG701-379036,2022 DCEO State Capital Jahn Project,Operating Funds,General Operating Funds,Others,,,1,
FG324-442176,21st Century Community Learning Centers - (Cohort 15-Grant 5)FY19,Operating Funds,General Operating Funds,General Operating Funds,807,Other Grants,1,
FG324-442241,21st Century Community Learning Centers (Cohort 19-Grant 1),Operating Funds,General Operating Funds,General Operating Funds,807,Other Grants,1,
FG324-500316,MSA Program-Technology Advancing Communities (MSAP-TAC) FY23 -  FG324-500316,Operating Funds,General Operating Funds,General Operating Funds,807,Other Grants,1,
FG324-500317,Magnet Schools Assistance Program (CPSMSAP) FY24,Operating Funds,General Operating Funds,General Operating Funds,807,Other Grants,1,
FG324-524016,STEP Secondary Transition Experience Program FY12,Operating Funds,General Operating Funds,General Operating Funds,807,Other Grants,1,
FG124-070130,MWDC High School Breakfast Expansion,Operating Funds,General Operating Funds,General Operating Funds,801,School Generated,1,
FG124-070131,AASA School Breakfast Participation,Operating Funds,General Operating Funds,General Operating Funds,801,School Generated,1,
FG367-433195,FY24 School and District  Improvement Grant (Cohort 17) - 37,Operating Funds,General Operating Funds,General Operating Funds,807,Other Grants,1,
FG325-430615,TITLE I PART D DELINQUENT PROGRAMS ARRA FY 2010,Operating Funds,General Operating Funds,General Operating Funds,807,Other Grants,1,
FG324-442246,21st Century Community Learning Centers Cohort Project A1,Operating Funds,General Operating Funds,General Operating Funds,807,Other Grants,1,
FG324-524021,Secondary Transitional Experience Program (STEP),Operating Funds,General Operating Funds,General Operating Funds,807,Other Grants,1,
FG324-499978,International Baccalaureate,Operating Funds,General Operating Funds,General Operating Funds,807,Other Grants,1,
FG324-499979,UIC-Substitute Reimbursement,Operating Funds,General Operating Funds,General Operating Funds,807,Other Grants,1,
FG124-000948,Prior Year Carry Over Funds,Operating Funds,General Operating Funds,General Operating Funds,801,School Generated,1,
FG124-001100,Scrap Metal (Warehouse),Operating Funds,General Operating Funds,General Operating Funds,801,School Generated,1,
FG325-500756,WIA Stimulus Summer Employment Grant,Operating Funds,General Operating Funds,General Operating Funds,807,Other Grants,1,
FG326-000000,Government Funded School Based Grants,Operating Funds,General Operating Funds,General Operating Funds,807,Other Grants,1,
FG324-442282,21st Century Community Learning Centers Cohort Project A1,Operating Funds,General Operating Funds,General Operating Funds,807,Other Grants,1,
FG324-500359,STARTALK Chinese Language Program,Operating Funds,General Operating Funds,General Operating Funds,807,Other Grants,1,
FG115-000000,General Education Fund,Operating Funds,General Operating Funds,General Operating Funds,801,General Fund,1,
FG115-000001,Special Education - Summer School ESY,Operating Funds,General Operating Funds,General Operating Funds,801,General Fund,1,
FG324-442290,Title IV - 21st Century Comm Learning Centers A3,Operating Funds,General Operating Funds,General Operating Funds,807,Other Grants,1,
FG324-528510,Back On Track Study,Operating Funds,General Operating Funds,General Operating Funds,807,Other Grants,1,
FG115-000527,IT Services Revenue From Charters,Operating Funds,General Operating Funds,General Operating Funds,801,General Fund,1,
FG115-000609,Summer Jobs KidStart,Operating Funds,General Operating Funds,General Operating Funds,801,General Fund,1,
FG115-000622,Racially Identifiable - Pre - KG,Operating Funds,General Operating Funds,General Operating Funds,801,General Fund,1,
FG115-002249,Selective Enrollment,Operating Funds,General Operating Funds,General Operating Funds,801,General Fund,1,
FG326-500002,Start on Success Program FY 17,Operating Funds,General Operating Funds,General Operating Funds,807,Other Grants,1,
FG324-442306,21st Century Community Learning Centers (Cohort 19-Grant 4) -  FG324-442306,Operating Funds,General Operating Funds,General Operating Funds,807,Other Grants,1,
FG324-500460,STARTALK URDU LANGUAGE CAMP,Operating Funds,General Operating Funds,General Operating Funds,807,Other Grants,1,
FG114-000315,2020 COVID-19 Shutdown Expenditures,Operating Funds,General Operating Funds,General Operating Funds,801,General Fund,1,
FG326-509179,Employability Plus,Operating Funds,General Operating Funds,General Operating Funds,807,Other Grants,1,
FG326-210125,Illinois Arts Council  -  FG326-210125,Operating Funds,General Operating Funds,General Operating Funds,807,Other Grants,1,
FG326-210126,Illinois Arts Council,Operating Funds,General Operating Funds,General Operating Funds,807,Other Grants,1,
FG324-442314,Title Iv - 21st Century Comm Learning Centers E2 -  FG324-442314,Operating Funds,General Operating Funds,General Operating Funds,807,Other Grants,1,
FG124-000348,SES Security Program,Operating Funds,General Operating Funds,General Operating Funds,801,School Generated,1,
FG124-004144,Curie High Sound Labs Donation FY 2022-FG124-004144,Operating Funds,General Operating Funds,General Operating Funds,801,School Generated,1,
FG115-000044,CTU Sustainable Schools Initiative,Operating Funds,General Operating Funds,General Operating Funds,801,General Fund,1,
FG115-000675,K-8 OST Award Program,Operating Funds,General Operating Funds,General Operating Funds,801,General Fund,1,
FG326-300050,Content -Focused PD Lesson Study,Operating Funds,General Operating Funds,General Operating Funds,807,Other Grants,1,
FG326-300055,Teacher Leadership for Elementary Mathematics and Science (TeLEMS,Operating Funds,General Operating Funds,General Operating Funds,807,Other Grants,1,
FG326-379005,Illinois Dept of Com. & Econ. Opportunity,Operating Funds,General Operating Funds,General Operating Funds,807,Other Grants,1,
FG324-442327,Title Iv - 21st Century Comm Learning Centers F2  -  FG324-442327,Operating Funds,General Operating Funds,General Operating Funds,807,Other Grants,1,
FG124-070141,Searle: Social Science 3.0 Academy,Operating Funds,General Operating Funds,General Operating Funds,801,School Generated,1,
FG124-070146,CFF - OLCE Grant,Operating Funds,General Operating Funds,General Operating Funds,801,School Generated,1,
FG115-000901,Other Gen Ed Funded Programs,Operating Funds,General Operating Funds,General Operating Funds,801,General Fund,1,
FG115-000920,High School Strategy,Operating Funds,General Operating Funds,General Operating Funds,801,General Fund,1,
FG326-379016,Illinois Dept of Commerce and Economic Opportunity,Operating Funds,General Operating Funds,General Operating Funds,807,Other Grants,1,
FG326-442233,21st Century CLC - NEIU  -  FG326-442233,Operating Funds,General Operating Funds,General Operating Funds,807,Other Grants,1,
FG324-442334,Title IV - 21st Century Comm Learning Centers B5,Operating Funds,General Operating Funds,General Operating Funds,807,Other Grants,1,
FG115-005060,Central Office Relocation of 2015,Operating Funds,General Operating Funds,General Operating Funds,801,General Fund,1,
FG114-000529,Special Ed. Admin. Fee,Operating Funds,General Operating Funds,General Operating Funds,801,General Fund,1,
FG326-442400,ISU Chicago Teacher Education Pipeline,Operating Funds,General Operating Funds,General Operating Funds,807,Other Grants,1,
FG324-442318,Title IV - 21st Century Comm Learning Centers C3 -  FG324-442318,Operating Funds,General Operating Funds,General Operating Funds,807,Other Grants,1,
FG124-070094,Frederick H Prince Trust,Operating Funds,General Operating Funds,General Operating Funds,801,School Generated,1,
FG124-070097,JP Morgan Chase - Teacher Stipends,Operating Funds,General Operating Funds,General Operating Funds,801,School Generated,1,
FG124-000352,Tawani Foundation Military JROTC,Operating Funds,General Operating Funds,General Operating Funds,801,School Generated,1,
FG115-000101,SUMMER PROGRAM ASSESSMENT,Operating Funds,General Operating Funds,General Operating Funds,801,General Fund,1,
FG326-442226,Developing 21st Century Critical Thinking Skills,Operating Funds,General Operating Funds,General Operating Funds,807,Other Grants,1,
FG326-399965,Advanced Placement  -  FG326-399965,Operating Funds,General Operating Funds,General Operating Funds,807,Other Grants,1,
FG124-000370,Michael Reese Health Trust Grant,Operating Funds,General Operating Funds,General Operating Funds,801,School Generated,1,
FG124-000373,Cadet Awards and Programs,Operating Funds,General Operating Funds,General Operating Funds,801,School Generated,1,
FG115-000929,Athletic Director Stipends,Operating Funds,General Operating Funds,General Operating Funds,801,General Fund,1,
FG115-000981,Computer Science ECCE -  FG115-000981,Operating Funds,General Operating Funds,General Operating Funds,801,General Fund,1,
FG124-004160,The Loyola University Community Partner Award,Operating Funds,General Operating Funds,General Operating Funds,801,School Generated,1,
FG326-491021,K-12 Learn & Serve Grant,Operating Funds,General Operating Funds,General Operating Funds,807,Other Grants,1,
FG324-580123,Healthy CPS - CDC,Operating Funds,General Operating Funds,General Operating Funds,807,Other Grants,1,
FG124-004166,Raising Cane's Chicken Fingers - E. Allan Poe Elementary C. S.,Operating Funds,General Operating Funds,General Operating Funds,801,School Generated,1,
FG115-000314,CTU STLS Initiative,Operating Funds,General Operating Funds,General Operating Funds,801,General Fund,1,
FG324-580223,CDC DASH Mental Health Supplement -  FG324-580223,Operating Funds,General Operating Funds,General Operating Funds,807,Other Grants,1,
FG324-517508,Teen Pregnancy Prevention Grant (MICAH) FY19,Operating Funds,General Operating Funds,General Operating Funds,807,Other Grants,1,
FG324-499849,IL Aware-AW 2023,Operating Funds,General Operating Funds,General Operating Funds,807,Other Grants,1,
FG324-499861,IL Aware-AW 2023  -  FG324-499861,Operating Funds,General Operating Funds,General Operating Funds,807,Other Grants,1,
FG324-517506,Teen Pregnancy Prevention Grant (MICAH),Operating Funds,General Operating Funds,General Operating Funds,807,Other Grants,1,
FG124-000561,McCormick Foundation - JROTC,Operating Funds,General Operating Funds,General Operating Funds,801,School Generated,1,
FG124-000575,Student Based Budgeting,Operating Funds,General Operating Funds,General Operating Funds,801,School Generated,1,
FG324-550025,Il For Arts And Stem Education - 0197,Operating Funds,General Operating Funds,General Operating Funds,807,Other Grants,1,
FG324-550028,Il For Arts And Stem Education - 0201,Operating Funds,General Operating Funds,General Operating Funds,807,Other Grants,1,
FG324-580233,Sch Based MHS Grant- CPS R&R of Sch-Based Clin St,Operating Funds,General Operating Funds,General Operating Funds,807,Other Grants,1,
FG324-580209,CDC Community Approaches - Reducing Sexually Transmitted Diseases,Operating Funds,General Operating Funds,General Operating Funds,807,Other Grants,1,
FG324-499963,International Baccalaureate,Operating Funds,General Operating Funds,General Operating Funds,807,Other Grants,1,
FG324-500117,Connect and Redirect to Respect FY18,Operating Funds,General Operating Funds,General Operating Funds,807,Other Grants,1,
FG324-500269,STARTALK Arabic Language Program,Operating Funds,General Operating Funds,General Operating Funds,807,Other Grants,1,
FG324-500275,Teachers Lead Chicago- FG324-500275,Operating Funds,General Operating Funds,General Operating Funds,807,Other Grants,1,
FG124-070158,CFF-Chase Summer Certification Program 2016-2017,Operating Funds,General Operating Funds,General Operating Funds,801,School Generated,1,
FG324-552311,Summer Language Institute for American Youth Program,Operating Funds,General Operating Funds,General Operating Funds,807,Other Grants,1,
FG324-580017,Improving the Health and Educational Outcomes of Young People,Operating Funds,General Operating Funds,General Operating Funds,807,Other Grants,1,
FG324-580241,Project Aware- SI for Crisis Response Continuum of Care Project -  FG324-580241,Operating Funds,General Operating Funds,General Operating Funds,807,Other Grants,1,
FG324-580247,IPVG ADOLESCENT HEALTH AND WELL-BEING THROUGH SBS,Operating Funds,General Operating Funds,General Operating Funds,807,Other Grants,1,
FG324-580248,IPVG ADOLESCENT HEALTH AND WELL-BEING THROUGH SBS -2,Operating Funds,General Operating Funds,General Operating Funds,807,Other Grants,1,
FG324-517511,Enhancing Students Skills for Success,Operating Funds,General Operating Funds,General Operating Funds,807,Other Grants,1,
FG324-517514,Enhancing Students Skills for Success,Operating Funds,General Operating Funds,General Operating Funds,807,Other Grants,1,
FG124-070161,CFF - CCT LearnWell,Operating Funds,General Operating Funds,General Operating Funds,801,School Generated,1,
FG324-580254,Training For Mental Health Equity (TMHE),Operating Funds,General Operating Funds,General Operating Funds,807,Other Grants,1,
FG324-442135,21st Century Community Learning Centers,Operating Funds,General Operating Funds,General Operating Funds,807,Other Grants,1,
FG324-442136,21st Century Community Learning Centers,Operating Funds,General Operating Funds,General Operating Funds,807,Other Grants,1,
FG324-442139,21st Century Community Learning Centers 3,Operating Funds,General Operating Funds,General Operating Funds,807,Other Grants,1,
FG124-009111,US2020,Operating Funds,General Operating Funds,General Operating Funds,801,School Generated,1,
FG124-010179,Whole Schools CPEF-Wildwood,Operating Funds,General Operating Funds,General Operating Funds,801,School Generated,1,
FG124-070120,CASEL Collaborating Districts Implementation (Year 1),Operating Funds,General Operating Funds,General Operating Funds,801,School Generated,1,
FG353-493522,Teacher Quality Leadership Grant FY20,Operating Funds,General Operating Funds,General Operating Funds,805,NCLB Federal,1,
FG354-440038,Title IV - Other Private Supplementary Servc.,Operating Funds,General Operating Funds,General Operating Funds,805,NCLB Federal,1,
FG354-497142,Title IID - Other Private Supplementary Servc.,Operating Funds,General Operating Funds,General Operating Funds,805,NCLB Federal,1,
FG356-490959,Title III - Language Acquisition,Operating Funds,General Operating Funds,General Operating Funds,805,NCLB Federal,1,
FG362-376664,State Preschool for All Age 3-5 Community Partnerships,Operating Funds,General Operating Funds,General Operating Funds,807,Other Grants,1,
FG332-430217,Title I - District Parent Involvement,Operating Funds,General Operating Funds,General Operating Funds,805,NCLB Federal,1,
FG332-430218,Title I - School Discretionary,Operating Funds,General Operating Funds,General Operating Funds,805,NCLB Federal,1,
FG124-905115,CFF - IMC Donation (Sayre HS),Operating Funds,General Operating Funds,General Operating Funds,801,School Generated,1,
FG324-399829,District Literacy Plan Implementation,Operating Funds,General Operating Funds,General Operating Funds,807,Other Grants,1,
FG324-188819,Open Spaces Project-Alcott,Operating Funds,General Operating Funds,General Operating Funds,807,Other Grants,1,
FG124-905123,CFF Rockefeller Grant,Operating Funds,General Operating Funds,General Operating Funds,801,School Generated,1,
FG124-905125,CFF The Sch PTP Prgm prj and the Ardmore Roderick fund,Operating Funds,General Operating Funds,General Operating Funds,801,School Generated,1,
FG324-369620,Regional Safe Schools,Operating Funds,General Operating Funds,General Operating Funds,807,Other Grants,1,
FG324-369623,Regional Safe Schools FY20,Operating Funds,General Operating Funds,General Operating Funds,807,Other Grants,1,
FG324-399929,Healthy Communities Investments 19-3999,Operating Funds,General Operating Funds,General Operating Funds,807,Other Grants,1,
FG356-330505,Bilingual Ed - TBE/TPI (Per Pupil),Operating Funds,General Operating Funds,General Operating Funds,805,NCLB Federal,1,
FG332-430108,Nonpublic Inst. & Supp. Serv. - Independ.,Operating Funds,General Operating Funds,General Operating Funds,805,NCLB Federal,1,
FG332-430172,Nonpublic Inst. & Supp. Serv. - Christian,Operating Funds,General Operating Funds,General Operating Funds,805,NCLB Federal,1,
FG336-500195,Full Service Community Schools 23 ¿ FG336-500195,Operating Funds,General Operating Funds,General Operating Funds,805,NCLB Federal,1,
FG336-528312,CREATES - Arts in Education,Operating Funds,General Operating Funds,General Operating Funds,805,NCLB Federal,1,
FG356-376722,Bilingual Ed TPI & TBE,Operating Funds,General Operating Funds,General Operating Funds,805,NCLB Federal,1,
FG362-210029,IGA Early Learning Investment Program - City FY19,Operating Funds,General Operating Funds,General Operating Funds,807,Other Grants,1,
FG362-210046,IGA  Early Learning Investment Program FY22,Operating Funds,General Operating Funds,General Operating Funds,807,Other Grants,1,
FG332-430177,NCLB - Choice Schools / SES,Operating Funds,General Operating Funds,General Operating Funds,805,NCLB Federal,1,
FG332-430235,Nonpublic Inst. & Supp. Serv. - Catholic,Operating Funds,General Operating Funds,General Operating Funds,805,NCLB Federal,1,
FG220-463125,Regional Prof. Develop. Centers (ASPIRE),Operating Funds,General Operating Funds,General Operating Funds,807,Other Grants,1,
FG220-463514,Corey H. Training & Tech.,Operating Funds,General Operating Funds,General Operating Funds,807,Other Grants,1,
FG353-494090,Title IIA - Other Private Supplementary Servc.,Operating Funds,General Operating Funds,General Operating Funds,805,NCLB Federal,1,
FG353-494032,Title II - Supplementary,Operating Funds,General Operating Funds,General Operating Funds,805,NCLB Federal,1,
FG353-494034,Title IIA - Archdiocese of Chgo. Suppl. Servc,Operating Funds,General Operating Funds,General Operating Funds,805,NCLB Federal,1,
FG353-494036,Title IIA - Supplementary,Operating Funds,General Operating Funds,General Operating Funds,805,NCLB Federal,1,
FG331-430103,Mandated Parent Involvement ARRA,Operating Funds,General Operating Funds,General Operating Funds,805,NCLB Federal,1,
FG331-430105,NCLB Culture of Calm ARRA,Operating Funds,General Operating Funds,General Operating Funds,805,NCLB Federal,1,
FG221-000000,Federal IDEA - 2009 Stimulus (ARRA),Operating Funds,General Operating Funds,General Operating Funds,807,Other Grants,1,
FG358-440042,Title IV - Part A,Operating Funds,General Operating Funds,General Operating Funds,805,NCLB Federal,1,
FG358-440044,Title IV - Part A,Operating Funds,General Operating Funds,General Operating Funds,805,NCLB Federal,1,
FG358-440045,Title IV - Part A - Nonpublic,Operating Funds,General Operating Funds,General Operating Funds,805,NCLB Federal,1,
FG356-410009,CONTINGENCY FOR PROG EXPANSION,Operating Funds,General Operating Funds,General Operating Funds,805,NCLB Federal,1,
FG332-430112,Supplementary,Operating Funds,General Operating Funds,General Operating Funds,805,NCLB Federal,1,
FG332-430116,Title I - NCLB - Summer Learning Initiative FY,Operating Funds,General Operating Funds,General Operating Funds,805,NCLB Federal,1,
FG225-399602,State Distributive Fund,Operating Funds,General Operating Funds,General Operating Funds,804,School Generated,1,
FG336-542202,Carol M. White Physical Education Program Grant,Operating Funds,General Operating Funds,General Operating Funds,805,NCLB Federal,1,
FG356-490921,Title III - Lmtd. Eng. Prf. - Nonpublic,Operating Funds,General Operating Funds,General Operating Funds,805,NCLB Federal,1,
FG356-490924,Title III - Language Acquisition,Operating Funds,General Operating Funds,General Operating Funds,805,NCLB Federal,1,
FG362-376686,State Preschool For All Age 3-5 -  FG362-376686,Operating Funds,General Operating Funds,General Operating Funds,807,Other Grants,1,
FG362-376687,State Preschool For All Age 0-3 Community Partnerships  -  FG362-376687,Operating Funds,General Operating Funds,General Operating Funds,807,Other Grants,1,
FG332-430123,Nonpublic Inst. & Supp. Serv. - Lutheran,Operating Funds,General Operating Funds,General Operating Funds,805,NCLB Federal,1,
FG332-430179,Title I - NCLB - Summer Learning Initiative,Operating Funds,General Operating Funds,General Operating Funds,805,NCLB Federal,1,
FG336-581043,CPS Community Schools Initiative FY21 -  FG336-581043,Operating Funds,General Operating Funds,General Operating Funds,805,NCLB Federal,1,
FG353-494096,Title IIA - Other Private Supplementary Servc. -  FG353-494096,Operating Funds,General Operating Funds,General Operating Funds,805,NCLB Federal,1,
FG353-494102,Title IIA Teacher Quality,Operating Funds,General Operating Funds,General Operating Funds,805,NCLB Federal,1,
FG362-376689,State Preschool For All Age 0-3 Community Partnerships,Operating Funds,General Operating Funds,General Operating Funds,807,Other Grants,1,
FG332-430190,Nonpublic Inst. & Supp. Serv. - Jewish,Operating Funds,General Operating Funds,General Operating Funds,805,NCLB Federal,1,
FG332-430246,Title I - Support,Operating Funds,General Operating Funds,General Operating Funds,805,NCLB Federal,1,
FG332-430251,Nonpublic Inst. & Supp. Serv. - Catholic,Operating Funds,General Operating Funds,General Operating Funds,805,NCLB Federal,1,
FG314-422602,Lunchroom Child and Adult Care Food Program-CH 21-4226-CH,Operating Funds,General Operating Funds,General Operating Funds,806,Lunchroom,1,
FG353-494800,Title II -Tier Supports,Operating Funds,General Operating Funds,General Operating Funds,805,NCLB Federal,1,
FG353-494054,Title IIA - Teacher Quality,Operating Funds,General Operating Funds,General Operating Funds,805,NCLB Federal,1,
FG356-490930,Title III - Language Acquisition,Operating Funds,General Operating Funds,General Operating Funds,805,NCLB Federal,1,
FG332-000108,Sick and Vacation Termination Payout - TCH,Operating Funds,General Operating Funds,General Operating Funds,805,NCLB Federal,1,
FG332-002239,Internal Accounts Book Transfers,Operating Funds,General Operating Funds,General Operating Funds,805,NCLB Federal,1,
FG332-369627,Regional Safe Schools,Operating Funds,General Operating Funds,General Operating Funds,805,NCLB Federal,1,
FG324-000108,Sick and Vacation Termination Payout - TCH,Operating Funds,General Operating Funds,General Operating Funds,807,Other Grants,1,
FG324-100102,CPS Security OST Program IGA,Operating Funds,General Operating Funds,General Operating Funds,807,Other Grants,1,
FG353,Title II - Teacher Quality,Operating Funds,NA,General Operating Funds,805,NCLB Federal,0,
FG353-000000,Title II - Teacher Quality,Operating Funds,General Operating Funds,General Operating Funds,805,NCLB Federal,1,
FG353-000112,ED PLAN HS RESTRUCTURING,Operating Funds,General Operating Funds,General Operating Funds,805,NCLB Federal,1,
FG356-490932,Title III - Language Acquisition (Per Pupil),Operating Funds,General Operating Funds,General Operating Funds,805,NCLB Federal,1,
FG356-490935,Title III - Language Acquistion (Per Pupil),Operating Funds,General Operating Funds,General Operating Funds,805,NCLB Federal,1,
FG332-430131,Nonpublic Instruction & Support Services - Catholic,Operating Funds,General Operating Funds,General Operating Funds,805,NCLB Federal,1,
FG353-494062,Title IIA - Teacher Quality,Operating Funds,General Operating Funds,General Operating Funds,805,NCLB Federal,1,
FG332-430134,Nonpublic Instruction & Support Services - Lutheran,Operating Funds,General Operating Funds,General Operating Funds,805,NCLB Federal,1,
FG312-424012,Fresh Fruit & Vegetables Program,Operating Funds,General Operating Funds,General Operating Funds,806,Lunchroom,1,
FG324-100312,Alderman Micro Grant Sor Juan,Operating Funds,General Operating Funds,General Operating Funds,807,Other Grants,1,
FG324-100313,Alderman Microgrant Hurley Elementary,Operating Funds,General Operating Funds,General Operating Funds,807,Other Grants,1,
FG358-509205,Developing School Nursing Pipeline for Consistent Care (DSNPCC) -  FG358-509205,Operating Funds,General Operating Funds,General Operating Funds,805,NCLB Federal,1,
FG356-490942,Title III - Language Acquisition,Operating Funds,General Operating Funds,General Operating Funds,805,NCLB Federal,1,
FG332-430201,Title 1 - School Discretionary,Operating Funds,General Operating Funds,General Operating Funds,805,NCLB Federal,1,
FG332-430203,Nonpublic Inst. & Supp. Serv. - Independ.,Operating Funds,General Operating Funds,General Operating Funds,805,NCLB Federal,1,
FG324-100319,Alderman Microgrant Ward 39 - Volta,Operating Funds,General Operating Funds,General Operating Funds,807,Other Grants,1,
FG324-100322,Alderman Microgrant - Prussing,Operating Funds,General Operating Funds,General Operating Funds,807,Other Grants,1,
FG362-442179,21st Century Comm Learning Ctrs - (Cohort 15-Grant 7) FY19,Operating Funds,General Operating Funds,General Operating Funds,807,Other Grants,1,
FG353-548065,TQP: Pre-Service Teaching Equity Project (TQP: P-STEP)  -  FG353-548065,Operating Funds,General Operating Funds,General Operating Funds,805,NCLB Federal,1,
FG353-548067,TQP: Pre-Service Teaching Equity Project (TQP: P-STEP),Operating Funds,General Operating Funds,General Operating Funds,805,NCLB Federal,1,
FG354-399973,Instructional Technology Center (Hub 7),Operating Funds,General Operating Funds,General Operating Funds,805,NCLB Federal,1,
FG362-499937,Preschool Expansion Grant,Operating Funds,General Operating Funds,General Operating Funds,807,Other Grants,1,
FG353-494070,Title IIA - Teacher Quality,Operating Funds,General Operating Funds,General Operating Funds,805,NCLB Federal,1,
FG353-494071,Title IIA - Archdiocese of Chgo. Suppl. Servc.,Operating Funds,General Operating Funds,General Operating Funds,805,NCLB Federal,1,
FG353-494073,Title IIA - Reduced Class Size,Operating Funds,General Operating Funds,General Operating Funds,805,NCLB Federal,1,
FG332-430140,NCLB - After School Programs,Operating Funds,General Operating Funds,General Operating Funds,805,NCLB Federal,1,
FG332-430141,Title I - Public Instruction & Support Services,Operating Funds,General Operating Funds,General Operating Funds,805,NCLB Federal,1,
FG354-399987,Advanced Placement FY18,Operating Funds,General Operating Funds,General Operating Funds,805,NCLB Federal,1,
FG354-410009,CONTINGENCY FOR PROG EXPANSION,Operating Funds,General Operating Funds,General Operating Funds,805,NCLB Federal,1,
FG362-000014,Early Childhood Expansion-Social Impact Bond,Operating Funds,General Operating Funds,General Operating Funds,807,Other Grants,1,
FG356-490954,Title III - Language Acquisition -  FG356-490954,Operating Funds,General Operating Funds,General Operating Funds,805,NCLB Federal,1,
FG356-490958,Title III - Lmtd. Eng. Prf. - Nonpublic  -  FG356-490958,Operating Funds,General Operating Funds,General Operating Funds,805,NCLB Federal,1,
FG332-430149,Title I - NCLB - Choice Schools / SES,Operating Funds,General Operating Funds,General Operating Funds,805,NCLB Federal,1,
FG324-100316,Alderman Microgrant Kinzie,Operating Funds,General Operating Funds,General Operating Funds,807,Other Grants,1,
FG324-399822,Computer Science Equity Grant - 24-3999-CS,Operating Funds,General Operating Funds,General Operating Funds,807,Other Grants,1,
FG324-399824,Computer Science Equity Grant - 25-3999-CS,Operating Funds,General Operating Funds,General Operating Funds,807,Other Grants,1,
FG324-399826,District Broadband Expansion Isbe 24-3999-Er,Operating Funds,General Operating Funds,General Operating Funds,807,Other Grants,1,
FG324-399827,Teacher Vacancy Grant Pilot Program - ISB,Operating Funds,General Operating Funds,General Operating Funds,807,Other Grants,1,
FG353-493517,Teacher Quality Leadership Grant,Operating Funds,General Operating Funds,General Operating Funds,805,NCLB Federal,1,
FG230-004121,Comed and People's Gas Energy Rebate Program,Operating Funds,General Operating Funds,General Operating Funds,809,General Fund,1,
FG230-005061,School Transitions,Operating Funds,General Operating Funds,General Operating Funds,809,General Fund,1,
FG367-434025,SIG Transformation - Richards HS,Operating Funds,General Operating Funds,General Operating Funds,807,Other Grants,1,
FG367-434028,SIG Transformation - District,Operating Funds,General Operating Funds,General Operating Funds,807,Other Grants,1,
FG367-434033,SIG Transformation - Kelvyn Park HS,Operating Funds,General Operating Funds,General Operating Funds,807,Other Grants,1,
FG701-547515,Indian Elem/Sec. Assistance Prog.,Operating Funds,General Operating Funds,Others,,,1,
FG701-547520,Indian Elem/Sec. Assistance Prog.,Operating Funds,General Operating Funds,Others,,,1,
FG369-322031,CTE Career Exploration - CE- FG369-322031,Operating Funds,General Operating Funds,General Operating Funds,807,Other Grants,1,
FG701-547523,Indian Elem/Sec. Assistance Prog. FY19,Operating Funds,General Operating Funds,Others,,,1,
FG799-321722,Jobs for Illinois Graduates (JILG),Operating Funds,General Operating Funds,Others,,,1,
FG124-070905,IMC Software Development,Operating Funds,General Operating Funds,General Operating Funds,801,School Generated,1,
FG124-070917,U of C Robert Wood Johnson Foundation,Operating Funds,General Operating Funds,General Operating Funds,801,School Generated,1,
FG619,CIT Series 2016,Operating Funds,NA,Debt-Service Funds,808,Debt Service Fund,0,
FG369-322040,Cte Education Career Pathway RFP  -  FG369-322040,Operating Funds,General Operating Funds,General Operating Funds,807,Other Grants,1,
FG369-322041,CTE Education Career Pathway Continuation - 25-3220-E4 - FG324-322041,Operating Funds,General Operating Funds,General Operating Funds,807,Other Grants,1,
FG332-430162,NCLB - Choice Schools / SES,Operating Funds,General Operating Funds,General Operating Funds,805,NCLB Federal,1,
FG332-430163,Mandated Parent Involvement,Operating Funds,General Operating Funds,General Operating Funds,805,NCLB Federal,1,
FG701-500450,Transportation Education Pilot Program,Operating Funds,General Operating Funds,Others,,,1,
FG701-500677,Refugee Children's School Impact Grant,Operating Funds,General Operating Funds,Others,,,1,
FG701-500738,Secure Our Schools FY10,Operating Funds,General Operating Funds,Others,,,1,
FG124-070928,WE Teachers District Grant Program,Operating Funds,General Operating Funds,General Operating Funds,801,School Generated,1,
FG369-410009,CONTINGENCY FOR PROG EXPANSION,Operating Funds,General Operating Funds,General Operating Funds,807,Other Grants,1,
FG332-430223,Nonpublic Inst. & Supp. Serv. - Jewish,Operating Funds,General Operating Funds,General Operating Funds,805,NCLB Federal,1,
FG701-548041,Trio - Talent Search,Operating Funds,General Operating Funds,Others,,,1,
FG701-548050,Trio - Talent Search,Operating Funds,General Operating Funds,Others,,,1,
FG124-905054,CFF - Chase Roadmap Grant (City Colleges Chicago),Operating Funds,General Operating Funds,General Operating Funds,801,School Generated,1,
FG230-430295,Title I - School Discretionary,Operating Funds,General Operating Funds,General Operating Funds,809,General Fund,1,
FG230-590001,E-Rate,Operating Funds,General Operating Funds,General Operating Funds,809,General Fund,1,
FG332-430273,Title I - Child Parent Centers -  FG332-430273,Operating Funds,General Operating Funds,General Operating Funds,805,NCLB Federal,1,
FG332-430275,Mandated Parent Involvement -  FG332-430275,Operating Funds,General Operating Funds,General Operating Funds,805,NCLB Federal,1,
FG332-430280,Title I - School Improvement Priority Initiative -  FG332-430280,Operating Funds,General Operating Funds,General Operating Funds,805,NCLB Federal,1,
FG124-070700,Joyce Foundation,Operating Funds,General Operating Funds,General Operating Funds,801,School Generated,1,
FG124-070803,Midwest Expansion of CPC Program (McCormick),Operating Funds,General Operating Funds,General Operating Funds,801,School Generated,1,
FG324-550014,IL for Arts and STEM Education- Grant 5- FG324-550014,Operating Funds,General Operating Funds,General Operating Funds,807,Other Grants,1,
FG370-499824,ESSER III - DW Unfinished Learning -  FG370-499824,Operating Funds,General Operating Funds,General Operating Funds,807,Other Grants,1,
FG369-474554,Development/Support-C. Perkins,Operating Funds,General Operating Funds,General Operating Funds,807,Other Grants,1,
FG455,Future Series Bond 2024,Capital Funds,NA,Others,810,Capital Projects Fund,0,
FG701-580240,School Based Mental Health Services Grant- CPS Recruitment and Re,Operating Funds,General Operating Funds,Others,,,1,
FG124-070957,First Robotics Team Regrant,Operating Funds,General Operating Funds,General Operating Funds,801,School Generated,1,
FG514-600001,Bond Series 1993A,Operating Funds,Debt-Service Funds,Debt-Service Funds,808,Debt Service Fund,1,
FG701-580242,Promoting Adolescent Health through School-Based HIV Prevention -,Operating Funds,General Operating Funds,Others,,,1,
FG701-580290,UIC Whole Child FY20,Operating Funds,General Operating Funds,Others,,,1,
FG701-580909,CPS Network Level Health Specialists,Operating Funds,General Operating Funds,Others,,,1,
FG701-517515,Enhancing Students Skills for Success,Operating Funds,General Operating Funds,Others,,,1,
FG124-070961,Brooks Sports Grant - Lake View HS,Operating Funds,General Operating Funds,General Operating Funds,801,School Generated,1,
FG124-070970,Illinois State University-Stipends,Operating Funds,General Operating Funds,General Operating Funds,801,School Generated,1,
FG124-070963,Ride Illinois - Bike Safety Quiz,Operating Funds,General Operating Funds,General Operating Funds,801,School Generated,1,
FG369-474570,Special Student Needs-C. Perkins,Operating Funds,General Operating Funds,General Operating Funds,807,Other Grants,1,
FG701-525002,Noise Abatement - Federal,Operating Funds,General Operating Funds,Others,,,1,
FG124-070972,Redmond Foundation CTE,Operating Funds,General Operating Funds,General Operating Funds,801,School Generated,1,
FG124-905005,CFF - McDougal Family,Operating Funds,General Operating Funds,General Operating Funds,801,School Generated,1,
FG370-499840,New Principal Mentoring 22-4998-PM,Operating Funds,General Operating Funds,General Operating Funds,807,Other Grants,1,
FG370-499843,ESSER III- Charter Programmatic,Operating Funds,General Operating Funds,General Operating Funds,807,Other Grants,1,
FG367-435015,SIG - Al Raby,Operating Funds,General Operating Funds,General Operating Funds,807,Other Grants,1,
FG799-424012,Fresh Fruit & Vegetables Program,Operating Funds,General Operating Funds,Others,,,1,
FG799-430094,Public Instr and Support Services ARRA,Operating Funds,General Operating Funds,Others,,,1,
FG799-430615,TITLE I PART D DELINQUENT PROGRAMS ARRA FY 2010,Operating Funds,General Operating Funds,Others,,,1,
FG124-070988,NCTR - Black Education Initiative (Teacher Residencies) 23-24,Operating Funds,General Operating Funds,General Operating Funds,801,School Generated,1,
FG124-070989,Hope Chicago Grant 2024,Operating Funds,General Operating Funds,General Operating Funds,801,School Generated,1,
FG367-435019,SIG - District (Cohort 4),Operating Funds,General Operating Funds,General Operating Funds,807,Other Grants,1,
FG370-499847,New Principal Mentoring 23-4998-PM,Operating Funds,General Operating Funds,General Operating Funds,807,Other Grants,1,
FG367-435018,SIG - Bronzeville,Operating Funds,General Operating Funds,General Operating Funds,807,Other Grants,1,
FG370-499849,IL Aware-AW 2023,Operating Funds,General Operating Funds,General Operating Funds,807,Other Grants,1,
FG370-000109,Sick and Vacation Termination Payout - ESP- FG370-000109,Operating Funds,General Operating Funds,General Operating Funds,807,Other Grants,1,
FG701-500023,Scratch Encore,Operating Funds,General Operating Funds,Others,,,1,
FG701-500041,Cities Mentoring,Operating Funds,General Operating Funds,Others,,,1,
FG124-071979,Ingenuity - CSF8,Operating Funds,General Operating Funds,General Operating Funds,801,School Generated,1,
FG701-529022,Randomized Study to Abate Truancy and Violence,Operating Funds,General Operating Funds,Others,,,1,
FG370-442297,21st Century Community Learning Centers - (Cohort 15-Grant 4),Operating Funds,General Operating Funds,General Operating Funds,807,Other Grants,1,
FG701-600008,Bond Series 2007C,Operating Funds,General Operating Funds,Others,,,1,
FG701-905155,Allstate Hermosa Playground,Operating Funds,General Operating Funds,Others,,,1,
FG701-906001,CFF Chicago CRED Amer-I-Can FY19,Operating Funds,General Operating Funds,Others,,,1,
FG124-070994,The Newberry Library CPScholars Program,Operating Funds,General Operating Funds,General Operating Funds,801,School Generated,1,
FG124-070991,Ingenuity Creative Schools Fund SY2023-2024 (Spring24),Operating Funds,General Operating Funds,General Operating Funds,801,School Generated,1,
FG367-499801,School and District Improvement  FY18,Operating Funds,General Operating Funds,General Operating Funds,807,Other Grants,1,
FG701-500058,Collaborative Research: Adapting and Implementing a Geospatial Hi,Operating Funds,General Operating Funds,Others,,,1,
FG124-210037,City Year FY 2021,Operating Funds,General Operating Funds,General Operating Funds,801,School Generated,1,
FG124-430106,Public Inst. & Support Services,Operating Funds,General Operating Funds,General Operating Funds,801,School Generated,1,
FG369-000109,Sick and Vacation Termination Payout - ESP,Operating Funds,General Operating Funds,General Operating Funds,807,Other Grants,1,
FG370-580225,CDC Public Health Emergency Response- FG370-580225,Operating Funds,General Operating Funds,General Operating Funds,807,Other Grants,1,
FG370-442345,Title IV 21st Century Community Learning Centers Cohort B1,Operating Funds,General Operating Funds,General Operating Funds,807,Other Grants,1,
FG370-499803,ESSER - Nonpublic Inst & Supp Serv - Catholic,Operating Funds,General Operating Funds,General Operating Funds,807,Other Grants,1,
FG370-499804,ESSER - Nonpublic Inst & Supp Serv - Independ,Operating Funds,General Operating Funds,General Operating Funds,807,Other Grants,1,
FG701-532015,Accelerated STEM Program of Study and Leadership Development,Operating Funds,General Operating Funds,Others,,,1,
FG701-538011,Public School Choice Program - Voluntary,Operating Funds,General Operating Funds,Others,,,1,
FG124-905024,CFF - Crown Memorial Fit-Finance-Finish,Operating Funds,General Operating Funds,General Operating Funds,801,School Generated,1,
FG999-000000,Error,Operating Funds,General Operating Funds,Others,,,1,
FG367-434011,SIG Transformation FY12 -Hancock,Operating Funds,General Operating Funds,General Operating Funds,807,Other Grants,1,
FG367-434018,SIG Transformation FY12 -Wells,Operating Funds,General Operating Funds,General Operating Funds,807,Other Grants,1,
FG367-434019,SIG Transformation FY12 -District,Operating Funds,General Operating Funds,General Operating Funds,807,Other Grants,1,
FG799-442124,21st Century Community Learning Centers2,Operating Funds,General Operating Funds,Others,,,1,
FG799-442215,21st Century CLC - NEIU,Operating Funds,General Operating Funds,Others,,,1,
FG799-442225,Developing 21st Century Critical Thinking Skills,Operating Funds,General Operating Funds,Others,,,1,
FG799-488401,Ed Jobs Fund Reduced Class Size,Operating Funds,General Operating Funds,Others,,,1,
FG370-499814,Digital Equity Grant - Nonpublic - Jewish- FG370-499814,Operating Funds,General Operating Funds,General Operating Funds,807,Other Grants,1,
FG701-500270,STARTALK - Arabic Language Program,Operating Funds,General Operating Funds,Others,,,1,
FG701-500272,STARTALK - Arabic Language Program,Operating Funds,General Operating Funds,Others,,,1,
FG701-500277,Teachers Lead Chicago Year 3,Operating Funds,General Operating Funds,Others,,,1,
FG701-500317,Magnet Schools Assistance Program (CPSMSAP) FY24,Operating Funds,General Operating Funds,Others,,,1,
FG701-442190,21st Century Community Learning Cntrs - (Cohort 15-Grant 5) FY20,Operating Funds,General Operating Funds,Others,,,1,
FG701-430282,Title I - School Discretionary,Operating Funds,General Operating Funds,Others,,,1,
FG367-433131,Il-Empower (Cohort 19 - Grant 1) FY19,Operating Funds,General Operating Funds,General Operating Funds,807,Other Grants,1,
FG367-433132,Il-Empower (Cohort 19 - Grant 2) FY19,Operating Funds,General Operating Funds,General Operating Funds,807,Other Grants,1,
FG367-433138,Il-Empower (Cohort 19 - Grant 8) FY19,Operating Funds,General Operating Funds,General Operating Funds,807,Other Grants,1,
FG124-000307,School Breakfast To School Wellness Partnership,Operating Funds,General Operating Funds,General Operating Funds,801,School Generated,1,
FG124-000326,Driver Education Revenue,Operating Funds,General Operating Funds,General Operating Funds,801,School Generated,1,
FG701-430285,Nonpublic Inst. and Supp. Serv. - Christian,Operating Funds,General Operating Funds,Others,,,1,
FG701-430519,Neglected Programs,Operating Funds,General Operating Funds,Others,,,1,
FG701-433161,Il-Empower (Cohort 19 - Grant 10),Operating Funds,General Operating Funds,Others,,,1,
FG367-433140,Il-Empower (Cohort 19 - Grant 10) FY19,Operating Funds,General Operating Funds,General Operating Funds,807,Other Grants,1,
FG367-433141,Il-Empower (Cohort 19 - Grant 1) FY20,Operating Funds,General Operating Funds,General Operating Funds,807,Other Grants,1,
FG367-433118,Title I School Improvement Grant- (SOSS),Operating Funds,General Operating Funds,General Operating Funds,807,Other Grants,1,
FG124-000340,CFF - McDougal Foundation,Operating Funds,General Operating Funds,General Operating Funds,801,School Generated,1,
FG124-000345,CFF - McDougal Foundation Lesson Study 2017-2018,Operating Funds,General Operating Funds,General Operating Funds,801,School Generated,1,
FG124-004131,The Great Middle School Sports Search,Operating Funds,General Operating Funds,General Operating Funds,801,School Generated,1,
FG701-433165,Il-Empower (Cohort 19 - Grant 3),Operating Funds,General Operating Funds,Others,,,1,
FG701-433167,Il-Empower (Cohort 19 - Grant 5),Operating Funds,General Operating Funds,Others,,,1,
FG701-433173,IL-Empower (Cohort 20 - Grant 11),Operating Funds,General Operating Funds,Others,,,1,
FG701-433174,Il-Empower (Cohort 19 - Grant 1),Operating Funds,General Operating Funds,Others,,,1,
FG701-433164,Il-Empower (Cohort 19 - Grant 2),Operating Funds,General Operating Funds,Others,,,1,
FG701-440044,Title IV-Part A,Operating Funds,General Operating Funds,Others,,,1,
FG367-433910,School Improvement Grant Fenger,Operating Funds,General Operating Funds,General Operating Funds,807,Other Grants,1,
FG367-433911,School Improvement Grant Fenger,Operating Funds,General Operating Funds,General Operating Funds,807,Other Grants,1,
FG115-376604,Agriculture Education,Operating Funds,General Operating Funds,General Operating Funds,801,General Fund,1,
FG115-001026,FY26 Comparability,Operating Funds,General Operating Funds,General Operating Funds,801,General Fund,1,
FG115-376616,Gifted - Region 6,Operating Funds,General Operating Funds,General Operating Funds,801,General Fund,1,
FG124-004141,COM2 Computer Recycling Program- FG124-004141,Operating Funds,General Operating Funds,General Operating Funds,801,School Generated,1,
FG124-070062,Michigan State University,Operating Funds,General Operating Funds,General Operating Funds,801,School Generated,1,
FG124-070063,TOP Supplement Tobacco,Operating Funds,General Operating Funds,General Operating Funds,801,School Generated,1,
FG701-440301,Healthy Schools Healthy City Medicaid Enrollment Project FY18,Operating Funds,General Operating Funds,Others,,,1,
FG701-442132,21st Century Community Learning Centers 3,Operating Funds,General Operating Funds,Others,,,1,
FG367-433148,Il-Empower (Cohort 19 - Grant 8) FY20,Operating Funds,General Operating Funds,General Operating Funds,807,Other Grants,1,
FG367-433151,IL-Empower (Cohort 20 - Grant 11) FY20,Operating Funds,General Operating Funds,General Operating Funds,807,Other Grants,1,
FG115-376701,Orphanage Act - Jail/Detention,Operating Funds,General Operating Funds,General Operating Funds,801,General Fund,1,
FG124-070925,RPA SEL in Action Award Grant (Hibbard ES),Operating Funds,General Operating Funds,General Operating Funds,801,School Generated,1,
FG701-442202,21st Century Community Learning Centers - (Cohort 15-Grant 4),Operating Funds,General Operating Funds,Others,,,1,
FG115-210015,Summer Youth Employment Program,Operating Funds,General Operating Funds,General Operating Funds,801,General Fund,1,
FG115-376710,Special Education - Transportation Summer,Operating Funds,General Operating Funds,General Operating Funds,801,General Fund,1,
FG115-396223,Arts & Foreign Language - OLC,Operating Funds,General Operating Funds,General Operating Funds,801,General Fund,1,
FG115-399002,Hold Harmless FY 15,Operating Funds,General Operating Funds,General Operating Funds,801,General Fund,1,
FG324-47210,ADVANCED PLACEMENT INCENTIVE PROGRAM - FG324-547210,Operating Funds,General Operating Funds,General Operating Funds,807,Other Grants,1,
FG436-000027,Matching Cost Contribution from Private Sources,Capital Funds,Capital Funds,Others,810,Capital Projects Fund,1,
FG701-430523,Neglected Programs,Operating Funds,General Operating Funds,Others,,,1,
FG701-430528,Neglected Programs,Operating Funds,General Operating Funds,Others,,,1,
FG701-430529,Neglected Programs,Operating Funds,General Operating Funds,Others,,,1,
FG701-430619,Delinquent Programs,Operating Funds,General Operating Funds,Others,,,1,
FG701-430622,Delinquent Programs,Operating Funds,General Operating Funds,Others,,,1,
FG367-433214,School and District Improvement Grant (Title 1003a) Cohort 15  -  FG367-433214,Operating Funds,General Operating Funds,General Operating Funds,807,Other Grants,1,
FG124-010182,Breakthrough Schools CPEF- Chavez,Operating Funds,General Operating Funds,General Operating Funds,801,School Generated,1,
FG114-490251,CARES Act Provider Relief Fund (Medicaid),Operating Funds,General Operating Funds,General Operating Funds,801,General Fund,1,
FG701-433185,IL Empower(Cohort 22  - Grant 12),Operating Funds,General Operating Funds,Others,,,1,
FG367-433163,Il-Empower (Cohort 19 - Grant 1)  -  FG367-433163,Operating Funds,General Operating Funds,General Operating Funds,807,Other Grants,1,
FG115-433921,School Improvement Grant Marshall High School,Operating Funds,General Operating Funds,General Operating Funds,801,General Fund,1,
FG115-459101,R.O.T.C. - Army,Operating Funds,General Operating Funds,General Operating Funds,801,General Fund,1,
FG115-490926,Title III - Language Acquisition,Operating Funds,General Operating Funds,General Operating Funds,801,General Fund,1,
FG701-442139,21st Century Community Learning Centers 3,Operating Funds,General Operating Funds,Others,,,1,
FG701-442147,21st Century Community Learning Centers - (Cohort 15-Grant 4),Operating Funds,General Operating Funds,Others,,,1,
FG367-433223,Il-Empower (Cohort 23 - Grant 3),Operating Funds,General Operating Funds,General Operating Funds,807,Other Grants,1,
FG115-517502,Chicago Teen Pregnancy Prevention Initiative,Operating Funds,General Operating Funds,General Operating Funds,801,General Fund,1,
FG124-905053,CFF PepsiCo Adelante(Bogan HS)Donation,Operating Funds,General Operating Funds,General Operating Funds,801,School Generated,1,
FG124-905056,CFF - Grosvenor Donation (Cook ES),Operating Funds,General Operating Funds,General Operating Funds,801,School Generated,1,
FG124-905065,CFF- CCT Arts Residency- FG124-905065,Operating Funds,General Operating Funds,General Operating Funds,801,School Generated,1,
FG124-004125,First Lego League Class Pack,Operating Funds,General Operating Funds,General Operating Funds,801,School Generated,1,
FG701-442215,21st Century CLC - NEIU,Operating Funds,General Operating Funds,Others,,,1,
FG701-442233,21st Century CLC NEIU FY 22,Operating Funds,General Operating Funds,Others,,,1,
FG367-433180,School and District Improvement (Cohort 19 - Grant 7),Operating Funds,General Operating Funds,General Operating Funds,807,Other Grants,1,
FG367-433181,School and District Improvement (Cohort 19 - Grant 8),Operating Funds,General Operating Funds,General Operating Funds,807,Other Grants,1,
FG367-433186,School and District Improvement (Cohort 22  - Grant 13) -FG367-433186,Operating Funds,General Operating Funds,General Operating Funds,807,Other Grants,1,
FG115-610003,Tax Anticipation Notes - TANS,Operating Funds,General Operating Funds,General Operating Funds,801,General Fund,1,
FG124-004127,VERIZON - Chicago Bears Distance Learning,Operating Funds,General Operating Funds,General Operating Funds,801,School Generated,1,
FG799-500745,Workforce Investment Act (MOWD),Operating Funds,General Operating Funds,Others,,,1,
FG799-502049,US Environmental Protection Agency,Operating Funds,General Operating Funds,Others,,,1,
FG701-430630,Delinquent Programs,Operating Funds,General Operating Funds,Others,,,1,
FG701-432112,Race To The Top - Early Learning Challenge Phase 2,Operating Funds,General Operating Funds,Others,,,1,
FG701-433124,Title I School Improvement Grant- (SOSS) FY18,Operating Funds,General Operating Funds,Others,,,1,
FG362-510219,Headstart - Child Development,Operating Funds,General Operating Funds,General Operating Funds,807,Other Grants,1,
FG124-000014,Early Childhood Expansion-Social Impact Bond,Operating Funds,General Operating Funds,General Operating Funds,801,School Generated,1,
FG124-012268,Mills Donation 2007,Operating Funds,General Operating Funds,General Operating Funds,801,School Generated,1,
FG701-433194,FY24 School and District  Improvement Grant (Cohort 16) - 36,Operating Funds,General Operating Funds,Others,,,1,
FG701-442152,21st Century Community Learning Centers - (Cohort 15-Grant 2),Operating Funds,General Operating Funds,Others,,,1,
FG701-442157,21st Century Community Learning Centers,Operating Funds,General Operating Funds,Others,,,1,
FG701-442158,21st Century Community Learning Centers - (Cohort 15-Grant 1),Operating Funds,General Operating Funds,Others,,,1,
FG362-510221,Head Start - Child Development,Operating Funds,General Operating Funds,General Operating Funds,807,Other Grants,1,
FG362-510222,Headstart-Child Development,Operating Funds,General Operating Funds,General Operating Funds,807,Other Grants,1,
FG364-433412,Reading First,Operating Funds,General Operating Funds,General Operating Funds,807,Other Grants,1,
FG799-560026,Headstart- Chil Supp. Dis SP Initiative,Operating Funds,General Operating Funds,Others,,,1,
FG799-582040,Transition to Teaching (T Sped),Operating Funds,General Operating Funds,Others,,,1,
FG701-400401,Investing In Innovation (i3),Operating Funds,General Operating Funds,Others,,,1,
FG701-400407,Comp Strategies to Promote Social and Emotional Learning (CASEL),Operating Funds,General Operating Funds,Others,,,1,
FG362-560031,Headstart-Child Supp. Dis. SP Initiative,Operating Funds,General Operating Funds,General Operating Funds,807,Other Grants,1,
FG364-433723,Reading 1st - Professional Development,Operating Funds,General Operating Funds,General Operating Funds,807,Other Grants,1,
FG124-004110,Starnet Region V - Mom's Retreat,Operating Funds,General Operating Funds,General Operating Funds,801,School Generated,1,
FG124-070008,Project Lead The Way (Year 2) - Jones,Operating Funds,General Operating Funds,General Operating Funds,801,School Generated,1,
FG701-500843,Restorative Justice Conflict Resolution Title II,Operating Funds,General Operating Funds,Others,,,1,
FG799-376600,Block Grant - General Education Block Grant,Operating Funds,General Operating Funds,Others,,,1,
FG701-421004,Supply Chain Assistance,Operating Funds,General Operating Funds,Others,,,1,
FG701-421005,Local Food for Schools,Operating Funds,General Operating Funds,Others,,,1,
FG701-422505,Summer Food Service Program,Operating Funds,General Operating Funds,Others,,,1,
FG701-422601,Lunchroom Child & Adult Care Food Program,Operating Funds,General Operating Funds,Others,,,1,
FG701-424015,Fresh Fruit & Vegetables Program,Operating Funds,General Operating Funds,Others,,,1,
FG367-000074,Contingency for Prog Expansion,Operating Funds,General Operating Funds,General Operating Funds,807,Other Grants,1,
FG367-424060,SIG - Marshall (Cohort 5) FY18,Operating Funds,General Operating Funds,General Operating Funds,807,Other Grants,1,
FG799-395003,Orphanage Regular Students - Sec. 18-3,Operating Funds,General Operating Funds,Others,,,1,
FG799-399955,Teacher Mentoring & Mentoring Pilot Program,Operating Funds,General Operating Funds,Others,,,1,
FG799-421001,Lunchroom Lunch Program,Operating Funds,General Operating Funds,Others,,,1,
FG701-424051,SIG - Holmes (Cohort 5),Operating Funds,General Operating Funds,Others,,,1,
FG701-424057,SIG - Holmes (Cohort 5) FY18,Operating Funds,General Operating Funds,Others,,,1,
FG362-510226,Headstart-Child Development,Operating Funds,General Operating Funds,General Operating Funds,807,Other Grants,1,
FG367-424066,SIG - Marshall (Cohort 5) FY19,Operating Funds,General Operating Funds,General Operating Funds,807,Other Grants,1,
FG124-070025,The Broad Residency - Tamara Prather,Operating Funds,General Operating Funds,General Operating Funds,801,School Generated,1,
FG367-424067,SIG - Mann (Cohort 5) FY19,Operating Funds,General Operating Funds,General Operating Funds,807,Other Grants,1,
FG115-000411,Sports Payout,Operating Funds,General Operating Funds,General Operating Funds,801,General Fund,1,
FG701-433156,Il-Empower (Cohort 19 - Grant 5),Operating Funds,General Operating Funds,Others,,,1,
FG701-433158,Il-Empower (Cohort 19 - Grant 7),Operating Funds,General Operating Funds,Others,,,1,
FG701-434018,SIG Transformation FY12 -Wells,Operating Funds,General Operating Funds,Others,,,1,
FG701-435006,SIG - District,Operating Funds,General Operating Funds,Others,,,1,
FG115-001011,FY11 Comparability,Operating Funds,General Operating Funds,General Operating Funds,801,General Fund,1,
FG124-000223,EQT-YEAR 2000/UNISYS,Operating Funds,General Operating Funds,General Operating Funds,801,School Generated,1,
FG701-439001,R.O.T.C. - Air Force,Operating Funds,General Operating Funds,Others,,,1,
FG701-442180,21st Century Community Learning Centers-(Cohort 19-Grant 1) FY19,Operating Funds,General Operating Funds,Others,,,1,
FG332-430299,Nonpublic Inst. & Supp. Serv. - Lutheran -  FG332-430299,Operating Funds,General Operating Funds,General Operating Funds,805,NCLB Federal,1,
FG332-430300,Nonpublic Inst. & Supp. Serv. - Jewish -  FG332-430300,Operating Funds,General Operating Funds,General Operating Funds,805,NCLB Federal,1,
FG336-500055,Project Cultivate -  FG336-500055,Operating Funds,General Operating Funds,General Operating Funds,805,NCLB Federal,1,
FG336-500980,Arts Teachers Leading Achievement and Success (ATLAS),Operating Funds,General Operating Funds,General Operating Funds,805,NCLB Federal,1,
FG336-500981,Arts Teachers Leading Achievement and Success (ATLAS),Operating Funds,General Operating Funds,General Operating Funds,805,NCLB Federal,1,
FG335-488405,Above Formula Classroom Position,Operating Funds,General Operating Funds,General Operating Funds,805,NCLB Federal,1,
FG358,Title IV,Operating Funds,NA,General Operating Funds,805,NCLB Federal,0,
FG332-430312,Nonpublic Inst. & Supp. Serv. - Lutheran  -  FG332-430312,Operating Funds,General Operating Funds,General Operating Funds,805,NCLB Federal,1,
FG332-430313,Nonpublic Inst. & Supp. Serv. - Jewish  -  FG332-430313,Operating Funds,General Operating Funds,General Operating Funds,805,NCLB Federal,1,
FG332-430283,Nonpublic Inst. & Supp. Serv. - Catholic,Operating Funds,General Operating Funds,General Operating Funds,805,NCLB Federal,1,
FG332-430323,Nonpublic Inst. & Supp. Serv. - Independ.,Operating Funds,General Operating Funds,General Operating Funds,805,NCLB Federal,1,
FG332-430330,Title I - ESSA - Summer Learning Initiative,Operating Funds,General Operating Funds,General Operating Funds,805,NCLB Federal,1,
FG332-433123,Title I School Improvement Grant- (SOSS),Operating Funds,General Operating Funds,General Operating Funds,805,NCLB Federal,1,
FG334-430520,Neglected Programs,Operating Funds,General Operating Funds,General Operating Funds,805,NCLB Federal,1,
FG334-430522,Neglected Programs,Operating Funds,General Operating Funds,General Operating Funds,805,NCLB Federal,1,
FG332-430333,Title I - District Parent Involvement,Operating Funds,General Operating Funds,General Operating Funds,805,NCLB Federal,1,
FG334-430614,Delinquent Programs,Operating Funds,General Operating Funds,General Operating Funds,805,NCLB Federal,1,
FG334-430621,Delinquent Programs,Operating Funds,General Operating Funds,General Operating Funds,805,NCLB Federal,1,
FG334-430630,Delinquent Programs -  FG334-430630,Operating Funds,General Operating Funds,General Operating Funds,805,NCLB Federal,1,
FG332-430291,Title I - Essa - Summer Learning Initiative,Operating Funds,General Operating Funds,General Operating Funds,805,NCLB Federal,1,
FG220-460530,Preschool Discretionary (STARNET),Operating Funds,General Operating Funds,General Operating Funds,807,Other Grants,1,
FG220-462090,LEA Flowthru Instruction - Nonpublic,Operating Funds,General Operating Funds,General Operating Funds,807,Other Grants,1,
FG324-399814,Teacher Vacancy Grant Pilot Program - ISB,Operating Funds,General Operating Funds,General Operating Funds,807,Other Grants,1,
FG220-463015,IDEA PARENT MENTOR PROJECT FY10,Operating Funds,General Operating Funds,General Operating Funds,807,Other Grants,1,
FG124-905099,CFF - Crown C2C Madison Roosevelt Corridor Grant,Operating Funds,General Operating Funds,General Operating Funds,801,School Generated,1,
FG324-424015,Fresh Fruit & Vegetables Program,Operating Funds,General Operating Funds,General Operating Funds,807,Other Grants,1,
FG324-409428,CIMBY-(Jackson Park Expansion),Operating Funds,General Operating Funds,General Operating Funds,807,Other Grants,1,
FG324-409431,Cimby - Burnham Park,Operating Funds,General Operating Funds,General Operating Funds,807,Other Grants,1,
FG124-905112,CFF- Chicago Community Trust Foundation,Operating Funds,General Operating Funds,General Operating Funds,801,School Generated,1,
FG124-905176,CFF Chicago CRED's C2C award,Operating Funds,General Operating Funds,General Operating Funds,801,School Generated,1,
FG220-460532,Preschool Discretionary (STARNET)  -  FG220-460532,Operating Funds,General Operating Funds,General Operating Funds,807,Other Grants,1,
FG220-462015,IDEA Flow Through: Instruction,Operating Funds,General Operating Funds,General Operating Funds,807,Other Grants,1,
FG324-400103,Chicago Gear-Up 6 (Year 4),Operating Funds,General Operating Funds,General Operating Funds,807,Other Grants,1,
FG324-400201,Healthier US Schools Challenge,Operating Funds,General Operating Funds,General Operating Funds,807,Other Grants,1,
FG220-462039,LEA FlowThru Summer,Operating Funds,General Operating Funds,General Operating Funds,807,Other Grants,1,
FG324-400403,Investing In Innovation (i3),Operating Funds,General Operating Funds,General Operating Funds,807,Other Grants,1,
FG324-200022,IGA: Creative Schools Fund Program,Operating Funds,General Operating Funds,General Operating Funds,807,Other Grants,1,
FG324-200027,IGA Creative Schools Fund Program Year 2022,Operating Funds,General Operating Funds,General Operating Funds,807,Other Grants,1,
FG324-210083,IGA Chicago Connected Phase Two,Operating Funds,General Operating Funds,General Operating Funds,807,Other Grants,1,
FG324-380125,School District Library Grant  -  FG324-380125,Operating Funds,General Operating Funds,General Operating Funds,807,Other Grants,1,
FG124-905131,CFF Choose to Change prj and The University of Chicago,Operating Funds,General Operating Funds,General Operating Funds,801,School Generated,1,
FG124-905134,CFF The Choose to Change project and The Jewish Federation of Met,Operating Funds,General Operating Funds,General Operating Funds,801,School Generated,1,
FG324-369626,Regional Safe Schools,Operating Funds,General Operating Funds,General Operating Funds,807,Other Grants,1,
FG324-380201,Library for Technology Grant - Back to Books,Operating Funds,General Operating Funds,General Operating Funds,807,Other Grants,1,
FG324-395021,Children's Low-Cost Laptop Program FY12,Operating Funds,General Operating Funds,General Operating Funds,807,Other Grants,1,
FG324-424018,Fresh Fruit & Vegetables Program,Operating Funds,General Operating Funds,General Operating Funds,807,Other Grants,1,
FG220-460015,Preschool Incentive Grant,Operating Funds,General Operating Funds,General Operating Funds,807,Other Grants,1,
FG324-399960,Beginning Teacher Induction Pilot Program ONS,Operating Funds,General Operating Funds,General Operating Funds,807,Other Grants,1,
FG324-424023,Fresh Fruit & Vegetables Program  -  FG324-424023,Operating Funds,General Operating Funds,General Operating Funds,807,Other Grants,1,
FG324-424025,FY23 Team Nutrition Recipe Development RFP,Operating Funds,General Operating Funds,General Operating Funds,807,Other Grants,1,
FG324-210087,IGA Support of an Online Vaccination Consent System,Operating Funds,General Operating Funds,General Operating Funds,807,Other Grants,1,
FG220-462064,LEA FlowThru Instruction,Operating Funds,General Operating Funds,General Operating Funds,807,Other Grants,1,
FG324-200033,IGA Creative Schools Fund FY24- City of Chicago,Operating Funds,General Operating Funds,General Operating Funds,807,Other Grants,1,
FG324-200034,IGA Creative Schools Fund FY26- City Of Chicago,Operating Funds,General Operating Funds,General Operating Funds,807,Other Grants,1,
FG324-210019,City Year Expansion Project FY15,Operating Funds,General Operating Funds,General Operating Funds,807,Other Grants,1,
FG324-396112,Advanced Placement Classes CCSS,Operating Funds,General Operating Funds,General Operating Funds,807,Other Grants,1,
FG124-905076,CFF - FY22 Laurie's Hospital/ICJIA Trauma Responsive Schools- FG124-905076,Operating Funds,General Operating Funds,General Operating Funds,801,School Generated,1,
FG324-210023,High School Transition - Urban Labs,Operating Funds,General Operating Funds,General Operating Funds,807,Other Grants,1,
FG324-210027,High School Transition - Urban Labs FY18,Operating Funds,General Operating Funds,General Operating Funds,807,Other Grants,1,
FG324-396231,Arts & Foreign Language - OLC,Operating Funds,General Operating Funds,General Operating Funds,807,Other Grants,1,
FG324-396600,Learning Support Specialist Grant,Operating Funds,General Operating Funds,General Operating Funds,807,Other Grants,1,
FG324-399011,Mental Health Support Grant,Operating Funds,General Operating Funds,General Operating Funds,807,Other Grants,1,
FG124-905083,CFF-Chicago Families Forward Fund- FG124-905083,Operating Funds,General Operating Funds,General Operating Funds,801,School Generated,1,
FG124-905142,SY23-24 Chi-Rise project and the Crown Family Philanthropies fund,Operating Funds,General Operating Funds,General Operating Funds,801,School Generated,1,
FG124-905148,CFF Adtalem Global Education CTE Health Sciences HOSA State Compe,Operating Funds,General Operating Funds,General Operating Funds,801,School Generated,1,
FG124-905149,CFF Switch Vehicles funded by Constellation and ComEd,Operating Funds,General Operating Funds,General Operating Funds,801,School Generated,1,
FG324-403412,Increase Teacher Quality Grant,Operating Funds,General Operating Funds,General Operating Funds,807,Other Grants,1,
FG324-409421,Calumet is My Back Yard,Operating Funds,General Operating Funds,General Operating Funds,807,Other Grants,1,
FG220-460028,Preschool Incentive Grant -  FG220-460028,Operating Funds,General Operating Funds,General Operating Funds,807,Other Grants,1,
FG324-322516,Work Exp. & Career Exp. Program (WECEP),Operating Funds,General Operating Funds,General Operating Funds,807,Other Grants,1,
FG324-399101,Comprehensive Induction and Mentoring (Year 1),Operating Funds,General Operating Funds,General Operating Funds,807,Other Grants,1,
FG220-462077,IDEA - Coordinated Early Intervening Services (CEIS),Operating Funds,General Operating Funds,General Operating Funds,807,Other Grants,1,
FG220-462079,LEA  FlowThru Instruction - Nonpublic -  FG220-462079,Operating Funds,General Operating Funds,General Operating Funds,807,Other Grants,1,
FG324-210042,Healthy CPS Partnerships - Chief Health Officer,Operating Funds,General Operating Funds,General Operating Funds,807,Other Grants,1,
FG324-210044,Healthy CPS Partnerships - Chief Health Officer,Operating Funds,General Operating Funds,General Operating Funds,807,Other Grants,1,
FG324-376803,Truant Alternative Optional Education FY19,Operating Funds,General Operating Funds,General Operating Funds,807,Other Grants,1,
FG324-376808,Agriculture Education FY20,Operating Funds,General Operating Funds,General Operating Funds,807,Other Grants,1,
FG324-399507,Other State Programs Enviromental Education Hay,Operating Funds,General Operating Funds,General Operating Funds,807,Other Grants,1,
FG220-462089,LEA Flowthru Instruction -  FG220-462089,Operating Funds,General Operating Funds,General Operating Funds,807,Other Grants,1,
FG124-905093,CFF - SocialWorks New Chance Cohort II CS4All (Vaughan),Operating Funds,General Operating Funds,General Operating Funds,801,School Generated,1,
FG324-400086,GEAR-UP 5 (Year 3),Operating Funds,General Operating Funds,General Operating Funds,807,Other Grants,1,
FG324-400088,Gear-Up Alliance 4,Operating Funds,General Operating Funds,General Operating Funds,807,Other Grants,1,
FG324-400091,Gear Up 4 (Year 5),Operating Funds,General Operating Funds,General Operating Funds,807,Other Grants,1,
FG324-400092,Chicago Gear-Up Alliance 5,Operating Funds,General Operating Funds,General Operating Funds,807,Other Grants,1,
FG324-430314,Title I - District Initiatives,Operating Funds,General Operating Funds,General Operating Funds,807,Other Grants,1,
FG324-432101,Race to the Top,Operating Funds,General Operating Funds,General Operating Funds,807,Other Grants,1,
FG324-432113,Race To The Top Early Learning Challenge,Operating Funds,General Operating Funds,General Operating Funds,807,Other Grants,1,
FG324-322518,Work Experience & Career Experience Program (WECEP),Operating Funds,General Operating Funds,General Operating Funds,807,Other Grants,1,
FG124-905160,CFF The Circle of Service and Joyce Foundations FAFSA,Operating Funds,General Operating Funds,General Operating Funds,801,School Generated,1,
FG324-400097,Chicago Gear-Up Alliance 5 FY18,Operating Funds,General Operating Funds,General Operating Funds,807,Other Grants,1,
FG324-210052,Computer Science for All FY19,Operating Funds,General Operating Funds,General Operating Funds,807,Other Grants,1,
FG324-323703,Agricultural Education Incentive Funding,Operating Funds,General Operating Funds,General Operating Funds,807,Other Grants,1,
FG220-460518,Preschool Discretionary (STARNET),Operating Funds,General Operating Funds,General Operating Funds,807,Other Grants,1,
FG220-460520,Preschool Discretionary (STARNET),Operating Funds,General Operating Funds,General Operating Funds,807,Other Grants,1,
FG324-376821,Agriculture Education -  FG324-376821,Operating Funds,General Operating Funds,General Operating Funds,807,Other Grants,1,
FG324-376822,Agriculture Education - Three Circles -  FG324-376822,Operating Funds,General Operating Funds,General Operating Funds,807,Other Grants,1,
FG701-442290,Title IV - 21st Century Comm Learning Centers A3,Operating Funds,General Operating Funds,Others,,,1,
FG701-580213,Healthy CPS-HIV STD Prevention Initiative 221077 FY18,Operating Funds,General Operating Funds,Others,,,1,
FG701-400089,Chicago Gear-Up Alliance 5,Operating Funds,General Operating Funds,Others,,,1,
FG659,2021A New Money,Operating Funds,NA,Debt-Service Funds,808,Debt Service Fund,0,
FG690-399602,State Distributive Fund,Operating Funds,Debt-Service Funds,Debt-Service Funds,808,Debt Service Fund,1,
FG691,CIP Series 2011C (2000D) Debt Service,Operating Funds,NA,Debt-Service Funds,808,Debt Service Fund,0,
FG701-442297,21st Century Community Learning Centers - (Cohort 15-Grant 4),Operating Funds,General Operating Funds,Others,,,1,
FG701-442302,21st Century Community Learning Centers - (Cohort 15-Grant 7),Operating Funds,General Operating Funds,Others,,,1,
FG701-499838,ESSER III - Instructional Capacity Tier II,Operating Funds,General Operating Funds,Others,,,1,
FG701-499842,ARP IDEA Flow Through,Operating Funds,General Operating Funds,Others,,,1,
FG701-400103,Chicago Gear-Up 6 (Year 4),Operating Funds,General Operating Funds,Others,,,1,
FG495-524028,Secondary Transitional Experience Program (Step),Capital Funds,Capital Funds,Others,810,Capital Projects Fund,1,
FG495-532015,Accelerated STEM Program of Study and Leadership Development,Capital Funds,Capital Funds,Others,810,Capital Projects Fund,1,
FG425-379034,2022 DCEO State Capital William Gary ES Project,Capital Funds,Capital Funds,Others,810,Capital Projects Fund,1,
FG701-460015,Preschool Incentive Grant,Operating Funds,General Operating Funds,Others,,,1,
FG701-460021,Preschool Incentive Grant,Operating Funds,General Operating Funds,Others,,,1,
FG701-511039,CHIPRA Outreach and Enrollment Grant,Operating Funds,General Operating Funds,Others,,,1,
FG701-511243,Pathways to Accelerated Student Success (PASS),Operating Funds,General Operating Funds,Others,,,1,
FG495-548061,Emergency Connectivity Fund - EEmergency Connectivity Fund - ECF,Capital Funds,Capital Funds,Others,810,Capital Projects Fund,1,
FG425-379042,2022 DCEO State Capital Talcott Elementary Project,Capital Funds,Capital Funds,Others,810,Capital Projects Fund,1,
FG425-379175,DCEO State - SIMEON,Capital Funds,Capital Funds,Others,810,Capital Projects Fund,1,
FG701-460523,Preschool Discretionary (STARNET),Operating Funds,General Operating Funds,Others,,,1,
FG701-460528,Preschool Discretionary (STARNET),Operating Funds,General Operating Funds,Others,,,1,
FG701-460801,Midwest Expansion of the Child Parent Center Education Program (U,Operating Funds,General Operating Funds,Others,,,1,
FG701-460803,Midwest Expansion CPC Education Program (U of Minn/USDE/Year 3),Operating Funds,General Operating Funds,Others,,,1,
FG701-580238,Training For Mental Health Equity (TMHE),Operating Funds,General Operating Funds,Others,,,1,
FG628,Series 2001C Debt Service Fund,Operating Funds,NA,Debt-Service Funds,808,Debt Service Fund,0,
FG677-000000,CIP Series 2016A Debt Service,Operating Funds,Debt-Service Funds,Debt-Service Funds,808,Debt Service Fund,1,
FG425-379185,DCEO State Capital Prussing,Capital Funds,Capital Funds,Others,810,Capital Projects Fund,1,
FG425-379186,DCEO State Capital Portage Park,Capital Funds,Capital Funds,Others,810,Capital Projects Fund,1,
FG701-462049,LEA Flow Thru Instruction ARRA,Operating Funds,General Operating Funds,Others,,,1,
FG701-462071,LEA FlowThru Instruction,Operating Funds,General Operating Funds,Others,,,1,
FG701-462075,LEA  FlowThru Instruction,Operating Funds,General Operating Funds,Others,,,1,
FG701-500001,Start on Success Program FY 16,Operating Funds,General Operating Funds,Others,,,1,
FG701-463020,Parent Mentoring Project,Operating Funds,General Operating Funds,Others,,,1,
FG701-472018,Perkins Leadership - High Schools That Work,Operating Funds,General Operating Funds,Others,,,1,
FG701-399810,University of Illinois/ Illinois Youth Survey,Operating Funds,General Operating Funds,Others,,,1,
FG495-070974,Thrive MBK IUE,Capital Funds,Capital Funds,Others,810,Capital Projects Fund,1,
FG401-000000,CIP Admin. Cost Center,Capital Funds,Capital Funds,Others,810,Capital Projects Fund,1,
FG412-005058,New and Expansion School Funding,Capital Funds,Capital Funds,Others,810,Capital Projects Fund,1,
FG425-379133,DCEO - JOPLIN ES 22-203040,Capital Funds,Capital Funds,Others,810,Capital Projects Fund,1,
FG124-070188,CFF-Farmers Insurance-Chicago Ag Barn Project,Operating Funds,General Operating Funds,General Operating Funds,801,School Generated,1,
FG124-070210,Discover / CFF,Operating Funds,General Operating Funds,General Operating Funds,801,School Generated,1,
FG701-474562,Special Student Needs-C. Perkins,Operating Funds,General Operating Funds,Others,,,1,
FG701-474568,Special Student Needs-C. Perkins,Operating Funds,General Operating Funds,Others,,,1,
FG701-474569,Special Student Needs-C. Perkins,Operating Funds,General Operating Funds,Others,,,1,
FG495-376686,State Preschool For All Age 3-5,Capital Funds,Capital Funds,Others,810,Capital Projects Fund,1,
FG701-000059,Capital Projects - Misc Sch Internal Accounts,Operating Funds,General Operating Funds,Others,,,1,
FG701-000310,IMC Charitable Fndation - Lttl Village (Cap),Operating Funds,General Operating Funds,Others,,,1,
FG701-000321,Snack Vending Services,Operating Funds,General Operating Funds,Others,,,1,
FG425-379142,DCEO - STAGG ES 22-203040,Capital Funds,Capital Funds,Others,810,Capital Projects Fund,1,
FG632,CIP Series 2003B - Debt Service,Operating Funds,NA,Debt-Service Funds,808,Debt Service Fund,0,
FG636-399602,State Distributive Fund,Operating Funds,Debt-Service Funds,Debt-Service Funds,808,Debt Service Fund,1,
FG425-379140,DCEO - PARKER ES  22-203040,Capital Funds,Capital Funds,Others,810,Capital Projects Fund,1,
FG637,CIT Series 2017,Operating Funds,NA,Debt-Service Funds,808,Debt Service Fund,0,
FG701-490926,Title III - Language Acquisition,Operating Funds,General Operating Funds,Others,,,1,
FG701-490936,Title III - Language Acquisition,Operating Funds,General Operating Funds,Others,,,1,
FG701-490955,Title III - Lmtd. Eng. Prf. - Nonpublic,Operating Funds,General Operating Funds,Others,,,1,
FG701-491004,Green Roofs Program ARRA - Ogden,Operating Funds,General Operating Funds,Others,,,1,
FG701-000388,Cellular Revenue,Operating Funds,General Operating Funds,Others,,,1,
FG701-379043,2022 DCEO State Capital William P. Gray Elementary Project,Operating Funds,General Operating Funds,Others,,,1,
FG701-379046,DCEO State Capital Grants Hyatt Elementary School 20-203162,Operating Funds,General Operating Funds,Others,,,1,
FG701-379138,DCEO - OWEN SCHOLASTIC ACADEMY ES ¿22-203040,Operating Funds,General Operating Funds,Others,,,1,
FG124-070300,Tawani Scholars Program,Operating Funds,General Operating Funds,General Operating Funds,801,School Generated,1,
FG701-492121,Homeless Education Prog.,Operating Funds,General Operating Funds,Others,,,1,
FG701-493522,Teacher Quality Leadership Grant FY20,Operating Funds,General Operating Funds,Others,,,1,
FG701-379175,DCEO State  -  SIMEON,Operating Funds,General Operating Funds,Others,,,1,
FG495-430285,Nonpublic Inst. and Supp. Serv. - Christian,Capital Funds,Capital Funds,Others,810,Capital Projects Fund,1,
FG701-379173,DCEO State EARHART,Operating Funds,General Operating Funds,Others,,,1,
FG495-430298,Nonpublic Inst. and Supp. Serv. - Christian,Capital Funds,Capital Funds,Others,810,Capital Projects Fund,1,
FG685,CIP Series 2013BC - Debt Service,Operating Funds,NA,Debt-Service Funds,808,Debt Service Fund,0,
FG685-600015,Bond Series 2013C,Operating Funds,Debt-Service Funds,Debt-Service Funds,808,Debt Service Fund,1,
FG124-070332,No Kid Hungry - High School Breakfast Challenge,Operating Funds,General Operating Funds,General Operating Funds,801,School Generated,1,
FG124-070334,SOS No Kid Hungry - LunchStop,Operating Funds,General Operating Funds,General Operating Funds,801,School Generated,1,
FG124-070342,Esperanza Health Centers - Marquette,Operating Funds,General Operating Funds,General Operating Funds,801,School Generated,1,
FG701-493526,Teacher Quality - Teacher Residencies RFP,Operating Funds,General Operating Funds,Others,,,1,
FG701-490928,Title III - Language Acquisition,Operating Funds,General Operating Funds,Others,,,1,
FG701-550014,IL for Arts and STEM Education- Grant 5,Operating Funds,General Operating Funds,Others,,,1,
FG701-550015,IL for Arts and STEM Education- Grant 4,Operating Funds,General Operating Funds,Others,,,1,
FG495-430303,Mandated Parent Involvement,Capital Funds,Capital Funds,Others,810,Capital Projects Fund,1,
FG701-000400,School Parking Lot Rental,Operating Funds,General Operating Funds,Others,,,1,
FG701-000421,FACILITRON,Operating Funds,General Operating Funds,Others,,,1,
FG701-000981,Computer Science ECCE,Operating Funds,General Operating Funds,Others,,,1,
FG701-004124,FINE AND PERFORMING ARTS,Operating Funds,General Operating Funds,Others,,,1,
FG701-433136,Il-Empower (Cohort 19 - Grant 6) FY19,Operating Funds,General Operating Funds,Others,,,1,
FG701-433140,Il-Empower (Cohort 19 - Grant 10) FY19,Operating Funds,General Operating Funds,Others,,,1,
FG701-433144,Il-Empower (Cohort 19 - Grant 4) FY20,Operating Funds,General Operating Funds,Others,,,1,
FG701-433146,Il-Empower (Cohort 19 - Grant 6) FY20,Operating Funds,General Operating Funds,Others,,,1,
FG701-550022,IL for Arts and STEM Education - 0201,Operating Funds,General Operating Funds,Others,,,1,
FG701-490941,Title III - IEP,Operating Funds,General Operating Funds,Others,,,1,
FG701-494076,Title IIA - Teacher Quality,Operating Funds,General Operating Funds,Others,,,1,
FG701-005058,New and Expansion School Funding,Operating Funds,General Operating Funds,Others,,,1,
FG701-399815,Other State Program Leif Ericson LA,Operating Funds,General Operating Funds,Others,,,1,
FG701-399924,Advanced Placement,Operating Funds,General Operating Funds,Others,,,1,
FG646-000000,CIP Series 2004FGH Debt Service,Operating Funds,Debt-Service Funds,Debt-Service Funds,808,Debt Service Fund,1,
FG647-399602,State Distributive Fund,Operating Funds,Debt-Service Funds,Debt-Service Funds,808,Debt Service Fund,1,
FG701-433921,School Improvement Grant Marshall High School,Operating Funds,General Operating Funds,Others,,,1,
FG701-433922,SIG - Marshall High School FY12,Operating Funds,General Operating Funds,Others,,,1,
FG701-494094,Title IIA Teacher Quality,Operating Funds,General Operating Funds,Others,,,1,
FG701-494095,Title IIA Archdiocese Of Chicago. Suppl.Servc.,Operating Funds,General Operating Funds,Others,,,1,
FG701-494096,Title IIA - Other Private Supplementary Servc.,Operating Funds,General Operating Funds,Others,,,1,
FG495-430629,Delinquent Programs,Capital Funds,Capital Funds,Others,810,Capital Projects Fund,1,
FG495-474570,Special Student Needs-C. Perkins,Capital Funds,Capital Funds,Others,810,Capital Projects Fund,1,
FG686-610000,Build America Bonds (BABS),Operating Funds,Debt-Service Funds,Debt-Service Funds,808,Debt Service Fund,1,
FG701-442171,21st Century Community Learning Centers FY19,Operating Funds,General Operating Funds,Others,,,1,
FG701-070110,Medicare Part D Subsidy,Operating Funds,General Operating Funds,Others,,,1,
FG701-442247,21st Century Community Learning Centers  Cohort Project B1,Operating Funds,General Operating Funds,Others,,,1,
FG701-560030,Headstart-Child Supp. Dis. SP Initiative,Operating Funds,General Operating Funds,Others,,,1,
FG701-499816,ESSER II - District Initiatives,Operating Funds,General Operating Funds,Others,,,1,
FG701-380114,School Library Grant - Per Captia,Operating Funds,General Operating Funds,Others,,,1,
FG701-380123,School District Library Grant FY20,Operating Funds,General Operating Funds,Others,,,1,
FG425-379030,Electric Energy Efficiency Rebate,Capital Funds,Capital Funds,Others,810,Capital Projects Fund,1,
FG425-379165,DCEO State Capital Schurz 75K,Capital Funds,Capital Funds,Others,810,Capital Projects Fund,1,
FG701-442257,21st Century Community Learning Centers (Cohort 19-Grant 2),Operating Funds,General Operating Funds,Others,,,1,
FG701-442259,21st Century Community Learning Centers (Cohort 19-Grant 4),Operating Funds,General Operating Funds,Others,,,1,
FG701-442261,21st Century Community Learning Centers Cohort Project A1,Operating Funds,General Operating Funds,Others,,,1,
FG701-442262,21st Century Community Learning Centers  Cohort Project B1,Operating Funds,General Operating Funds,Others,,,1,
FG701-499818,ESSER III - District Initiatives,Operating Funds,General Operating Funds,Others,,,1,
FG701-499825,ESSER III - School Based Unfinished Learning,Operating Funds,General Operating Funds,Others,,,1,
FG495-494097,Title IIA - Reduced Class Size,Capital Funds,Capital Funds,Others,810,Capital Projects Fund,1,
FG495-499822,ESSER III - District Initiatives,Capital Funds,Capital Funds,Others,810,Capital Projects Fund,1,
FG495-499823,ESSER III - DW Targeted,Capital Funds,Capital Funds,Others,810,Capital Projects Fund,1,
FG651,Series 2018C,Operating Funds,NA,Debt-Service Funds,808,Debt Service Fund,0,
FG657,2021B Refunding,Operating Funds,NA,Debt-Service Funds,808,Debt Service Fund,0,
FG701-442274,21st Century Community Learning Centers - (Cohort 15-Grant 5),Operating Funds,General Operating Funds,Others,,,1,
FG701-509202,Developing School Nursing Pipeline for Consistent Care (DSNPCC),Operating Funds,General Operating Funds,Others,,,1,
FG495-500314,Magnet School Assistance Program-Technology Advancing Communities,Capital Funds,Capital Funds,Others,810,Capital Projects Fund,1,
FG701-188818,After School Program Spring Break & Summer Break Progs IGA CY 15,Operating Funds,General Operating Funds,Others,,,1,
FG701-200029,IGA Creative Schools FY23,Operating Funds,General Operating Funds,Others,,,1,
FG324-510476,Ready To Learn Project,Operating Funds,General Operating Funds,General Operating Funds,807,Other Grants,1,
FG324-511209,CITY OF CHGO BD OF ED BUS FOR KIDS,Operating Funds,General Operating Funds,General Operating Funds,807,Other Grants,1,
FG324-442169,21st Century Community Learning Centers-(Cohort 15-Grant 5) FY18,Operating Funds,General Operating Funds,General Operating Funds,807,Other Grants,1,
FG324-442172,21st Century Community Learning Centers - (Cohort 15-Grant 1)FY19,Operating Funds,General Operating Funds,General Operating Funds,807,Other Grants,1,
FG436-525010,Noise Program Implementation Hitch ARRA,Capital Funds,Capital Funds,Others,810,Capital Projects Fund,1,
FG436-905155,Allstate Hermosa Playground,Capital Funds,Capital Funds,Others,810,Capital Projects Fund,1,
FG495-000983,Athletic Director Positions and Stipends,Capital Funds,Capital Funds,Others,810,Capital Projects Fund,1,
FG495-004157,Hormel Foods,Capital Funds,Capital Funds,Others,810,Capital Projects Fund,1,
FG324-511219,Citywide School Bus Retrofit,Operating Funds,General Operating Funds,General Operating Funds,807,Other Grants,1,
FG324-548058,IL for Arts Education - Newman,Operating Funds,General Operating Funds,General Operating Funds,807,Other Grants,1,
FG324-500053,CR: Adapting and Imp a Geospatial HS Co in CTE Clusters,Operating Funds,General Operating Funds,General Operating Funds,807,Other Grants,1,
FG671,CIT Series 2023 (2023CIT) Debt Services,Operating Funds,NA,Debt-Service Funds,808,Debt Service Fund,0,
FG671-000000,CIT Series 2023,Operating Funds,Debt-Service Funds,Debt-Service Funds,808,Debt Service Fund,1,
FG672-399602,State Distributive Fund,Operating Funds,Debt-Service Funds,Debt-Service Funds,808,Debt Service Fund,1,
FG448-000000,Series 2001 Rental Income Bond Fund,Capital Funds,Capital Funds,Others,810,Capital Projects Fund,1,
FG324-500054,CAFECS: AP CSP Access for All -  FG324-500054,Operating Funds,General Operating Funds,General Operating Funds,807,Other Grants,1,
FG324-500065,CPS District-Wide Composting Project,Operating Funds,General Operating Funds,General Operating Funds,807,Other Grants,1,
FG464,CIP 2004CDE - $222M,Capital Funds,NA,Others,810,Capital Projects Fund,0,
FG701-379039,2022 DCEO State Capital Drummond Project,Operating Funds,General Operating Funds,Others,,,1,
FG701-395022,Children's Low Cost Laptop Program FY13,Operating Funds,General Operating Funds,Others,,,1,
FG324-511244,Pathways to Accelerated Student Success - PASS,Operating Funds,General Operating Funds,General Operating Funds,807,Other Grants,1,
FG324-511247,CPS Healing Trauma Together FY18,Operating Funds,General Operating Funds,General Operating Funds,807,Other Grants,1,
FG425-379130,DCEO - DURKIN PARK ES 22-203040,Capital Funds,Capital Funds,Others,810,Capital Projects Fund,1,
FG701-300055,Teacher Leadership for Elementary Mathematics and Science (TeLEMS,Operating Funds,General Operating Funds,Others,,,1,
FG324-500676,Refugee Children's School Impact Grant,Operating Funds,General Operating Funds,General Operating Funds,807,Other Grants,1,
FG324-547520,Indian Elem/Sec. Assistance Prog.,Operating Funds,General Operating Funds,General Operating Funds,807,Other Grants,1,
FG476,Modern Schools,Capital Funds,NA,Others,810,Capital Projects Fund,0,
FG478,CIP Series 2007D,Capital Funds,NA,Others,810,Capital Projects Fund,0,
FG479,QSCB - CIP Series 2010C,Capital Funds,NA,Others,810,Capital Projects Fund,0,
FG324-529023,Randomized Study to Abate Truancy and Violence,Operating Funds,General Operating Funds,General Operating Funds,807,Other Grants,1,
FG324-529310,Track 2 CS10K Accelerate,Operating Funds,General Operating Funds,General Operating Funds,807,Other Grants,1,
FG324-532009,Accelerated STEM Program of Study and Leadership Development,Operating Funds,General Operating Funds,General Operating Funds,807,Other Grants,1,
FG324-500067,Stronger Together Initiative Year 2 - Cook County (ARPA),Operating Funds,General Operating Funds,General Operating Funds,807,Other Grants,1,
FG324-500070,Cafecs For All - CR: Universal Design,Operating Funds,General Operating Funds,General Operating Funds,807,Other Grants,1,
FG324-500114,Connect and Redirect to Respect FY 15,Operating Funds,General Operating Funds,General Operating Funds,807,Other Grants,1,
FG677,CIP Series 2016A Debt Service,Operating Funds,NA,Debt-Service Funds,808,Debt Service Fund,0,
FG425-379225,DCEO - KELLOG ES 24-203093,Capital Funds,Capital Funds,Others,810,Capital Projects Fund,1,
FG495-550018,IL for Arts and STEM Education- Grant 1,Capital Funds,Capital Funds,Others,810,Capital Projects Fund,1,
FG495-550024,IL for Arts and STEM Education - 0203,Capital Funds,Capital Funds,Others,810,Capital Projects Fund,1,
FG324-439604,Critical Mass Year 4,Operating Funds,General Operating Funds,General Operating Funds,807,Other Grants,1,
FG324-440209,Homeless Services Food Stamp Outreach,Operating Funds,General Operating Funds,General Operating Funds,807,Other Grants,1,
FG701-322034,Cte Education Career Pathway RFP,Operating Funds,General Operating Funds,Others,,,1,
FG701-327801,Early Childhood Construction Grant,Operating Funds,General Operating Funds,Others,,,1,
FG324-500748,Youth Career Connect,Operating Funds,General Operating Funds,General Operating Funds,807,Other Grants,1,
FG324-532011,Accelerated STEM Program of Study and Leadership Development FY19,Operating Funds,General Operating Funds,General Operating Funds,807,Other Grants,1,
FG324-442144,21st Century Community Learning Centers - Cohort 15,Operating Funds,General Operating Funds,General Operating Funds,807,Other Grants,1,
FG435-000000,Local-South Loop School,Capital Funds,Capital Funds,Others,810,Capital Projects Fund,1,
FG480-000000,QSCB - CIP Series 2009G,Capital Funds,Capital Funds,Others,810,Capital Projects Fund,1,
FG480-620000,Qualified School Construction Bond (QSCB),Capital Funds,Capital Funds,Others,810,Capital Projects Fund,1,
FG482-610000,Build America Bonds (BABS),Capital Funds,Capital Funds,Others,810,Capital Projects Fund,1,
FG484,CIP Series 2013BC,Capital Funds,NA,Others,810,Capital Projects Fund,0,
FG484-061000,Lead Abatement,Capital Funds,Capital Funds,Others,810,Capital Projects Fund,1,
FG484-600016,2016 Bond Proceeds,Capital Funds,Capital Funds,Others,810,Capital Projects Fund,1,
FG436-000055,Capital Project Donations - Trust/Trustee,Capital Funds,Capital Funds,Others,810,Capital Projects Fund,1,
FG496-590001,E-Rate,Capital Funds,Capital Funds,Others,810,Capital Projects Fund,1,
FG497,Lease,Capital Funds,NA,Others,810,Capital Projects Fund,0,
FG324-500009,Bridges - Advancing High School Computer Science,Operating Funds,General Operating Funds,General Operating Funds,807,Other Grants,1,
FG324-500010,Urban STEM Elementary Partnership,Operating Funds,General Operating Funds,General Operating Funds,807,Other Grants,1,
FG324-500013,Chicago Alliance for Equity in Computer Science (CAFE-CS) FY20,Operating Funds,General Operating Funds,General Operating Funds,807,Other Grants,1,
FG324-500016,Collaborative Research - Geospatial HS Course in CTE Clusters,Operating Funds,General Operating Funds,General Operating Funds,807,Other Grants,1,
FG324-442253,21st Century Community Learning Centers - (Cohort 15-Grant 5)  -  FG324-442253,Operating Funds,General Operating Funds,General Operating Funds,807,Other Grants,1,
FG324-442260,21st Century Community Learning Centers (Cohort 19-Grant 5)  -  FG324-442260,Operating Funds,General Operating Funds,General Operating Funds,807,Other Grants,1,
FG430-000000,Capital Improvement Bonds Of 1998,Capital Funds,Capital Funds,Others,810,Capital Projects Fund,1,
FG701-369615,Regional Safe Schools,Operating Funds,General Operating Funds,Others,,,1,
FG701-369620,Regional Safe Schools,Operating Funds,General Operating Funds,Others,,,1,
FG701-373001,ROE/ISC Operations,Operating Funds,General Operating Funds,Others,,,1,
FG701-373006,Roe/Isc Operations,Operating Funds,General Operating Funds,Others,,,1,
FG701-376600,Block Grant - General Education Block Grant,Operating Funds,General Operating Funds,Others,,,1,
FG324-440218,Homeless Services Food Stamp Outreach FY20,Operating Funds,General Operating Funds,General Operating Funds,807,Other Grants,1,
FG324-440300,Healthy Schools Healthy City Medicaid Enrollment Project,Operating Funds,General Operating Funds,General Operating Funds,807,Other Grants,1,
FG436-050015,Lead Abatement Contributions,Capital Funds,Capital Funds,Others,810,Capital Projects Fund,1,
FG485-000000,CIT PayGo Fund,Capital Funds,Capital Funds,Others,810,Capital Projects Fund,1,
FG485-600016,2016 Bond Proceeds,Capital Funds,Capital Funds,Others,810,Capital Projects Fund,1,
FG324-500018,Chicago Alliance for Equity in Computer includes Supplement,Operating Funds,General Operating Funds,General Operating Funds,807,Other Grants,1,
FG436-188821,Open Spaces Impact Fees,Capital Funds,Capital Funds,Others,810,Capital Projects Fund,1,
FG436-188840,City of Chicago and CPS Public Art - Palmer Elementary School,Capital Funds,Capital Funds,Others,810,Capital Projects Fund,1,
FG498,Software Based Information Technology Agreements,Capital Funds,NA,Others,810,Capital Projects Fund,0,
FG324-500028,EAGER Program FY19,Operating Funds,General Operating Funds,General Operating Funds,807,Other Grants,1,
FG324-500982,Arts Teachers Leading Achievement and Success (ATLAS),Operating Funds,General Operating Funds,General Operating Funds,807,Other Grants,1,
FG324-442269,21st Century Community Learning Centers,Operating Funds,General Operating Funds,General Operating Funds,807,Other Grants,1,
FG324-442270,21st Century Community Learning Centers - (Cohort 15-Grant 1),Operating Funds,General Operating Funds,General Operating Funds,807,Other Grants,1,
FG436-188849,City of Chicago & CPS Public Art - Palmer Elementary School,Capital Funds,Capital Funds,Others,810,Capital Projects Fund,1,
FG436-188854,City Of Chicago & CPS Public Art - Belding Elementary School,Capital Funds,Capital Funds,Others,810,Capital Projects Fund,1,
FG701-376672,State Preschool for All Age 3-5 FY20,Operating Funds,General Operating Funds,Others,,,1,
FG701-376682,Preschool for All Age 3-5,Operating Funds,General Operating Funds,Others,,,1,
FG701-376684,State Preschool For All Age 3-5,Operating Funds,General Operating Funds,Others,,,1,
FG324-442118,21st Century Comm Lrn Ctr - After School,Operating Funds,General Operating Funds,General Operating Funds,807,Other Grants,1,
FG436-327801,Early Childhood Construction Grant,Capital Funds,Capital Funds,Others,810,Capital Projects Fund,1,
FG436-379003,Illinois Dept of Com. & Econ. Opportunity,Capital Funds,Capital Funds,Others,810,Capital Projects Fund,1,
FG436-379011,Illinois Dept of Com. & Econ. Opportunity,Capital Funds,Capital Funds,Others,810,Capital Projects Fund,1,
FG436-379012,IDCEO 2 FY12,Capital Funds,Capital Funds,Others,810,Capital Projects Fund,1,
FG495-000319,Academic Competitions,Capital Funds,Capital Funds,Others,810,Capital Projects Fund,1,
FG495-000321,Snack Vending Services,Capital Funds,Capital Funds,Others,810,Capital Projects Fund,1,
FG625-000000,CIP Series 2017F,Operating Funds,Debt-Service Funds,Debt-Service Funds,808,Debt Service Fund,1,
FG324-548050,Trio - Talent Search  -  FG324-548050,Operating Funds,General Operating Funds,General Operating Funds,807,Other Grants,1,
FG324-500034,Scratch Encore,Operating Funds,General Operating Funds,General Operating Funds,807,Other Grants,1,
FG324-500036,Collaborative Resrch: Geospatial HS Course in CTE Clusters (GIS),Operating Funds,General Operating Funds,General Operating Funds,807,Other Grants,1,
FG324-500038,RAPID: Mitigating Impact of Forced RL of ECS Due to COVID-19 -  FG324-500038,Operating Funds,General Operating Funds,General Operating Funds,807,Other Grants,1,
FG324-503005,USDA Farm to School,Operating Funds,General Operating Funds,General Operating Funds,807,Other Grants,1,
FG324-442199,21st Century Community Learning Centers - (Cohort 15-Grant 1),Operating Funds,General Operating Funds,General Operating Funds,807,Other Grants,1,
FG436-379014,IDCEO 4 FY12,Capital Funds,Capital Funds,Others,810,Capital Projects Fund,1,
FG436-379021,Public Sector Energy Efficiency - ComEd,Capital Funds,Capital Funds,Others,810,Capital Projects Fund,1,
FG436-188839,City of Chicago and CPS Public Art - Belding Elementary School,Capital Funds,Capital Funds,Others,810,Capital Projects Fund,1,
FG629-399602,State Distributive Fund,Operating Funds,Debt-Service Funds,Debt-Service Funds,808,Debt Service Fund,1,
FG631-000000,CIT Series 2017,Operating Funds,Debt-Service Funds,Debt-Service Funds,808,Debt Service Fund,1,
FG324-510475,Ready to Learn Project,Operating Funds,General Operating Funds,General Operating Funds,807,Other Grants,1,
FG324-442128,21st Century CLC-3,Operating Funds,General Operating Funds,General Operating Funds,807,Other Grants,1,
FG324-442130,21st Century Community Learning Centers 1,Operating Funds,General Operating Funds,General Operating Funds,807,Other Grants,1,
FG436-400301,Community Health Centers (Nathan Davis),Capital Funds,Capital Funds,Others,810,Capital Projects Fund,1,
FG324-547211,Advance Placement Incentive,Operating Funds,General Operating Funds,General Operating Funds,807,Other Grants,1,
FG324-500041,Cities Mentoring- FG324-500041,Operating Funds,General Operating Funds,General Operating Funds,807,Other Grants,1,
FG324-500043,Cafecs - Build Connections,Operating Funds,General Operating Funds,General Operating Funds,807,Other Grants,1,
FG324-442177,21st Century Community Learning Centers - (Cohort 15-Grant 6)FY19,Operating Funds,General Operating Funds,General Operating Funds,807,Other Grants,1,
FG324-500319,Magnet School Assistance Program-Personalized Learning Theme -S16,Operating Funds,General Operating Funds,General Operating Funds,807,Other Grants,1,
FG124-070126,Collaborating Districts Initiative - Year 3,Operating Funds,General Operating Funds,General Operating Funds,801,School Generated,1,
FG325-430516,TITLE I PART D NEGLECTED PROGRAM ARRA,Operating Funds,General Operating Funds,General Operating Funds,807,Other Grants,1,
FG324-442245,21st Century Community Learning Centers (Cohort 19-Grant 5),Operating Funds,General Operating Funds,General Operating Funds,807,Other Grants,1,
FG324-499976,International Baccalaureate,Operating Funds,General Operating Funds,General Operating Funds,807,Other Grants,1,
FG011,EDUCATIONAL FUND,Operating Funds,NA,Others,,School Generated,0,
FG325-542127,Teacher Incentive Fund Program ARRA,Operating Funds,General Operating Funds,General Operating Funds,807,Other Grants,1,
FG324-442288,Title IV - 21st Century Comm Learning Centers E2,Operating Funds,General Operating Funds,General Operating Funds,807,Other Grants,1,
FG115,General Education Fund,Operating Funds,NA,General Operating Funds,801,General Fund,0,
FG115-000003,Temporarily Assigned Teachers,Operating Funds,General Operating Funds,General Operating Funds,801,General Fund,1,
FG115-000007,Transporation- Shared Savings With Schools,Operating Funds,General Operating Funds,General Operating Funds,801,General Fund,1,
FG115-000525,Employer Pension Revenue From Charters,Operating Funds,General Operating Funds,General Operating Funds,801,General Fund,1,
FG326-210113,Illinois Arts Council,Operating Funds,General Operating Funds,General Operating Funds,807,Other Grants,1,
FG326-210115,Illinois Arts Council,Operating Funds,General Operating Funds,General Operating Funds,807,Other Grants,1,
FG326-210119,Illinois Arts Council,Operating Funds,General Operating Funds,General Operating Funds,807,Other Grants,1,
FG326-210121,Illinois Arts Council,Operating Funds,General Operating Funds,General Operating Funds,807,Other Grants,1,
FG324-442184,21st Century Community Learning Centers (Cohort 19-Grant 5) FY19,Operating Funds,General Operating Funds,General Operating Funds,807,Other Grants,1,
FG324-442295,21st Century Community Learning Centers - (Cohort 15-Grant 2) -  FG324-442295,Operating Funds,General Operating Funds,General Operating Funds,807,Other Grants,1,
FG324-500371,Startalk Arabic-Chinese,Operating Funds,General Operating Funds,General Operating Funds,807,Other Grants,1,
FG324-500372,STARTALK-CPS 2025 Chinese Immersion Program,Operating Funds,General Operating Funds,General Operating Funds,807,Other Grants,1,
FG115-000570,Core Instructional Positions,Operating Funds,General Operating Funds,General Operating Funds,801,General Fund,1,
FG115-002239,Internal Accounts Book Transfers,Operating Funds,General Operating Funds,General Operating Funds,801,General Fund,1,
FG326-400087,Gear-Up - All Schools,Operating Funds,General Operating Funds,General Operating Funds,807,Other Grants,1,
FG326-400090,Gear-Up - All Schools,Operating Funds,General Operating Funds,General Operating Funds,807,Other Grants,1,
FG326-499979,UIC-Substitute Reimbursement,Operating Funds,General Operating Funds,General Operating Funds,807,Other Grants,1,
FG324-442307,21st Century Community Learning Centers (Cohort 19-Grant 5) -  FG324-442307,Operating Funds,General Operating Funds,General Operating Funds,807,Other Grants,1,
FG115-003708,Montessori Schools,Operating Funds,General Operating Funds,General Operating Funds,801,General Fund,1,
FG115-004123,Arts Essential FY 21,Operating Funds,General Operating Funds,General Operating Funds,801,General Fund,1,
FG114-000003,Temporarily Assigned Teachers,Operating Funds,General Operating Funds,General Operating Funds,801,General Fund,1,
FG326-509182,Employability Plus,Operating Funds,General Operating Funds,General Operating Funds,807,Other Grants,1,
FG326-509183,Employability Plus,Operating Funds,General Operating Funds,General Operating Funds,807,Other Grants,1,
FG326-509184,Employability Plus,Operating Funds,General Operating Funds,General Operating Funds,807,Other Grants,1,
FG326-510217,Headstart-Child Development,Operating Funds,General Operating Funds,General Operating Funds,807,Other Grants,1,
FG324-442320,21st Century Community Learning Centers Cohort Project A1  -  FG324-442320,Operating Funds,General Operating Funds,General Operating Funds,807,Other Grants,1,
FG124-004143,UChicago EdLab Donation (Sullivan)- FG124-004143,Operating Funds,General Operating Funds,General Operating Funds,801,School Generated,1,
FG124-004146,The University of Chicago Crime and Education Lab,Operating Funds,General Operating Funds,General Operating Funds,801,School Generated,1,
FG115-000042,Parents as Teachers First,Operating Funds,General Operating Funds,General Operating Funds,801,General Fund,1,
FG124-070145,CFF - DL Teacher PLC Grant,Operating Funds,General Operating Funds,General Operating Funds,801,School Generated,1,
FG115-000756,COMPREHENSIVE SCHOOL SERV PRJ,Operating Funds,General Operating Funds,General Operating Funds,801,General Fund,1,
FG326-399909,Advanced Placement,Operating Funds,General Operating Funds,General Operating Funds,807,Other Grants,1,
FG124-070084,MSI Subs - Forensic Field Day,Operating Funds,General Operating Funds,General Operating Funds,801,School Generated,1,
FG124-070085,Newberry Library - Substitutes,Operating Funds,General Operating Funds,General Operating Funds,801,School Generated,1,
FG114-000575,Student Based Budgeting,Operating Funds,General Operating Funds,General Operating Funds,801,General Fund,1,
FG114-000960,Retention Pool Positions,Operating Funds,General Operating Funds,General Operating Funds,801,General Fund,1,
FG114-002239,Internal Accounts Book Transfers,Operating Funds,General Operating Funds,General Operating Funds,801,General Fund,1,
FG114-376700,Block Grant -  Educational Services Block Grant,Operating Funds,General Operating Funds,General Operating Funds,801,General Fund,1,
FG326-442220,21st Century CLC - NEIU,Operating Funds,General Operating Funds,General Operating Funds,807,Other Grants,1,
FG124-070096,Art Institute - Substitutes,Operating Funds,General Operating Funds,General Operating Funds,801,School Generated,1,
FG124-000357,Adobe Youth Voices,Operating Funds,General Operating Funds,General Operating Funds,801,School Generated,1,
FG124-000358,AVID Tutoring Program,Operating Funds,General Operating Funds,General Operating Funds,801,School Generated,1,
FG115-000149,EDUC. IMPRMT. - R. HUBERMAN SP PROJ,Operating Funds,General Operating Funds,General Operating Funds,801,General Fund,1,
FG326-399961,Advanced Placement,Operating Funds,General Operating Funds,General Operating Funds,807,Other Grants,1,
FG324-490009,Chicago Schools Readiness Project (CSRP),Operating Funds,General Operating Funds,General Operating Funds,807,Other Grants,1,
FG324-491499,IDHS-Community Based Employment Services,Operating Funds,General Operating Funds,General Operating Funds,807,Other Grants,1,
FG124-070150,Parent Summer Bridge Program,Operating Funds,General Operating Funds,General Operating Funds,801,School Generated,1,
FG124-000371,Advocate Health Care,Operating Funds,General Operating Funds,General Operating Funds,801,School Generated,1,
FG326-399993,Advanced Placement FY18,Operating Funds,General Operating Funds,General Operating Funds,807,Other Grants,1,
FG326-400011,Student Summer Internship Program,Operating Funds,General Operating Funds,General Operating Funds,807,Other Grants,1,
FG326-400073,Gear-Up - All Schools,Operating Funds,General Operating Funds,General Operating Funds,807,Other Grants,1,
FG326-472120,High Schools That Work - Supplemental Grant,Operating Funds,General Operating Funds,General Operating Funds,807,Other Grants,1,
FG326-490005,Illinois Innovation Talent Program,Operating Funds,General Operating Funds,General Operating Funds,807,Other Grants,1,
FG324-492120,Homeless Education Prog.,Operating Funds,General Operating Funds,General Operating Funds,807,Other Grants,1,
FG324-492129,Homeless Education Program- Mckinney Vento  -  FG324-492129,Operating Funds,General Operating Funds,General Operating Funds,807,Other Grants,1,
FG324-492130,Homeless Education Program- Mckinney Vento,Operating Funds,General Operating Funds,General Operating Funds,807,Other Grants,1,
FG115-008002,Regional Gifted Centers - ELL,Operating Funds,General Operating Funds,General Operating Funds,801,General Fund,1,
FG115-008007,Magnet Schools,Operating Funds,General Operating Funds,General Operating Funds,801,General Fund,1,
FG114-376709,Transportation - Safety Personnel,Operating Funds,General Operating Funds,General Operating Funds,801,General Fund,1,
FG114-376715,Special Education - Summer Transportation,Operating Funds,General Operating Funds,General Operating Funds,801,General Fund,1,
FG326-491020,K-12 Learn & Serve Grant,Operating Funds,General Operating Funds,General Operating Funds,807,Other Grants,1,
FG324-494803,Goals 2000,Operating Funds,General Operating Funds,General Operating Funds,807,Other Grants,1,
FG124-070098,Field Museum - Substitutes,Operating Funds,General Operating Funds,General Operating Funds,801,School Generated,1,
FG124-070099,MDC - Fuel Up to Play 60 - Substitutes,Operating Funds,General Operating Funds,General Operating Funds,801,School Generated,1,
FG115-000301,OSI Supplemental Supports,Operating Funds,General Operating Funds,General Operating Funds,801,General Fund,1,
FG115-000303,Supplemental Equity Positions,Operating Funds,General Operating Funds,General Operating Funds,801,General Fund,1,
FG115-000313,CBA - Teacher Assistants K-2nd,Operating Funds,General Operating Funds,General Operating Funds,801,General Fund,1,
FG115-000316,Early Childhood Instruction,Operating Funds,General Operating Funds,General Operating Funds,801,General Fund,1,
FG115-000317,MGIB,Operating Funds,General Operating Funds,General Operating Funds,801,General Fund,1,
FG324-580224,Training for Mental Health Equity (TMHE)- FG324-580224,Operating Funds,General Operating Funds,General Operating Funds,807,Other Grants,1,
FG324-580204,Healthy CPS- HIV/STD Prevention Initiative 221077,Operating Funds,General Operating Funds,General Operating Funds,807,Other Grants,1,
FG324-550022,IL for Arts and STEM Education - 0201,Operating Funds,General Operating Funds,General Operating Funds,807,Other Grants,1,
FG324-550027,Il For Arts And Stem Education - 0200 - Grant 3,Operating Funds,General Operating Funds,General Operating Funds,807,Other Grants,1,
FG324-580208,Healthy CPS-HIV/STD Prevention Initiative 221077,Operating Funds,General Operating Funds,General Operating Funds,807,Other Grants,1,
FG324-500266,Starttalk Arabic Language Program,Operating Funds,General Operating Funds,General Operating Funds,807,Other Grants,1,
FG124-004173,State of Maryland - Mathematics Study - M. Azuela E.S.,Operating Funds,General Operating Funds,General Operating Funds,801,School Generated,1,
FG124-004176,College Board - Citadel Funding for AP Computer Science Principle,Operating Funds,General Operating Funds,General Operating Funds,801,School Generated,1,
FG124-070156,CFF-Tides Foundation (Google Grant),Operating Funds,General Operating Funds,General Operating Funds,801,School Generated,1,
FG324-580245,Prj Aware- Sustainable Infrastructure for Crisis Response & CCP -  FG324-580245,Operating Funds,General Operating Funds,General Operating Funds,807,Other Grants,1,
FG324-500308,Magnet Schools Assistance Program (CPSMSAP),Operating Funds,General Operating Funds,General Operating Funds,807,Other Grants,1,
FG124-070160,Champions For Wellness,Operating Funds,General Operating Funds,General Operating Funds,801,School Generated,1,
FG124-070164,CFF-CCT LearnWell (Year 2),Operating Funds,General Operating Funds,General Operating Funds,801,School Generated,1,
FG124-000828,Absenteeism Among Preschool Students - FY12,Operating Funds,General Operating Funds,General Operating Funds,801,School Generated,1,
FG124-000829,Absenteeism Among Preschool Students (Year 2),Operating Funds,General Operating Funds,General Operating Funds,801,School Generated,1,
FG124-000866,Elementary School Sports Coaching Stipends - Consolidated,Operating Funds,General Operating Funds,General Operating Funds,801,School Generated,1,
FG124-000867,Sports Administration Revenue,Operating Funds,General Operating Funds,General Operating Funds,801,School Generated,1,
FG124-004186,RTI - National Youth Tobacco Survey,Operating Funds,General Operating Funds,General Operating Funds,801,School Generated,1,
FG324-580291,UIC Whole Child,Operating Funds,General Operating Funds,General Operating Funds,807,Other Grants,1,
FG324-580293,UIC Whole Child,Operating Funds,General Operating Funds,General Operating Funds,807,Other Grants,1,
FG324-580294,UIC Whole Child -  FG324-580294,Operating Funds,General Operating Funds,General Operating Funds,807,Other Grants,1,
FG324-580910,CPS Network Level Health Specialists  -  FG324-580910,Operating Funds,General Operating Funds,General Operating Funds,807,Other Grants,1,
FG367-433194,FY24 School and District  Improvement Grant (Cohort 16) - 36,Operating Funds,General Operating Funds,General Operating Funds,807,Other Grants,1,
FG324-580252,IAH And Well-Being Through School-Based Surveillance-Component 2,Operating Funds,General Operating Funds,General Operating Funds,807,Other Grants,1,
FG324-580290,UIC Whole Child FY20,Operating Funds,General Operating Funds,General Operating Funds,807,Other Grants,1,
FG324-499974,21st Century Community Learning Centers - After School,Operating Funds,General Operating Funds,General Operating Funds,807,Other Grants,1,
FG324-500310,Magnet Schools Assistance Program (CPSMSAP) FY19,Operating Funds,General Operating Funds,General Operating Funds,807,Other Grants,1,
FG324-500311,Magnet Schools Assistance Program (CPSMSAP) FY20,Operating Funds,General Operating Funds,General Operating Funds,807,Other Grants,1,
FG362-376661,State Preschool for All Age 3-5 Community Partnerships,Operating Funds,General Operating Funds,General Operating Funds,807,Other Grants,1,
FG332-430215,Title I - School Improvement Focus Initiative,Operating Funds,General Operating Funds,General Operating Funds,805,NCLB Federal,1,
FG124-905113,The Fifth Third Chicagoland Foundation,Operating Funds,General Operating Funds,General Operating Funds,801,School Generated,1,
FG124-905119,CFF Ultra-High Needs Youth Reengagement Pilot Program,Operating Funds,General Operating Funds,General Operating Funds,801,School Generated,1,
FG324-188844,Safe Passages - FY24  -  FG324-188844,Operating Funds,General Operating Funds,General Operating Funds,807,Other Grants,1,
FG362-210026,IGA Early Learning Investment Program - City FY18,Operating Funds,General Operating Funds,General Operating Funds,807,Other Grants,1,
FG362-376667,State Preschool for All Age 3-5 Community Partnerships FY18,Operating Funds,General Operating Funds,General Operating Funds,807,Other Grants,1,
FG362-376668,State Preschool for All Age 0-3 Community Partnerships FY19,Operating Funds,General Operating Funds,General Operating Funds,807,Other Grants,1,
FG326-541201,NASA NRA K12 Competative Grant Opportunity,Operating Funds,General Operating Funds,General Operating Funds,807,Other Grants,1,
FG324-199923,JROTC Parade Program,Operating Funds,General Operating Funds,General Operating Funds,807,Other Grants,1,
FG324-369619,Regional Safe Schools,Operating Funds,General Operating Funds,General Operating Funds,807,Other Grants,1,
FG353-493525,Teacher Quality - Teacher Residencies,Operating Funds,General Operating Funds,General Operating Funds,805,NCLB Federal,1,
FG331-410023,CONTINGENCY FOR PROJECT EXPAN,Operating Funds,General Operating Funds,General Operating Funds,805,NCLB Federal,1,
FG332-430086,Nonpublic Inst. & Supp. Serv. - Christian,Operating Funds,General Operating Funds,General Operating Funds,805,NCLB Federal,1,
FG332-430089,Supplementary,Operating Funds,General Operating Funds,General Operating Funds,805,NCLB Federal,1,
FG332-430091,NCLB - Choice Schools,Operating Funds,General Operating Funds,General Operating Funds,805,NCLB Federal,1,
FG332-430092,Mandated Parent Involvement,Operating Funds,General Operating Funds,General Operating Funds,805,NCLB Federal,1,
FG220,Federal Special Education IDEA Programs,Operating Funds,NA,General Operating Funds,807,Other Grants,0,
FG220-462040,LEA FlowThru Instruction,Operating Funds,General Operating Funds,General Operating Funds,807,Other Grants,1,
FG324-369622,Regional Safe Schools FY19,Operating Funds,General Operating Funds,General Operating Funds,807,Other Grants,1,
FG324-399928,Healthy Communities Investments 17-3999,Operating Funds,General Operating Funds,General Operating Funds,807,Other Grants,1,
FG353-494029,Title IIA - Teacher Quality,Operating Funds,General Operating Funds,General Operating Funds,805,NCLB Federal,1,
FG356-330501,Bilingual Ed - TBE/TPI (Per Pupil),Operating Funds,General Operating Funds,General Operating Funds,805,NCLB Federal,1,
FG356-330506,Bilingual Ed TPI & TBE,Operating Funds,General Operating Funds,General Operating Funds,805,NCLB Federal,1,
FG332-430106,Public Inst. & Support Services,Operating Funds,General Operating Funds,General Operating Funds,805,NCLB Federal,1,
FG332-430169,Title 1 - School Discretionary,Operating Funds,General Operating Funds,General Operating Funds,805,NCLB Federal,1,
FG332-430171,Nonpublic Inst. & Supp. Serv. - Independ,Operating Funds,General Operating Funds,General Operating Funds,805,NCLB Federal,1,
FG332-430173,Nonpublic Inst. & Supp. Serv. - Lutheran,Operating Funds,General Operating Funds,General Operating Funds,805,NCLB Federal,1,
FG220-462058,LEA FlowThru Instruction,Operating Funds,General Operating Funds,General Operating Funds,807,Other Grants,1,
FG220-462059,LEA FlowThru Inclusive Schools,Operating Funds,General Operating Funds,General Operating Funds,807,Other Grants,1,
FG220-462061,LEA FlowThru Instruction,Operating Funds,General Operating Funds,General Operating Funds,807,Other Grants,1,
FG220-463017,Parent Mentoring Project,Operating Funds,General Operating Funds,General Operating Funds,807,Other Grants,1,
FG336-410008,CONTINGENCY FOR PROJECT EXPAN,Operating Funds,General Operating Funds,General Operating Funds,805,NCLB Federal,1,
FG336-500984,Arts Teachers Leading Achievement and Success (ATLAS) FY19,Operating Funds,General Operating Funds,General Operating Funds,805,NCLB Federal,1,
FG332-430174,Nonpublic Inst. & Supp. Serv. - Jewish,Operating Funds,General Operating Funds,General Operating Funds,805,NCLB Federal,1,
FG332-430175,Title 1 - District Initiatives,Operating Funds,General Operating Funds,General Operating Funds,805,NCLB Federal,1,
FG332-430176,Title 1 - Child Parent Centers,Operating Funds,General Operating Funds,General Operating Funds,805,NCLB Federal,1,
FG332-430238,Nonpublic Inst. & Supp. Serv. - Lutheran,Operating Funds,General Operating Funds,General Operating Funds,805,NCLB Federal,1,
FG220-463118,Spec Educ - Chicago Systemic Initiative,Operating Funds,General Operating Funds,General Operating Funds,807,Other Grants,1,
FG336-542201,Carol M. White Physical Education Program Grant,Operating Funds,General Operating Funds,General Operating Funds,805,NCLB Federal,1,
FG353-494083,Title IIA - Archdiocese of Chgo. Suppl. Servc. -  FG353-494083,Operating Funds,General Operating Funds,General Operating Funds,805,NCLB Federal,1,
FG353-494033,Title IIA - Teacher Quality,Operating Funds,General Operating Funds,General Operating Funds,805,NCLB Federal,1,
FG220-580112,Category A - Communities Putting Prevention to Work,Operating Funds,General Operating Funds,General Operating Funds,807,Other Grants,1,
FG221-462052,LEA FlowThru Instruction,Operating Funds,General Operating Funds,General Operating Funds,807,Other Grants,1,
FG225-000000,Supplemental General State Aid,Operating Funds,General Operating Funds,General Operating Funds,804,School Generated,1,
FG358-440038,Title IV - Other Private Supplementary Servc.,Operating Funds,General Operating Funds,General Operating Funds,805,NCLB Federal,1,
FG356-440048,Title IV Part A,Operating Funds,General Operating Funds,General Operating Funds,805,NCLB Federal,1,
FG332-430119,Public Inst. & Support Services,Operating Funds,General Operating Funds,General Operating Funds,805,NCLB Federal,1,
FG225-000575,Student Based Budgeting - Error,Operating Funds,General Operating Funds,General Operating Funds,804,School Generated,1,
FG225-000576,Supplemental Aid,Operating Funds,General Operating Funds,General Operating Funds,804,School Generated,1,
FG312,Lunchroom Fund,Operating Funds,NA,General Operating Funds,806,Lunchroom,0,
FG336-543522,Smaller Learning Communities - Cohort 10,Operating Funds,General Operating Funds,General Operating Funds,805,NCLB Federal,1,
FG336-543523,Smaller Learning Communities - Cohort 10,Operating Funds,General Operating Funds,General Operating Funds,805,NCLB Federal,1,
FG336-581042,CPS Community Schools Initiative FY21,Operating Funds,General Operating Funds,General Operating Funds,805,NCLB Federal,1,
FG358-440052,"Title IV, Part A",Operating Funds,General Operating Funds,General Operating Funds,805,NCLB Federal,1,
FG332-430121,Nonpublic Inst. & Supp. Serv. - Independ.,Operating Funds,General Operating Funds,General Operating Funds,805,NCLB Federal,1,
FG332-430122,Nonpublic Inst. & Supp. Serv. - Christian,Operating Funds,General Operating Funds,General Operating Funds,805,NCLB Federal,1,
FG312-421006,Local Food for Schools  -  FG312-421006,Operating Funds,General Operating Funds,General Operating Funds,806,Lunchroom,1,
FG312-422506,Summer Food Service Program 23,Operating Funds,General Operating Funds,General Operating Funds,806,Lunchroom,1,
FG314-000000,Lunchroom - Lighthouse,Operating Funds,General Operating Funds,General Operating Funds,806,Lunchroom,1,
FG358-440055,Title IV Part A - Nonpublic -  FG358-440055,Operating Funds,General Operating Funds,General Operating Funds,805,NCLB Federal,1,
FG358-500066,Stronger Together Initiative - Cook County (ARPA),Operating Funds,General Operating Funds,General Operating Funds,805,NCLB Federal,1,
FG356-490931,Title III - Lmtd. Eng. Prf. - Nonpublic,Operating Funds,General Operating Funds,General Operating Funds,805,NCLB Federal,1,
FG332-000703,Supplemental General State Aid (SGSA),Operating Funds,General Operating Funds,General Operating Funds,805,NCLB Federal,1,
FG332-000901,Other Gen Ed Funded Programs,Operating Funds,General Operating Funds,General Operating Funds,805,NCLB Federal,1,
FG324-000000,Miscellaneous Federal & State Block Grants,Operating Funds,General Operating Funds,General Operating Funds,807,Other Grants,1,
FG358-509193,Teams Interventions Evals Resources for Supportive Schls (TIERSS),Operating Funds,General Operating Funds,General Operating Funds,805,NCLB Federal,1,
FG362-376649,State Preschool for All Age 3-5 Diverse Learners FY19,Operating Funds,General Operating Funds,General Operating Funds,807,Other Grants,1,
FG362-376650,State Preschool for All Age 3-5,Operating Funds,General Operating Funds,General Operating Funds,807,Other Grants,1,
FG362-376651,State Preschool for All Age 0-3 Community Partnerships,Operating Funds,General Operating Funds,General Operating Funds,807,Other Grants,1,
FG332-430125,Supplementary,Operating Funds,General Operating Funds,General Operating Funds,805,NCLB Federal,1,
FG324-100110,Out-Of-School-Time Awards,Operating Funds,General Operating Funds,General Operating Funds,807,Other Grants,1,
FG324-100113,FAFSA Student Support Strategy Award,Operating Funds,General Operating Funds,General Operating Funds,807,Other Grants,1,
FG353-000648,Per-Pupil Schools,Operating Funds,General Operating Funds,General Operating Funds,805,NCLB Federal,1,
FG353-500174,Chicago Bilingual Summer Math. Lab.,Operating Funds,General Operating Funds,General Operating Funds,805,NCLB Federal,1,
FG353-494059,Title IIA - Archdiocese of Chgo. Suppl. Servc.,Operating Funds,General Operating Funds,General Operating Funds,805,NCLB Federal,1,
FG332-430197,Title I - Support,Operating Funds,General Operating Funds,General Operating Funds,805,NCLB Federal,1,
FG332-430198,Title I - School Improvement Focus Initiative,Operating Funds,General Operating Funds,General Operating Funds,805,NCLB Federal,1,
FG324-100305,Aldermanic School Micro-Grant Ward 13 - Peck ES,Operating Funds,General Operating Funds,General Operating Funds,807,Other Grants,1,
FG324-100307,Aldermanic School Micro-Grant Ward 13 - Grimes,Operating Funds,General Operating Funds,General Operating Funds,807,Other Grants,1,
FG358-509196,TIE and Resources for Supportive Schools (TIERSS) -  FG358-509196,Operating Funds,General Operating Funds,General Operating Funds,805,NCLB Federal,1,
FG356-490938,Title III - IEP,Operating Funds,General Operating Funds,General Operating Funds,805,NCLB Federal,1,
FG356-490945,Title III - Language Acquisition,Operating Funds,General Operating Funds,General Operating Funds,805,NCLB Federal,1,
FG332-430202,Nonpublic Inst. & Supp. Serv. - Catholic,Operating Funds,General Operating Funds,General Operating Funds,805,NCLB Federal,1,
FG332-430260,Title I - ESSA - Summer Learning Initiative,Operating Funds,General Operating Funds,General Operating Funds,805,NCLB Federal,1,
FG332-430261,Title I - Office of Strategic School Support Services,Operating Funds,General Operating Funds,General Operating Funds,805,NCLB Federal,1,
FG332-430266,Title I - School Discretionary -  FG332-430266,Operating Funds,General Operating Funds,General Operating Funds,805,NCLB Federal,1,
FG324-000703,Supplemental General State Aid (SGSA),Operating Funds,General Operating Funds,General Operating Funds,807,Other Grants,1,
FG324-100399,Chicago Police and Fire Academy Training Program,Operating Funds,General Operating Funds,General Operating Funds,807,Other Grants,1,
FG324-100401,City of Chicago Vision Program,Operating Funds,General Operating Funds,General Operating Funds,807,Other Grants,1,
FG353-410023,CONTINGENCY FOR PROJECT EXPAN,Operating Funds,General Operating Funds,General Operating Funds,805,NCLB Federal,1,
FG332-424052,SIG - Burke (Cohort 5),Operating Funds,General Operating Funds,General Operating Funds,805,NCLB Federal,1,
FG332-430010,Title I - DI - Supplemental Instructional Supports,Operating Funds,General Operating Funds,General Operating Funds,805,NCLB Federal,1,
FG353-548053,Teacher Quality Partnership: (TQP: P-STEP),Operating Funds,General Operating Funds,General Operating Funds,805,NCLB Federal,1,
FG353-582041,Transition to Teaching BETP,Operating Funds,General Operating Funds,General Operating Funds,805,NCLB Federal,1,
FG354-000000,Title IID - Educational Technology,Operating Funds,General Operating Funds,General Operating Funds,805,NCLB Federal,1,
FG362-499936,Preschool Expansion Grant FY 16,Operating Funds,General Operating Funds,General Operating Funds,807,Other Grants,1,
FG353-494072,Title IIA - Other Private Supplementary Srvc.,Operating Funds,General Operating Funds,General Operating Funds,805,NCLB Federal,1,
FG332-430019,IASA Title I - NonPublic,Operating Funds,General Operating Funds,General Operating Funds,805,NCLB Federal,1,
FG332-430020,IASA Title I - Discretionary,Operating Funds,General Operating Funds,General Operating Funds,805,NCLB Federal,1,
FG332-430142,Title I - Nonpublic Instruction & Support Services - Catholic,Operating Funds,General Operating Funds,General Operating Funds,805,NCLB Federal,1,
FG324-188824,Safe Passage Program IGA,Operating Funds,General Operating Funds,General Operating Funds,807,Other Grants,1,
FG324-188827,Census 2020- FG324-188827,Operating Funds,General Operating Funds,General Operating Funds,807,Other Grants,1,
FG356-490955,Title III - Lmtd. Eng. Prf. - Nonpublic -  FG356-490955,Operating Funds,General Operating Funds,General Operating Funds,805,NCLB Federal,1,
FG332-430147,Title I - Supplemental,Operating Funds,General Operating Funds,General Operating Funds,805,NCLB Federal,1,
FG353-493516,Title II Teacher Quality Leadership Grant,Operating Funds,General Operating Funds,General Operating Funds,805,NCLB Federal,1,
FG230-005060,Central Office Relocation of 2015,Operating Funds,General Operating Funds,General Operating Funds,809,General Fund,1,
FG367-434032,SIG Transformation - Julian HS,Operating Funds,General Operating Funds,General Operating Funds,807,Other Grants,1,
FG332-430036,IASA Title 1 - Public,Operating Funds,General Operating Funds,General Operating Funds,805,NCLB Federal,1,
FG701-543521,Smaller Learning Communities,Operating Funds,General Operating Funds,Others,,,1,
FG701-543523,Smaller Learning Communities - Cohort 10,Operating Funds,General Operating Funds,Others,,,1,
FG701-547521,Indian Elem/Sec. Assistance Prog.,Operating Funds,General Operating Funds,Others,,,1,
FG124-901001,CPA - Chicago Academy for School Leaders,Operating Funds,General Operating Funds,General Operating Funds,801,School Generated,1,
FG369-322034,Cte Education Career Pathway RFP,Operating Funds,General Operating Funds,General Operating Funds,807,Other Grants,1,
FG369-322036,Cte Career Exploration - Ce,Operating Funds,General Operating Funds,General Operating Funds,807,Other Grants,1,
FG369-322038,Cte Education Career Pathway RFP -  FG369-322038,Operating Funds,General Operating Funds,General Operating Funds,807,Other Grants,1,
FG614-000000,CIP Series 1999A,Operating Funds,Debt-Service Funds,Debt-Service Funds,808,Debt Service Fund,1,
FG332-430045,Public Institute & Support Services,Operating Funds,General Operating Funds,General Operating Funds,805,NCLB Federal,1,
FG332-430056,Supplementary,Operating Funds,General Operating Funds,General Operating Funds,805,NCLB Federal,1,
FG701-547525,Indian Elem/Sec. Assistance Prog.,Operating Funds,General Operating Funds,Others,,,1,
FG799-199919,JROTC Parade Program,Operating Funds,General Operating Funds,Others,,,1,
FG621,Unlimited Tax GO Series 2017A,Operating Funds,NA,Debt-Service Funds,808,Debt Service Fund,0,
FG332-430159,Nonpublic Inst. & Supp. Serv. - Jewish,Operating Funds,General Operating Funds,General Operating Funds,805,NCLB Federal,1,
FG332-430219,Nonpublic Inst. & Supp. Serv. - Catholic,Operating Funds,General Operating Funds,General Operating Funds,805,NCLB Federal,1,
FG701-500364,STARTALK - Arabic/Chinese,Operating Funds,General Operating Funds,Others,,,1,
FG701-500367,STARTALK - Arabic/Chinese,Operating Funds,General Operating Funds,Others,,,1,
FG701-500676,Refugee Children's School Impact Grant,Operating Funds,General Operating Funds,Others,,,1,
FG701-500678,Refugee Childern's School Impact Grant,Operating Funds,General Operating Funds,Others,,,1,
FG124-070932,CPEF SDP stipends,Operating Funds,General Operating Funds,General Operating Funds,801,School Generated,1,
FG124-070933,Project Lead the Way,Operating Funds,General Operating Funds,General Operating Funds,801,School Generated,1,
FG701-548022,Track 2 CS10K: Accelerate ECS4ALL Yr2,Operating Funds,General Operating Funds,Others,,,1,
FG124-070942,FIRST Robotics -Infinity Mth Sci and Tech HS- FG124-070942,Operating Funds,General Operating Funds,General Operating Funds,801,School Generated,1,
FG230-590002,E-Rate,Operating Funds,General Operating Funds,General Operating Funds,809,General Fund,1,
FG332-430277,Title I - Office of Strategic School Support Services -  FG332-430277,Operating Funds,General Operating Funds,General Operating Funds,805,NCLB Federal,1,
FG332-430085,Nonpublic Inst. & Supp. Serv. - Independ.,Operating Funds,General Operating Funds,General Operating Funds,805,NCLB Federal,1,
FG124-070702,Joyce Foundation - Teach Chicago 2025,Operating Funds,General Operating Funds,General Operating Funds,801,School Generated,1,
FG370-499826,Elementary and Secondary Digital Prof Learning - PL- FG370-499826,Operating Funds,General Operating Funds,General Operating Funds,807,Other Grants,1,
FG453-399506,Other State Programs - MC Capital,Capital Funds,Capital Funds,Others,810,Capital Projects Fund,1,
FG701-512010,Comprehensive Anti-Gang Initiative,Operating Funds,General Operating Funds,Others,,,1,
FG370-499827,ARP- McKinney Vento Grant 22-4998-HM- FG370-499827,Operating Funds,General Operating Funds,General Operating Funds,807,Other Grants,1,
FG367-434037,SIG Transformation - Wells HS,Operating Funds,General Operating Funds,General Operating Funds,807,Other Grants,1,
FG514-600002,Bond Series 1999B,Operating Funds,Debt-Service Funds,Debt-Service Funds,808,Debt Service Fund,1,
FG518-000000,PBC Rental Series B Of 1990,Operating Funds,Debt-Service Funds,Debt-Service Funds,808,Debt Service Fund,1,
FG124-070969,GHS Productions Inc,Operating Funds,General Operating Funds,General Operating Funds,801,School Generated,1,
FG367-434043,SIG - Mann (Cohort 5),Operating Funds,General Operating Funds,General Operating Funds,807,Other Grants,1,
FG367-435003,SIG - Clemente,Operating Funds,General Operating Funds,General Operating Funds,807,Other Grants,1,
FG370-499834,Digital Equity Grant 22-4998-D2,Operating Funds,General Operating Funds,General Operating Funds,807,Other Grants,1,
FG369-474566,Special Student Needs-C. Perkins FY19,Operating Funds,General Operating Funds,General Operating Funds,807,Other Grants,1,
FG369-474571,Special Student Needs-C. Perkins -  FG369-474571,Operating Funds,General Operating Funds,General Operating Funds,807,Other Grants,1,
FG701-522001,National Youth Forum on Violence,Operating Funds,General Operating Funds,Others,,,1,
FG701-528311,CREATES - Arts in Education,Operating Funds,General Operating Funds,Others,,,1,
FG124-070976,CPS School Leader Pipeline Scholarship,Operating Funds,General Operating Funds,General Operating Funds,801,School Generated,1,
FG370-000000,Elementary and Secondary School Relief,Operating Funds,General Operating Funds,General Operating Funds,807,Other Grants,1,
FG799-430106,Public Inst. & Support Services,Operating Funds,General Operating Funds,Others,,,1,
FG799-430118,Title I School Turnaround ARRA,Operating Funds,General Operating Funds,Others,,,1,
FG799-433911,School Improvement Grant Fenger,Operating Funds,General Operating Funds,Others,,,1,
FG124-070985,Ingenuity CSF13 2023-2024,Operating Funds,General Operating Funds,General Operating Funds,801,School Generated,1,
FG367-435021,SIG - Bogan - (Cohort 3),Operating Funds,General Operating Funds,General Operating Funds,807,Other Grants,1,
FG701-500021,Scratch Encore FY19,Operating Funds,General Operating Funds,Others,,,1,
FG701-500022,Scratch Encore FY20,Operating Funds,General Operating Funds,Others,,,1,
FG124-071982,Ingenuity: 2019-2020 Arts Access Planning,Operating Funds,General Operating Funds,General Operating Funds,801,School Generated,1,
FG370-499857,ARP - Community Partnership Grant 23-4998-C3,Operating Funds,General Operating Funds,General Operating Funds,807,Other Grants,1,
FG367-435032,SIG - District (Cohort 4),Operating Funds,General Operating Funds,General Operating Funds,807,Other Grants,1,
FG367-433952,SIG - Phillips High School FY12,Operating Funds,General Operating Funds,General Operating Funds,807,Other Grants,1,
FG367-433954,SIG - Phillips High School,Operating Funds,General Operating Funds,General Operating Funds,807,Other Grants,1,
FG367-433960,School Improvement Grant Julian,Operating Funds,General Operating Funds,General Operating Funds,807,Other Grants,1,
FG367-433971,School Improvement Grant Copernicus,Operating Funds,General Operating Funds,General Operating Funds,807,Other Grants,1,
FG701-532008,Accelerated STEM Program of Study & Leadership Development,Operating Funds,General Operating Funds,Others,,,1,
FG124-100104,Senior Transportation,Operating Funds,General Operating Funds,General Operating Funds,801,School Generated,1,
FG367-435040,SIG - Bronzeville (Cohort 4),Operating Funds,General Operating Funds,General Operating Funds,807,Other Grants,1,
FG370-442299,21st Century Community Learning Centers - (Cohort 15-Grant 6),Operating Funds,General Operating Funds,General Operating Funds,807,Other Grants,1,
FG370-442308,New FG from PSFT Needs Alias Update,Operating Funds,General Operating Funds,General Operating Funds,807,Other Grants,1,
FG701-582041,Transition to Teaching BETP,Operating Funds,General Operating Funds,Others,,,1,
FG701-905125,CFF The School Partnership Program project and the Ardmore Roderi,Operating Funds,General Operating Funds,Others,,,1,
FG124-070999,NCTR - Black Education Initiative (Teacher Residencies) 24-25- FG124-070999,Operating Funds,General Operating Funds,General Operating Funds,801,School Generated,1,
FG124-071002,North Central College,Operating Funds,General Operating Funds,General Operating Funds,801,School Generated,1,
FG367-433998,SIG - Harper High School,Operating Funds,General Operating Funds,General Operating Funds,807,Other Grants,1,
FG367-434003,SIG Transformation FY11 - Julian HS,Operating Funds,General Operating Funds,General Operating Funds,807,Other Grants,1,
FG367-434005,SIG Transformation FY11 - North Lawndale Charter,Operating Funds,General Operating Funds,General Operating Funds,807,Other Grants,1,
FG367-434008,SIG Transformation FY11 - Wells HS,Operating Funds,General Operating Funds,General Operating Funds,807,Other Grants,1,
FG124-150900,Grants - Supplemental,Operating Funds,General Operating Funds,General Operating Funds,801,School Generated,1,
FG124-210013,Summer Youth Employment Program,Operating Funds,General Operating Funds,General Operating Funds,801,School Generated,1,
FG124-376712,Special Education - Transportation,Operating Funds,General Operating Funds,General Operating Funds,801,School Generated,1,
FG369-322013,Career & Technical Educ Improvement Grant,Operating Funds,General Operating Funds,General Operating Funds,807,Other Grants,1,
FG370-442344,Title IV 21st Century Community Learning Centers Cohort A1,Operating Funds,General Operating Funds,General Operating Funds,807,Other Grants,1,
FG701-542135,Distributed Leadership in Opportunity School (DLOS),Operating Funds,General Operating Funds,Others,,,1,
FG369-322018,Career & Technical Education Improvement Grant,Operating Funds,General Operating Funds,General Operating Funds,807,Other Grants,1,
FG369-322019,Career & Technical Educ. Improvement Grant (CTEI),Operating Funds,General Operating Funds,General Operating Funds,807,Other Grants,1,
FG367-434015,SIG Transformation FY12 -North Lawndale,Operating Funds,General Operating Funds,General Operating Funds,807,Other Grants,1,
FG367-434016,SIG Transformation FY12 -Richard,Operating Funds,General Operating Funds,General Operating Funds,807,Other Grants,1,
FG367-434017,SIG Transformation FY12 -Tilden,Operating Funds,General Operating Funds,General Operating Funds,807,Other Grants,1,
FG367-434020,SIG Transformation - Hancock HS,Operating Funds,General Operating Funds,General Operating Funds,807,Other Grants,1,
FG799-440039,Title IV - Drug Free Sch/Com.Act,Operating Funds,General Operating Funds,Others,,,1,
FG124-071004,CPS Network 8 - Spanish Spelling Bee Context -FG124-071004,Operating Funds,General Operating Funds,General Operating Funds,801,School Generated,1,
FG124-071005,Chicago Blackhawks Foundation - Pilsen E.C.A.,Operating Funds,General Operating Funds,General Operating Funds,801,School Generated,1,
FG124-071921,Get Yourself Tested Campaign,Operating Funds,General Operating Funds,General Operating Funds,801,School Generated,1,
FG124-071931,Chicago Bears - Athletico (2015-2016),Operating Funds,General Operating Funds,General Operating Funds,801,School Generated,1,
FG369-322026,CTE Education Career Pathway,Operating Funds,General Operating Funds,General Operating Funds,807,Other Grants,1,
FG370-499813,Digital Equity Grant - Nonpublic - Lutheran- FG370-499813,Operating Funds,General Operating Funds,General Operating Funds,807,Other Grants,1,
FG367-434023,SIG Transformation - Kelvyn Park HS,Operating Funds,General Operating Funds,General Operating Funds,807,Other Grants,1,
FG701-500271,STARTALK - Arabic Language Program,Operating Funds,General Operating Funds,Others,,,1,
FG701-442184,21st Century Community Learning Centers-(Cohort 19-Grant 5) FY19,Operating Funds,General Operating Funds,Others,,,1,
FG701-442189,21st Century Community Learning Cntrs - (Cohort 15-Grant 4) FY20,Operating Funds,General Operating Funds,Others,,,1,
FG701-430250,Title I - School Discretionary,Operating Funds,General Operating Funds,Others,,,1,
FG701-430276,Title I - ESSA - Summer Learning Initiative,Operating Funds,General Operating Funds,Others,,,1,
FG367-433122,Title I School Improvement Grant- (SOSS),Operating Funds,General Operating Funds,General Operating Funds,807,Other Grants,1,
FG367-424080,School Improvement Grant Gage Park Cohort 6,Operating Funds,General Operating Funds,General Operating Funds,807,Other Grants,1,
FG115-001023,FY23 Comparability,Operating Funds,General Operating Funds,General Operating Funds,801,General Fund,1,
FG115-008010,Selective Enrollment - High Schools,Operating Funds,General Operating Funds,General Operating Funds,801,General Fund,1,
FG115-060001,Early Childhood Center Construction Act Grant Program,Operating Funds,General Operating Funds,General Operating Funds,801,General Fund,1,
FG115-070397,CPS Score Program,Operating Funds,General Operating Funds,General Operating Funds,801,General Fund,1,
FG124-004126,William King ES Building Sale Donation,Operating Funds,General Operating Funds,General Operating Funds,801,School Generated,1,
FG124-000308,Clinton School - Jim Mills Fund,Operating Funds,General Operating Funds,General Operating Funds,801,School Generated,1,
FG367-433177,School and District Improvement (Cohort 19 - Grant 4),Operating Funds,General Operating Funds,General Operating Funds,807,Other Grants,1,
FG115-210201,Chi Cultural Plan and Arts Edu Plan (Cat 1-2),Operating Funds,General Operating Funds,General Operating Funds,801,General Fund,1,
FG124-000344,CFF - McDougal Foundation 2016-2017,Operating Funds,General Operating Funds,General Operating Funds,801,School Generated,1,
FG701-433175,Il-Empower (Cohort 19 - Grant 2),Operating Funds,General Operating Funds,Others,,,1,
FG367-433921,School Improvement Grant Marshall High School,Operating Funds,General Operating Funds,General Operating Funds,807,Other Grants,1,
FG115-376605,Reading Improvement Program,Operating Funds,General Operating Funds,General Operating Funds,801,General Fund,1,
FG124-070070,You Be The Chemist,Operating Funds,General Operating Funds,General Operating Funds,801,School Generated,1,
FG124-070080,Peer Health Education Program,Operating Funds,General Operating Funds,General Operating Funds,801,School Generated,1,
FG701-440052,"Title IV, Part A",Operating Funds,General Operating Funds,Others,,,1,
FG701-440300,Healthy Schools Healthy City Medicaid Enrollment Project,Operating Funds,General Operating Funds,Others,,,1,
FG701-442128,21st Century CLC-3,Operating Funds,General Operating Funds,Others,,,1,
FG367-433152,Il-Empower (Cohort 19 - Grant 1),Operating Funds,General Operating Funds,General Operating Funds,807,Other Grants,1,
FG115-376705,State Bilingual TBE,Operating Funds,General Operating Funds,General Operating Funds,801,General Fund,1,
FG701-442194,21st Century Community Learning Centers (Cohort 19-Grant 2) FY20,Operating Funds,General Operating Funds,Others,,,1,
FG701-442198,21st Century Community Learning Centers,Operating Funds,General Operating Funds,Others,,,1,
FG367-433155,Il-Empower (Cohort 19 - Grant 4),Operating Funds,General Operating Funds,General Operating Funds,807,Other Grants,1,
FG115-395001,Orphanage Regular Students-Sec. 18-3,Operating Funds,General Operating Funds,General Operating Funds,801,General Fund,1,
FG115-395004,Special Ed. Orphanage Individual,Operating Funds,General Operating Funds,General Operating Funds,801,General Fund,1,
FG115-399603,General State Aid - Loss Limit Grants,Operating Funds,General Operating Funds,General Operating Funds,801,General Fund,1,
Dummy Parent,,Operating Funds,General Operating Funds,Others,,,1,
FG367-433220,School and District Improvement Grant (Title 1003a) - 4331-41,Operating Funds,General Operating Funds,General Operating Funds,807,Other Grants,1,
FG115-376652,State Preschool for All Age 3-5 Community Partnerships,Operating Funds,General Operating Funds,General Operating Funds,801,General Fund,1,
FG115-430185,Title 1 - School Discretionary,Operating Funds,General Operating Funds,General Operating Funds,801,General Fund,1,
FG115-430296,Nonpublic Inst. and Supp. Serv. - Catholic,Operating Funds,General Operating Funds,General Operating Funds,801,General Fund,1,
FG124-905012,FY20 Lesson Study,Operating Funds,General Operating Funds,General Operating Funds,801,School Generated,1,
FG124-905016,CFF - FY20 Blue Cross Blue Shield of Illinois Grant,Operating Funds,General Operating Funds,General Operating Funds,801,School Generated,1,
FG701-430627,Delinquent Programs,Operating Funds,General Operating Funds,Others,,,1,
FG701-433179,Il-Empower (Cohort 19 - Grant 6),Operating Funds,General Operating Funds,Others,,,1,
FG701-433180,Il-Empower (Cohort 19 - Grant 7),Operating Funds,General Operating Funds,Others,,,1,
FG701-433191,School and District Improvement - formerly IL Empower (Cohort 14),Operating Funds,General Operating Funds,Others,,,1,
FG367-433167,Il-Empower (Cohort 19 - Grant 5)  -  FG367-433167,Operating Funds,General Operating Funds,General Operating Funds,807,Other Grants,1,
FG115-490201,Medicaid - Fee for Service,Operating Funds,General Operating Funds,General Operating Funds,801,General Fund,1,
FG124-905035,CFF- FY21 Luries Hosp ICJIA Trauma Resp Schls,Operating Funds,General Operating Funds,General Operating Funds,801,School Generated,1,
FG124-905044,CFF - PNC Device Bundle Grant- FG124-905044,Operating Funds,General Operating Funds,General Operating Funds,801,School Generated,1,
FG701-442145,21st Century Community Learning Centers - (Cohort 15-Grant 2),Operating Funds,General Operating Funds,Others,,,1,
FG367-433175,School and District Improvement (Cohort 19 - Grant 2),Operating Funds,General Operating Funds,General Operating Funds,807,Other Grants,1,
FG367-433221,School and District Improvement Grant (Title 1003a) Cohort 17,Operating Funds,General Operating Funds,General Operating Funds,807,Other Grants,1,
FG367-433229,School and District Improvement Grant (Title 1003a),Operating Funds,General Operating Funds,General Operating Funds,807,Other Grants,1,
FG115-510221,Head Start - Child Development,Operating Funds,General Operating Funds,General Operating Funds,801,General Fund,1,
FG115-538011,Public School Choice Program - Voluntary,Operating Funds,General Operating Funds,General Operating Funds,801,General Fund,1,
FG701-442216,21st Century CLC - NEIU,Operating Funds,General Operating Funds,Others,,,1,
FG701-442222,21st Century CLC - NEIU,Operating Funds,General Operating Funds,Others,,,1,
FG115-905128,CFF - CCT New Teacher Support,Operating Funds,General Operating Funds,General Operating Funds,801,General Fund,1,
FG117-000733,Selective Enrollment High Schools,Operating Funds,General Operating Funds,General Operating Funds,801,School Generated,1,
FG124-070901,Executive Principals Program,Operating Funds,General Operating Funds,General Operating Funds,801,School Generated,1,
FG799-510310,Headstart COLA ARRA,Operating Funds,General Operating Funds,Others,,,1,
FG799-501711,NYLC's Generator Go Green (G3) Initiative II,Operating Funds,General Operating Funds,Others,,,1,
FG701-432102,Race To The Top,Operating Funds,General Operating Funds,Others,,,1,
FG701-433121,Statewide System of Support (SSOS),Operating Funds,General Operating Funds,Others,,,1,
FG701-433123,Title I School Improvement Grant- (SOSS),Operating Funds,General Operating Funds,Others,,,1,
FG362-510218,Headstart-Child Development,Operating Funds,General Operating Funds,General Operating Funds,807,Other Grants,1,
FG124-000010,MISCELLANEOUS ADD. FUND,Operating Funds,General Operating Funds,General Operating Funds,801,School Generated,1,
FG124-012010,Chicago Hopes,Operating Funds,General Operating Funds,General Operating Funds,801,School Generated,1,
FG799-509179,Employability Plus,Operating Funds,General Operating Funds,Others,,,1,
FG799-542127,Teacher Incentive Fund Program ARRA,Operating Funds,General Operating Funds,Others,,,1,
FG701-442151,21st Century Community Learning Centers - (Cohort 15-Grant 1),Operating Funds,General Operating Funds,Others,,,1,
FG362-510220,Headstart - Child Development,Operating Funds,General Operating Funds,General Operating Funds,807,Other Grants,1,
FG364-433411,Reading First,Operating Funds,General Operating Funds,General Operating Funds,807,Other Grants,1,
FG124-000024,Special Event Security Reimbursements,Operating Funds,General Operating Funds,General Operating Funds,801,School Generated,1,
FG799-494036,Title IIA - Supplementary,Operating Funds,General Operating Funds,Others,,,1,
FG701-442160,21st Century Community Learning Centers - (Cohort 15-Grant 3),Operating Funds,General Operating Funds,Others,,,1,
FG701-442162,21st Century Community Learning Centers - (Cohort 15-Grant 5),Operating Funds,General Operating Funds,Others,,,1,
FG362-560027,Headstart-Child Supp. Dis. SP Initiative,Operating Funds,General Operating Funds,General Operating Funds,807,Other Grants,1,
FG362-560029,Headstart - Child Supp Dis SP Initiative,Operating Funds,General Operating Funds,General Operating Funds,807,Other Grants,1,
FG362-560030,Headstart-Child Supp. Dis. SP Initiative,Operating Funds,General Operating Funds,General Operating Funds,807,Other Grants,1,
FG362-560032,Headstart-Child Supp. Dis. SP Initiative,Operating Funds,General Operating Funds,General Operating Funds,807,Other Grants,1,
FG362-560033,Headstart-Child Supp. Dis. SP Initiative,Operating Funds,General Operating Funds,General Operating Funds,807,Other Grants,1,
FG364-433725,Reading 1st - Professional Development,Operating Funds,General Operating Funds,General Operating Funds,807,Other Grants,1,
FG124-070010,Project Lead The Way (Year 1),Operating Funds,General Operating Funds,General Operating Funds,801,School Generated,1,
FG701-500845,STOP School Violence (SOS) FY21,Operating Funds,General Operating Funds,Others,,,1,
FG701-548058,IL for Arts Education - Newman,Operating Funds,General Operating Funds,Others,,,1,
FG701-409422,Calumet Is My Back Yard (CIMBY),Operating Funds,General Operating Funds,Others,,,1,
FG701-422507,Summer Food Service Program,Operating Funds,General Operating Funds,Others,,,1,
FG367-410008,CONTINGENCY FOR PROJECT EXPAN,Operating Funds,General Operating Funds,General Operating Funds,807,Other Grants,1,
FG124-070016,Project Lead The Way (Year 1) - Schurz,Operating Funds,General Operating Funds,General Operating Funds,801,School Generated,1,
FG124-070018,Project Lead The Way (Year 3) - Schurz,Operating Funds,General Operating Funds,General Operating Funds,801,School Generated,1,
FG124-000049,CFF - Discover Financial Services,Operating Funds,General Operating Funds,General Operating Funds,801,School Generated,1,
FG799-376801,Special Education - Orphanage on Site,Operating Funds,General Operating Funds,Others,,,1,
FG799-376700,Block Grant - Educational Services Block Grant,Operating Funds,General Operating Funds,Others,,,1,
FG367-410023,CONTINGENCY FOR PROJECT EXPAN,Operating Funds,General Operating Funds,General Operating Funds,807,Other Grants,1,
FG367-424045,SIG - Holmes (Cohort 5),Operating Funds,General Operating Funds,General Operating Funds,807,Other Grants,1,
FG367-424049,SIG - Mann (Cohort 5),Operating Funds,General Operating Funds,General Operating Funds,807,Other Grants,1,
FG124-000071,ED IMP-LIB RESOURCE PGM,Operating Funds,General Operating Funds,General Operating Funds,801,School Generated,1,
FG124-070022,The Broad Residency (Year 2 - Lee),Operating Funds,General Operating Funds,General Operating Funds,801,School Generated,1,
FG124-070024,The Broad Residency - Luis Felipe Perez,Operating Funds,General Operating Funds,General Operating Funds,801,School Generated,1,
FG124-070032,The Broad Residency (Year 2 - Ribolzi),Operating Funds,General Operating Funds,General Operating Funds,801,School Generated,1,
FG701-430119,Public Inst. & Support Services,Operating Funds,General Operating Funds,Others,,,1,
FG701-430130,Public Instruction & Support Services,Operating Funds,General Operating Funds,Others,,,1,
FG364,Literacy,Operating Funds,NA,General Operating Funds,807,Other Grants,0,
FG362-560023,Headstart-Child Supp. Dis. SP Initiative,Operating Funds,General Operating Funds,General Operating Funds,807,Other Grants,1,
FG364-000000,Literacy,Operating Funds,General Operating Funds,General Operating Funds,807,Other Grants,1,
FG124-000096,Wells Athletic Field Project,Operating Funds,General Operating Funds,General Operating Funds,801,School Generated,1,
FG701-433157,Il-Empower (Cohort 19 - Grant 6),Operating Funds,General Operating Funds,Others,,,1,
FG701-434028,SIG Transformation - District,Operating Funds,General Operating Funds,Others,,,1,
FG115-000430,Core Curriculum,Operating Funds,General Operating Funds,General Operating Funds,801,General Fund,1,
FG124-000163,RACE & NATIONAL ORIGIN DESEG,Operating Funds,General Operating Funds,General Operating Funds,801,School Generated,1,
FG124-004121,Comed & Peoples Gas Enrg Rebate Prog Response,Operating Funds,General Operating Funds,General Operating Funds,801,School Generated,1,
FG701-439602,Critial MASS,Operating Funds,General Operating Funds,Others,,,1,
FG701-442178,21st Century Community Learning Centers - (Cohort 15-Grant7) FY18,Operating Funds,General Operating Funds,Others,,,1,
FG332-430301,Title I - District Initiatives -  FG332-430301,Operating Funds,General Operating Funds,General Operating Funds,805,NCLB Federal,1,
FG332-430302,Title I - Child Parent Centers -  FG332-430302,Operating Funds,General Operating Funds,General Operating Funds,805,NCLB Federal,1,
FG332-430303,Mandated Parent Involvement -  FG332-430303,Operating Funds,General Operating Funds,General Operating Funds,805,NCLB Federal,1,
FG336-410080,Title V - Innovation to Educatin,Operating Funds,General Operating Funds,General Operating Funds,805,NCLB Federal,1,
FG336-500956,Chicago History Advanced Placement Project,Operating Funds,General Operating Funds,General Operating Funds,805,NCLB Federal,1,
FG358-433162,IL-Empower (Cohort 20 - Grant 11)- FG358-433162,Operating Funds,General Operating Funds,General Operating Funds,805,NCLB Federal,1,
FG332-430310,Nonpublic Inst. & Supp. Serv. - Independ.  -  FG332-430310,Operating Funds,General Operating Funds,General Operating Funds,805,NCLB Federal,1,
FG332-430316,Mandated Parent Involvement  -  FG332-430316,Operating Funds,General Operating Funds,General Operating Funds,805,NCLB Federal,1,
FG332-430325,Nonpublic Inst. & Supp. Serv. - Lutheran,Operating Funds,General Operating Funds,General Operating Funds,805,NCLB Federal,1,
FG332-430327,Title I - District Initiatives,Operating Funds,General Operating Funds,General Operating Funds,805,NCLB Federal,1,
FG333-000000,ESEA Chapter I Migrants,Operating Funds,General Operating Funds,General Operating Funds,805,NCLB Federal,1,
FG334-430529,Neglected Programs,Operating Funds,General Operating Funds,General Operating Funds,805,NCLB Federal,1,
FG334-430617,Delinquent Programs,Operating Funds,General Operating Funds,General Operating Funds,805,NCLB Federal,1,
FG334-430622,Delinquent Programs,Operating Funds,General Operating Funds,General Operating Funds,805,NCLB Federal,1,
FG334-430623,Delinquent Programs,Operating Funds,General Operating Funds,General Operating Funds,805,NCLB Federal,1,
FG333,ESEA Chapter I Migrants,Operating Funds,NA,General Operating Funds,805,NCLB Federal,0,
FG334-430632,Delinquent Programs,Operating Funds,General Operating Funds,General Operating Funds,805,NCLB Federal,1,
FG335-000000,Education Jobs Fund FY2011,Operating Funds,General Operating Funds,General Operating Funds,805,NCLB Federal,1,
FG335-410008,Contingency for Project Expan,Operating Funds,General Operating Funds,General Operating Funds,805,NCLB Federal,1,
FG335-488403,Ed Jobs Fund - Special Ed,Operating Funds,General Operating Funds,General Operating Funds,805,NCLB Federal,1,
FG335-488408,Ed Jobs Fund - Special Ed,Operating Funds,General Operating Funds,General Operating Funds,805,NCLB Federal,1,
FG335-488411,Ed. Jobs Fund - Culture of Calm,Operating Funds,General Operating Funds,General Operating Funds,805,NCLB Federal,1,
FG332-430287,Nonpublic Inst. & Supp. Serv. - Jewish,Operating Funds,General Operating Funds,General Operating Funds,805,NCLB Federal,1,
FG332-430289,Title I - Child Parent Centers,Operating Funds,General Operating Funds,General Operating Funds,805,NCLB Federal,1,
FG332-430293,Title I - School Improvement Priority Initiative,Operating Funds,General Operating Funds,General Operating Funds,805,NCLB Federal,1,
FG220-460528,Preschool Discretionary (STARNET),Operating Funds,General Operating Funds,General Operating Funds,807,Other Grants,1,
FG220-462504,IDEA Room & Board,Operating Funds,General Operating Funds,General Operating Funds,807,Other Grants,1,
FG324-399816,Other State Programs - Jacob Beidler Elementary School,Operating Funds,General Operating Funds,General Operating Funds,807,Other Grants,1,
FG324-409423,Calumet Is My Back Yard CIMBY-IDNR,Operating Funds,General Operating Funds,General Operating Funds,807,Other Grants,1,
FG324-424017,Fresh Fruit & Vegetables Program,Operating Funds,General Operating Funds,General Operating Funds,807,Other Grants,1,
FG324-409432,CIMBY: Building Student and Teacher Leadership BSTL,Operating Funds,General Operating Funds,General Operating Funds,807,Other Grants,1,
FG124-905168,CFF King College Prep Marching Band Award,Operating Funds,General Operating Funds,General Operating Funds,801,School Generated,1,
FG324-210070,Calumet is my Back Yard,Operating Funds,General Operating Funds,General Operating Funds,807,Other Grants,1,
FG324-380017,Making the Classroom & Library Connection with Mobile Technologie - FG324-38001,Operating Funds,General Operating Funds,General Operating Funds,807,Other Grants,1,
FG324-380115,School Library Grant - Per Captia,Operating Funds,General Operating Funds,General Operating Funds,807,Other Grants,1,
FG124-905172,CFF Crown's Centering Student Experience award,Operating Funds,General Operating Funds,General Operating Funds,801,School Generated,1,
FG124-905174,CFF Circle of Service's Expanding Skilled Trades and Work-Based L,Operating Funds,General Operating Funds,General Operating Funds,801,School Generated,1,
FG324-380117,School Library Grant - Per Capita,Operating Funds,General Operating Funds,General Operating Funds,807,Other Grants,1,
FG220-462034,LEA Flowthru Instruction,Operating Funds,General Operating Funds,General Operating Funds,807,Other Grants,1,
FG220-462037,LEA FlowThru Instruction,Operating Funds,General Operating Funds,General Operating Funds,807,Other Grants,1,
FG324-400408,Comprehensive Strategies-Promote Social-Emotional Learning-CASEL,Operating Funds,General Operating Funds,General Operating Funds,807,Other Grants,1,
FG324-210077,Calumet is my Back Yard  -  FG324-210077,Operating Funds,General Operating Funds,General Operating Funds,807,Other Grants,1,
FG324-210078,IGA Summer Youth Employment FY24  -  FG324-210078,Operating Funds,General Operating Funds,General Operating Funds,807,Other Grants,1,
FG324-200025,IGA: Creative Schools Fund Program,Operating Funds,General Operating Funds,General Operating Funds,807,Other Grants,1,
FG324-200026,IGA: Choose to Change Program Calendar Year 21- FG324-200026,Operating Funds,General Operating Funds,General Operating Funds,807,Other Grants,1,
FG324-380124,School District Library Grant,Operating Funds,General Operating Funds,General Operating Funds,807,Other Grants,1,
FG124-905133,CFFThe Choose to Change project and the Michael Reese Health Trus,Operating Funds,General Operating Funds,General Operating Funds,801,School Generated,1,
FG324-200031,IGA Choose to Change FY24,Operating Funds,General Operating Funds,General Operating Funds,807,Other Grants,1,
FG124-905139,CFF The School Partnership Program project and the Sieja Family f,Operating Funds,General Operating Funds,General Operating Funds,801,School Generated,1,
FG220-376711,Special Education - Non-Public Tuition,Operating Funds,General Operating Funds,General Operating Funds,807,Other Grants,1,
FG220-460013,Preschool Incentive Grant,Operating Funds,General Operating Funds,General Operating Funds,807,Other Grants,1,
FG324-399976,Instructional Technology Center (Hub 7),Operating Funds,General Operating Funds,General Operating Funds,807,Other Grants,1,
FG324-424026,Fresh Fruit & Vegetables Program -  FG324-424026,Operating Funds,General Operating Funds,General Operating Funds,807,Other Grants,1,
FG220-460017,Preschool Incentive Grant,Operating Funds,General Operating Funds,General Operating Funds,807,Other Grants,1,
FG324-399981,K - 3 Class Size Reduction Pilot,Operating Funds,General Operating Funds,General Operating Funds,807,Other Grants,1,
FG324-210301,After School 2014 Program Spring Break & Summer Break 2014 Programs - 324-210301,Operating Funds,General Operating Funds,General Operating Funds,807,Other Grants,1,
FG324-395022,Children's Low Cost Laptop Program FY13,Operating Funds,General Operating Funds,General Operating Funds,807,Other Grants,1,
FG124-905073,CFF - FY22-23 Crown Alumni Persistence Grant,Operating Funds,General Operating Funds,General Operating Funds,801,School Generated,1,
FG124-905079,CFF - Pilot School Compassion Fund- FG124-905079,Operating Funds,General Operating Funds,General Operating Funds,801,School Generated,1,
FG324-210024,Summer Youth Employment Program FY18,Operating Funds,General Operating Funds,General Operating Funds,807,Other Grants,1,
FG324-376604,Agriculture Education,Operating Funds,General Operating Funds,General Operating Funds,807,Other Grants,1,
FG324-396223,Arts & Foreign Language - OLC,Operating Funds,General Operating Funds,General Operating Funds,807,Other Grants,1,
FG124-905144,CFF Crown Whole Safety Project,Operating Funds,General Operating Funds,General Operating Funds,801,School Generated,1,
FG324-400070,GEAR UP Summer Transition Program,Operating Funds,General Operating Funds,General Operating Funds,807,Other Grants,1,
FG124-905150,CFF Schwab Charitable Donations to Schools project,Operating Funds,General Operating Funds,General Operating Funds,801,School Generated,1,
FG324-400071,Gear-Up / NEIU,Operating Funds,General Operating Funds,General Operating Funds,807,Other Grants,1,
FG324-400074,Gear-Up / NEIU,Operating Funds,General Operating Funds,General Operating Funds,807,Other Grants,1,
FG324-320522,Innovative Bridges & Transition Program,Operating Funds,General Operating Funds,General Operating Funds,807,Other Grants,1,
FG324-322514,Work Exp. & Career Exp. Program (WECEP),Operating Funds,General Operating Funds,General Operating Funds,807,Other Grants,1,
FG324-399014,Mental Health Support Grant II,Operating Funds,General Operating Funds,General Operating Funds,807,Other Grants,1,
FG324-399503,After School Programs-AD FY 22 ISBE,Operating Funds,General Operating Funds,General Operating Funds,807,Other Grants,1,
FG324-376809,Agriculture Education - Three Cirlces,Operating Funds,General Operating Funds,General Operating Funds,807,Other Grants,1,
FG124-905087,CFF - Network for Good Donation,Operating Funds,General Operating Funds,General Operating Funds,801,School Generated,1,
FG324-376812,Agriculture Education - Three Cirlces,Operating Funds,General Operating Funds,General Operating Funds,807,Other Grants,1,
FG324-400084,GEAR-UP 5 (Year 2),Operating Funds,General Operating Funds,General Operating Funds,807,Other Grants,1,
FG324-430518,Neglected Programs,Operating Funds,General Operating Funds,General Operating Funds,807,Other Grants,1,
FG324-432102,Race To The Top,Operating Funds,General Operating Funds,General Operating Funds,807,Other Grants,1,
FG324-432104,Race to the Top,Operating Funds,General Operating Funds,General Operating Funds,807,Other Grants,1,
FG324-432111,Race to the Top - Early Learning Challenge Phase 2,Operating Funds,General Operating Funds,General Operating Funds,807,Other Grants,1,
FG124-905097,CFF - McDougal Equity Change Idea Award,Operating Funds,General Operating Funds,General Operating Funds,801,School Generated,1,
FG124-905152,CFF Crown School Leadership Pipeline Innovation and Implementatio,Operating Funds,General Operating Funds,General Operating Funds,801,School Generated,1,
FG124-905095,CFF - Thrive Student Voices Student Stipend,Operating Funds,General Operating Funds,General Operating Funds,801,School Generated,1,
FG324-210054,Improving Vaccination in Under Vaccinated Populations,Operating Funds,General Operating Funds,General Operating Funds,807,Other Grants,1,
FG324-327513,Back to Our Future/Moving Forward with CPS,Operating Funds,General Operating Funds,General Operating Funds,807,Other Grants,1,
FG324-335010,Gifted Education,Operating Funds,General Operating Funds,General Operating Funds,807,Other Grants,1,
FG324-399810,University of Illinois/ Illinois Youth Survey -  FG324-399810,Operating Funds,General Operating Funds,General Operating Funds,807,Other Grants,1,
FG220-460522,Preschool Discretionary (STARNET),Operating Funds,General Operating Funds,General Operating Funds,807,Other Grants,1,
FG324-210060,CIMBY - IDNR,Operating Funds,General Operating Funds,General Operating Funds,807,Other Grants,1,
FG324-376818,Agriculture Education,Operating Funds,General Operating Funds,General Operating Funds,807,Other Grants,1,
FG324-376819,Agriculture Education - Three Circles,Operating Funds,General Operating Funds,General Operating Funds,807,Other Grants,1,
FG701-442287,Title Iv - 21st Century Comm Learning Centers D2,Operating Funds,General Operating Funds,Others,,,1,
FG701-442288,Title Iv - 21st Century Comm Learning Centers E2,Operating Funds,General Operating Funds,Others,,,1,
FG701-442292,Title IV - 21st Century Comm Learning Centers C3,Operating Funds,General Operating Funds,Others,,,1,
FG701-580207,Healthy Chicago Public Schools-YRBS 262006,Operating Funds,General Operating Funds,Others,,,1,
FG701-210115,Illinois Arts Council,Operating Funds,General Operating Funds,Others,,,1,
FG701-400086,Gear-Up 5 (Year 3),Operating Funds,General Operating Funds,Others,,,1,
FG701-400094,Chicago Gear-Up Alliance 5,Operating Funds,General Operating Funds,Others,,,1,
FG691-000000,CIP Series 2011C (2000D) Debt Service,Operating Funds,Debt-Service Funds,Debt-Service Funds,808,Debt Service Fund,1,
FG701-442312,Title IV 21st Century Community Learning Centers C2,Operating Funds,General Operating Funds,Others,,,1,
FG701-442314,Title IV 21st Century Community Learning Centers E2,Operating Funds,General Operating Funds,Others,,,1,
FG701-442317,Title IV 21st Century Community Learning Centers B3,Operating Funds,General Operating Funds,Others,,,1,
FG701-499853,New Principal Mentoring 24-4998-P4,Operating Funds,General Operating Funds,Others,,,1,
FG701-499857,ARP - Community Partnership Grant 23-4998-C3,Operating Funds,General Operating Funds,Others,,,1,
FG701-400200,HUSSC Monetary Incentive,Operating Funds,General Operating Funds,Others,,,1,
FG693-000000,CIP Series 2011D (2000C) Debt Service,Operating Funds,Debt-Service Funds,Debt-Service Funds,808,Debt Service Fund,1,
FG425-379036,2022 DCEO State Capital Jahn Project,Capital Funds,Capital Funds,Others,810,Capital Projects Fund,1,
FG701-460016,Preschool Incentive Grant,Operating Funds,General Operating Funds,Others,,,1,
FG701-511180,ILNET Mini Grants,Operating Funds,General Operating Funds,Others,,,1,
FG701-580216,Healthy Chicago Public Schools-YRBS 262006 FY20,Operating Funds,General Operating Funds,Others,,,1,
FG495-550013,IL for Arts and STEM Education- Grant 6,Capital Funds,Capital Funds,Others,810,Capital Projects Fund,1,
FG425-379179,DCEO - HAMMOND 23-203251,Capital Funds,Capital Funds,Others,810,Capital Projects Fund,1,
FG701-460520,Preschool Discretionary (STARNET),Operating Funds,General Operating Funds,Others,,,1,
FG701-460530,Preschool Discretionary (STARNET),Operating Funds,General Operating Funds,Others,,,1,
FG701-580225,CDC Public Health Emergency Response,Operating Funds,General Operating Funds,Others,,,1,
FG701-580233,School Based Mental Health Services Grant- CPS Recruitment and Re,Operating Funds,General Operating Funds,Others,,,1,
FG701-580234,Project Aware- Sustainable Infrastructure for Crisis Response and,Operating Funds,General Operating Funds,Others,,,1,
FG624-399602,State Distributive Fund,Operating Funds,Debt-Service Funds,Debt-Service Funds,808,Debt Service Fund,1,
FG627-000000,CIP Series 2016B Debt Service,Operating Funds,Debt-Service Funds,Debt-Service Funds,808,Debt Service Fund,1,
FG630,Refunding Series 2004B Debt Service,Operating Funds,NA,Debt-Service Funds,808,Debt Service Fund,0,
FG679-399602,State Distributive Fund,Operating Funds,Debt-Service Funds,Debt-Service Funds,808,Debt Service Fund,1,
FG701-462053,LEA FlowThru Inclusive Schools,Operating Funds,General Operating Funds,Others,,,1,
FG701-499971,21st Cntry. Comm. Lrn. Ctr.-After School,Operating Funds,General Operating Funds,Others,,,1,
FG701-500002,Start on Success Program FY 17,Operating Funds,General Operating Funds,Others,,,1,
FG701-500009,Bridges - Advancing High School Computer Science,Operating Funds,General Operating Funds,Others,,,1,
FG680-399602,State Distributive Fund,Operating Funds,Debt-Service Funds,Debt-Service Funds,808,Debt Service Fund,1,
FG681-000000,CIP Series 2015G,Operating Funds,Debt-Service Funds,Debt-Service Funds,808,Debt Service Fund,1,
FG699-060002,State Grants School Construction Program,Operating Funds,Debt-Service Funds,Debt-Service Funds,808,Debt Service Fund,1,
FG666-000000,CIP Series 2007D Debt Service,Operating Funds,Debt-Service Funds,Debt-Service Funds,808,Debt Service Fund,1,
FG124-070175,After School All Stars,Operating Funds,General Operating Funds,General Operating Funds,801,School Generated,1,
FG124-070185,CFF-CCT Emerson Collective - CPS/Gang Unit,Operating Funds,General Operating Funds,General Operating Funds,801,School Generated,1,
FG701-462080,IDEA - Coordinated Early Intervening Services (CEIS),Operating Funds,General Operating Funds,Others,,,1,
FG701-472017,Perkins Leaderhip - High Schools That Work,Operating Funds,General Operating Funds,Others,,,1,
FG495-070948,CPEF Professional Learning Communities (PLC) Stipends,Capital Funds,Capital Funds,Others,810,Capital Projects Fund,1,
FG495-142100,Permit/Rental - All Schools,Capital Funds,Capital Funds,Others,810,Capital Projects Fund,1,
FG495-322037,Career and Technical Educ. Improvement Grant (CTEI),Capital Funds,Capital Funds,Others,810,Capital Projects Fund,1,
FG701-460524,Preschool Discretionary (STARNET),Operating Funds,General Operating Funds,Others,,,1,
FG701-488401,Ed Jobs Fund Reduced Class Size,Operating Funds,General Operating Funds,Others,,,1,
FG701-490010,Chicago Schools Readiness Project (CSRP) FY12,Operating Funds,General Operating Funds,Others,,,1,
FG634-000000,CIP Series 2002A TIF-I $49MM,Operating Funds,Debt-Service Funds,Debt-Service Funds,808,Debt Service Fund,1,
FG636-000000,CIP Series 2003A - Debt Service,Operating Funds,Debt-Service Funds,Debt-Service Funds,808,Debt Service Fund,1,
FG124-070241,The Clorox Company,Operating Funds,General Operating Funds,General Operating Funds,801,School Generated,1,
FG124-070242,McCormick Foundation - K-12 Civics,Operating Funds,General Operating Funds,General Operating Funds,801,School Generated,1,
FG124-070243,McCormick Foundation - HS Civics,Operating Funds,General Operating Funds,General Operating Funds,801,School Generated,1,
FG701-490416,Advanced Placement,Operating Funds,General Operating Funds,Others,,,1,
FG701-490944,Title III - IEP,Operating Funds,General Operating Funds,Others,,,1,
FG701-379163,DCEO State Capital Schurz 300K,Operating Funds,General Operating Funds,Others,,,1,
FG642,QZAB Debt Service,Operating Funds,NA,Debt-Service Funds,808,Debt Service Fund,0,
FG683-600012,Bond Series 2013A-2,Operating Funds,Debt-Service Funds,Debt-Service Funds,808,Debt Service Fund,1,
FG124-070303,Tawani Scholars Program,Operating Funds,General Operating Funds,General Operating Funds,801,School Generated,1,
FG701-491499,IDHS-Community Based Employment Services,Operating Funds,General Operating Funds,Others,,,1,
FG701-493518,Teacher Quality Leadership Grant FY18,Operating Funds,General Operating Funds,Others,,,1,
FG495-430283,Nonpublic Inst. and Supp. Serv. - Catholic,Capital Funds,Capital Funds,Others,810,Capital Projects Fund,1,
FG412-005061,School Transitions,Capital Funds,Capital Funds,Others,810,Capital Projects Fund,1,
FG422,CIP Series 2021A,Capital Funds,NA,Others,810,Capital Projects Fund,0,
FG423,Series 2020 CIT,Capital Funds,NA,Others,810,Capital Projects Fund,0,
FG701-433131,Il-Empower (Cohort 19 - Grant 1) FY19,Operating Funds,General Operating Funds,Others,,,1,
FG701-433134,Il-Empower (Cohort 19 - Grant 4) FY19,Operating Funds,General Operating Funds,Others,,,1,
FG701-493524,Teacher Quality Leadership Grant,Operating Funds,General Operating Funds,Others,,,1,
FG701-000983,Athletic Director Positions and Stipends,Operating Funds,General Operating Funds,Others,,,1,
FG701-004136,Teach Plus NSI Stipend,Operating Funds,General Operating Funds,Others,,,1,
FG701-004157,Hormel Foods,Operating Funds,General Operating Funds,Others,,,1,
FG425-379150,DCEO - BRIDGE ES 22-203136,Capital Funds,Capital Funds,Others,810,Capital Projects Fund,1,
FG701-433137,Il-Empower (Cohort 19 - Grant 7) FY19,Operating Funds,General Operating Funds,Others,,,1,
FG701-494082,Title IIA - Teacher Quality,Operating Funds,General Operating Funds,Others,,,1,
FG425-379157,DCEO - GALILEO 23-203619,Capital Funds,Capital Funds,Others,810,Capital Projects Fund,1,
FG642-000000,QZAB Debt Service,Operating Funds,Debt-Service Funds,Debt-Service Funds,808,Debt Service Fund,1,
FG645-399602,State Distributive Fund,Operating Funds,Debt-Service Funds,Debt-Service Funds,808,Debt Service Fund,1,
FG646,CIP Series 2004FGH Debt Service,Operating Funds,NA,Debt-Service Funds,808,Debt Service Fund,0,
FG647-000000,Series 2018D,Operating Funds,Debt-Service Funds,Debt-Service Funds,808,Debt Service Fund,1,
FG701-434011,SIG Transformation FY12 -Hancock,Operating Funds,General Operating Funds,Others,,,1,
FG701-499101,Comprehensive Induction and Mentoring (Year 1),Operating Funds,General Operating Funds,Others,,,1,
FG701-400070,GEAR UP Summer Transition Program,Operating Funds,General Operating Funds,Others,,,1,
FG495-440055,Title IV Part A - Nonpublic,Capital Funds,Capital Funds,Others,810,Capital Projects Fund,1,
FG495-460530,Preschool Discretionary (STARNET),Capital Funds,Capital Funds,Others,810,Capital Projects Fund,1,
FG495-474571,Special Student Needs-C. Perkins,Capital Funds,Capital Funds,Others,810,Capital Projects Fund,1,
FG495-490953,Title III - Lmtd. Eng. Prf. - Nonpublic,Capital Funds,Capital Funds,Others,810,Capital Projects Fund,1,
FG650,CIP Series 2005A Debt Service,Operating Funds,NA,Debt-Service Funds,808,Debt Service Fund,0,
FG650-000000,CIP Series 2005A Debt Service,Operating Funds,Debt-Service Funds,Debt-Service Funds,808,Debt Service Fund,1,
FG687-060002,State Grants School Construction Program,Operating Funds,Debt-Service Funds,Debt-Service Funds,808,Debt Service Fund,1,
FG687-399602,State Distributive Fund,Operating Funds,Debt-Service Funds,Debt-Service Funds,808,Debt Service Fund,1,
FG688-399602,State Distributive Fund,Operating Funds,Debt-Service Funds,Debt-Service Funds,808,Debt Service Fund,1,
FG701-442175,21st Century Community Learning Centers-(Cohort 15-Grant 4) FY19,Operating Funds,General Operating Funds,Others,,,1,
FG689-060002,State Grants School Construction Program,Operating Funds,Debt-Service Funds,Debt-Service Funds,808,Debt Service Fund,1,
FG425-379011,Illinois Dept of Com. & Econ. Opportunity,Capital Funds,Capital Funds,Others,810,Capital Projects Fund,1,
FG701-442251,21st Century Community Learning Centers - (Cohort 15-Grant 3),Operating Funds,General Operating Funds,Others,,,1,
FG701-560032,Headstart-Child Supp. Dis. SP Initiative,Operating Funds,General Operating Funds,Others,,,1,
FG701-560034,Headstart-Child Supp. Dis. SP Initiative,Operating Funds,General Operating Funds,Others,,,1,
FG701-560037,Headstart-Child Supp. Dis. SP Initiative,Operating Funds,General Operating Funds,Others,,,1,
FG701-560039,Headstart-Child Supp. Dis. SP Initiative,Operating Funds,General Operating Funds,Others,,,1,
FG701-142100,Permit/Rental - All Schools,Operating Funds,General Operating Funds,Others,,,1,
FG701-379197,DCEO - JUAREZ,Operating Funds,General Operating Funds,Others,,,1,
FG701-380017,Making the Classroom Library Connection with Mobile Technologies,Operating Funds,General Operating Funds,Others,,,1,
FG701-380124,School District Library Grant,Operating Funds,General Operating Funds,Others,,,1,
FG425-379159,DCEO - STOCK 23-203238,Capital Funds,Capital Funds,Others,810,Capital Projects Fund,1,
FG425-379161,DCEO - ORIOLE PARK ES 23-203238,Capital Funds,Capital Funds,Others,810,Capital Projects Fund,1,
FG425-379164,DCEO - EBINGER ES 23-203238,Capital Funds,Capital Funds,Others,810,Capital Projects Fund,1,
FG425-379166,DCEO State Capital Farragut,Capital Funds,Capital Funds,Others,810,Capital Projects Fund,1,
FG701-499827,ARP- McKinney Vento Grant 22-4998-HM,Operating Funds,General Operating Funds,Others,,,1,
FG701-499829,IL Aware-AW 2022,Operating Funds,General Operating Funds,Others,,,1,
FG701-509181,Employability Plus,Operating Funds,General Operating Funds,Others,,,1,
FG701-509182,Employability Plus,Operating Funds,General Operating Funds,Others,,,1,
FG701-392503,State Maintenance Program Grant,Operating Funds,General Operating Funds,Others,,,1,
FG495-494096,Title IIA - Other Private Supplementary Servc.,Capital Funds,Capital Funds,Others,810,Capital Projects Fund,1,
FG651-000000,Series 2018C,Operating Funds,Debt-Service Funds,Debt-Service Funds,808,Debt Service Fund,1,
FG701-442272,21st Century Community Learning Centers - (Cohort 15-Grant 3),Operating Funds,General Operating Funds,Others,,,1,
FG701-509191,Project SERV,Operating Funds,General Operating Funds,Others,,,1,
FG701-509193,"Teams, Interventions, Evaluations, and Resources for Supportive S",Operating Funds,General Operating Funds,Others,,,1,
FG701-509196,Teams Interventions Evaluations and Resources for Supportive Scho,Operating Funds,General Operating Funds,Others,,,1,
FG701-580201,CDC Strategy 1 - Youth Risk Behavior Survey (YRBS),Operating Funds,General Operating Funds,Others,,,1,
FG495-499838,ESSER III - Instructional Capacity Tier II,Capital Funds,Capital Funds,Others,810,Capital Projects Fund,1,
FG324-500046,Bridges - Advancing High School Computer Science FY23,Operating Funds,General Operating Funds,General Operating Funds,807,Other Grants,1,
FG324-442168,21st Century Community Learning Centers-(Cohort 15-Grant 4) FY18,Operating Funds,General Operating Funds,General Operating Funds,807,Other Grants,1,
FG436-500072,2023 Clean School Bus Grant - Capital,Capital Funds,Capital Funds,Others,810,Capital Projects Fund,1,
FG436-525011,Noise Mitigation Project,Capital Funds,Capital Funds,Others,810,Capital Projects Fund,1,
FG436-590001,E-Rate,Capital Funds,Capital Funds,Others,810,Capital Projects Fund,1,
FG495-002239,Internal Accounts Book Transfers,Capital Funds,Capital Funds,Others,810,Capital Projects Fund,1,
FG495-008011,STEM Programs,Capital Funds,Capital Funds,Others,810,Capital Projects Fund,1,
FG324-511240,Pathways to Accelerated Student Success,Operating Funds,General Operating Funds,General Operating Funds,807,Other Grants,1,
FG324-511241,Pathways to Accelerated Student Success - PASS,Operating Funds,General Operating Funds,General Operating Funds,807,Other Grants,1,
FG442,CIP Series 2000A $107M,Capital Funds,NA,Others,810,Capital Projects Fund,0,
FG210-000069,WORKERS COMP-DESEG - 163,Operating Funds,General Operating Funds,General Operating Funds,802,General Fund,1,
FG210-000960,Retention Pool Positions,Operating Funds,General Operating Funds,General Operating Funds,802,General Fund,1,
FG324-500056,Affordable Connectivity Outreach Grant Program FY23,Operating Funds,General Operating Funds,General Operating Funds,807,Other Grants,1,
FG324-500059,The Cities Project Intervention - Wallace Foundation,Operating Funds,General Operating Funds,General Operating Funds,807,Other Grants,1,
FG695,CIP Series 2011A,Operating Funds,NA,Debt-Service Funds,808,Debt Service Fund,0,
FG695-000000,CIP Series 2011A,Operating Funds,Debt-Service Funds,Debt-Service Funds,808,Debt Service Fund,1,
FG454-000000,CIP 2003A B - $262M,Capital Funds,Capital Funds,Others,810,Capital Projects Fund,1,
FG468,TIF FY05-1 Simeon,Capital Funds,NA,Others,810,Capital Projects Fund,0,
FG324-511243,Pathways to Accelerated Student Success (PASS),Operating Funds,General Operating Funds,General Operating Funds,807,Other Grants,1,
FG425-379125,DCEO - CARROLL ES 22-203040,Capital Funds,Capital Funds,Others,810,Capital Projects Fund,1,
FG698-000000,CIP Series 2010D,Operating Funds,Debt-Service Funds,Debt-Service Funds,808,Debt Service Fund,1,
FG701-300017,Secretary of State Capital Grant,Operating Funds,General Operating Funds,Others,,,1,
FG701-300097,North River After School Collaborative FY11,Operating Funds,General Operating Funds,Others,,,1,
FG324-500684,Early Reading First,Operating Funds,General Operating Funds,General Operating Funds,807,Other Grants,1,
FG324-529020,Randomized Study to Abate Truancy and Violence,Operating Funds,General Operating Funds,General Operating Funds,807,Other Grants,1,
FG324-547525,Indian Elem/Sec. Assistance Prog.,Operating Funds,General Operating Funds,General Operating Funds,807,Other Grants,1,
FG324-547527,Indian Elem/Sec. Assistance Prog.,Operating Funds,General Operating Funds,General Operating Funds,807,Other Grants,1,
FG425-379196,DCEO - MATHER,Capital Funds,Capital Funds,Others,810,Capital Projects Fund,1,
FG425-379197,DCEO - JUAREZ,Capital Funds,Capital Funds,Others,810,Capital Projects Fund,1,
FG425-379217,DCEO - SULLIVAN  22-203674,Capital Funds,Capital Funds,Others,810,Capital Projects Fund,1,
FG476-000017,TIF Capital- FG476-000017,Capital Funds,Capital Funds,Others,810,Capital Projects Fund,1,
FG477,CIP Series 2009EF,Capital Funds,NA,Others,810,Capital Projects Fund,0,
FG495-550015,IL for Arts and STEM Education- Grant 4,Capital Funds,Capital Funds,Others,810,Capital Projects Fund,1,
FG324-499993,Pathways to Success in transition to HS 2021,Operating Funds,General Operating Funds,General Operating Funds,807,Other Grants,1,
FG324-500071,2023 Clean School Bus Grant - Operational,Operating Funds,General Operating Funds,General Operating Funds,807,Other Grants,1,
FG425-379221,DCEO - WASHINGTON ES - 23-203231,Capital Funds,Capital Funds,Others,810,Capital Projects Fund,1,
FG425-379235,DCEO - O'KEEFE 24-203137,Capital Funds,Capital Funds,Others,810,Capital Projects Fund,1,
FG698-399602,State Distributive Fund,Operating Funds,Debt-Service Funds,Debt-Service Funds,808,Debt Service Fund,1,
FG495-550016,IL for Arts and STEM Education- Grant 3,Capital Funds,Capital Funds,Others,810,Capital Projects Fund,1,
FG324-499996,International Baccalaureate,Operating Funds,General Operating Funds,General Operating Funds,807,Other Grants,1,
FG324-499998,Pathways to Success in the Transition to HS -  FG324-499998,Operating Funds,General Operating Funds,General Operating Funds,807,Other Grants,1,
FG324-500001,Start on Success Program FY 16,Operating Funds,General Operating Funds,General Operating Funds,807,Other Grants,1,
FG324-500689,Refugee Children's School Impact Grant FY19,Operating Funds,General Operating Funds,General Operating Funds,807,Other Grants,1,
FG324-440210,Homeless Services Food Stamp Outreach,Operating Funds,General Operating Funds,General Operating Funds,807,Other Grants,1,
FG324-440211,Homeless Services Food Stamp Outreach,Operating Funds,General Operating Funds,General Operating Funds,807,Other Grants,1,
FG701-322037,Career and Technical Educ. Improvement Grant (CTEI),Operating Funds,General Operating Funds,Others,,,1,
FG701-327513,Back to Our Future/Moving Forward with CPS,Operating Funds,General Operating Funds,Others,,,1,
FG701-337001,Driver's Education,Operating Funds,General Operating Funds,Others,,,1,
FG324-442151,21st Century Community Learning Centers - (Cohort 15-Grant 1),Operating Funds,General Operating Funds,General Operating Funds,807,Other Grants,1,
FG431-600016,2016 Bond Proceeds,Capital Funds,Capital Funds,Others,810,Capital Projects Fund,1,
FG480,QSCB - CIP Series 2009G,Capital Funds,NA,Others,810,Capital Projects Fund,0,
FG324-548023,Track 2 CS10K: Accelerate ECS4ALL FY18,Operating Funds,General Operating Funds,General Operating Funds,807,Other Grants,1,
FG324-548025,Track 2 CS10K: Accelerate ECS4ALL FY20,Operating Funds,General Operating Funds,General Operating Funds,807,Other Grants,1,
FG324-548041,Trio - Talent Search,Operating Funds,General Operating Funds,General Operating Funds,807,Other Grants,1,
FG324-442186,21st Century Community Learning Cntrs - (Cohort 15-Grant 1) FY20,Operating Funds,General Operating Funds,General Operating Funds,807,Other Grants,1,
FG324-442192,21st Century Community Learning Cntrs - (Cohort 15-Grant 7) FY20,Operating Funds,General Operating Funds,General Operating Funds,807,Other Grants,1,
FG436-000041,School Funded Projects (Capital),Capital Funds,Capital Funds,Others,810,Capital Projects Fund,1,
FG324-500011,Chicago Alliance for Equity in Computer Science (CAFE-CS),Operating Funds,General Operating Funds,General Operating Funds,807,Other Grants,1,
FG436-000906,Sinai Health System - Mason Basketball Court Resurfacing,Capital Funds,Capital Funds,Others,810,Capital Projects Fund,1,
FG701-369627,Regional Safe Schools,Operating Funds,General Operating Funds,Others,,,1,
FG701-376650,State Preschool for All Age 3-5 Local,Operating Funds,General Operating Funds,Others,,,1,
FG485,CIT PayGo Fund,Capital Funds,NA,Others,810,Capital Projects Fund,0,
FG324-532013,Accelerated STEM Program of Study and Leadership Development  -  FG324-532013,Operating Funds,General Operating Funds,General Operating Funds,807,Other Grants,1,
FG495-000065,Magnet Schools,Capital Funds,Capital Funds,Others,810,Capital Projects Fund,1,
FG497-000575,Student Based Budgeting,Capital Funds,Capital Funds,Others,810,Capital Projects Fund,1,
FG324-532015,Accelerated STEM Program of Study and Leadership Development -  FG324-532015,Operating Funds,General Operating Funds,General Operating Funds,807,Other Grants,1,
FG324-538011,Public School Choice Program - Voluntary,Operating Funds,General Operating Funds,General Operating Funds,807,Other Grants,1,
FG324-442152,21st Century Community Learning Centers - (Cohort 15-Grant 2),Operating Funds,General Operating Funds,General Operating Funds,807,Other Grants,1,
FG701-376662,State Preschool for All Age 3-5,Operating Funds,General Operating Funds,Others,,,1,
FG436-188845,City of Chicago & CPS Public Art - Sayre Elementary Academy,Capital Funds,Capital Funds,Others,810,Capital Projects Fund,1,
FG436-188852,City Of Chicago & CPS Public Art - Sayre Elementary Academy,Capital Funds,Capital Funds,Others,810,Capital Projects Fund,1,
FG436-003158,Illinois Clean Energy II,Capital Funds,Capital Funds,Others,810,Capital Projects Fund,1,
FG436-188857,City Of Chicago & CPS Public Art - Peterson Elementary School,Capital Funds,Capital Funds,Others,810,Capital Projects Fund,1,
FG701-376700,Block Grant - Educational Services Block Grant,Operating Funds,General Operating Funds,Others,,,1,
FG701-376730,FY18 ISBE Transportation - Regular and Vocational,Operating Funds,General Operating Funds,Others,,,1,
FG701-376818,Agriculture Education,Operating Funds,General Operating Funds,Others,,,1,
FG324-501711,NYLC's Generator Go Green (G3) Initiative II,Operating Funds,General Operating Funds,General Operating Funds,807,Other Grants,1,
FG324-501961,ABC's of Library Literacy,Operating Funds,General Operating Funds,General Operating Funds,807,Other Grants,1,
FG324-502049,US Environmental Protection Agency,Operating Funds,General Operating Funds,General Operating Funds,807,Other Grants,1,
FG324-548048,Trio - Talent Search FY20,Operating Funds,General Operating Funds,General Operating Funds,807,Other Grants,1,
FG324-442116,21st Century Comm Lrn Ctr - After School,Operating Funds,General Operating Funds,General Operating Funds,807,Other Grants,1,
FG324-442121,21st Century Community Learning Centers,Operating Funds,General Operating Funds,General Operating Funds,807,Other Grants,1,
FG495-000316,Early Childhood Instruction,Capital Funds,Capital Funds,Others,810,Capital Projects Fund,1,
FG495-000421,FACILITRON,Capital Funds,Capital Funds,Others,810,Capital Projects Fund,1,
FG324-442204,21st Century Community Learning Centers - (Cohort 15-Grant 6),Operating Funds,General Operating Funds,General Operating Funds,807,Other Grants,1,
FG324-442205,21st Century Community Learning Centers - (Cohort 15-Grant 7),Operating Funds,General Operating Funds,General Operating Funds,807,Other Grants,1,
FG629-000000,CIP Series 2017H,Operating Funds,Debt-Service Funds,Debt-Service Funds,808,Debt Service Fund,1,
FG324-509229,NIST Summer Institute for Middle School Science Teachers,Operating Funds,General Operating Funds,General Operating Funds,807,Other Grants,1,
FG324-510204,Headstart - Child Development,Operating Funds,General Operating Funds,General Operating Funds,807,Other Grants,1,
FG324-442125,21st Cntry. Comm. Lrn. Ctr.-After School,Operating Funds,General Operating Funds,General Operating Funds,807,Other Grants,1,
FG324-442129,21st Century CLC-4,Operating Funds,General Operating Funds,General Operating Funds,807,Other Grants,1,
FG436-380202,Public Library Construction Act Grant,Capital Funds,Capital Funds,Others,810,Capital Projects Fund,1,
FG436-399507,Other State Programs Enviromental Education Hay,Capital Funds,Capital Funds,Others,810,Capital Projects Fund,1,
FG701-379026,2020 DCEO State Capital Grants - Kenwood HS,Operating Funds,General Operating Funds,Others,,,1,
FG701-379031,2021 DCEO State Capital Grants  Burley Playground,Operating Funds,General Operating Funds,Others,,,1,
FG324-547210,ADVANCED PLACEMENT INCENTIVE PROGRAM,Operating Funds,General Operating Funds,General Operating Funds,807,Other Grants,1,
FG324-547518,Indian Elem / Sec Assistance Program,Operating Funds,General Operating Funds,General Operating Funds,807,Other Grants,1,
FG324-442182,21st Century Community Learning Centers (Cohort 19-Grant 3) FY19,Operating Funds,General Operating Funds,General Operating Funds,807,Other Grants,1,
FG324-500315,Magnet Schools Assistance Program (CPSMSAP) FY23,Operating Funds,General Operating Funds,General Operating Funds,807,Other Grants,1,
FG124-070132,CFF - Target Healthy CPS Initiative,Operating Funds,General Operating Funds,General Operating Funds,801,School Generated,1,
FG325-410008,CONTINGENCY FOR PROJECT EXPAN,Operating Funds,General Operating Funds,General Operating Funds,807,Other Grants,1,
FG325-440211,Homeless Services Food Stamp Outreach,Operating Funds,General Operating Funds,General Operating Funds,807,Other Grants,1,
FG325-440212,Homeless Services Food Stamp Outreach,Operating Funds,General Operating Funds,General Operating Funds,807,Other Grants,1,
FG325-492114,McKinney Vento Education for Homeless ARRA,Operating Funds,General Operating Funds,General Operating Funds,807,Other Grants,1,
FG324-442244,21st Century Community Learning Centers (Cohort 19-Grant 4),Operating Funds,General Operating Funds,General Operating Funds,807,Other Grants,1,
FG324-524026,Secondary Transitional Experience Program (STEP)  -  FG324-524026,Operating Funds,General Operating Funds,General Operating Funds,807,Other Grants,1,
FG324-499975,21st Century Community Learning Centers - Mexican Fine Arts,Operating Funds,General Operating Funds,General Operating Funds,807,Other Grants,1,
FG325-510311,Headstart Quality Improvement ARRA,Operating Funds,General Operating Funds,General Operating Funds,807,Other Grants,1,
FG324-442280,21st Century Community Learning Centers (Cohort 19-Grant 4),Operating Funds,General Operating Funds,General Operating Funds,807,Other Grants,1,
FG324-442284,Title IV - 21st Century Comm Learning Centers A2,Operating Funds,General Operating Funds,General Operating Funds,807,Other Grants,1,
FG324-442285,Title IV - 21st Century Comm Learning Centers B2,Operating Funds,General Operating Funds,General Operating Funds,807,Other Grants,1,
FG324-442286,Title IV - 21st Century Comm Learning Centers C2,Operating Funds,General Operating Funds,General Operating Funds,807,Other Grants,1,
FG324-499980,Pathways For Success-Univ of Southern California,Operating Funds,General Operating Funds,General Operating Funds,807,Other Grants,1,
FG324-500321,MSA Program-Personalized Learning Theme,Operating Funds,General Operating Funds,General Operating Funds,807,Other Grants,1,
FG324-500364,STARTALK - Arabic/Chinese,Operating Funds,General Operating Funds,General Operating Funds,807,Other Grants,1,
FG324-500366,STARTALK - Arabic/Chinese,Operating Funds,General Operating Funds,General Operating Funds,807,Other Grants,1,
FG115-000004,AMERICAN DISABILITIES ACT(ADA),Operating Funds,General Operating Funds,General Operating Funds,801,General Fund,1,
FG324-500368,STARTALK - Arabic/ChinesFY20,Operating Funds,General Operating Funds,General Operating Funds,807,Other Grants,1,
FG324-528508,MLK Day of Service,Operating Funds,General Operating Funds,General Operating Funds,807,Other Grants,1,
FG326-400093,Gear-Up - All Schools,Operating Funds,General Operating Funds,General Operating Funds,807,Other Grants,1,
FG326-400095,Gear-Up - All Schools,Operating Funds,General Operating Funds,General Operating Funds,807,Other Grants,1,
FG324-442302,21st Century Community Learning Centers - (Cohort 15-Grant 7) -  FG324-442302,Operating Funds,General Operating Funds,General Operating Funds,807,Other Grants,1,
FG324-442304,21st Century Community Learning Centers (Cohort 19-Grant 2) -  FG324-442304,Operating Funds,General Operating Funds,General Operating Funds,807,Other Grants,1,
FG324-529011,Preventing Truancy in Urban Schools FY12,Operating Funds,General Operating Funds,General Operating Funds,807,Other Grants,1,
FG324-499983,International Baccalaureate,Operating Funds,General Operating Funds,General Operating Funds,807,Other Grants,1,
FG324-499988,International Baccalaureate FY20,Operating Funds,General Operating Funds,General Operating Funds,807,Other Grants,1,
FG324-500373,Startalk-CPS 2025 Chinese Immersion Program,Operating Funds,General Operating Funds,General Operating Funds,807,Other Grants,1,
FG114-000092,Diverse Learner Supports & Services - Pilot Program,Operating Funds,General Operating Funds,General Operating Funds,801,General Fund,1,
FG324-442315,Title Iv - 21st Century Comm Learning Centers F2 -  FG324-442315,Operating Funds,General Operating Funds,General Operating Funds,807,Other Grants,1,
FG324-442316,Title IV - 21st Century Comm Learning Centers A3 -  FG324-442316,Operating Funds,General Operating Funds,General Operating Funds,807,Other Grants,1,
FG324-442321,Title IV 21st Century Community Learning Centers Cohort B1,Operating Funds,General Operating Funds,General Operating Funds,807,Other Grants,1,
FG124-000350,Dell Foundation - PM Expansion Team,Operating Funds,General Operating Funds,General Operating Funds,801,School Generated,1,
FG124-004147,Vocel Principal Fellowship,Operating Funds,General Operating Funds,General Operating Funds,801,School Generated,1,
FG115-000086,Alternative Schools Dropouts,Operating Funds,General Operating Funds,General Operating Funds,801,General Fund,1,
FG326-252050,Choose Respect Program,Operating Funds,General Operating Funds,General Operating Funds,807,Other Grants,1,
FG326-379008,Energy & Recycling,Operating Funds,General Operating Funds,General Operating Funds,807,Other Grants,1,
FG124-070140,McCormick: Global Citizen Initiative,Operating Funds,General Operating Funds,General Operating Funds,801,School Generated,1,
FG115-000785,Autonomous Mgmt Performance School Alloc Funding,Operating Funds,General Operating Funds,General Operating Funds,801,General Fund,1,
FG326-379015,Illinois Department of Commerce and Economic Opportunity,Operating Funds,General Operating Funds,General Operating Funds,807,Other Grants,1,
FG326-379017,Illinois Dept of Com. & Econ. Opportunity,Operating Funds,General Operating Funds,General Operating Funds,807,Other Grants,1,
FG326-399001,Other State Programs,Operating Funds,General Operating Funds,General Operating Funds,807,Other Grants,1,
FG324-442308,21st Century Community Learning Centers Cohort Project A1 -  FG324-442308,Operating Funds,General Operating Funds,General Operating Funds,807,Other Grants,1,
FG326-472020,Perkins Leadership - High Schools That Work,Operating Funds,General Operating Funds,General Operating Funds,807,Other Grants,1,
FG326-442218,Illinois 21st Century CLC - NEIU,Operating Funds,General Operating Funds,General Operating Funds,807,Other Grants,1,
FG324-460902,i3 Converg Academies: Digital Media Whole School Reform Mdl Proj,Operating Funds,General Operating Funds,General Operating Funds,807,Other Grants,1,
FG124-070092,Children's Literacy Initiative - Substitutes,Operating Funds,General Operating Funds,General Operating Funds,801,School Generated,1,
FG124-070093,Phase II Community Engagement,Operating Funds,General Operating Funds,General Operating Funds,801,School Generated,1,
FG124-000361,McCormick JROTC,Operating Funds,General Operating Funds,General Operating Funds,801,School Generated,1,
FG115-000104,W-2 Reprint,Operating Funds,General Operating Funds,General Operating Funds,801,General Fund,1,
FG115-000109,Sick and Vacation Termination Payout - ESP,Operating Funds,General Operating Funds,General Operating Funds,801,General Fund,1,
FG326-442222,21st Century CLC - NEIU,Operating Funds,General Operating Funds,General Operating Funds,807,Other Grants,1,
FG326-442225,Developing 21st Century Critical Thinking Skills,Operating Funds,General Operating Funds,General Operating Funds,807,Other Grants,1,
FG326-442232,21st Century CLC - NEIU,Operating Funds,General Operating Funds,General Operating Funds,807,Other Grants,1,
FG324-474526,C. Perkins-Spec. Student Needs,Operating Funds,General Operating Funds,General Operating Funds,807,Other Grants,1,
FG324-492117,Homeless Education Program,Operating Funds,General Operating Funds,General Operating Funds,807,Other Grants,1,
FG124-000372,RECYCLING - ALLIED WASTE,Operating Funds,General Operating Funds,General Operating Funds,801,School Generated,1,
FG115-000960,Retention Pool Positions,Operating Funds,General Operating Funds,General Operating Funds,801,General Fund,1,
FG115-000979,Whole School Safety Plans,Operating Funds,General Operating Funds,General Operating Funds,801,General Fund,1,
FG115-001008,FY08 Comparability,Operating Funds,General Operating Funds,General Operating Funds,801,General Fund,1,
FG326-400075,Gear Up - All Schools,Operating Funds,General Operating Funds,General Operating Funds,807,Other Grants,1,
FG324-492124,McKinney Vento Education For Homeless,Operating Funds,General Operating Funds,General Operating Funds,807,Other Grants,1,
FG124-000376,CFF- CTE Michael Reese Health Trust Grant 2016-2018,Operating Funds,General Operating Funds,General Operating Funds,801,School Generated,1,
FG124-000387,Chicago Community Trust Project,Operating Funds,General Operating Funds,General Operating Funds,801,School Generated,1,
FG115-008004,International Gifted Programs,Operating Funds,General Operating Funds,General Operating Funds,801,General Fund,1,
FG115-008006,Magnet Cluster Programs,Operating Funds,General Operating Funds,General Operating Funds,801,General Fund,1,
FG326-491018,K-12 Learn & Serve Grant,Operating Funds,General Operating Funds,General Operating Funds,807,Other Grants,1,
FG324-580219,Healthy CPS -HIVSTD Prevention Initiative 221077,Operating Funds,General Operating Funds,General Operating Funds,807,Other Grants,1,
FG324-498862,IL Aware-AW,Operating Funds,General Operating Funds,General Operating Funds,807,Other Grants,1,
FG324-499101,Comprehensive Induction and Mentoring (Year 1),Operating Funds,General Operating Funds,General Operating Funds,807,Other Grants,1,
FG324-517502,Chicago Teen Pregnancy Prevention Initiative,Operating Funds,General Operating Funds,General Operating Funds,807,Other Grants,1,
FG124-000399,Gust Foundation,Operating Funds,General Operating Funds,General Operating Funds,801,School Generated,1,
FG114-376719,State Special Education Block Grant,Operating Funds,General Operating Funds,General Operating Funds,801,General Fund,1,
FG115-000209,FY08 Core Strategies Investments,Operating Funds,General Operating Funds,General Operating Funds,801,General Fund,1,
FG115-000219,Minimum Funding Program,Operating Funds,General Operating Funds,General Operating Funds,801,General Fund,1,
FG115-000265,International Baccalaureate Program,Operating Funds,General Operating Funds,General Operating Funds,801,General Fund,1,
FG115-000311,College Ready Funding,Operating Funds,General Operating Funds,General Operating Funds,801,General Fund,1,
FG115-000312,Student Protections and Title IX,Operating Funds,General Operating Funds,General Operating Funds,801,General Fund,1,
FG324-580207,Healthy Chicago Public Schools-YRBS 262006,Operating Funds,General Operating Funds,General Operating Funds,807,Other Grants,1,
FG124-004170,Janet H. and C. Harry Knowles Foundation - Kelvyn Park H.S.,Operating Funds,General Operating Funds,General Operating Funds,801,School Generated,1,
FG324-550019,IL for Arts and STEM Education - 0197,Operating Funds,General Operating Funds,General Operating Funds,807,Other Grants,1,
FG324-550023,IL for Arts and STEM Education - 0202,Operating Funds,General Operating Funds,General Operating Funds,807,Other Grants,1,
FG324-550026,Il For Arts And Stem Education - 0199,Operating Funds,General Operating Funds,General Operating Funds,807,Other Grants,1,
FG324-580235,Healthy Chicago Public Schools-YRBS 262006 -  FG324-580235,Operating Funds,General Operating Funds,General Operating Funds,807,Other Grants,1,
FG324-580211,CPS Youth Mental Health First Aid,Operating Funds,General Operating Funds,General Operating Funds,807,Other Grants,1,
FG124-004171,Westat - Network Specialist,Operating Funds,General Operating Funds,General Operating Funds,801,School Generated,1,
FG124-004175,First - John Deere Regrant - Lindblom Math Science Academy H.S.,Operating Funds,General Operating Funds,General Operating Funds,801,School Generated,1,
FG324-580243,Enhancing Post-COVID Recovery Efforts,Operating Funds,General Operating Funds,General Operating Funds,807,Other Grants,1,
FG324-580244,Training For Mental Health Equity (TMHE)  -  FG324-580244,Operating Funds,General Operating Funds,General Operating Funds,807,Other Grants,1,
FG324-500276,Teachers Lead Chicago -Y1,Operating Funds,General Operating Funds,General Operating Funds,807,Other Grants,1,
FG324-500278,Teachers Lead Chicago -Y1  -  FG324-500278,Operating Funds,General Operating Funds,General Operating Funds,807,Other Grants,1,
FG324-522001,National Youth Forum on Violence,Operating Funds,General Operating Funds,General Operating Funds,807,Other Grants,1,
FG124-070163,Code.Org,Operating Funds,General Operating Funds,General Operating Funds,801,School Generated,1,
FG324-580292,UIC Whole Child  -  FG324-580292,Operating Funds,General Operating Funds,General Operating Funds,807,Other Grants,1,
FG324-580909,CPS Network Level Health Specialists,Operating Funds,General Operating Funds,General Operating Funds,807,Other Grants,1,
FG324-580218,Healthy Chicago Public Schools-YRBS 262006,Operating Funds,General Operating Funds,General Operating Funds,807,Other Grants,1,
FG324-580253,IAH And Well-Being Through School Based Surveillance-Component 1,Operating Funds,General Operating Funds,General Operating Funds,807,Other Grants,1,
FG324-499967,21st Cntry. Comm. Lrn. Ctr.-After School,Operating Funds,General Operating Funds,General Operating Funds,807,Other Grants,1,
FG124-010180,Breakthrough Schools CPEF-Haines,Operating Funds,General Operating Funds,General Operating Funds,801,School Generated,1,
FG353-493521,Title II-Improving Teacher Quality-RA Leadership & Sustainability,Operating Funds,General Operating Funds,General Operating Funds,805,NCLB Federal,1,
FG354-497141,Title IID - Archdiocese of Chgo. Suppl. Servc.,Operating Funds,General Operating Funds,General Operating Funds,805,NCLB Federal,1,
FG356-490960,Title III - Lmtd. Eng. Prf. - Nonpublic,Operating Funds,General Operating Funds,General Operating Funds,805,NCLB Federal,1,
FG356-499858,Elevating Educators - Bilingual Educator Credentials,Operating Funds,General Operating Funds,General Operating Funds,805,NCLB Federal,1,
FG124-905118,CFF CPS Technology Grant Proj and the Relativity Fund,Operating Funds,General Operating Funds,General Operating Funds,801,School Generated,1,
FG324-188841,Safe Haven - After School Program Spring Break & Summer IGA FY24,Operating Funds,General Operating Funds,General Operating Funds,807,Other Grants,1,
FG324-188850,IGA New Principal Mentoring Program - ISBE,Operating Funds,General Operating Funds,General Operating Funds,807,Other Grants,1,
FG362-376675,State Preschool for All Age 3-5 Diverse Learners FY20,Operating Funds,General Operating Funds,General Operating Funds,807,Other Grants,1,
FG326-583002,Improving Data Use In Schools: Expanding the Achievement Network,Operating Funds,General Operating Funds,General Operating Funds,807,Other Grants,1,
FG124-905122,CFF CME Serving Learning,Operating Funds,General Operating Funds,General Operating Funds,801,School Generated,1,
FG124-905177,CFF AHR EXPO CTE HVAC Program award,Operating Funds,General Operating Funds,General Operating Funds,801,School Generated,1,
FG124-999901,Personnel on Loan,Operating Funds,General Operating Funds,General Operating Funds,801,School Generated,1,
FG130,CPS Blueprint Fund,Operating Funds,NA,General Operating Funds,801,General Fund,0,
FG130-000000,CPS Blueprint Fund,Operating Funds,General Operating Funds,General Operating Funds,801,General Fund,1,
FG324-188834,IGA Safe Passage FY23,Operating Funds,General Operating Funds,General Operating Funds,807,Other Grants,1,
FG324-369614,Regional Safe Schools,Operating Funds,General Operating Funds,General Operating Funds,807,Other Grants,1,
FG362-376681,State Preschool for All Prevention Initiative Age 0-3 -  FG362-376681,Operating Funds,General Operating Funds,General Operating Funds,807,Other Grants,1,
FG332-430087,Nonpublic Inst. & Supp. Serv. - Lutheran,Operating Funds,General Operating Funds,General Operating Funds,805,NCLB Federal,1,
FG220-000109,Sick and Vacation Termination Payout - ESP,Operating Funds,General Operating Funds,General Operating Funds,807,Other Grants,1,
FG220-462052,LEA FlowThru Instruction,Operating Funds,General Operating Funds,General Operating Funds,807,Other Grants,1,
FG220-462057,LEA FlowThru Summer,Operating Funds,General Operating Funds,General Operating Funds,807,Other Grants,1,
FG220-463024,Parent Mentoring Project,Operating Funds,General Operating Funds,General Operating Funds,807,Other Grants,1,
FG220-463025,Parent Mentoring Project,Operating Funds,General Operating Funds,General Operating Funds,807,Other Grants,1,
FG358-440036,Title IV -Drug Free Sch/Com. Act,Operating Funds,General Operating Funds,General Operating Funds,805,NCLB Federal,1,
FG336-528310,Community Arts in Education (V),Operating Funds,General Operating Funds,General Operating Funds,805,NCLB Federal,1,
FG336-528314,CREATES - Arts in Education,Operating Funds,General Operating Funds,General Operating Funds,805,NCLB Federal,1,
FG362-210062,IGA Early Learning Investment Program  -  FG362-210062,Operating Funds,General Operating Funds,General Operating Funds,807,Other Grants,1,
FG332-430236,Nonpublic Inst. & Supp. Serv. - Independ.,Operating Funds,General Operating Funds,General Operating Funds,805,NCLB Federal,1,
FG332-430239,Nonpublic Inst. & Supp. Serv. - Jewish,Operating Funds,General Operating Funds,General Operating Funds,805,NCLB Federal,1,
FG220-463127,Regional Prof. Develop. Centers (ASPIRE),Operating Funds,General Operating Funds,General Operating Funds,807,Other Grants,1,
FG220-538009,School Choice Program,Operating Funds,General Operating Funds,General Operating Funds,807,Other Grants,1,
FG221-462049,LEA Flow Thru Instruction ARRA,Operating Funds,General Operating Funds,General Operating Funds,807,Other Grants,1,
FG225,Supplemental General State Aid,Operating Funds,NA,General Operating Funds,804,School Generated,0,
FG358-440050,Title IV Part A -  FG358-440050,Operating Funds,General Operating Funds,General Operating Funds,805,NCLB Federal,1,
FG353-494037,Title IIA - Teacher Quality,Operating Funds,General Operating Funds,General Operating Funds,805,NCLB Federal,1,
FG353-494040,Title II - Supplementary,Operating Funds,General Operating Funds,General Operating Funds,805,NCLB Federal,1,
FG356-490513,Title III - Immigrant Student Education,Operating Funds,General Operating Funds,General Operating Funds,805,NCLB Federal,1,
FG331-430118,Title I School Turnaround ARRA,Operating Funds,General Operating Funds,General Operating Funds,805,NCLB Federal,1,
FG332-430109,Nonpublic Inst. & Supp. Serv. - Christian,Operating Funds,General Operating Funds,General Operating Funds,805,NCLB Federal,1,
FG225-000703,Supplemental Aid,Operating Funds,General Operating Funds,General Operating Funds,804,School Generated,1,
FG312-000000,Lunchroom Fund,Operating Funds,General Operating Funds,General Operating Funds,806,Lunchroom,1,
FG312-000023,Lunchroom Payment,Operating Funds,General Operating Funds,General Operating Funds,806,Lunchroom,1,
FG336-543519,FIE: Smaller Learning Community Cohort 10,Operating Funds,General Operating Funds,General Operating Funds,805,NCLB Federal,1,
FG336-543520,Smaller Learning Communities,Operating Funds,General Operating Funds,General Operating Funds,805,NCLB Federal,1,
FG356-490923,Title III - Lmtd. Eng. Prf. - Nonpublic,Operating Funds,General Operating Funds,General Operating Funds,805,NCLB Federal,1,
FG332-430182,Title I - School Improvement Focus Initiative,Operating Funds,General Operating Funds,General Operating Funds,805,NCLB Federal,1,
FG312-376700,Block Grant - Educational Services Block Grant,Operating Funds,General Operating Funds,General Operating Funds,806,Lunchroom,1,
FG312-422002,Lunchroom Breakfast Program,Operating Funds,General Operating Funds,General Operating Funds,806,Lunchroom,1,
FG312-422501,Summer Food Service,Operating Funds,General Operating Funds,General Operating Funds,806,Lunchroom,1,
FG353-494095,Title IIA Archdiocese Of Chicago. Suppl.Servc. -  FG353-494095,Operating Funds,General Operating Funds,General Operating Funds,805,NCLB Federal,1,
FG353-494100,Title IIA - Other Private Supplementary Servc.  -  FG353-494100,Operating Funds,General Operating Funds,General Operating Funds,805,NCLB Federal,1,
FG362-430191,Title 1 - District Initiatives,Operating Funds,General Operating Funds,General Operating Funds,807,Other Grants,1,
FG332-430249,Title I - District Parent Involvement,Operating Funds,General Operating Funds,General Operating Funds,805,NCLB Federal,1,
FG332-430252,Nonpublic Inst. & Supp. Serv. - Independ.,Operating Funds,General Operating Funds,General Operating Funds,805,NCLB Federal,1,
FG332-430254,Nonpublic Inst. & Supp. Serv. - Lutheran,Operating Funds,General Operating Funds,General Operating Funds,805,NCLB Federal,1,
FG312-422509,Summer Food Service Program,Operating Funds,General Operating Funds,General Operating Funds,806,Lunchroom,1,
FG358-440056,Title IV Part A  -  FG358-440056,Operating Funds,General Operating Funds,General Operating Funds,805,NCLB Federal,1,
FG356-490925,Title III - Lmtd. Eng. Prf. - Nonpublic,Operating Funds,General Operating Funds,General Operating Funds,805,NCLB Federal,1,
FG356-490929,Title III - Limited English Proficient - Nonpublic,Operating Funds,General Operating Funds,General Operating Funds,805,NCLB Federal,1,
FG332-430255,Nonpublic Inst. & Supp. Serv. - Jewish,Operating Funds,General Operating Funds,General Operating Funds,805,NCLB Federal,1,
FG324-000379,CFF - Pritzker Foundation / Opening Doors Initiative,Operating Funds,General Operating Funds,General Operating Funds,807,Other Grants,1,
FG324-005240,STEP Program - Outcomes Tracking,Operating Funds,General Operating Funds,General Operating Funds,807,Other Grants,1,
FG336-581047,CPS Community Schools Initiative,Operating Funds,General Operating Funds,General Operating Funds,805,NCLB Federal,1,
FG338-410204,Title VII Bilingual: Professional Development,Operating Funds,General Operating Funds,General Operating Funds,805,NCLB Federal,1,
FG353-000109,Sick and Vacation Termination Payout - ESP,Operating Funds,General Operating Funds,General Operating Funds,805,NCLB Federal,1,
FG362-376648,State Preschool for All Age 3-5 Extended Supports FY19,Operating Funds,General Operating Funds,General Operating Funds,807,Other Grants,1,
FG332-376685,State Preschool For All Age 0-3 Community Partnerships,Operating Funds,General Operating Funds,General Operating Funds,805,NCLB Federal,1,
FG332-410009,CONTINGENCY FOR PROG EXPANSION,Operating Funds,General Operating Funds,General Operating Funds,805,NCLB Federal,1,
FG332-430126,Discretionary,Operating Funds,General Operating Funds,General Operating Funds,805,NCLB Federal,1,
FG324-100115,Department of Energy -  Renew America's School Prize,Operating Funds,General Operating Funds,General Operating Funds,807,Other Grants,1,
FG353-494804,Title II Tier I Support,Operating Funds,General Operating Funds,General Operating Funds,805,NCLB Federal,1,
FG353-494057,Title II - Supplementary,Operating Funds,General Operating Funds,General Operating Funds,805,NCLB Federal,1,
FG332-430192,Title 1 - Child Parent Centers,Operating Funds,General Operating Funds,General Operating Funds,805,NCLB Federal,1,
FG332-430194,Mandated Parent Involvement,Operating Funds,General Operating Funds,General Operating Funds,805,NCLB Federal,1,
FG324-100309,Aldermanic School Micro-Grant Ward 13 - JFK HS,Operating Funds,General Operating Funds,General Operating Funds,807,Other Grants,1,
FG353-542126,Teacher Incentive Fund,Operating Funds,General Operating Funds,General Operating Funds,805,NCLB Federal,1,
FG358-509194,Teams Intrvntns Evals & Resources for Supportive Schls (TIERSS) -  FG358-509194,Operating Funds,General Operating Funds,General Operating Funds,805,NCLB Federal,1,
FG358-509197,Safe and Drug Free Schools Healthy Students,Operating Funds,General Operating Funds,General Operating Funds,805,NCLB Federal,1,
FG358-509201,Dvlping Nursing Pipeline Consstnt Care DSNPCC,Operating Funds,General Operating Funds,General Operating Funds,805,NCLB Federal,1,
FG358-509202,Developing School Nursing Pipeline for Consistent Care (DSNPCC),Operating Funds,General Operating Funds,General Operating Funds,805,NCLB Federal,1,
FG353-494066,Title IIA - Teacher Quality,Operating Funds,General Operating Funds,General Operating Funds,805,NCLB Federal,1,
FG356-490939,Title III - Language Acquisition,Operating Funds,General Operating Funds,General Operating Funds,805,NCLB Federal,1,
FG356-490940,Title III - Lmtd. Eng. Prf. - Nonpublic,Operating Funds,General Operating Funds,General Operating Funds,805,NCLB Federal,1,
FG356-490944,Title III - IEP,Operating Funds,General Operating Funds,General Operating Funds,805,NCLB Federal,1,
FG358-580233,Sch Based MHS Grant- CPS R&R of Sch-Based Clin St,Operating Funds,General Operating Funds,General Operating Funds,805,NCLB Federal,1,
FG353-410009,CONTINGENCY FOR PROG EXPANSION,Operating Funds,General Operating Funds,General Operating Funds,805,NCLB Federal,1,
FG353-430112,Supplementary,Operating Funds,General Operating Funds,General Operating Funds,805,NCLB Federal,1,
FG353-430126,Discretionary,Operating Funds,General Operating Funds,General Operating Funds,805,NCLB Federal,1,
FG353-430141,Title I,Operating Funds,General Operating Funds,General Operating Funds,805,NCLB Federal,1,
FG362-460804,CPC i3 Project,Operating Funds,General Operating Funds,General Operating Funds,807,Other Grants,1,
FG332-410023,CONTINGENCY FOR PROJECT EXPAN,Operating Funds,General Operating Funds,General Operating Funds,805,NCLB Federal,1,
FG324-100406,CDPH CPS School-Based Vision Program IGA FY19,Operating Funds,General Operating Funds,General Operating Funds,807,Other Grants,1,
FG324-100408,CDPH/CPS School-Based Vision Program IGA,Operating Funds,General Operating Funds,General Operating Funds,807,Other Grants,1,
FG324-100409,CDPH/CPS School-Based Vision Program IGA -  FG324-100409,Operating Funds,General Operating Funds,General Operating Funds,807,Other Grants,1,
FG324-100412,CDPH/CPS School-Based Vision Program IGA,Operating Funds,General Operating Funds,General Operating Funds,807,Other Grants,1,
FG353-440044,Title IV Part A,Operating Funds,General Operating Funds,General Operating Funds,805,NCLB Federal,1,
FG353-490923,Title III - Lmtd. Eng. Prf. - Nonpublic,Operating Funds,General Operating Funds,General Operating Funds,805,NCLB Federal,1,
FG362-499935,Preschool Expansion Grant FY 15,Operating Funds,General Operating Funds,General Operating Funds,807,Other Grants,1,
FG362-499938,Preschool Expansion Grant FY18,Operating Funds,General Operating Funds,General Operating Funds,807,Other Grants,1,
FG362-510205,Headstart - Child Development,Operating Funds,General Operating Funds,General Operating Funds,807,Other Grants,1,
FG332-430029,Public Inst & Support Services,Operating Funds,General Operating Funds,General Operating Funds,805,NCLB Federal,1,
FG332-430145,Title I - Nonpublic Instruction & Support Services - Lutheran,Operating Funds,General Operating Funds,General Operating Funds,805,NCLB Federal,1,
FG324-100304,Aldermanic School Micro-Grant Ward 13 - Hale,Operating Funds,General Operating Funds,General Operating Funds,807,Other Grants,1,
FG324-188828,After School Program Spring Break and Summer Break Programs IGA,Operating Funds,General Operating Funds,General Operating Funds,807,Other Grants,1,
FG362-000108,Sick and Vacation Termination Payout - TCH,Operating Funds,General Operating Funds,General Operating Funds,807,Other Grants,1,
FG353-494080,Title IIA - Professional Development,Operating Funds,General Operating Funds,General Operating Funds,805,NCLB Federal,1,
FG332-430205,Nonpublic Inst. & Supp. Serv. - Lutheran,Operating Funds,General Operating Funds,General Operating Funds,805,NCLB Federal,1,
FG324-188831,IGA Safe Passages Program Year 2022,Operating Funds,General Operating Funds,General Operating Funds,807,Other Grants,1,
FG324-188832,"2022 After School Program, Spring and Summer Break Programs IGA",Operating Funds,General Operating Funds,General Operating Funds,807,Other Grants,1,
FG324-399825,Other States Program - Sel Hubs (25-3999-Se),Operating Funds,General Operating Funds,General Operating Funds,807,Other Grants,1,
FG362-210022,IGA Early Learning Investment Program - City,Operating Funds,General Operating Funds,General Operating Funds,807,Other Grants,1,
FG353-490945,Title III - Language Acquisition- FG353-490945,Operating Funds,General Operating Funds,General Operating Funds,805,NCLB Federal,1,
FG353-493515,Title II Teacher Quality Leadership Grant,Operating Funds,General Operating Funds,General Operating Funds,805,NCLB Federal,1,
FG230-061000,Lead Abatement,Operating Funds,General Operating Funds,General Operating Funds,809,General Fund,1,
FG369-322030,CTE Ed Career Pathway Continuation -  FG369-322030,Operating Funds,General Operating Funds,General Operating Funds,807,Other Grants,1,
FG367-434026,SIG Transformation - Tilden HS,Operating Funds,General Operating Funds,General Operating Funds,807,Other Grants,1,
FG367-434034,SIG Transformation - North Lawndale Charter,Operating Funds,General Operating Funds,General Operating Funds,807,Other Grants,1,
FG701-547211,Advance Placement Incentive,Operating Funds,General Operating Funds,Others,,,1,
FG701-547518,Indian Elem / Sec Assistance Program,Operating Funds,General Operating Funds,Others,,,1,
FG616-000000,CIP Series 2000BCD $303M,Operating Funds,Debt-Service Funds,Debt-Service Funds,808,Debt Service Fund,1,
FG616-399602,State Distributive Fund,Operating Funds,Debt-Service Funds,Debt-Service Funds,808,Debt Service Fund,1,
FG332-430051,Mandated Parent Involvement,Operating Funds,General Operating Funds,General Operating Funds,805,NCLB Federal,1,
FG332-430084,Nonpublic Inst. & Supp. Serv. - Catholic,Operating Funds,General Operating Funds,General Operating Funds,805,NCLB Federal,1,
FG124-070909,The Bluhm Foundation - Hibbard's Arts Teacher Position,Operating Funds,General Operating Funds,General Operating Funds,801,School Generated,1,
FG124-070910,RAILS - Libraries are the Link Grant,Operating Funds,General Operating Funds,General Operating Funds,801,School Generated,1,
FG124-070916,IBM International Foundation- Goode Stem Academy HS,Operating Funds,General Operating Funds,General Operating Funds,801,School Generated,1,
FG619-000000,CIT Series 2016,Operating Funds,Debt-Service Funds,Debt-Service Funds,808,Debt Service Fund,1,
FG620-000000,CIP 2000 Rental Income Bond,Operating Funds,Debt-Service Funds,Debt-Service Funds,808,Debt Service Fund,1,
FG332-430158,Nonpublic Inst. & Supp. Serv. - Lutheran,Operating Funds,General Operating Funds,General Operating Funds,805,NCLB Federal,1,
FG332-430160,Title 1 - District Initiatives,Operating Funds,General Operating Funds,General Operating Funds,805,NCLB Federal,1,
FG332-430161,Title 1 - Child Parent Centers,Operating Funds,General Operating Funds,General Operating Funds,805,NCLB Federal,1,
FG701-500690,Refugee Children's School Impact Grant FY20,Operating Funds,General Operating Funds,Others,,,1,
FG701-500739,DOJ - Secure Our Schools,Operating Funds,General Operating Funds,Others,,,1,
FG124-070926,Chicago Student Success Initiative -AbbVie/EdLabs U of C,Operating Funds,General Operating Funds,General Operating Funds,801,School Generated,1,
FG369-322042,Career & Technical Educ. Improvement Grant (CTEI),Operating Funds,General Operating Funds,General Operating Funds,807,Other Grants,1,
FG332-430224,Title I - District Initiatives,Operating Funds,General Operating Funds,General Operating Funds,805,NCLB Federal,1,
FG701-548040,TRIO - Talent Search,Operating Funds,General Operating Funds,Others,,,1,
FG701-548044,Trio - Talent Search,Operating Funds,General Operating Funds,Others,,,1,
FG230-430296,Nonpublic Inst. and Supp. Serv. - Catholic,Operating Funds,General Operating Funds,General Operating Funds,809,General Fund,1,
FG124-070799,Little Kids Rock - Central Office,Operating Funds,General Operating Funds,General Operating Funds,801,School Generated,1,
FG124-070804,Midwest Expansion of CPC Program (Target),Operating Funds,General Operating Funds,General Operating Funds,801,School Generated,1,
FG124-070809,Kolhs Children's Musuem Substitutes,Operating Funds,General Operating Funds,General Operating Funds,801,School Generated,1,
FG124-070947,Hoellen Fam Foundation Lake View High Sch-School Band- FG124-070947,Operating Funds,General Operating Funds,General Operating Funds,801,School Generated,1,
FG369-474556,Program Innovation - C. Perkins,Operating Funds,General Operating Funds,General Operating Funds,807,Other Grants,1,
FG453-500848,Amelia Earhart Options-Capital Grant,Capital Funds,Capital Funds,Others,810,Capital Projects Fund,1,
FG701-511248,CPS Healing Trauma Together FY19,Operating Funds,General Operating Funds,Others,,,1,
FG701-511340,Broadening Advanced Technological Education Connections (BATEC),Operating Funds,General Operating Funds,Others,,,1,
FG701-517503,Chicago Teen Pregnancy Prevention Initiative,Operating Funds,General Operating Funds,Others,,,1,
FG124-070955,Thrive-Mitigating the Mental Health Crisis,Operating Funds,General Operating Funds,General Operating Funds,801,School Generated,1,
FG124-070956,Rivers Casino Charitable Foundation - Williams Jones Academy,Operating Funds,General Operating Funds,General Operating Funds,801,School Generated,1,
FG124-070950,Qatar Found International AHS Chapter Engmt 21 Lincoln Park HS,Operating Funds,General Operating Funds,General Operating Funds,801,School Generated,1,
FG367-434039,SIG - Holmes (Cohort 5),Operating Funds,General Operating Funds,General Operating Funds,807,Other Grants,1,
FG514,PBC Rental Series A Of 1989,Operating Funds,NA,Debt-Service Funds,808,Debt Service Fund,0,
FG701-580241,Project Aware- Sustainable Infrastructure for Crisis Response and,Operating Funds,General Operating Funds,Others,,,1,
FG701-580292,UIC Whole Child,Operating Funds,General Operating Funds,Others,,,1,
FG701-580301,Middle School YRBS Program FY19,Operating Funds,General Operating Funds,Others,,,1,
FG701-581042,CPS Community Schools Initiative FY21,Operating Funds,General Operating Funds,Others,,,1,
FG701-500012,Chicago Alliance for Equity in Computer Science (CAFE-CS) FY19,Operating Funds,General Operating Funds,Others,,,1,
FG701-500013,Chicago Alliance for Equity in Computer Science (CAFE-CS) FY20,Operating Funds,General Operating Funds,Others,,,1,
FG124-070968,NCTR - Black Education Initiative (Teacher Res)22-23,Operating Funds,General Operating Funds,General Operating Funds,801,School Generated,1,
FG367-435002,SIG - Bowen,Operating Funds,General Operating Funds,General Operating Funds,807,Other Grants,1,
FG369-474572,Special Student Needs-C. Perkins  -  FG369-474572,Operating Funds,General Operating Funds,General Operating Funds,807,Other Grants,1,
FG602-399602,State Distributive Fund,Operating Funds,Debt-Service Funds,Debt-Service Funds,808,Debt Service Fund,1,
FG701-524019,Secondary Transitional Experience Program (STEP),Operating Funds,General Operating Funds,Others,,,1,
FG701-524020,Secondary Transitional Experience Program (STEP),Operating Funds,General Operating Funds,Others,,,1,
FG701-524028,Secondary Transitional Experience Program (Step),Operating Funds,General Operating Funds,Others,,,1,
FG701-521809,DOJ Byrne Disc After School Counts,Operating Funds,General Operating Funds,Others,,,1,
FG701-528312,CREATES - Arts in Education,Operating Funds,General Operating Funds,Others,,,1,
FG124-905000,Grants from Children First Fund,Operating Funds,General Operating Funds,General Operating Funds,801,School Generated,1,
FG124-905003,CFF - Salesforce.org,Operating Funds,General Operating Funds,General Operating Funds,801,School Generated,1,
FG124-905007,CFF -McCormick Foundation K-12 Civics,Operating Funds,General Operating Funds,General Operating Funds,801,School Generated,1,
FG367-435017,SIG - Kelly,Operating Funds,General Operating Funds,General Operating Funds,807,Other Grants,1,
FG607-000000,CIP Series 2015C,Operating Funds,Debt-Service Funds,Debt-Service Funds,808,Debt Service Fund,1,
FG370-000044,CTU Sustainable Schools Initiative,Operating Funds,General Operating Funds,General Operating Funds,807,Other Grants,1,
FG799-423003,Federal Snacks,Operating Funds,General Operating Funds,Others,,,1,
FG799-430517,Neglected Programs,Operating Funds,General Operating Funds,Others,,,1,
FG367-435024,SIG - CVCA - (Cohort 3),Operating Funds,General Operating Funds,General Operating Funds,807,Other Grants,1,
FG370-499848,ARP - Community Partnership 23-4998-CP,Operating Funds,General Operating Funds,General Operating Funds,807,Other Grants,1,
FG124-071985,Ingenuity CSF13 2021-2022,Operating Funds,General Operating Funds,General Operating Funds,801,School Generated,1,
FG124-071986,Ingenuity 2022-2023,Operating Funds,General Operating Funds,General Operating Funds,801,School Generated,1,
FG370-499855,CURES After School Programs -  FG370-499855,Operating Funds,General Operating Funds,General Operating Funds,807,Other Grants,1,
FG367-435031,SIG - Bronzeville (Cohort 4),Operating Funds,General Operating Funds,General Operating Funds,807,Other Grants,1,
FG701-529011,Preventing Truancy in Urban Schools FY12,Operating Funds,General Operating Funds,Others,,,1,
FG701-529014,Preventing Truancy in Urban Schools,Operating Funds,General Operating Funds,Others,,,1,
FG701-529021,Randomized Study to Abate Truancy and Violence,Operating Funds,General Operating Funds,Others,,,1,
FG701-529023,Randomized Study to Abate Truancy and Violence,Operating Funds,General Operating Funds,Others,,,1,
FG701-581044,Cps Community Schools Initiative,Operating Funds,General Operating Funds,Others,,,1,
FG124-905030,CFF - Joyce Foundation New Teacher Support,Operating Funds,General Operating Funds,General Operating Funds,801,School Generated,1,
FG124-905034,CFF -IMC Foundation Donation (Carson Sayre),Operating Funds,General Operating Funds,General Operating Funds,801,School Generated,1,
FG367-435034,SIG Bowen - (Cohort 3),Operating Funds,General Operating Funds,General Operating Funds,807,Other Grants,1,
FG370-499862,New Principal Mentoring 23-4998-PM  -  FG370-499862,Operating Funds,General Operating Funds,General Operating Funds,807,Other Grants,1,
FG124-070997,CPEF Network Professional Development Grant,Operating Funds,General Operating Funds,General Operating Funds,801,School Generated,1,
FG370-499874,New Principal Mentoring 23-4998-PM,Operating Funds,General Operating Funds,General Operating Funds,807,Other Grants,1,
FG370-500847,John Foster Dulles School Improvements,Operating Funds,General Operating Funds,General Operating Funds,807,Other Grants,1,
FG367-440054,Title IV Part A,Operating Funds,General Operating Funds,General Operating Funds,807,Other Grants,1,
FG367-433996,SIG - Harper High School FY12,Operating Funds,General Operating Funds,General Operating Funds,807,Other Grants,1,
FG370-442332,Title IV 21st Century Community Learning Centers Cohort A1  -  FG370-442332,Operating Funds,General Operating Funds,General Operating Funds,807,Other Grants,1,
FG701-500044,CAFECS:Developing Equitable CS Pathways from HS to College,Operating Funds,General Operating Funds,Others,,,1,
FG701-500056,Affordable Connectivity Outreach Grant Program FY23,Operating Funds,General Operating Funds,Others,,,1,
FG701-500114,Connect and Redirect to Respect FY 15,Operating Funds,General Operating Funds,Others,,,1,
FG701-500175,Chicago Bilingual Summer Math. Lab.,Operating Funds,General Operating Funds,Others,,,1,
FG124-302208,Illinois Principal Mentoring Program,Operating Funds,General Operating Funds,General Operating Funds,801,School Generated,1,
FG369-000389,CTE Programs,Operating Funds,General Operating Funds,General Operating Funds,807,Other Grants,1,
FG370-548061,Emergency Connectivity Fund - ECF FCC Window 3,Operating Funds,General Operating Funds,General Operating Funds,807,Other Grants,1,
FG370-499808,EC- Emergency Education Relief,Operating Funds,General Operating Funds,General Operating Funds,807,Other Grants,1,
FG701-532011,Accelerated STEM Program of Study and Leadership Development FY19,Operating Funds,General Operating Funds,Others,,,1,
FG124-905039,CFF - Crown Teach Chicago and Equity Focused Talent Initiatives- FG124-905039,Operating Funds,General Operating Funds,General Operating Funds,801,School Generated,1,
FG124-905051,CFF - Crown Chicago Roadmap Grant,Operating Funds,General Operating Funds,General Operating Funds,801,School Generated,1,
FG370-580249,CDC Public Health Crisis Emergency Response,Operating Funds,General Operating Funds,General Operating Funds,807,Other Grants,1,
FG369-322015,Career & Technical Educ. Improvement Grant,Operating Funds,General Operating Funds,General Operating Funds,807,Other Grants,1,
FG367-434012,SIG Transformation FY12 -Juarez,Operating Funds,General Operating Funds,General Operating Funds,807,Other Grants,1,
FG367-434014,SIG Transformation FY12 -Kelvyn Park,Operating Funds,General Operating Funds,General Operating Funds,807,Other Grants,1,
FG799-474547,Program Innovation-C. Perkins,Operating Funds,General Operating Funds,Others,,,1,
FG124-071920,Chicago Bears,Operating Funds,General Operating Funds,General Operating Funds,801,School Generated,1,
FG124-071968,2013 Score with Intel Core Competition Award,Operating Funds,General Operating Funds,General Operating Funds,801,School Generated,1,
FG370-499815,IL-AWARE - AW,Operating Funds,General Operating Funds,General Operating Funds,807,Other Grants,1,
FG370-499817,ESSER II - District Initiatives -  FG370-499817,Operating Funds,General Operating Funds,General Operating Funds,807,Other Grants,1,
FG799-490922,Title III - Language Acquisition,Operating Funds,General Operating Funds,Others,,,1,
FG701-500275,Teachers Lead Chicago,Operating Funds,General Operating Funds,Others,,,1,
FG701-442185,21st Century Community Learning Centers FY20,Operating Funds,General Operating Funds,Others,,,1,
FG701-430266,Title I - School Discretionary,Operating Funds,General Operating Funds,Others,,,1,
FG367-433123,Title I School Improvement Grant- (SOSS),Operating Funds,General Operating Funds,General Operating Funds,807,Other Grants,1,
FG367-433124,Title I School Improvement Grant- (SOSS) FY18,Operating Funds,General Operating Funds,General Operating Funds,807,Other Grants,1,
FG115-060002,State Grants School Construction Program,Operating Funds,General Operating Funds,General Operating Funds,801,General Fund,1,
FG115-070110,Medicare Part D Subsidy,Operating Funds,General Operating Funds,General Operating Funds,801,General Fund,1,
FG124-070055,NEED Project Substitutes,Operating Funds,General Operating Funds,General Operating Funds,801,School Generated,1,
FG124-070056,Holocaust Museum Substitutes,Operating Funds,General Operating Funds,General Operating Funds,801,School Generated,1,
FG124-000321,Snack Vending Services,Operating Funds,General Operating Funds,General Operating Funds,801,School Generated,1,
FG124-000325,Student Record Revenue,Operating Funds,General Operating Funds,General Operating Funds,801,School Generated,1,
FG701-430290,Mandated Parent Involvement,Operating Funds,General Operating Funds,Others,,,1,
FG701-430300,Nonpublic Inst. and Supp. Serv. - Jewish,Operating Funds,General Operating Funds,Others,,,1,
FG701-430303,Mandated Parent Involvement,Operating Funds,General Operating Funds,Others,,,1,
FG367-433143,Il-Empower (Cohort 19 - Grant 3) FY20,Operating Funds,General Operating Funds,General Operating Funds,807,Other Grants,1,
FG115-100398,Chicago Police and Fire Academy Training Program,Operating Funds,General Operating Funds,General Operating Funds,801,General Fund,1,
FG115-210205,Chicago Cultural Plan and Arts Education Plan - FY18,Operating Funds,General Operating Funds,General Operating Funds,801,General Fund,1,
FG701-433169,Il-Empower (Cohort 19 - Grant 7),Operating Funds,General Operating Funds,Others,,,1,
FG701-433177,Il-Empower (Cohort 19 - Grant 4),Operating Funds,General Operating Funds,Others,,,1,
FG367-433197,School and District Improvement Grant (Cohort 20 - Grant 11)  -  FG367-433197,Operating Funds,General Operating Funds,General Operating Funds,807,Other Grants,1,
FG367-433924,SIG - Marshall High School,Operating Funds,General Operating Funds,General Operating Funds,807,Other Grants,1,
FG115-373007,ROE/ISC Operations,Operating Funds,General Operating Funds,General Operating Funds,801,General Fund,1,
FG124-070077,Midwest Dairy Council - GenYouth,Operating Funds,General Operating Funds,General Operating Funds,801,School Generated,1,
FG367-433934,SIG - District,Operating Funds,General Operating Funds,General Operating Funds,807,Other Grants,1,
FG115-376651,State Preschool for All Age 0-3 Community Partnerships,Operating Funds,General Operating Funds,General Operating Funds,801,General Fund,1,
FG115-376653,State Preschool for All Age 3-5,Operating Funds,General Operating Funds,General Operating Funds,801,General Fund,1,
FG115-376669,State Preschool for All Age 3-5 FY19,Operating Funds,General Operating Funds,General Operating Funds,801,General Fund,1,
FG115-376700,Block Grant - Educational Services Block Grant,Operating Funds,General Operating Funds,General Operating Funds,801,General Fund,1,
FG124-070913,Chicago Principals Endorsement Program,Operating Funds,General Operating Funds,General Operating Funds,801,School Generated,1,
FG124-070919,CPEF COVID Comeback Fund,Operating Funds,General Operating Funds,General Operating Funds,801,School Generated,1,
FG124-070924,Momentum World Wide Stem Lab Curie HS,Operating Funds,General Operating Funds,General Operating Funds,801,School Generated,1,
FG124-070935,Mathematica-Teacher feedback based on Classroom videos project,Operating Funds,General Operating Funds,General Operating Funds,801,School Generated,1,
FG701-442197,21st Century Community Learning Cntrs (Cohort 19-Grant 4) FY20 - FG701-442196,Operating Funds,General Operating Funds,Others,,,1,
FG367-433198,School and District Improvement Grant (Cohort 23 - Grant 1)  -  FG367-433198,Operating Funds,General Operating Funds,General Operating Funds,807,Other Grants,1,
FG115-376714,Special Education Transportation,Operating Funds,General Operating Funds,General Operating Funds,801,General Fund,1,
FG701-424080,School Improvement Grant Gage Park Cohort 6,Operating Funds,General Operating Funds,Others,,,1,
FG701-500312,Magnet Schools Assistance Program (CPSMSAP) FY21,Operating Funds,General Operating Funds,Others,,,1,
FG701-430621,Delinquent Programs,Operating Funds,General Operating Funds,Others,,,1,
FG701-430623,Delinquent Programs,Operating Funds,General Operating Funds,Others,,,1,
FG367-433215,School and District Improvement Grant (Title 1003a) Cohort 16  -  FG367-433215,Operating Funds,General Operating Funds,General Operating Funds,807,Other Grants,1,
FG367-433217,School and District Improvement Grant (Title 1003a) Cohort 18  -  FG367-433217,Operating Funds,General Operating Funds,General Operating Funds,807,Other Grants,1,
FG115-430131,Nonpublic Instruction & Support Services - Catholic,Operating Funds,General Operating Funds,General Operating Funds,801,General Fund,1,
AFR-Fund-Grants,,Operating Funds,NA,Others,,,0,
FG124-905020,CFF - NewSchools Venture Fund Diverse Leaders Grant,Operating Funds,General Operating Funds,General Operating Funds,801,School Generated,1,
FG701-433182,Il-Empower (Cohort 19 - Grant 9),Operating Funds,General Operating Funds,Others,,,1,
FG701-433190,School and District Improvement - formerly IL Empower (Cohort 13),Operating Funds,General Operating Funds,Others,,,1,
FG367-433171,Il-Empower (Cohort 19 - Grant 9)  -  FG367-433171,Operating Funds,General Operating Funds,General Operating Funds,807,Other Grants,1,
FG367-433172,Il-Empower (Cohort 19 - Grant 10)  -  FG367-433172,Operating Funds,General Operating Funds,General Operating Funds,807,Other Grants,1,
FG115-376708,Transportation - Personnel,Operating Funds,General Operating Funds,General Operating Funds,801,General Fund,1,
FG115-462053,LEA FlowThru Inclusive Schools,Operating Funds,General Operating Funds,General Operating Funds,801,General Fund,1,
FG124-905026,CFF - Chicago Creds Credible Messengers,Operating Funds,General Operating Funds,General Operating Funds,801,School Generated,1,
FG124-070277,We Are Ready - ASAS,Operating Funds,General Operating Funds,General Operating Funds,801,School Generated,1,
FG701-442137,21st Century Community Learning Centers 1,Operating Funds,General Operating Funds,Others,,,1,
FG701-442148,21st Century Community Learning Centers - (Cohort 15-Grant 5),Operating Funds,General Operating Funds,Others,,,1,
FG367-433227,School and District Improvement Grant (Title 1003a),Operating Funds,General Operating Funds,General Operating Funds,807,Other Grants,1,
FG115-376711,Special Education - Non-Public Tuition,Operating Funds,General Operating Funds,General Operating Funds,801,General Fund,1,
FG115-499824,ESSER III - DW Unfinished Learning,Operating Funds,General Operating Funds,General Operating Funds,801,General Fund,1,
FG124-004117,Young Bankers Club Program -ASAS,Operating Funds,General Operating Funds,General Operating Funds,801,School Generated,1,
FG124-905059,CFF - Roberts Foundation College & Career Readiness Support Grant,Operating Funds,General Operating Funds,General Operating Funds,801,School Generated,1,
FG701-442217,21st Century Community Learning Centers - NEIU,Operating Funds,General Operating Funds,Others,,,1,
FG701-442226,Developing 21st Century Critical Thinking Skills,Operating Funds,General Operating Funds,Others,,,1,
FG367-433183,Grant Name: Il-Empower (Cohort 19 - Grant 10),Operating Funds,General Operating Funds,General Operating Funds,807,Other Grants,1,
FG115-600002,Bond Series 1999B,Operating Funds,General Operating Funds,General Operating Funds,801,General Fund,1,
FG115-610002,Grant Anticipation Notes - GANS,Operating Funds,General Operating Funds,General Operating Funds,801,General Fund,1,
FG117-000000,Tuition Based Program,Operating Funds,General Operating Funds,General Operating Funds,801,School Generated,1,
FG799-500359,STARTALK Chinese Language Program,Operating Funds,General Operating Funds,Others,,,1,
FG701-433120,Tilte I - School Improvement Grant - (SOSS),Operating Funds,General Operating Funds,Others,,,1,
FG701-430628,Delinquent Programs,Operating Funds,General Operating Funds,Others,,,1,
FG362-510216,Headstart-Child Development,Operating Funds,General Operating Funds,General Operating Funds,807,Other Grants,1,
FG124-022310,National Green Schools Campaign,Operating Funds,General Operating Funds,General Operating Funds,801,School Generated,1,
FG799-509180,Employability Plus ABLA,Operating Funds,General Operating Funds,Others,,,1,
FG799-510217,Headstart-Child Development,Operating Funds,General Operating Funds,Others,,,1,
FG799-528508,MLK Day of Service,Operating Funds,General Operating Funds,Others,,,1,
FG701-442149,21st Century Community Learning Centers - (Cohort 15-Grant 6),Operating Funds,General Operating Funds,Others,,,1,
FG701-442150,21st Century Community Learning Centers,Operating Funds,General Operating Funds,Others,,,1,
FG362-510223,Headstart-Child Development,Operating Funds,General Operating Funds,General Operating Funds,807,Other Grants,1,
FG367-424056,SIG - District (Cohort 5),Operating Funds,General Operating Funds,General Operating Funds,807,Other Grants,1,
FG124-002240,Closed School Internal Account Distribution,Operating Funds,General Operating Funds,General Operating Funds,801,School Generated,1,
FG124-004101,Procurement Debarment,Operating Funds,General Operating Funds,General Operating Funds,801,School Generated,1,
FG799-580907,US Dept of Housing and Urban Development,Operating Funds,General Operating Funds,Others,,,1,
FG701-400410,Collab for Academic-Social-Emotional Learning - CASEL Ltl Village,Operating Funds,General Operating Funds,Others,,,1,
FG701-403414,Increase Teacher Quality Grant,Operating Funds,General Operating Funds,Others,,,1,
FG124-070012,Project Lead The Way (Year 3),Operating Funds,General Operating Funds,General Operating Funds,801,School Generated,1,
FG701-500749,Youth Career Connect - Network Based,Operating Funds,General Operating Funds,Others,,,1,
FG701-500846,Amelia Earhart Options School Improvements - ICJIA 822004,Operating Funds,General Operating Funds,Others,,,1,
FG701-548057,IL for Arts Education - Quigley,Operating Funds,General Operating Funds,Others,,,1,
FG701-409424,Calumet Is My Back Yard CIMBY-EPA,Operating Funds,General Operating Funds,Others,,,1,
FG367-424058,SIG - Burke (Cohort 5) FY18,Operating Funds,General Operating Funds,General Operating Funds,807,Other Grants,1,
FG124-000036,Guaranteed Rate,Operating Funds,General Operating Funds,General Operating Funds,801,School Generated,1,
FG124-000046,CFF - STEM Summer Internships / Microsoft,Operating Funds,General Operating Funds,General Operating Funds,801,School Generated,1,
FG799-399976,Instructional Technology Center (Hub 7),Operating Funds,General Operating Funds,Others,,,1,
FG799-403410,Increase Teacher Quality Grant,Operating Funds,General Operating Funds,Others,,,1,
FG701-424063,SIG - Holmes (Cohort 5) FY19,Operating Funds,General Operating Funds,Others,,,1,
FG362-510225,Headstart-Child Development,Operating Funds,General Operating Funds,General Operating Funds,807,Other Grants,1,
FG362-510227,Headstart-Child Development,Operating Funds,General Operating Funds,General Operating Funds,807,Other Grants,1,
FG362-560036,Headstart-Child Supp. Dis. SP Initiative,Operating Funds,General Operating Funds,General Operating Funds,807,Other Grants,1,
FG367-424061,SIG - Mann (Cohort 5) FY18,Operating Funds,General Operating Funds,General Operating Funds,807,Other Grants,1,
FG367-424063,SIG - Holmes (Cohort 5) FY19,Operating Funds,General Operating Funds,General Operating Funds,807,Other Grants,1,
FG124-000094,Kenis Agreement - Law,Operating Funds,General Operating Funds,General Operating Funds,801,School Generated,1,
FG701-430141,Title I - Public Instruction & Support Services,Operating Funds,General Operating Funds,Others,,,1,
FG367-424083,SIG - District (Cohort 6),Operating Funds,General Operating Funds,General Operating Funds,807,Other Grants,1,
FG114-430300,Nonpublic Inst. and Supp. Serv. - Jewish,Operating Funds,General Operating Funds,General Operating Funds,801,General Fund,1,
FG115-000363,Out of District SLTS Transportation,Operating Funds,General Operating Funds,General Operating Funds,801,General Fund,1,
FG124-000097,North River After School Collaborative,Operating Funds,General Operating Funds,General Operating Funds,801,School Generated,1,
FG124-000109,Sick and Vacation Termination Payout - ESP,Operating Funds,General Operating Funds,General Operating Funds,801,School Generated,1,
FG701-433151,IL-Empower (Cohort 20 - Grant 11) FY20,Operating Funds,General Operating Funds,Others,,,1,
FG701-434019,SIG Transformation FY12 -District,Operating Funds,General Operating Funds,Others,,,1,
FG367-430224,Title I - District Initiatives,Operating Funds,General Operating Funds,General Operating Funds,807,Other Grants,1,
FG115-000496,Magnet Cluster Programs,Operating Funds,General Operating Funds,General Operating Funds,801,General Fund,1,
FG115-001013,FY13 Comparability,Operating Funds,General Operating Funds,General Operating Funds,801,General Fund,1,
FG115-001019,FY19 Comparability,Operating Funds,General Operating Funds,General Operating Funds,801,General Fund,1,
FG115-001020,FY20 Comparability,Operating Funds,General Operating Funds,General Operating Funds,801,General Fund,1,
FG336-041008,Contingency for Grant Expansion,Operating Funds,General Operating Funds,General Operating Funds,805,NCLB Federal,1,
FG334-430531,Neglected Programs  -  FG334-430531,Operating Funds,General Operating Funds,General Operating Funds,805,NCLB Federal,1,
FG336-500972,Partnership for arts integration research,Operating Funds,General Operating Funds,General Operating Funds,805,NCLB Federal,1,
FG336-500977,Korean Language and Cultural Education Flap,Operating Funds,General Operating Funds,General Operating Funds,805,NCLB Federal,1,
FG336-500982,Arts Teachers Leading Achievement and Success (ATLAS),Operating Funds,General Operating Funds,General Operating Funds,805,NCLB Federal,1,
FG358-440031,Title IV - Archdiocese of Chgo. Suppl. Servc.,Operating Funds,General Operating Funds,General Operating Funds,805,NCLB Federal,1,
FG332-430309,Nonpublic Inst. & Supp. Serv. - Catholic  -  FG332-430309,Operating Funds,General Operating Funds,General Operating Funds,805,NCLB Federal,1,
FG332-430317,Title I - ESSA - Summer Learning Initiative  -  FG332-430317,Operating Funds,General Operating Funds,General Operating Funds,805,NCLB Federal,1,
FG332-430319,Title I - School Improvement Priority Initiative  -  FG332-430319,Operating Funds,General Operating Funds,General Operating Funds,805,NCLB Federal,1,
FG332-435040,SIG - Bronzeville (Cohort 4),Operating Funds,General Operating Funds,General Operating Funds,805,NCLB Federal,1,
FG332-494076,Title IIA - Teacher Quality- FG332-494076,Operating Funds,General Operating Funds,General Operating Funds,805,NCLB Federal,1,
FG332-430308,Title I - School Discretionary  -  FG332-430308,Operating Funds,General Operating Funds,General Operating Funds,805,NCLB Federal,1,
FG334-000000,NCLB Title 1 - Neglected & Delinquent,Operating Funds,General Operating Funds,General Operating Funds,805,NCLB Federal,1,
FG334-430523,Neglected Programs,Operating Funds,General Operating Funds,General Operating Funds,805,NCLB Federal,1,
FG334-430526,Neglected Programs FY20,Operating Funds,General Operating Funds,General Operating Funds,805,NCLB Federal,1,
FG334-430613,Delinquent Programs,Operating Funds,General Operating Funds,General Operating Funds,805,NCLB Federal,1,
FG334-430619,Delinquent Programs,Operating Funds,General Operating Funds,General Operating Funds,805,NCLB Federal,1,
FG334-430620,Delinquent Programs,Operating Funds,General Operating Funds,General Operating Funds,805,NCLB Federal,1,
FG334-430626,Delinquent Programs FY20,Operating Funds,General Operating Funds,General Operating Funds,805,NCLB Federal,1,
FG334-430628,Delinquent Programs  -  FG334-430628,Operating Funds,General Operating Funds,General Operating Funds,805,NCLB Federal,1,
FG334-430631,Delinquent Programs  -  FG334-430631,Operating Funds,General Operating Funds,General Operating Funds,805,NCLB Federal,1,
FG335,Education Jobs Fund FY2011,Operating Funds,NA,General Operating Funds,805,NCLB Federal,0,
FG335-488413,Ed. Jobs Fund - Magnet,Operating Funds,General Operating Funds,General Operating Funds,805,NCLB Federal,1,
FG335-488414,Ed Jobs Fund - Supplemental Allocation - FY12,Operating Funds,General Operating Funds,General Operating Funds,805,NCLB Federal,1,
FG335-494058,Title IIA - Teacher Quality,Operating Funds,General Operating Funds,General Operating Funds,805,NCLB Federal,1,
FG336-000000,NCLB Title V Fund,Operating Funds,General Operating Funds,General Operating Funds,805,NCLB Federal,1,
FG332-430290,Mandated Parent Involvement,Operating Funds,General Operating Funds,General Operating Funds,805,NCLB Federal,1,
FG332-430294,Title I - District Parent Involvement,Operating Funds,General Operating Funds,General Operating Funds,805,NCLB Federal,1,
FG220-460527,Preschool Discretionary (STARNET) FY20,Operating Funds,General Operating Funds,General Operating Funds,807,Other Grants,1,
FG220-462501,IDEA Room & Board,Operating Funds,General Operating Funds,General Operating Funds,807,Other Grants,1,
FG220-462502,IDEA Room & Board,Operating Funds,General Operating Funds,General Operating Funds,807,Other Grants,1,
FG220-462507,IDEA Room & Board,Operating Funds,General Operating Funds,General Operating Funds,807,Other Grants,1,
FG324-400102,Chicago Gear-Up Alliance 6,Operating Funds,General Operating Funds,General Operating Funds,807,Other Grants,1,
FG324-399811,District Broadband Expansion Grant- Isbe -  FG324-399811,Operating Funds,General Operating Funds,General Operating Funds,807,Other Grants,1,
FG220-463016,Parent Mentoring Project,Operating Funds,General Operating Funds,General Operating Funds,807,Other Grants,1,
FG124-905098,CFF - FY22 McDougal Lesson Study,Operating Funds,General Operating Funds,General Operating Funds,801,School Generated,1,
FG324-424013,Fresh Fruit & Vegetables Program,Operating Funds,General Operating Funds,General Operating Funds,807,Other Grants,1,
FG324-210067,CIMBY - IDNR -  FG324-210067,Operating Funds,General Operating Funds,General Operating Funds,807,Other Grants,1,
FG124-905171,CFF The Power Construction Chicago Builds award,Operating Funds,General Operating Funds,General Operating Funds,801,School Generated,1,
FG324-210071,Calumet Is My Backyard - Illinois Department of Natural Resources,Operating Funds,General Operating Funds,General Operating Funds,807,Other Grants,1,
FG324-379015,Illinois Dept of Commerce and Economic Opportunity,Operating Funds,General Operating Funds,General Operating Funds,807,Other Grants,1,
FG324-380120,School Library Grant - Per Captia,Operating Funds,General Operating Funds,General Operating Funds,807,Other Grants,1,
FG220-462029,LEA FlowThru Support Services,Operating Funds,General Operating Funds,General Operating Funds,807,Other Grants,1,
FG324-210084,IGA Sel Hubs - ISBE,Operating Funds,General Operating Funds,General Operating Funds,807,Other Grants,1,
FG324-380126,School District Library Grant,Operating Funds,General Operating Funds,General Operating Funds,807,Other Grants,1,
FG124-905129,FY23 Financial Literacy Investment Clubs project and the Fifth Th,Operating Funds,General Operating Funds,General Operating Funds,801,School Generated,1,
FG324-369625,Regional Safe Schools  -  FG324-369625,Operating Funds,General Operating Funds,General Operating Funds,807,Other Grants,1,
FG324-373003,ROE/ISC Operations FY20,Operating Funds,General Operating Funds,General Operating Funds,807,Other Grants,1,
FG324-380129,School District Library Grant,Operating Funds,General Operating Funds,General Operating Funds,807,Other Grants,1,
FG324-424020,Fresh Fruit & Vegetables Program FY19,Operating Funds,General Operating Funds,General Operating Funds,807,Other Grants,1,
FG324-373008,ROE/ISC Operations  -  FG324-373008,Operating Funds,General Operating Funds,General Operating Funds,807,Other Grants,1,
FG324-373009,ROE/ISC Operations,Operating Funds,General Operating Funds,General Operating Funds,807,Other Grants,1,
FG324-399980,K-3 Class Reduction Pilot Program,Operating Funds,General Operating Funds,General Operating Funds,807,Other Grants,1,
FG324-210012,Summer Jobs Program,Operating Funds,General Operating Funds,General Operating Funds,807,Other Grants,1,
FG324-251999,Community Garden Grant - Prosser,Operating Funds,General Operating Funds,General Operating Funds,807,Other Grants,1,
FG324-310001,Special Education - Private Facilities,Operating Funds,General Operating Funds,General Operating Funds,807,Other Grants,1,
FG324-210028,City Year FY18,Operating Funds,General Operating Funds,General Operating Funds,807,Other Grants,1,
FG324-37615,Agriculture Education - Three Circles -  FG324-37615,Operating Funds,General Operating Funds,General Operating Funds,807,Other Grants,1,
FG324-399012,School Mental Health Support ii,Operating Funds,General Operating Funds,General Operating Funds,807,Other Grants,1,
FG324-400412,Collab for Academic-Soc-Emotional-Learn-CASEL Little Village FY18,Operating Funds,General Operating Funds,General Operating Funds,807,Other Grants,1,
FG324-399998,After School Program AD,Operating Funds,General Operating Funds,General Operating Funds,807,Other Grants,1,
FG324-399999,After School Programs- AD FY 21 ISBE- FG324-399999,Operating Funds,General Operating Funds,General Operating Funds,807,Other Grants,1,
FG220-460027,Preschool Incentive Grant,Operating Funds,General Operating Funds,General Operating Funds,807,Other Grants,1,
FG324-210031,City Year IGA FY19,Operating Funds,General Operating Funds,General Operating Funds,807,Other Grants,1,
FG324-210038,Summer Youth Employment Program -  FG324-210038,Operating Funds,General Operating Funds,General Operating Funds,807,Other Grants,1,
FG324-210039,IGA City Year 2022,Operating Funds,General Operating Funds,General Operating Funds,807,Other Grants,1,
FG324-210040,Healthy CPS Partnerships,Operating Funds,General Operating Funds,General Operating Funds,807,Other Grants,1,
FG324-321730,Jobs for Illinois Graduates - Middle Grades Program,Operating Funds,General Operating Funds,General Operating Funds,807,Other Grants,1,
FG220-462082,LEA Flowthru Instruction - Nonpublic,Operating Funds,General Operating Funds,General Operating Funds,807,Other Grants,1,
FG220-462083,IDEA - Coordinated Early Intervening Services (CEIS),Operating Funds,General Operating Funds,General Operating Funds,807,Other Grants,1,
FG324-376807,Truant Alternative Optional Education FY20,Operating Funds,General Operating Funds,General Operating Funds,807,Other Grants,1,
FG324-424030,FY23 Team Nutrition Recipe Development RFP  -  FG324-424030,Operating Funds,General Operating Funds,General Operating Funds,807,Other Grants,1,
FG124-905086,CFF - IL DCEO Grant (Illinois Works Pre-apprenticeship Program) -  FG124-905086,Operating Funds,General Operating Funds,General Operating Funds,801,School Generated,1,
FG324-376813,Truant Alternative Optional Education  -  FG324-376813,Operating Funds,General Operating Funds,General Operating Funds,807,Other Grants,1,
FG324-322519,Work Exp. & Career Exp. Program (WECEP),Operating Funds,General Operating Funds,General Operating Funds,807,Other Grants,1,
FG324-327516,Back to Our Future/Moving Forward with CPS  -  FG324-327516,Operating Funds,General Operating Funds,General Operating Funds,807,Other Grants,1,
FG324-399808,School Steam Grant Program,Operating Funds,General Operating Funds,General Operating Funds,807,Other Grants,1,
FG324-399809,Multi-tiered System of Trauma-ISS and Their Families,Operating Funds,General Operating Funds,General Operating Funds,807,Other Grants,1,
FG220-460519,Preschool Discretionary (STARNET),Operating Funds,General Operating Funds,General Operating Funds,807,Other Grants,1,
FG324-376820,Truant Alternative Optional Education -  FG324-376820,Operating Funds,General Operating Funds,General Operating Funds,807,Other Grants,1,
FG701-442289,Title Iv - 21st Century Comm Learning Centers F2,Operating Funds,General Operating Funds,Others,,,1,
FG701-580204,Healthy Chgo Public Schools-HIV/STD Prevention Initiative 221077,Operating Funds,General Operating Funds,Others,,,1,
FG701-580206,Healthy Chicago Public Schools - HIV/STD Prevention Init 221077,Operating Funds,General Operating Funds,Others,,,1,
FG701-580212,Healthy Chicago Public Schools-YRBS 262006 FY18,Operating Funds,General Operating Funds,Others,,,1,
FG701-580215,Healthy CPS-HIV/STD Prevention Initiative 221077 FY19,Operating Funds,General Operating Funds,Others,,,1,
FG701-210051,Computer Science for All FY18,Operating Funds,General Operating Funds,Others,,,1,
FG701-499848,ARP - Community Partnership 23-4998-CP,Operating Funds,General Operating Funds,Others,,,1,
FG701-499851,Freedom Schools Grant 4998-FS,Operating Funds,General Operating Funds,Others,,,1,
FG701-400100,Gear Up 6,Operating Funds,General Operating Funds,Others,,,1,
FG701-400106,Chicago Gear-Up 6 (Year 5),Operating Funds,General Operating Funds,Others,,,1,
FG495-509196,Teams Interventions Evaluations and Resources for Supportive Scho,Capital Funds,Capital Funds,Others,810,Capital Projects Fund,1,
FG694,CIP Series 2010B/ (Series 2005D-2) Debt Service,Operating Funds,NA,Debt-Service Funds,808,Debt Service Fund,0,
FG701-442318,Title IV 21st Century Community Learning Centers C3,Operating Funds,General Operating Funds,Others,,,1,
FG701-460018,Preschool Incentive Grant,Operating Funds,General Operating Funds,Others,,,1,
FG701-460025,Preschool Incentive Grant,Operating Funds,General Operating Funds,Others,,,1,
FG701-511239,Reintegration Of ExOffenders Youth EMPL/ACT,Operating Funds,General Operating Funds,Others,,,1,
FG495-548056,IL for Arts Education - Rush,Capital Funds,Capital Funds,Others,810,Capital Projects Fund,1,
FG495-548057,IL for Arts Education - Quigley,Capital Funds,Capital Funds,Others,810,Capital Projects Fund,1,
FG326-512010,Comprehensive Anti-Gang Initiative,Operating Funds,General Operating Funds,General Operating Funds,807,Other Grants,1,
FG623-000000,Unlimited Tax GO Refunding Bond Series 2017B,Operating Funds,Debt-Service Funds,Debt-Service Funds,808,Debt Service Fund,1,
FG624,Refunding Series 2004A Debt Service,Operating Funds,NA,Debt-Service Funds,808,Debt Service Fund,0,
FG425-379043,2022 DCEO State Capital William P. Gray Elementary Project,Capital Funds,Capital Funds,Others,810,Capital Projects Fund,1,
FG425-379044,2022 DCEO State Capital Stephen K Hayt Elementary Project,Capital Funds,Capital Funds,Others,810,Capital Projects Fund,1,
FG425-379177,DCEO -  BATEMAN 24-203034,Capital Funds,Capital Funds,Others,810,Capital Projects Fund,1,
FG701-460519,Preschool Discretionary (STARNET),Operating Funds,General Operating Funds,Others,,,1,
FG701-460531,Preschool Discretionary (STARNET),Operating Funds,General Operating Funds,Others,,,1,
FG701-580235,Healthy Chicago Public Schools-YRBS 262006,Operating Funds,General Operating Funds,Others,,,1,
FG701-580236,Healthy Chicago Public Schools-HIV/STD Prevention Initiative 2210,Operating Funds,General Operating Funds,Others,,,1,
FG679,CIP Series 2015A,Operating Funds,NA,Debt-Service Funds,808,Debt Service Fund,0,
FG679-000000,CIP Series 2015A,Operating Funds,Debt-Service Funds,Debt-Service Funds,808,Debt Service Fund,1,
FG660-379040,IDCEO Debt Service,Operating Funds,Debt-Service Funds,Debt-Service Funds,808,Debt Service Fund,1,
FG661-399602,State Distributive Fund,Operating Funds,Debt-Service Funds,Debt-Service Funds,808,Debt Service Fund,1,
FG663-000000,Refunding Series 2022B,Operating Funds,Debt-Service Funds,Debt-Service Funds,808,Debt Service Fund,1,
FG701-462052,LEA FlowThru Instruction,Operating Funds,General Operating Funds,Others,,,1,
FG701-462067,LEA FlowThru Instruction,Operating Funds,General Operating Funds,Others,,,1,
FG701-499937,Preschool Expansion Grant,Operating Funds,General Operating Funds,Others,,,1,
FG701-499969,21st Cntry. Comm. Lrn. Ctr.-Mexican Fine Arts,Operating Funds,General Operating Funds,Others,,,1,
FG701-499973,International Baccalaureate,Operating Funds,General Operating Funds,Others,,,1,
FG701-499997,Pathways To Success In The Transition To Hs 2022,Operating Funds,General Operating Funds,Others,,,1,
FG681,CIP Series 2015G,Operating Funds,NA,Debt-Service Funds,808,Debt Service Fund,0,
FG664-600008,Bond Series 2007C,Operating Funds,Debt-Service Funds,Debt-Service Funds,808,Debt Service Fund,1,
FG701-462083,IDEA - Coordinated Early Intervening Services (CEIS),Operating Funds,General Operating Funds,Others,,,1,
FG701-463021,IDEA Parent Mentoring Project,Operating Funds,General Operating Funds,Others,,,1,
FG495-322033,Career and Technical Educ. Improvement Grant (Ctei),Capital Funds,Capital Funds,Others,810,Capital Projects Fund,1,
FG425-379136,DCEO - O'TOOLE ES 22-203040,Capital Funds,Capital Funds,Others,810,Capital Projects Fund,1,
FG124-070190,CPS Debate Program,Operating Funds,General Operating Funds,General Operating Funds,801,School Generated,1,
FG124-070200,Teacher Homebuyer Assistance Program,Operating Funds,General Operating Funds,General Operating Funds,801,School Generated,1,
FG701-000058,Cap Proj Donations - Priv Foundation/Charity,Operating Funds,General Operating Funds,Others,,,1,
FG701-000098,South Loop Elementary School Project,Operating Funds,General Operating Funds,Others,,,1,
FG701-000319,Academic Competitions,Operating Funds,General Operating Funds,Others,,,1,
FG124-070245,McCormick Foundation - HS Civics 2017-2018,Operating Funds,General Operating Funds,General Operating Funds,801,School Generated,1,
FG701-490924,Title III - Language Acquisition,Operating Funds,General Operating Funds,Others,,,1,
FG701-379044,2022 DCEO State Capital Stephen K Hayt Elementary Project,Operating Funds,General Operating Funds,Others,,,1,
FG701-379165,DCEO State Capital Schurz 75K,Operating Funds,General Operating Funds,Others,,,1,
FG682-000000,CIP Series 2009C/ (Series 2005D-1) Debt Service,Operating Funds,Debt-Service Funds,Debt-Service Funds,808,Debt Service Fund,1,
FG684,CIP Series 2009D,Operating Funds,NA,Debt-Service Funds,808,Debt Service Fund,0,
FG124-070331,School Breakfast to School Wellness Partnership,Operating Funds,General Operating Funds,General Operating Funds,801,School Generated,1,
FG701-492126,Homeless Education Prog.,Operating Funds,General Operating Funds,Others,,,1,
FG701-493514,Title II - Teacher Quality - Leadership Grant,Operating Funds,General Operating Funds,Others,,,1,
FG701-493519,Teacher Quality Leadership Grant FY19,Operating Funds,General Operating Funds,Others,,,1,
FG701-379183,DCEO State Capital Lake view HS,Operating Funds,General Operating Funds,Others,,,1,
FG124-070350,RESPECT - Formative Assesment,Operating Funds,General Operating Funds,General Operating Funds,801,School Generated,1,
FG701-433132,Il-Empower (Cohort 19 - Grant 2) FY19,Operating Funds,General Operating Funds,Others,,,1,
FG701-493529,Teacher Quality - Teacher Residencies TR FY 22,Operating Funds,General Operating Funds,Others,,,1,
FG701-548060,CPS Fostering Diverse Schools Planning Initiative,Operating Funds,General Operating Funds,Others,,,1,
FG701-000576,Supplemental Aid,Operating Funds,General Operating Funds,Others,,,1,
FG701-000901,Other Gen Ed Funded Programs,Operating Funds,General Operating Funds,Others,,,1,
FG701-004154,Teach Plus NSI Stipend 23-24,Operating Funds,General Operating Funds,Others,,,1,
FG425-379145,DCEO - WESTCOTT ES 22-203040,Capital Funds,Capital Funds,Others,810,Capital Projects Fund,1,
FG425-379148,DCEO - UPLIFT HS - 23-203171,Capital Funds,Capital Funds,Others,810,Capital Projects Fund,1,
FG425-379151,DCEO - HITCH,Capital Funds,Capital Funds,Others,810,Capital Projects Fund,1,
FG701-433138,Il-Empower (Cohort 19 - Grant 8) FY19,Operating Funds,General Operating Funds,Others,,,1,
FG701-550016,IL for Arts and STEM Education- Grant 3,Operating Funds,General Operating Funds,Others,,,1,
FG701-494058,Title IIA - Teacher Quality,Operating Funds,General Operating Funds,Others,,,1,
FG425-379155,DCEO - RAVENSWOOD ES 24-203147,Capital Funds,Capital Funds,Others,810,Capital Projects Fund,1,
FG646-399602,State Distributive Fund,Operating Funds,Debt-Service Funds,Debt-Service Funds,808,Debt Service Fund,1,
FG701-433933,SIG - District,Operating Funds,General Operating Funds,Others,,,1,
FG701-433951,School Improvement Grant Phillips HS,Operating Funds,General Operating Funds,Others,,,1,
FG701-434013,SIG Transformation FY12 -Julian,Operating Funds,General Operating Funds,Others,,,1,
FG701-400074,Gear-Up / NEIU,Operating Funds,General Operating Funds,Others,,,1,
FG701-400075,Gear Up - All Schools,Operating Funds,General Operating Funds,Others,,,1,
FG650-399602,State Distributive Fund,Operating Funds,Debt-Service Funds,Debt-Service Funds,808,Debt Service Fund,1,
FG686-000000,CIP Series 2009E,Operating Funds,Debt-Service Funds,Debt-Service Funds,808,Debt Service Fund,1,
FG687-000000,CIP Series 2012B,Operating Funds,Debt-Service Funds,Debt-Service Funds,808,Debt Service Fund,1,
FG701-442164,21st Century Community Learning Centers FY18,Operating Funds,General Operating Funds,Others,,,1,
FG701-500984,Art Teachers Leading Achievement and Success (ATLAS) FY19,Operating Funds,General Operating Funds,Others,,,1,
FG701-503001,Farm to School Implementation Grant,Operating Funds,General Operating Funds,Others,,,1,
FG701-503006,USDA Farm to School,Operating Funds,General Operating Funds,Others,,,1,
FG701-560025,Headstart-Child Supp. Dis. SP Initiative,Operating Funds,General Operating Funds,Others,,,1,
FG495-494090,Title IIA - Other Private Supplementary Servc.,Capital Funds,Capital Funds,Others,810,Capital Projects Fund,1,
FG701-070985,Ingenuity CSF13 2023-2024,Operating Funds,General Operating Funds,Others,,,1,
FG701-070986,Digital Promise by Verizon Corp Svcs,Operating Funds,General Operating Funds,Others,,,1,
FG425-379003,Illinois Dept of Com & Econ Opportunity,Capital Funds,Capital Funds,Others,810,Capital Projects Fund,1,
FG425-379016,Illinois Dept of Commerce and Economic Opportunity,Capital Funds,Capital Funds,Others,810,Capital Projects Fund,1,
FG425-379026,2020 DCEO State Capital Grants - Kenwood HS- FG425-379026,Capital Funds,Capital Funds,Others,810,Capital Projects Fund,1,
FG701-442248,21st Century Community Learning Centers,Operating Funds,General Operating Funds,Others,,,1,
FG701-560036,Headstart-Child Supp. Dis. SP Initiative,Operating Funds,General Operating Funds,Others,,,1,
FG701-499802,ESSER - District Initiatives,Operating Funds,General Operating Funds,Others,,,1,
FG701-380018,CPS Kids Talk,Operating Funds,General Operating Funds,Others,,,1,
FG701-442258,21st Century Community Learning Centers (Cohort 19-Grant 3),Operating Funds,General Operating Funds,Others,,,1,
FG701-442263,Title IV - 21st Century Comm Learning Centers  A2,Operating Funds,General Operating Funds,Others,,,1,
FG701-442266,Title IV - 21st Century Comm Learning Centers  D2,Operating Funds,General Operating Funds,Others,,,1,
FG701-499824,ESSER III - DW Unfinished Learning,Operating Funds,General Operating Funds,Others,,,1,
FG701-499828,GEER II- Jump Start to Kindergarten 22-4998-JK,Operating Funds,General Operating Funds,Others,,,1,
FG701-509184,Employability Plus,Operating Funds,General Operating Funds,Others,,,1,
FG701-509189,SDFS - Readiness & Emergency Management Schools,Operating Funds,General Operating Funds,Others,,,1,
FG425-379168,DCEO State Capital Audubon,Capital Funds,Capital Funds,Others,810,Capital Projects Fund,1,
FG701-434017,SIG Transformation FY12 -Tilden,Operating Funds,General Operating Funds,Others,,,1,
FG701-442271,21st Century Community Learning Centers - (Cohort 15-Grant 2),Operating Funds,General Operating Funds,Others,,,1,
FG701-509190,Safe and Drug-Free Schools (Project SERV),Operating Funds,General Operating Funds,Others,,,1,
FG701-509203,Developing School Nursing Pipeline for Consistent Care (DSNPCC),Operating Funds,General Operating Funds,Others,,,1,
FG701-188820,After School Pgm Spring and Summer Break Programs IGA FY18,Operating Funds,General Operating Funds,Others,,,1,
FG701-188833,Space to Grow,Operating Funds,General Operating Funds,Others,,,1,
FG324-500051,CAFECS for All - Collaborative Research: Universal Design,Operating Funds,General Operating Funds,General Operating Funds,807,Other Grants,1,
FG436-906001,CFF Chicago CRED Amer-I-Can FY19,Capital Funds,Capital Funds,Others,810,Capital Projects Fund,1,
FG495-000981,Computer Science ECCE,Capital Funds,Capital Funds,Others,810,Capital Projects Fund,1,
FG324-511239,Reintegration Of ExOffenders Youth EMPL/ACT,Operating Funds,General Operating Funds,General Operating Funds,807,Other Grants,1,
FG324-548063,CPS Fostering Diverse Schools Planning Initiative  -  FG324-548063,Operating Funds,General Operating Funds,General Operating Funds,807,Other Grants,1,
FG324-442173,21st Century Community Learning Centers - (Cohort 15-Grant 2)FY19,Operating Funds,General Operating Funds,General Operating Funds,807,Other Grants,1,
FG670,CIP Series 2008B (2003D) Debt Service,Operating Funds,NA,Debt-Service Funds,808,Debt Service Fund,0,
FG437,CIP Series 2018D,Capital Funds,NA,Others,810,Capital Projects Fund,0,
FG439,Series 2018 CIT,Capital Funds,NA,Others,810,Capital Projects Fund,0,
FG442-000000,CIP Series 2000A $107M,Capital Funds,Capital Funds,Others,810,Capital Projects Fund,1,
FG436-379071,Public Sector Energy Efficiency - People's Gas,Capital Funds,Capital Funds,Others,810,Capital Projects Fund,1,
FG701,GASB 34 Historical Fund,Operating Funds,NA,Others,,,0,
FG701-000041,School Funded Projects (Capital),Operating Funds,General Operating Funds,Others,,,1,
FG324-500062,MI of the COVID-19 Pandemic -CBA to Lrn Acc K-2 in Chicago  -  FG324-500062,Operating Funds,General Operating Funds,General Operating Funds,807,Other Grants,1,
FG694-399602,State Distributive Fund,Operating Funds,Debt-Service Funds,Debt-Service Funds,808,Debt Service Fund,1,
FG458,CIP Series 2003D,Capital Funds,NA,Others,810,Capital Projects Fund,0,
FG324-547519,Indian Elem/Sec. Assistance Prog.,Operating Funds,General Operating Funds,General Operating Funds,807,Other Grants,1,
FG425-379126,DCEO - CUFFE ES 22-203040,Capital Funds,Capital Funds,Others,810,Capital Projects Fund,1,
FG425-379129,DCEO - DENEEN ES 22-203040,Capital Funds,Capital Funds,Others,810,Capital Projects Fund,1,
FG701-210301,After School 2014 Program Spring Break & Summer Break 2014 Prog,Operating Funds,General Operating Funds,Others,,,1,
FG324-500677,Refugee Children's School Impact Grant,Operating Funds,General Operating Funds,General Operating Funds,807,Other Grants,1,
FG324-500686,Refugee Children's School Impact Grant,Operating Funds,General Operating Funds,General Operating Funds,807,Other Grants,1,
FG324-529015,Preventing Truancy in Urban Schools,Operating Funds,General Operating Funds,General Operating Funds,807,Other Grants,1,
FG324-547530,Indian Elem/Sec. Assistance Prog.,Operating Funds,General Operating Funds,General Operating Funds,807,Other Grants,1,
FG425-379189,DCEO/CBE - Lyon ES/Lloyd ES,Capital Funds,Capital Funds,Others,810,Capital Projects Fund,1,
FG425-379192,DCEO - Murray Elementary School,Capital Funds,Capital Funds,Others,810,Capital Projects Fund,1,
FG425-379193,DCEO - Audubon Elementary School,Capital Funds,Capital Funds,Others,810,Capital Projects Fund,1,
FG425-379194,DCEO - SULLIVAN,Capital Funds,Capital Funds,Others,810,Capital Projects Fund,1,
FG425-379198,DCEO - PRITZKER,Capital Funds,Capital Funds,Others,810,Capital Projects Fund,1,
FG425-379188,DCEO - Curie High School,Capital Funds,Capital Funds,Others,810,Capital Projects Fund,1,
FG425-379200,The State Of Illinois - CBD Multi School Pre K Grant,Capital Funds,Capital Funds,Others,810,Capital Projects Fund,1,
FG324-500068,CR: A and I a Geospatial HS Course in CTE Clusters,Operating Funds,General Operating Funds,General Operating Funds,807,Other Grants,1,
FG324-500074,MI  of the COVID-19 Pandemic - CBA to Learn Acc. K-2 in Chicago,Operating Funds,General Operating Funds,General Operating Funds,807,Other Grants,1,
FG425-379222,DCEO - NETTELHORTST - 22-203128,Capital Funds,Capital Funds,Others,810,Capital Projects Fund,1,
FG425-379223,DCEO - WASHINGTON ES - 23-203231,Capital Funds,Capital Funds,Others,810,Capital Projects Fund,1,
FG425-379233,DCEO - MCDOWELL ES 24-203164,Capital Funds,Capital Funds,Others,810,Capital Projects Fund,1,
FG495-550019,IL for Arts and STEM Education - 0197,Capital Funds,Capital Funds,Others,810,Capital Projects Fund,1,
FG324-500003,Start on Success Program FY18,Operating Funds,General Operating Funds,General Operating Funds,807,Other Grants,1,
FG324-500688,Refugee Children's School Impact Grant FY18,Operating Funds,General Operating Funds,General Operating Funds,807,Other Grants,1,
FG324-440213,Homeless Services Food Stamp Outreach,Operating Funds,General Operating Funds,General Operating Funds,807,Other Grants,1,
FG425-399817,Other State Programs - Whitney Young,Capital Funds,Capital Funds,Others,810,Capital Projects Fund,1,
FG427,CIP Series 2016B,Capital Funds,NA,Others,810,Capital Projects Fund,0,
FG427-061000,Lead Abatement,Capital Funds,Capital Funds,Others,810,Capital Projects Fund,1,
FG324-548020,Science Engineering & Tech for Students Educators & Parents,Operating Funds,General Operating Funds,General Operating Funds,807,Other Grants,1,
FG324-442147,21st Century Community Learning Centers - (Cohort 15-Grant 4),Operating Funds,General Operating Funds,General Operating Funds,807,Other Grants,1,
FG483,CIP Series 2012A,Capital Funds,NA,Others,810,Capital Projects Fund,0,
FG483-000000,CIP Series 2012A,Capital Funds,Capital Funds,Others,810,Capital Projects Fund,1,
FG484-000000,CIP Series 2013BC,Capital Funds,Capital Funds,Others,810,Capital Projects Fund,1,
FG495-905042,CFF - SocialWorks New Chance Advanced Literacy and Travel Funds,Capital Funds,Capital Funds,Others,810,Capital Projects Fund,1,
FG324-442191,21st Century Community Learning Cntrs - (Cohort 15-Grant 6) FY20,Operating Funds,General Operating Funds,General Operating Funds,807,Other Grants,1,
FG324-442194,21st Century Community Learning Cntrs (Cohort 19-Grant 2) FY20,Operating Funds,General Operating Funds,General Operating Funds,807,Other Grants,1,
FG436-000095,Space to Grow Capital Project,Capital Funds,Capital Funds,Others,810,Capital Projects Fund,1,
FG436-000380,K-12 Solar PV,Capital Funds,Capital Funds,Others,810,Capital Projects Fund,1,
FG495-905104,CFF - NS CREATE Program's 75th St. CIP Grant,Capital Funds,Capital Funds,Others,810,Capital Projects Fund,1,
FG496,E-RATE Capital Projects,Capital Funds,NA,Others,810,Capital Projects Fund,0,
FG496-600016,2016 Bond Proceeds,Capital Funds,Capital Funds,Others,810,Capital Projects Fund,1,
FG701-365104,National Board Certification Initiatives,Operating Funds,General Operating Funds,Others,,,1,
FG324-500749,Youth Career Connect - Network Based,Operating Funds,General Operating Funds,General Operating Funds,807,Other Grants,1,
FG701-376619,CHILDREN-AT-RISK,Operating Funds,General Operating Funds,Others,,,1,
FG701-376629,State Pre-K - IDCEO,Operating Funds,General Operating Funds,Others,,,1,
FG701-376632,Truant Alternative Optional Education,Operating Funds,General Operating Funds,Others,,,1,
FG701-376653,State Preschool for All Age 3-5,Operating Funds,General Operating Funds,Others,,,1,
FG324-500844,Restorative Justice Conflict Resolution FY 16,Operating Funds,General Operating Funds,General Operating Funds,807,Other Grants,1,
FG324-500849,STOP School Violence (SOS) FY21 -  FG324-500849,Operating Funds,General Operating Funds,General Operating Funds,807,Other Grants,1,
FG324-440217,Homeless Services Food Stamp Outreach FY19,Operating Funds,General Operating Funds,General Operating Funds,807,Other Grants,1,
FG324-440219,Homeless Services Food Stamp Outreach - SNAP,Operating Funds,General Operating Funds,General Operating Funds,807,Other Grants,1,
FG436-005060,Central Office Relocation of 2015,Capital Funds,Capital Funds,Others,810,Capital Projects Fund,1,
FG436-011128,ComEd Curtailment Payments,Capital Funds,Capital Funds,Others,810,Capital Projects Fund,1,
FG436-060003,Chicago Vocational Career Academy (CVCA) Major Capital Renovation,Capital Funds,Capital Funds,Others,810,Capital Projects Fund,1,
FG436-070157,CFF - Silicon Valley Community Foundation,Capital Funds,Capital Funds,Others,810,Capital Projects Fund,1,
FG485-061000,Lead Abatement,Capital Funds,Capital Funds,Others,810,Capital Projects Fund,1,
FG487-000000,Series 2017 CIT,Capital Funds,Capital Funds,Others,810,Capital Projects Fund,1,
FG495-000006,Preschool For All (locally funded),Capital Funds,Capital Funds,Others,810,Capital Projects Fund,1,
FG324-542128,Teacher Incentive Fund - CPS TIF,Operating Funds,General Operating Funds,General Operating Funds,807,Other Grants,1,
FG436-188837,City of Chicago and CPS Public Art - Sayre Elementary Academy,Capital Funds,Capital Funds,Others,810,Capital Projects Fund,1,
FG617-399602,State Distributive Fund,Operating Funds,Debt-Service Funds,Debt-Service Funds,808,Debt Service Fund,1,
FG497-376682,Preschool for All Age 3-5,Capital Funds,Capital Funds,Others,810,Capital Projects Fund,1,
FG625,CIP Series 2017F,Operating Funds,NA,Debt-Service Funds,808,Debt Service Fund,0,
FG324-500032,CAFECS - Build Connections,Operating Funds,General Operating Funds,General Operating Funds,807,Other Grants,1,
FG324-442272,21st Century Community Learning Centers - (Cohort 15-Grant 3),Operating Funds,General Operating Funds,General Operating Funds,807,Other Grants,1,
FG324-440610,Chicago Tobacco Prevention Project,Operating Funds,General Operating Funds,General Operating Funds,807,Other Grants,1,
FG324-442113,21st Century Community Learning Centers (YCCC),Operating Funds,General Operating Funds,General Operating Funds,807,Other Grants,1,
FG436-188847,City of Chicago & CPS Public Art -Hayt Elementary School,Capital Funds,Capital Funds,Others,810,Capital Projects Fund,1,
FG436-188851,City of Chicago and CPS Public Art - Peterson Elementary School,Capital Funds,Capital Funds,Others,810,Capital Projects Fund,1,
FG701-376819,Agriculture Education - Three Circles,Operating Funds,General Operating Funds,Others,,,1,
FG324-503004,USDA Farm to School,Operating Funds,General Operating Funds,General Operating Funds,807,Other Grants,1,
FG324-442159,21st Century Community Learning Centers - (Cohort 15-Grant 2),Operating Funds,General Operating Funds,General Operating Funds,807,Other Grants,1,
FG436-379005,Illinois Dept of Com. & Econ. Opportunity,Capital Funds,Capital Funds,Others,810,Capital Projects Fund,1,
FG436-188802,IGA - Drake ES (SBHC UIC),Capital Funds,Capital Funds,Others,810,Capital Projects Fund,1,
FG495-000102,Alternative and Specialty Schools Support,Capital Funds,Capital Funds,Others,810,Capital Projects Fund,1,
FG495-000320,Beverage Vending Services,Capital Funds,Capital Funds,Others,810,Capital Projects Fund,1,
FG495-000388,Cellular Revenue,Capital Funds,Capital Funds,Others,810,Capital Projects Fund,1,
FG495-000575,Need-Based Flexible Funding,Capital Funds,Capital Funds,Others,810,Capital Projects Fund,1,
FG495-000901,Other Gen Ed Funded Programs,Capital Funds,Capital Funds,Others,810,Capital Projects Fund,1,
FG324-548054,Trio - Talent Search -  FG324-548054,Operating Funds,General Operating Funds,General Operating Funds,807,Other Grants,1,
FG324-442216,21st Century CLC - NEIU,Operating Funds,General Operating Funds,General Operating Funds,807,Other Grants,1,
FG436-379016,Illinois Dept of Commerce and Economic Opportunity,Capital Funds,Capital Funds,Others,810,Capital Projects Fund,1,
FG643,CIT Debt Service Reserve Fund,Operating Funds,NA,Debt-Service Funds,808,Debt Service Fund,0,
FG324-442126,21st Century Community Learning Centers1,Operating Funds,General Operating Funds,General Operating Funds,807,Other Grants,1,
FG436-379073,Energy Efficiency Ballasty Project-IDCEO,Capital Funds,Capital Funds,Others,810,Capital Projects Fund,1,
FG701-379015,Illinois Dept of Commerce and Economic Opportunity,Operating Funds,General Operating Funds,Others,,,1,
FG324-547515,Indian Elem/Sec. Assistance Prog.,Operating Funds,General Operating Funds,General Operating Funds,807,Other Grants,1,
FG324-442178,21st Century Community Learning Centers-(Cohort 15-Grant 7) FY18,Operating Funds,General Operating Funds,General Operating Funds,807,Other Grants,1,
FG324-442180,21st Century Community Learning Centers (Cohort 19-Grant 1) FY19,Operating Funds,General Operating Funds,General Operating Funds,807,Other Grants,1,
FG324-442183,21st Century Community Learning Centers (Cohort 19-Grant 4) FY19,Operating Funds,General Operating Funds,General Operating Funds,807,Other Grants,1,
FG324-442242,21st Century Community Learning Centers (Cohort 19-Grant 2),Operating Funds,General Operating Funds,General Operating Funds,807,Other Grants,1,
FG324-524018,Secondary Transitional Experience Program (STEP),Operating Funds,General Operating Funds,General Operating Funds,807,Other Grants,1,
FG324-524019,Secondary Transitional Experience Program (STEP),Operating Funds,General Operating Funds,General Operating Funds,807,Other Grants,1,
FG124-000921,New Schools for Chicago - Ramp Up,Operating Funds,General Operating Funds,General Operating Funds,801,School Generated,1,
FG324-580911,CPS Network Level Health Specialists,Operating Funds,General Operating Funds,General Operating Funds,807,Other Grants,1,
FG324-442248,21st Century Community Learning Centers  -  FG324-442248,Operating Funds,General Operating Funds,General Operating Funds,807,Other Grants,1,
FG110-000000,School Special Income Fund - Restricted Principal,Operating Funds,General Operating Funds,General Operating Funds,801,General Fund,1,
FG114-000000,Special Education Fund,Operating Funds,General Operating Funds,General Operating Funds,801,General Fund,1,
FG114-524017,Secondary Transitional Experience Program (STEP),Operating Funds,General Operating Funds,General Operating Funds,801,General Fund,1,
FG325-500757,WIA Youth Assistance Grant ARRA Chicago Ag. HS,Operating Funds,General Operating Funds,General Operating Funds,807,Other Grants,1,
FG325-542131,Teacher Incentive Fund - CPS TIF FY13,Operating Funds,General Operating Funds,General Operating Funds,807,Other Grants,1,
FG324-442278,21st Century Community Learning Centers (Cohort 19-Grant 2),Operating Funds,General Operating Funds,General Operating Funds,807,Other Grants,1,
FG324-442281,21st Century Community Learning Centers (Cohort 19-Grant 5),Operating Funds,General Operating Funds,General Operating Funds,807,Other Grants,1,
FG324-499981,International Baccalaureate,Operating Funds,General Operating Funds,General Operating Funds,807,Other Grants,1,
FG324-499982,Pathways For Success USC,Operating Funds,General Operating Funds,General Operating Funds,807,Other Grants,1,
FG324-500365,STARTALK - Arabic/Chinese,Operating Funds,General Operating Funds,General Operating Funds,807,Other Grants,1,
FG324-500367,STARTALK - Arabic/Chinese,Operating Funds,General Operating Funds,General Operating Funds,807,Other Grants,1,
FG115-000009,REACH Reassigned Teachers,Operating Funds,General Operating Funds,General Operating Funds,801,General Fund,1,
FG326-210120,Illinois Arts Council,Operating Funds,General Operating Funds,General Operating Funds,807,Other Grants,1,
FG324-442289,Title IV - 21st Century Comm Learning Centers F2,Operating Funds,General Operating Funds,General Operating Funds,807,Other Grants,1,
FG324-442293,21st Century Community Learning Centers -  FG324-442293,Operating Funds,General Operating Funds,General Operating Funds,807,Other Grants,1,
FG324-442296,21st Century Community Learning Centers - (Cohort 15-Grant 3) -  FG324-442296,Operating Funds,General Operating Funds,General Operating Funds,807,Other Grants,1,
FG324-524029,Secondary Transitional Experience Program (Step)  -  FG324-524029,Operating Funds,General Operating Funds,General Operating Funds,807,Other Grants,1,
FG324-529010,Preventing Truancy in Urban Schools FY11,Operating Funds,General Operating Funds,General Operating Funds,807,Other Grants,1,
FG115-000648,Per-Pupil Schools,Operating Funds,General Operating Funds,General Operating Funds,801,General Fund,1,
FG326-410009,CONTINGENCY FOR PROG EXPANSION,Operating Funds,General Operating Funds,General Operating Funds,807,Other Grants,1,
FG326-500001,Start on Success Program FY 16,Operating Funds,General Operating Funds,General Operating Funds,807,Other Grants,1,
FG324-442305,21st Century Community Learning Centers (Cohort 19-Grant 3) -  FG324-442305,Operating Funds,General Operating Funds,General Operating Funds,807,Other Grants,1,
FG324-442310,Title Iv - 21st Century Comm Learning Centers A2 -  FG324-442310,Operating Funds,General Operating Funds,General Operating Funds,807,Other Grants,1,
FG324-529013,Preventing Truancy in Urban Schools,Operating Funds,General Operating Funds,General Operating Funds,807,Other Grants,1,
FG115-004112,Arts Essentials FY 20,Operating Funds,General Operating Funds,General Operating Funds,801,General Fund,1,
FG115-004150,Arts Essential FY 23,Operating Funds,General Operating Funds,General Operating Funds,801,General Fund,1,
FG114-000390,Finger Printing (Charter),Operating Funds,General Operating Funds,General Operating Funds,801,General Fund,1,
FG326-500024,Chicago Alliance for Equity in Computer Includes Supplement- FG326-500024,Operating Funds,General Operating Funds,General Operating Funds,807,Other Grants,1,
FG124-000349,Data Research Program,Operating Funds,General Operating Funds,General Operating Funds,801,School Generated,1,
FG124-004142,Chicago Bears Sports Admin Simeon High School SCI- FG124-004142,Operating Funds,General Operating Funds,General Operating Funds,801,School Generated,1,
FG124-004148,Vocel Teacher Fellowship,Operating Funds,General Operating Funds,General Operating Funds,801,School Generated,1,
FG115-000033,Shared Services Citywide,Operating Funds,General Operating Funds,General Operating Funds,801,General Fund,1,
FG324-580122,Healthy Chicago Public Schools (Year 2),Operating Funds,General Operating Funds,General Operating Funds,807,Other Grants,1,
FG326-379007,Illinois Dept of Com. & Econ. Opportunity,Operating Funds,General Operating Funds,General Operating Funds,807,Other Grants,1,
FG324-442323,Title Iv - 21st Century Comm Learning Centers B2  -  FG324-442323,Operating Funds,General Operating Funds,General Operating Funds,807,Other Grants,1,
FG324-442298,21st Century Community Learning Centers - (Cohort 15-Grant 5) -  FG324-442298,Operating Funds,General Operating Funds,General Operating Funds,807,Other Grants,1,
FG124-004152,Bears Care,Operating Funds,General Operating Funds,General Operating Funds,801,School Generated,1,
FG124-004155,Hope Chicago Event Coverage,Operating Funds,General Operating Funds,General Operating Funds,801,School Generated,1,
FG124-070083,Museum of Science and Industry - Substitutes,Operating Funds,General Operating Funds,General Operating Funds,801,School Generated,1,
FG115-000903,Network Supports,Operating Funds,General Operating Funds,General Operating Funds,801,General Fund,1,
FG115-000703,Supplemental General State Aid (SGSA),Operating Funds,General Operating Funds,General Operating Funds,801,General Fund,1,
FG326-442239,NEIU 21st CCLC Summer Programming -  FG326-442239,Operating Funds,General Operating Funds,General Operating Funds,807,Other Grants,1,
FG124-070147,CFF - JCCC Foundation,Operating Funds,General Operating Funds,General Operating Funds,801,School Generated,1,
FG124-004158,Comed P-Tech Partnership,Operating Funds,General Operating Funds,General Operating Funds,801,School Generated,1,
FG124-070086,Midwest Dairy Council - Substitutes,Operating Funds,General Operating Funds,General Operating Funds,801,School Generated,1,
FG115-005059,FY 14 School Actions,Operating Funds,General Operating Funds,General Operating Funds,801,General Fund,1,
FG115-000093,TIF - Art/PE,Operating Funds,General Operating Funds,General Operating Funds,801,General Fund,1,
FG326-472015,Perkins Leaderhip - High Schools That Work,Operating Funds,General Operating Funds,General Operating Funds,807,Other Grants,1,
FG326-472019,Perkins Leadership - High Schools That Work,Operating Funds,General Operating Funds,General Operating Funds,807,Other Grants,1,
FG324-442346,21st CCL Centers Cohort Project A1,Operating Funds,General Operating Funds,General Operating Funds,807,Other Grants,1,
FG324-442349,Title IV - 21st Century Comm Learning Centers A5,Operating Funds,General Operating Funds,General Operating Funds,807,Other Grants,1,
FG324-442329,Title IV - 21st Century Comm Learning Centers B3  -  FG324-442329,Operating Funds,General Operating Funds,General Operating Funds,807,Other Grants,1,
FG115-000102,Alternative and Specialty Schools Support,Operating Funds,General Operating Funds,General Operating Funds,801,General Fund,1,
FG115-000107,Summer Office Support,Operating Funds,General Operating Funds,General Operating Funds,801,General Fund,1,
FG326-442223,21st Century CLC - NEIU FY18,Operating Funds,General Operating Funds,General Operating Funds,807,Other Grants,1,
FG326-399986,Advanced Placement FY17,Operating Funds,General Operating Funds,General Operating Funds,807,Other Grants,1,
FG324-490010,Chicago Schools Readiness Project (CSRP) FY12,Operating Funds,General Operating Funds,General Operating Funds,807,Other Grants,1,
FG324-491520,IDHS-Transition Specialist Program,Operating Funds,General Operating Funds,General Operating Funds,807,Other Grants,1,
FG324-492115,Homeless Education Prog.,Operating Funds,General Operating Funds,General Operating Funds,807,Other Grants,1,
FG124-000365,Head Start Cares,Operating Funds,General Operating Funds,General Operating Funds,801,School Generated,1,
FG124-000374,CFF-CTE Harbour Freight Construction,Operating Funds,General Operating Funds,General Operating Funds,801,School Generated,1,
FG115-000932,Mayor's Summer Program,Operating Funds,General Operating Funds,General Operating Funds,801,General Fund,1,
FG326-399995,Advanced Placement FY19,Operating Funds,General Operating Funds,General Operating Funds,807,Other Grants,1,
FG324-492123,Homeless Education Prog. FY19,Operating Funds,General Operating Funds,General Operating Funds,807,Other Grants,1,
FG324-494033,Title IIA - Teacher Quality,Operating Funds,General Operating Funds,General Operating Funds,807,Other Grants,1,
FG124-000377,CFF-Zeisler Family Foundation Donation,Operating Funds,General Operating Funds,General Operating Funds,801,School Generated,1,
FG326-490416,Advanced Placement,Operating Funds,General Operating Funds,General Operating Funds,807,Other Grants,1,
FG324-580203,Healthy Chicago Public Schools- YRBS 262006,Operating Funds,General Operating Funds,General Operating Funds,807,Other Grants,1,
FG324-517501,Chicago Teen Pregnancy Prevention Initiative,Operating Funds,General Operating Funds,General Operating Funds,807,Other Grants,1,
FG324-517503,Chicago Teen Pregnancy Prevention Initiative,Operating Funds,General Operating Funds,General Operating Funds,807,Other Grants,1,
FG124-000398,CS4All - CME Group Foundation,Operating Funds,General Operating Funds,General Operating Funds,801,School Generated,1,
FG324-580206,Healthy Chicago Public Schools - HIV/STD Prevention Init 221077,Operating Funds,General Operating Funds,General Operating Funds,807,Other Grants,1,
FG324-499935,Preschool Expansion Grant FY 15,Operating Funds,General Operating Funds,General Operating Funds,807,Other Grants,1,
FG124-000638,Student Enterprise Program,Operating Funds,General Operating Funds,General Operating Funds,801,School Generated,1,
FG124-004168,Chicago Event Management - Chicago Military Academy H.S.,Operating Funds,General Operating Funds,General Operating Funds,801,School Generated,1,
FG124-070170,All City Festival,Operating Funds,General Operating Funds,General Operating Funds,801,School Generated,1,
FG324-550029,Il For Arts And Stem Education - 0202,Operating Funds,General Operating Funds,General Operating Funds,807,Other Grants,1,
FG324-580232,CDC DASH Mental Health Supplement Year 1 Continuation,Operating Funds,General Operating Funds,General Operating Funds,807,Other Grants,1,
FG324-499959,International Baccalaureate,Operating Funds,General Operating Funds,General Operating Funds,807,Other Grants,1,
FG324-492113,Homeless Education Prog.,Operating Funds,General Operating Funds,General Operating Funds,807,Other Grants,1,
FG124-004172,Peoples Gas Utility Training Program - Summer Internship,Operating Funds,General Operating Funds,General Operating Funds,801,School Generated,1,
FG124-004178,McDonald's - McTeacher's Night - J. Shields E.S.,Operating Funds,General Operating Funds,General Operating Funds,801,School Generated,1,
FG124-004181,Teach Plus School Grant Funds,Operating Funds,General Operating Funds,General Operating Funds,801,School Generated,1,
FG324-580242,Promoting Adolescent Health through School-Based HIV Prevention,Operating Funds,General Operating Funds,General Operating Funds,807,Other Grants,1,
FG324-580212,Healthy Chicago Public Schools-YRBS 262006 FY18,Operating Funds,General Operating Funds,General Operating Funds,807,Other Grants,1,
FG324-500277,Teachers Lead Chicago -Y1 -  FG324-500277,Operating Funds,General Operating Funds,General Operating Funds,807,Other Grants,1,
FG124-070162,Whole Kids Foundation,Operating Funds,General Operating Funds,General Operating Funds,801,School Generated,1,
FG324-524015,Secondary Trans. Exp. Prog. (STEP),Operating Funds,General Operating Funds,General Operating Funds,807,Other Grants,1,
FG324-499965,21st Cntry. Comm. Lrn. Ctr.-Mexican Fine Arts,Operating Funds,General Operating Funds,General Operating Funds,807,Other Grants,1,
FG324-499973,International Baccalaureate,Operating Funds,General Operating Funds,General Operating Funds,807,Other Grants,1,
FG324-500313,Magnet Schools Assistance Program (CPSMSAP) FY22,Operating Funds,General Operating Funds,General Operating Funds,807,Other Grants,1,
FG124-007111,LISC ELEV 8 Schools,Operating Funds,General Operating Funds,General Operating Funds,801,School Generated,1,
FG354-497126,Title IID - Formula Nonpublic Schools,Operating Funds,General Operating Funds,General Operating Funds,805,NCLB Federal,1,
FG356-494045,Title IIA,Operating Funds,General Operating Funds,General Operating Funds,805,NCLB Federal,1,
FG356-499859,Elevating Educators - Bilingual Educator Credentials,Operating Funds,General Operating Funds,General Operating Funds,805,NCLB Federal,1,
FG362-376660,State Preschool for All Age 0-3 Community Partnerships,Operating Funds,General Operating Funds,General Operating Funds,807,Other Grants,1,
FG324-188842,IGA Safe Passage FY24,Operating Funds,General Operating Funds,General Operating Funds,807,Other Grants,1,
FG362-376674,State Preschool for All Age 3-5 Extended Supports FY20,Operating Funds,General Operating Funds,General Operating Funds,807,Other Grants,1,
FG362-376666,State Preschool for All Age 0-3 Community Partnerships FY18,Operating Funds,General Operating Funds,General Operating Funds,807,Other Grants,1,
FG331,Federal Title I - 2009 Stimulus (ARRA),Operating Funds,NA,General Operating Funds,805,NCLB Federal,0,
FG324-199919,JROTC Parade Program,Operating Funds,General Operating Funds,General Operating Funds,807,Other Grants,1,
FG324-365104,National Board Certification Initiatives,Operating Funds,General Operating Funds,General Operating Funds,807,Other Grants,1,
FG324-366605,Illinois Tobacco-Free Comm Prg.,Operating Funds,General Operating Funds,General Operating Funds,807,Other Grants,1,
FG324-369616,Regional Safe Schools,Operating Funds,General Operating Funds,General Operating Funds,807,Other Grants,1,
FG324-369617,Regional Safe Schools,Operating Funds,General Operating Funds,General Operating Funds,807,Other Grants,1,
FG324-369618,Regional Safe Schools,Operating Funds,General Operating Funds,General Operating Funds,807,Other Grants,1,
FG324-369621,Regional Safe Schools FY18,Operating Funds,General Operating Funds,General Operating Funds,807,Other Grants,1,
FG362-376678,State Preschool for All Age 3-5 Community Partnerships,Operating Funds,General Operating Funds,General Operating Funds,807,Other Grants,1,
FG362-376679,State Preschool for All Age 3-5 Extended Supports,Operating Funds,General Operating Funds,General Operating Funds,807,Other Grants,1,
FG331-430095,NonPublic Instr and Support Services Catholic ARRA,Operating Funds,General Operating Funds,General Operating Funds,805,NCLB Federal,1,
FG324-399938,TEACHER MENTORING & MENTORING PILOT PROGRAM AREA 14 FY 2009,Operating Funds,General Operating Funds,General Operating Funds,807,Other Grants,1,
FG353-494021,Title IIA - Teacher Quality,Operating Funds,General Operating Funds,General Operating Funds,805,NCLB Federal,1,
FG332-430107,Nonpublic Inst. & Supp. Serv. - Catholic,Operating Funds,General Operating Funds,General Operating Funds,805,NCLB Federal,1,
FG220-463030,IDEA - Flex Service Delivery,Operating Funds,General Operating Funds,General Operating Funds,807,Other Grants,1,
FG336-521812,US Department of Justice Grant - CPS,Operating Funds,General Operating Funds,General Operating Funds,805,NCLB Federal,1,
FG362-210034,IGA Early Learning Investment Program - City FY20,Operating Funds,General Operating Funds,General Operating Funds,807,Other Grants,1,
FG362-210035,IGA Early Learning Investment Prog- City FY21,Operating Funds,General Operating Funds,General Operating Funds,807,Other Grants,1,
FG332-430237,Nonpublic Inst. & Supp. Serv. - Christian,Operating Funds,General Operating Funds,General Operating Funds,805,NCLB Federal,1,
FG353-494085,Title IIA - Reduced Class Size -  FG353-494085,Operating Funds,General Operating Funds,General Operating Funds,805,NCLB Federal,1,
FG353-494086,Title IIA - Professional Development -  FG353-494086,Operating Funds,General Operating Funds,General Operating Funds,805,NCLB Federal,1,
FG353-494088,Title IIA Teacher Quality,Operating Funds,General Operating Funds,General Operating Funds,805,NCLB Federal,1,
FG362-376630,PEG/PFA Tracking,Operating Funds,General Operating Funds,General Operating Funds,807,Other Grants,1,
FG353-494030,Title IIA - Archdiocese of Chgo. Suppl. Servc.,Operating Funds,General Operating Funds,General Operating Funds,805,NCLB Federal,1,
FG332-430241,Title I - Child Parent Centers,Operating Funds,General Operating Funds,General Operating Funds,805,NCLB Federal,1,
FG331-430100,Supplementary ARRA,Operating Funds,General Operating Funds,General Operating Funds,805,NCLB Federal,1,
FG331-430101,Discretionary ARRA,Operating Funds,General Operating Funds,General Operating Funds,805,NCLB Federal,1,
FG220-463515,Corey H. Training & Tech.,Operating Funds,General Operating Funds,General Operating Funds,807,Other Grants,1,
FG353-494092,Title IIA - Professional Development,Operating Funds,General Operating Funds,General Operating Funds,805,NCLB Federal,1,
FG358-440046,Title IV  Part A,Operating Funds,General Operating Funds,General Operating Funds,805,NCLB Federal,1,
FG356-376723,Bilingual Ed - TBE/TPI (Per Pupil),Operating Funds,General Operating Funds,General Operating Funds,805,NCLB Federal,1,
FG356-490912,Title III - Language Acquisition,Operating Funds,General Operating Funds,General Operating Funds,805,NCLB Federal,1,
FG332-430111,Nonpublic Inst. & Supp. Serv. - Jewish,Operating Funds,General Operating Funds,General Operating Funds,805,NCLB Federal,1,
FG332-430113,Discretionary,Operating Funds,General Operating Funds,General Operating Funds,805,NCLB Federal,1,
FG225-512010,Comprehensive Anti-Gang Initiative,Operating Funds,General Operating Funds,General Operating Funds,804,School Generated,1,
FG312-000325,Student Record Revenue,Operating Funds,General Operating Funds,General Operating Funds,806,Lunchroom,1,
FG312-336001,State Free Lunch & Breakfast - FY18,Operating Funds,General Operating Funds,General Operating Funds,806,Lunchroom,1,
FG332-430183,Title I - School Improvement Priority Initiative,Operating Funds,General Operating Funds,General Operating Funds,805,NCLB Federal,1,
FG332-430185,Title 1 - School Discretionary,Operating Funds,General Operating Funds,General Operating Funds,805,NCLB Federal,1,
FG312-410008,CONTINGENCY FOR PROJECT EXPAN,Operating Funds,General Operating Funds,General Operating Funds,806,Lunchroom,1,
FG312-421008,Supply Chain Assistance,Operating Funds,General Operating Funds,General Operating Funds,806,Lunchroom,1,
FG312-422001,Lunchroom Breakfast Program,Operating Funds,General Operating Funds,General Operating Funds,806,Lunchroom,1,
FG336-581044,CPS Community Schools Initiative,Operating Funds,General Operating Funds,General Operating Funds,805,NCLB Federal,1,
FG353-494097,Title IIA - Reduced Class Size -  FG353-494097,Operating Funds,General Operating Funds,General Operating Funds,805,NCLB Federal,1,
FG353-494098,Title IIA Teacher Quality  -  FG353-494098,Operating Funds,General Operating Funds,General Operating Funds,805,NCLB Federal,1,
FG353-494049,Title IIA - Teacher Quality,Operating Funds,General Operating Funds,General Operating Funds,805,NCLB Federal,1,
FG332-430191,Title 1 - District Initiatives,Operating Funds,General Operating Funds,General Operating Funds,805,NCLB Federal,1,
FG312-422505,Summer Food Service Program  -  FG312-422505,Operating Funds,General Operating Funds,General Operating Funds,806,Lunchroom,1,
FG312-000037,Lunchroom Payment,Operating Funds,General Operating Funds,General Operating Funds,806,Lunchroom,1,
FG353-494055,Title IIA - Archdiocese of Chgo. Suppl. Servc,Operating Funds,General Operating Funds,General Operating Funds,805,NCLB Federal,1,
FG332-430257,Title I - Child Parent Centers,Operating Funds,General Operating Funds,General Operating Funds,805,NCLB Federal,1,
FG312-421007,Local Food for Schools,Operating Funds,General Operating Funds,General Operating Funds,806,Lunchroom,1,
FG336-581045,CPS Community Schools Initiative -  FG336-581045,Operating Funds,General Operating Funds,General Operating Funds,805,NCLB Federal,1,
FG353-000108,Sick and Vacation Termination Payout - TCH,Operating Funds,General Operating Funds,General Operating Funds,805,NCLB Federal,1,
FG356-490933,Title III - Language Acquisition,Operating Funds,General Operating Funds,General Operating Funds,805,NCLB Federal,1,
FG356-490934,Title III - Lmtd. Eng. Prf. - Nonpublic,Operating Funds,General Operating Funds,General Operating Funds,805,NCLB Federal,1,
FG362-376652,State Preschool for All Age 3-5 Community Partnerships,Operating Funds,General Operating Funds,General Operating Funds,807,Other Grants,1,
FG332-430124,Nonpublic Inst. & Supp. Serv. - Jewish,Operating Funds,General Operating Funds,General Operating Funds,805,NCLB Federal,1,
FG332-430127,NCLB - Choice Schools / SES,Operating Funds,General Operating Funds,General Operating Funds,805,NCLB Federal,1,
FG332-430129,NCLB - After School Programs,Operating Funds,General Operating Funds,General Operating Funds,805,NCLB Federal,1,
FG332-430130,Public Instruction & Support Services,Operating Funds,General Operating Funds,General Operating Funds,805,NCLB Federal,1,
FG324-100107,Out-of-School-Time Awards,Operating Funds,General Operating Funds,General Operating Funds,807,Other Grants,1,
FG324-100114,US Department of Education - Career Z Challenge Prize Pool,Operating Funds,General Operating Funds,General Operating Funds,807,Other Grants,1,
FG353-041008,Contingency for Grant Expansion,Operating Funds,General Operating Funds,General Operating Funds,805,NCLB Federal,1,
FG353-494805,Title II - Tier I Support,Operating Funds,General Operating Funds,General Operating Funds,805,NCLB Federal,1,
FG353-528411,Highly Effective Teachers / SEED,Operating Funds,General Operating Funds,General Operating Funds,805,NCLB Federal,1,
FG353-528413,Highly Effective Teachers / SEED -  FG353-528413,Operating Funds,General Operating Funds,General Operating Funds,805,NCLB Federal,1,
FG353-494063,Title IIA - Archdiocese of Chgo. Suppl. Servc.,Operating Funds,General Operating Funds,General Operating Funds,805,NCLB Federal,1,
FG332-430199,Title I - School Improvement Priority Initiative,Operating Funds,General Operating Funds,General Operating Funds,805,NCLB Federal,1,
FG324-100117,US Department Of Edu.- Career Z Challenge Prize Pool,Operating Funds,General Operating Funds,General Operating Funds,807,Other Grants,1,
FG358-509195,TIERSS,Operating Funds,General Operating Funds,General Operating Funds,805,NCLB Federal,1,
FG358-509199,SDFS Project Serv (School Emergency Response to Violence),Operating Funds,General Operating Funds,General Operating Funds,805,NCLB Federal,1,
FG358-509204,Developing School Nursing Pipeline for Consistent Care (DSNPCC),Operating Funds,General Operating Funds,General Operating Funds,805,NCLB Federal,1,
FG353-494064,Title IIA - Other Private Supplementary Servc.,Operating Funds,General Operating Funds,General Operating Funds,805,NCLB Federal,1,
FG353-494068,Title IIA - Other Private Supplementary Servc.,Operating Funds,General Operating Funds,General Operating Funds,805,NCLB Federal,1,
FG324-100398,Chicago Police and Fire Academy Training Program,Operating Funds,General Operating Funds,General Operating Funds,807,Other Grants,1,
FG353-410010,Contingency for Program Expansion,Operating Funds,General Operating Funds,General Operating Funds,805,NCLB Federal,1,
FG353-430101,Discretionary ARRA,Operating Funds,General Operating Funds,General Operating Funds,805,NCLB Federal,1,
FG353-430147,Title I,Operating Funds,General Operating Funds,General Operating Funds,805,NCLB Federal,1,
FG356-490950,Title III - Language Acquisition -  FG356-490950,Operating Funds,General Operating Funds,General Operating Funds,805,NCLB Federal,1,
FG362-460801,Midwest Expansion of CPC Prog (U Minn/USDE),Operating Funds,General Operating Funds,General Operating Funds,807,Other Grants,1,
FG362-460802,Midwest Expan of CPC Prog (U Minn/USDE Yr 2),Operating Funds,General Operating Funds,General Operating Funds,807,Other Grants,1,
FG362-460803,Midwest Expan of CPC Prog (U Minn/USDE Yr 3),Operating Funds,General Operating Funds,General Operating Funds,807,Other Grants,1,
FG332-430000,Title I - District Initiatives - SIS,Operating Funds,General Operating Funds,General Operating Funds,805,NCLB Federal,1,
FG324-100403,CDPH/CPS School-Based Vision Program,Operating Funds,General Operating Funds,General Operating Funds,807,Other Grants,1,
FG324-100411,CDPH/CPS School-Based Vision Program Iga,Operating Funds,General Operating Funds,General Operating Funds,807,Other Grants,1,
FG353-430295,Title I - School Discretionary,Operating Funds,General Operating Funds,General Operating Funds,805,NCLB Federal,1,
FG354-399976,Instructional Technology Center (Hub 7),Operating Funds,General Operating Funds,General Operating Funds,805,NCLB Federal,1,
FG362-500684,Early Reading First,Operating Funds,General Operating Funds,General Operating Funds,807,Other Grants,1,
FG332-430023,IASA Title 1-Public Instr. & Support Services,Operating Funds,General Operating Funds,General Operating Funds,805,NCLB Federal,1,
FG332-430144,Title I - Nonpublic Instruction & Support Services - Christian,Operating Funds,General Operating Funds,General Operating Funds,805,NCLB Federal,1,
FG324-188822,After School Program - Spring and Summer Break Programs IGA FY19,Operating Funds,General Operating Funds,General Operating Funds,807,Other Grants,1,
FG324-188826,IGA Safe Passage Program 2020- FG324-188826,Operating Funds,General Operating Funds,General Operating Funds,807,Other Grants,1,
FG362-210016,City Year Expansion Project FY 15,Operating Funds,General Operating Funds,General Operating Funds,807,Other Grants,1,
FG353-494079,Title IIA - Reduced Class Size,Operating Funds,General Operating Funds,General Operating Funds,805,NCLB Federal,1,
FG353-494081,Title II - Supplementary,Operating Funds,General Operating Funds,General Operating Funds,805,NCLB Federal,1,
FG356-490957,Title III - Language Acquisition  -  FG356-490957,Operating Funds,General Operating Funds,General Operating Funds,805,NCLB Federal,1,
FG324-399823,Other States Program - SEL Hubs (25-3999-SE),Operating Funds,General Operating Funds,General Operating Funds,807,Other Grants,1,
FG230-000888,Operations - Custodians,Operating Funds,General Operating Funds,General Operating Funds,809,General Fund,1,
FG230-000901,Other Gen Ed Funded Programs,Operating Funds,General Operating Funds,General Operating Funds,809,General Fund,1,
FG701-500360,STARTALK - Chinese Language Program,Operating Funds,General Operating Funds,Others,,,1,
FG701-547516,Indian Elem/Sec. Assistance Prog.,Operating Funds,General Operating Funds,Others,,,1,
FG124-071976,Ingenuity - Arts Content Framework,Operating Funds,General Operating Funds,General Operating Funds,801,School Generated,1,
FG369-322033,Career & Technical Educ. Improvement Grant (Ctei),Operating Funds,General Operating Funds,General Operating Funds,807,Other Grants,1,
FG332-430059,Mandated Parent Involvement,Operating Funds,General Operating Funds,General Operating Funds,805,NCLB Federal,1,
FG332-430078,Supplementary,Operating Funds,General Operating Funds,General Operating Funds,805,NCLB Federal,1,
FG332-430081,Mandated Parent Involvement,Operating Funds,General Operating Funds,General Operating Funds,805,NCLB Federal,1,
FG332-430083,Public Inst. & Support Services,Operating Funds,General Operating Funds,General Operating Funds,805,NCLB Federal,1,
FG799-300055,Teacher Leadership for Elementary Mathematics and Science (TeLEMS,Operating Funds,General Operating Funds,Others,,,1,
FG799-337101,Driver's Education,Operating Funds,General Operating Funds,Others,,,1,
FG619-600017,CIT Series 2017,Operating Funds,Debt-Service Funds,Debt-Service Funds,808,Debt Service Fund,1,
FG621-000000,Unlimited Tax GO Series 2017A,Operating Funds,Debt-Service Funds,Debt-Service Funds,808,Debt Service Fund,1,
FG332-430154,Title 1 - School Discretionary,Operating Funds,General Operating Funds,General Operating Funds,805,NCLB Federal,1,
FG332-430155,Nonpublic Inst. & Supp. Serv. - Catholic,Operating Funds,General Operating Funds,General Operating Funds,805,NCLB Federal,1,
FG701-500365,STARTALK - Arabic/Chinese,Operating Funds,General Operating Funds,Others,,,1,
FG124-070931,2021-2022 NCTRs Black Educators Initiative (BEI),Operating Funds,General Operating Funds,General Operating Funds,801,School Generated,1,
FG124-070934,CPEF SLI Moving Forward Together Studio Stipend,Operating Funds,General Operating Funds,General Operating Funds,801,School Generated,1,
FG369-474547,Program Innovation-C. Perkins,Operating Funds,General Operating Funds,General Operating Funds,807,Other Grants,1,
FG332-430221,Nonpublic Inst. & Supp. Serv. - Christian,Operating Funds,General Operating Funds,General Operating Funds,805,NCLB Federal,1,
FG332-430225,Title I - Child Parent Centers,Operating Funds,General Operating Funds,General Operating Funds,805,NCLB Federal,1,
FG332-430228,Title I - ESSA - Summer Learning Initiative,Operating Funds,General Operating Funds,General Operating Funds,805,NCLB Federal,1,
FG701-548021,Track 2 CS10K-Accelerate ECS4ALL,Operating Funds,General Operating Funds,Others,,,1,
FG701-548025,Track 2 CS10K: Accelerate ECS4ALL FY20,Operating Funds,General Operating Funds,Others,,,1,
FG701-548042,Trio - Talent Search,Operating Funds,General Operating Funds,Others,,,1,
FG230-590003,Non E-Rate,Operating Funds,General Operating Funds,General Operating Funds,809,General Fund,1,
FG030,BOND AND INTEREST,Operating Funds,NA,Others,,,0,
FG369-474550,Program Innovation-C.Perkins,Operating Funds,General Operating Funds,General Operating Funds,807,Other Grants,1,
FG369-474552,Special Student Needs-C.Perkins,Operating Funds,General Operating Funds,General Operating Funds,807,Other Grants,1,
FG701-548053,Teacher Quality Partnership: Pre-Service Teaching Equity Project,Operating Funds,General Operating Funds,Others,,,1,
FG124-070807,Midwest Expansion of CPC Prog (Target Yr 2),Operating Funds,General Operating Funds,General Operating Funds,801,School Generated,1,
FG324-550013,IL for Arts and STEM Education- Grant 6- FG324-550013,Operating Funds,General Operating Funds,General Operating Funds,807,Other Grants,1,
FG324-550017,IL for Arts and STEM Education- Grant 2- FG324-550017,Operating Funds,General Operating Funds,General Operating Funds,807,Other Grants,1,
FG369-474553,Program Innovation-C. Perkins,Operating Funds,General Operating Funds,General Operating Funds,807,Other Grants,1,
FG369-474558,Special Student Needs - C. Perkins,Operating Funds,General Operating Funds,General Operating Funds,807,Other Grants,1,
FG701-511341,Broadening Advanced Technological Education Connections (BATEC),Operating Funds,General Operating Funds,Others,,,1,
FG701-517507,Teen Pregnancy Prevention Grant (MICAH) FY18,Operating Funds,General Operating Funds,Others,,,1,
FG124-070948,CPEF Professional Learning Communities (PLC) Stipends- FG124-070948,Operating Funds,General Operating Funds,General Operating Funds,801,School Generated,1,
FG124-070954,Learn Fresh - West Park Steam Academy,Operating Funds,General Operating Funds,General Operating Funds,801,School Generated,1,
FG370-499828,GEER II- Jump Start to Kindergarten 22-4998-JK- FG370-499828,Operating Funds,General Operating Funds,General Operating Funds,807,Other Grants,1,
FG602,COP - Debt Services,Operating Funds,NA,Debt-Service Funds,808,Debt Service Fund,0,
FG602-000000,COP - Debt Services,Operating Funds,Debt-Service Funds,Debt-Service Funds,808,Debt Service Fund,1,
FG124-070967,No Kid Hungry - SOS SY23,Operating Funds,General Operating Funds,General Operating Funds,801,School Generated,1,
FG367-435001,SIG - Bogan,Operating Funds,General Operating Funds,General Operating Funds,807,Other Grants,1,
FG367-435004,SIG - CVCA,Operating Funds,General Operating Funds,General Operating Funds,807,Other Grants,1,
FG367-435005,SIG - Al Raby,Operating Funds,General Operating Funds,General Operating Funds,807,Other Grants,1,
FG369-474565,Special Student Needs-C. Perkins FY18,Operating Funds,General Operating Funds,General Operating Funds,807,Other Grants,1,
FG369-474569,Special Student Needs-C. Perkins  -  FG369-474569,Operating Funds,General Operating Funds,General Operating Funds,807,Other Grants,1,
FG369-474573,Special Student Needs-C. Perkins,Operating Funds,General Operating Funds,General Operating Funds,807,Other Grants,1,
FG369-500277,Teachers Lead Chicago Year 3,Operating Funds,General Operating Funds,General Operating Funds,807,Other Grants,1,
FG370,Elementary and Secondary School Relief,Operating Funds,NA,General Operating Funds,807,Other Grants,0,
FG701-524018,Secondary Transitional Experience Program (STEP),Operating Funds,General Operating Funds,Others,,,1,
FG799-422001,Lunchroom Breakfast Program,Operating Funds,General Operating Funds,Others,,,1,
FG124-905001,Education Pioneers (EP) Fellow,Operating Funds,General Operating Funds,General Operating Funds,801,School Generated,1,
FG370-499842,ARP IDEA Flow Through,Operating Funds,General Operating Funds,General Operating Funds,807,Other Grants,1,
FG370-499844,ESSER III- Charter Operational,Operating Funds,General Operating Funds,General Operating Funds,807,Other Grants,1,
FG367-435012,SIG - Bowen,Operating Funds,General Operating Funds,General Operating Funds,807,Other Grants,1,
FG367-435013,SIG - Clemente,Operating Funds,General Operating Funds,General Operating Funds,807,Other Grants,1,
FG367-435016,SIG - District,Operating Funds,General Operating Funds,General Operating Funds,807,Other Grants,1,
FG608-000000,CIP Bonds Of 1997 - Debt Services,Operating Funds,Debt-Service Funds,Debt-Service Funds,808,Debt Service Fund,1,
FG609,QZAB Series 1998,Operating Funds,NA,Debt-Service Funds,808,Debt Service Fund,0,
FG609-000000,QZAB Series 1998,Operating Funds,Debt-Service Funds,Debt-Service Funds,808,Debt Service Fund,1,
FG610-000000,CIP Bonds Of 1997A - Debt Services,Operating Funds,Debt-Service Funds,Debt-Service Funds,808,Debt Service Fund,1,
FG613-000000,CIP Series 2015E,Operating Funds,Debt-Service Funds,Debt-Service Funds,808,Debt Service Fund,1,
FG799-433921,School Improvement Grant Marshall High School,Operating Funds,General Operating Funds,Others,,,1,
FG124-070977,Susie Films LLC -Louisa May Alcott College,Operating Funds,General Operating Funds,General Operating Funds,801,School Generated,1,
FG124-070982,MSI Schools Partner Program,Operating Funds,General Operating Funds,General Operating Funds,801,School Generated,1,
FG370-421003,National School Lunch Program-SN 21-4210-SN,Operating Funds,General Operating Funds,General Operating Funds,807,Other Grants,1,
FG370-430282,Title I - School Discretionary,Operating Funds,General Operating Funds,General Operating Funds,807,Other Grants,1,
FG324-550018,IL for Arts and STEM Education- Grant 1- FG324-550018,Operating Funds,General Operating Funds,General Operating Funds,807,Other Grants,1,
FG701-500036,Project Cultivate,Operating Funds,General Operating Funds,Others,,,1,
FG124-072000,Creative Schools Fund - Ingenuity FY 16,Operating Funds,General Operating Funds,General Operating Funds,801,School Generated,1,
FG370-499853,New Principal Mentoring 23-4998-PM -  FG370-499853,Operating Funds,General Operating Funds,General Operating Funds,807,Other Grants,1,
FG370-499854,ARP - Community Partnership 23-4998-CP -  FG370-499854,Operating Funds,General Operating Funds,General Operating Funds,807,Other Grants,1,
FG370-499856,Freedom Schools Grant 4998-FS -  FG370-499856,Operating Funds,General Operating Funds,General Operating Funds,807,Other Grants,1,
FG367-435028,SIG - Bronzeville - (Cohort 4),Operating Funds,General Operating Funds,General Operating Funds,807,Other Grants,1,
FG701-528412,Highly Effective Teachers / SEED,Operating Funds,General Operating Funds,Others,,,1,
FG701-529015,Preventing Truancy in Urban Schools,Operating Funds,General Operating Funds,Others,,,1,
FG701-582040,Transition to Teaching (T Sped),Operating Funds,General Operating Funds,Others,,,1,
FG124-905036,CFF - Curie HS On the Block Program- FG124-905036,Operating Funds,General Operating Funds,General Operating Funds,801,School Generated,1,
FG367-435037,SIG Al Raby - (Cohort 3),Operating Funds,General Operating Funds,General Operating Funds,807,Other Grants,1,
FG370-499858,ARP-Social Emotional Learning and Trauma Response FY23,Operating Funds,General Operating Funds,General Operating Funds,807,Other Grants,1,
FG370-499864,Stronger Connections Grant 4998-4S,Operating Funds,General Operating Funds,General Operating Funds,807,Other Grants,1,
FG370-442309,New FG from PSFT Needs Alias Update,Operating Funds,General Operating Funds,General Operating Funds,807,Other Grants,1,
FG701-904003,Citywide Miscellaneous,Operating Funds,General Operating Funds,Others,,,1,
FG701-905042,CFF - SocialWorks New Chance Advanced Literacy and Travel Funds,Operating Funds,General Operating Funds,Others,,,1,
FG124-070995,County of Lake School Dist 121-Warren Township H.S.,Operating Funds,General Operating Funds,General Operating Funds,801,School Generated,1,
FG370-499865,New Principal Mentoring 23-4998-PM,Operating Funds,General Operating Funds,General Operating Funds,807,Other Grants,1,
FG369,Title I - School Improvement Carl Perkins,Operating Funds,NA,General Operating Funds,807,Other Grants,0,
FG367-434004,SIG Transformation FY11 - Kelvyn Park HS,Operating Funds,General Operating Funds,General Operating Funds,807,Other Grants,1,
FG701-500047,Collaborative Research: Adapting and Implementing a Geospatial HS,Operating Funds,General Operating Funds,Others,,,1,
FG124-145300,Summer School Personnel,Operating Funds,General Operating Funds,General Operating Funds,801,School Generated,1,
FG124-322037,Career and Technical Educ. Improvement Grant (CTEI),Operating Funds,General Operating Funds,General Operating Funds,801,School Generated,1,
FG124-410009,CONTINGENCY FOR PROG EXPANSION,Operating Funds,General Operating Funds,General Operating Funds,801,School Generated,1,
FG369-000000,Title I - School Improvement Carl Perkins,Operating Funds,General Operating Funds,General Operating Funds,807,Other Grants,1,
FG369-041008,Contingency for Grant Expansion,Operating Funds,General Operating Funds,General Operating Funds,807,Other Grants,1,
FG370-580226,Choose to Change (CRF),Operating Funds,General Operating Funds,General Operating Funds,807,Other Grants,1,
FG370-499805,ESSER - Nonpublic Ins & Supp Serv - Christian,Operating Funds,General Operating Funds,General Operating Funds,807,Other Grants,1,
FG367-434009,SIG Transformation FY11 - District,Operating Funds,General Operating Funds,General Operating Funds,807,Other Grants,1,
FG701-532014,Accelerated STEM Program of Study and Leadership Development,Operating Funds,General Operating Funds,Others,,,1,
FG124-905019,CFF - Stean Family Foundation (Webster),Operating Funds,General Operating Funds,General Operating Funds,801,School Generated,1,
FG370-580255,Cdc Public Health Crisis Emergency Response,Operating Funds,General Operating Funds,General Operating Funds,807,Other Grants,1,
FG020,OPERATIONS AND MAINTENANCE,Operating Funds,NA,Others,,,0,
FG230-000000,Public Building Commission O & M,Operating Funds,General Operating Funds,General Operating Funds,809,General Fund,1,
FG799-433951,School Improvement Grant Phillips HS,Operating Funds,General Operating Funds,Others,,,1,
FG799-442123,21st Century Community Learning Centers1,Operating Funds,General Operating Funds,Others,,,1,
FG799-472015,Perkins Leaderhip - High Schools That Work,Operating Funds,General Operating Funds,Others,,,1,
FG124-071975,Ingenuity - Creative Compass,Operating Funds,General Operating Funds,General Operating Funds,801,School Generated,1,
FG369-322023,Career & Technical Educ. Improvement Grant (CTEI) FY19,Operating Funds,General Operating Funds,General Operating Funds,807,Other Grants,1,
FG369-322024,Career & Technical Educ. Improvement Grant (CTEI) FY20,Operating Funds,General Operating Funds,General Operating Funds,807,Other Grants,1,
FG230-000001,Special Education - Summer School ESY,Operating Funds,General Operating Funds,General Operating Funds,809,General Fund,1,
FG230-000311,College Ready Funding,Operating Funds,General Operating Funds,General Operating Funds,809,General Fund,1,
FG230-000703,Supplemental General State Aid (SGSA),Operating Funds,General Operating Funds,General Operating Funds,809,General Fund,1,
FG370-499819,ESSER III - DW Targeted,Operating Funds,General Operating Funds,General Operating Funds,807,Other Grants,1,
FG799-490201,Medicaid - Fee for Service,Operating Funds,General Operating Funds,Others,,,1,
FG701-442186,21st Century Community Learning Cntrs - (Cohort 15-Grant 1) FY20,Operating Funds,General Operating Funds,Others,,,1,
FG701-442187,21st Century Community Learning Cntrs - (Cohort 15-Grant 2) FY20,Operating Funds,General Operating Funds,Others,,,1,
FG701-442188,21st Century Community Learning Cntrs - (Cohort 15-Grant 3) FY20,Operating Funds,General Operating Funds,Others,,,1,
FG367-433125,Title I School Improvement Grant- (SOSS) FY19,Operating Funds,General Operating Funds,General Operating Funds,807,Other Grants,1,
FG367-433133,Il-Empower (Cohort 19 - Grant 3) FY19,Operating Funds,General Operating Funds,General Operating Funds,807,Other Grants,1,
FG367-433135,Il-Empower (Cohort 19 - Grant 5) FY19,Operating Funds,General Operating Funds,General Operating Funds,807,Other Grants,1,
FG115-012119,Laptop Replacement Program - Absolute,Operating Funds,General Operating Funds,General Operating Funds,801,General Fund,1,
FG124-004129,Power Construction Company LLC- FG124-004129,Operating Funds,General Operating Funds,General Operating Funds,801,School Generated,1,
FG701-430295,Title I - School Discretionary,Operating Funds,General Operating Funds,Others,,,1,
FG701-430516,TITLE I PART D NEGLECTED PROGRAM ARRA,Operating Funds,General Operating Funds,Others,,,1,
FG367-424085,SIG - District (Cohort 6) FY18,Operating Funds,General Operating Funds,General Operating Funds,807,Other Grants,1,
FG115-210202,Chi Cultural Plan and Arts Edu Plan (Cat 3-4),Operating Funds,General Operating Funds,General Operating Funds,801,General Fund,1,
FG115-337001,Driver's Education,Operating Funds,General Operating Funds,General Operating Funds,801,General Fund,1,
FG124-000342,McDougal Lesson Study (Year 2),Operating Funds,General Operating Funds,General Operating Funds,801,School Generated,1,
FG124-004137,Arts Dept Donation,Operating Funds,General Operating Funds,General Operating Funds,801,School Generated,1,
FG701-433170,Il-Empower (Cohort 19 - Grant 8),Operating Funds,General Operating Funds,Others,,,1,
FG701-433176,Il-Empower (Cohort 19 - Grant 3),Operating Funds,General Operating Funds,Others,,,1,
FG367-433912,SIG - Fenger High School FY12,Operating Funds,General Operating Funds,General Operating Funds,807,Other Grants,1,
FG367-433922,SIG - Marshall High School FY12,Operating Funds,General Operating Funds,General Operating Funds,807,Other Grants,1,
FG115-376600,Block Grant - General Education Block Grant,Operating Funds,General Operating Funds,General Operating Funds,801,General Fund,1,
FG124-070078,Midwest Dairy Council - Breakfast,Operating Funds,General Operating Funds,General Operating Funds,801,School Generated,1,
FG701-442126,21st Century Community Learning Centers1,Operating Funds,General Operating Funds,Others,,,1,
FG701-442131,21st Century Community Learning Centers 2,Operating Funds,General Operating Funds,Others,,,1,
FG367-433933,SIG - District,Operating Funds,General Operating Funds,General Operating Funds,807,Other Grants,1,
FG367-433147,Il-Empower (Cohort 19 - Grant 7) FY20,Operating Funds,General Operating Funds,General Operating Funds,807,Other Grants,1,
FG367-433149,Il-Empower (Cohort 19 - Grant 9) FY20,Operating Funds,General Operating Funds,General Operating Funds,807,Other Grants,1,
FG115-376704,Bilingual Ed TPI & TBE,Operating Funds,General Operating Funds,General Operating Funds,801,General Fund,1,
FG124-070927,RPA SEL in Action Award Grant (Robert Black Magnet),Operating Funds,General Operating Funds,General Operating Funds,801,School Generated,1,
FG124-070929,Executive Principal Programs 20-21,Operating Funds,General Operating Funds,General Operating Funds,801,School Generated,1,
FG701-442191,21st Century Community Learning Cntrs - (Cohort 15-Grant 6) FY20,Operating Funds,General Operating Funds,Others,,,1,
FG367-433178,School and District Improvement (Cohort 19 - Grant 5),Operating Funds,General Operating Funds,General Operating Funds,807,Other Grants,1,
FG367-433199,School and District Improvement Grant (Cohort 23 - Grant 2)  -  FG367-433199,Operating Funds,General Operating Funds,General Operating Funds,807,Other Grants,1,
FG115-376FG115-376709,Transportation - Safety Personnel - FG115-376709,Operating Funds,General Operating Funds,General Operating Funds,801,General Budget,1,
FG436-070159,CFF - Silicon Valley Com Fou (Capital),Capital Funds,Capital Funds,Others,810,Capital Projects Fund,1,
FG124-000379,CFF - Pritzker Foundation / Opening Doors Initiative,Operating Funds,General Operating Funds,General Operating Funds,801,School Generated,1,
FG367-433168,Il-Empower (Cohort 19 - Grant 6)  -  FG367-433168,Operating Funds,General Operating Funds,General Operating Funds,807,Other Grants,1,
FG115-439301,R.O.T.C. - Navy,Operating Funds,General Operating Funds,General Operating Funds,801,General Fund,1,
FG115-462049,LEA Flow Thru Instruction ARRA,Operating Funds,General Operating Funds,General Operating Funds,801,General Fund,1,
FG124-905033,CFF - Kids First Go Cup,Operating Funds,General Operating Funds,General Operating Funds,801,School Generated,1,
FG701-442141,21st Century Community Learning Centers,Operating Funds,General Operating Funds,Others,,,1,
FG701-442142,21st Century Community Learning Centers,Operating Funds,General Operating Funds,Others,,,1,
FG367-433226,Il-Empower (Cohort 23 - Grant 2),Operating Funds,General Operating Funds,General Operating Funds,807,Other Grants,1,
FG115-494095,Title IIA Archdiocese Of Chicago. Suppl.Servc.,Operating Funds,General Operating Funds,General Operating Funds,801,General Fund,1,
FG115-501315,FEMA 4489 DR-IL Declaration,Operating Funds,General Operating Funds,General Operating Funds,801,General Fund,1,
FG124-905052,CFF- Laurie Children's Trauma Responsive Schools,Operating Funds,General Operating Funds,General Operating Funds,801,School Generated,1,
FG124-004106,Education Lab Options Redesign,Operating Funds,General Operating Funds,General Operating Funds,801,School Generated,1,
FG701-442205,21st Century Community Learning Centers - (Cohort 15-Grant 7),Operating Funds,General Operating Funds,Others,,,1,
FG701-442225,Developing 21st Century Critical Thinking Skills,Operating Funds,General Operating Funds,Others,,,1,
FG367-433188,School and District Improvement (Cohort 31) -  FG367-433188,Operating Funds,General Operating Funds,General Operating Funds,807,Other Grants,1,
FG115-600001,Bond Series 1993A,Operating Funds,General Operating Funds,General Operating Funds,801,General Fund,1,
FG117-000013,Ready To Learn-Early Childhood,Operating Funds,General Operating Funds,General Operating Funds,801,School Generated,1,
FG799-500739,DOJ - Secure Our Schools,Operating Funds,General Operating Funds,Others,,,1,
FG701-432113,Race To The Top Early Learning Challenge,Operating Funds,General Operating Funds,Others,,,1,
FG701-433192,School and District Improvement - formerly IL Empower (Cohort 20-,Operating Funds,General Operating Funds,Others,,,1,
FG367-433137,Il-Empower (Cohort 19 - Grant 7) FY19,Operating Funds,General Operating Funds,General Operating Funds,807,Other Grants,1,
FG367-433189,School and District Improvement (Cohort 32) -  FG367-433189,Operating Funds,General Operating Funds,General Operating Funds,807,Other Grants,1,
FG124,School Special Income Fund,Operating Funds,NA,General Operating Funds,801,School Generated,0,
FG124-000019,Special Event Security for Charters,Operating Funds,General Operating Funds,General Operating Funds,801,School Generated,1,
FG124-010310,Japanese Language Education,Operating Funds,General Operating Funds,General Operating Funds,801,School Generated,1,
FG799-511239,Reintegration Of ExOffenders Youth EMPL/ACT,Operating Funds,General Operating Funds,Others,,,1,
FG799-517500,Chicago Teen Pregnancy Prevention,Operating Funds,General Operating Funds,Others,,,1,
FG701-433196,FY24 School and District  Improvement Grant (Cohort 18) - 38,Operating Funds,General Operating Funds,Others,,,1,
FG701-442155,21st Century Community Learning Centers - (Cohort 15-Grant 5),Operating Funds,General Operating Funds,Others,,,1,
FG364-433413,Reading First,Operating Funds,General Operating Funds,General Operating Funds,807,Other Grants,1,
FG124-002238,School Internal Account Balances,Operating Funds,General Operating Funds,General Operating Funds,801,School Generated,1,
FG799-494035,Title IIA - Other Private Supplementary Servc.,Operating Funds,General Operating Funds,Others,,,1,
FG799-500175,Chicago Bilingual Summer Math. Lab.,Operating Funds,General Operating Funds,Others,,,1,
FG701-442161,21st Century Community Learning Centers - (Cohort 15-Grant 4),Operating Funds,General Operating Funds,Others,,,1,
FG701-400403,Investing In Innovation (i3),Operating Funds,General Operating Funds,Others,,,1,
FG362-560026,Headstart- Chil Supp. Dis SP Initiative,Operating Funds,General Operating Funds,General Operating Funds,807,Other Grants,1,
FG362-560034,Headstart-Child Supp. Dis. SP Initiative,Operating Funds,General Operating Funds,General Operating Funds,807,Other Grants,1,
FG124-004107,Urban Labs OneGoal RCT Participation,Operating Funds,General Operating Funds,General Operating Funds,801,School Generated,1,
FG701-500752,Youth Career Connect - Network Based FY18,Operating Funds,General Operating Funds,Others,,,1,
FG701-548056,IL for Arts Education - Rush,Operating Funds,General Operating Funds,Others,,,1,
FG701-548054,Trio - Talent Search,Operating Funds,General Operating Funds,Others,,,1,
FG701-409427,Calumet is My Back Yard CIMBY 19-20,Operating Funds,General Operating Funds,Others,,,1,
FG701-409421,Calumet is My Back Yard,Operating Funds,General Operating Funds,Others,,,1,
FG124-070017,Project Lead The Way (Year 2) - Schurz,Operating Funds,General Operating Funds,General Operating Funds,801,School Generated,1,
FG124-070021,The Broad Residency - Lee,Operating Funds,General Operating Funds,General Operating Funds,801,School Generated,1,
FG124-000027,Matching Cost Contribution from Private Sources,Operating Funds,General Operating Funds,General Operating Funds,801,School Generated,1,
FG124-000048,CFF - STEM Summer Internships / Chicagoland Chamber,Operating Funds,General Operating Funds,General Operating Funds,801,School Generated,1,
FG799-376704,Bilingual Ed TPI & TBE,Operating Funds,General Operating Funds,Others,,,1,
FG799-376802,Special Education - Orphans in School,Operating Funds,General Operating Funds,Others,,,1,
FG799-396223,Arts & Foreign Language - OLC,Operating Funds,General Operating Funds,Others,,,1,
FG799-400075,Gear Up - All Schools,Operating Funds,General Operating Funds,Others,,,1,
FG362-510224,Headstart-Child Development,Operating Funds,General Operating Funds,General Operating Funds,807,Other Grants,1,
FG362-510313,Head Start/Early Head Start Expansion,Operating Funds,General Operating Funds,General Operating Funds,807,Other Grants,1,
FG362-560038,Headstart-Child Supp. Dis. Sp Initiative,Operating Funds,General Operating Funds,General Operating Funds,807,Other Grants,1,
FG362-560040,Headstart-Child Supp. Dis. SP Initiative,Operating Funds,General Operating Funds,General Operating Funds,807,Other Grants,1,
FG367-424064,SIG - Burke (Cohort 5) FY19,Operating Funds,General Operating Funds,General Operating Funds,807,Other Grants,1,
FG367-424065,SIG - Hirsch (Cohort 5) FY19,Operating Funds,General Operating Funds,General Operating Funds,807,Other Grants,1,
FG367-424047,SIG - Hirsch (Cohort 5),Operating Funds,General Operating Funds,General Operating Funds,807,Other Grants,1,
FG124-070023,The Broad Residency - Traci Thibodeaux,Operating Funds,General Operating Funds,General Operating Funds,801,School Generated,1,
FG701-424082,SIG - Gage Park (Cohort 6),Operating Funds,General Operating Funds,Others,,,1,
FG701-424088,SIG - Gage Park (Cohort 6) FY20,Operating Funds,General Operating Funds,Others,,,1,
FG701-430169,Title 1 - School Discretionary,Operating Funds,General Operating Funds,Others,,,1,
FG701-430218,Title I - School Discretionary,Operating Funds,General Operating Funds,Others,,,1,
FG367-424053,SIG - Hirsch (Cohort 5),Operating Funds,General Operating Funds,General Operating Funds,807,Other Grants,1,
FG367-424086,SIG - Gage Park (Cohort 6) FY19,Operating Funds,General Operating Funds,General Operating Funds,807,Other Grants,1,
FG114-462058,LEA FlowThru Instruction,Operating Funds,General Operating Funds,General Operating Funds,801,General Fund,1,
FG115-000322,Personalized Learning,Operating Funds,General Operating Funds,General Operating Funds,801,General Fund,1,
FG115-000356,RSF Ramp - Up 2 South Shore Fine Arts Academy,Operating Funds,General Operating Funds,General Operating Funds,801,General Fund,1,
FG124-070043,The Broad Residency - Huntley,Operating Funds,General Operating Funds,General Operating Funds,801,School Generated,1,
FG124-070053,Person-Centered Transition Planning Pilot Program,Operating Funds,General Operating Funds,General Operating Funds,801,School Generated,1,
FG124-000113,CFF - CCT Community Planning Engagement - Dyett HS,Operating Funds,General Operating Funds,General Operating Funds,801,School Generated,1,
FG124-000121,Beverage Vending Machines,Operating Funds,General Operating Funds,General Operating Funds,801,School Generated,1,
FG701-433160,Il-Empower (Cohort 19 - Grant 9),Operating Funds,General Operating Funds,Others,,,1,
FG367-433113,Title I School Improvement Grant,Operating Funds,General Operating Funds,General Operating Funds,807,Other Grants,1,
FG367-433117,Title I School Improvement Grant- (SOSS),Operating Funds,General Operating Funds,General Operating Funds,807,Other Grants,1,
FG367-433121,Statewide System of Support (SSOS),Operating Funds,General Operating Funds,General Operating Funds,807,Other Grants,1,
FG115-001016,FY 16 Comparability,Operating Funds,General Operating Funds,General Operating Funds,801,General Fund,1,
FG115-001018,FY18 Comparability,Operating Funds,General Operating Funds,General Operating Funds,801,General Fund,1,
FG124-004122,School Travel Voucher Refund Due to Covid 19,Operating Funds,General Operating Funds,General Operating Funds,801,School Generated,1,
FG701-435017,SIG - Kelly,Operating Funds,General Operating Funds,Others,,,1,
FG701-435021,SIG Bogan-(Cohort 3),Operating Funds,General Operating Funds,Others,,,1,
FG701-439601,Critical MASS,Operating Funds,General Operating Funds,Others,,,1,
FG701-439604,Critical Mass Year 4,Operating Funds,General Operating Funds,Others,,,1,
FG332-430298,Nonpublic Inst. & Supp. Serv. - Christian -  FG332-430298,Operating Funds,General Operating Funds,General Operating Funds,805,NCLB Federal,1,
FG332-430306,Title I - School Improvement Priority Initiative -  FG332-430306,Operating Funds,General Operating Funds,General Operating Funds,805,NCLB Federal,1,
FG336-410077,Title V - Innovation to Education,Operating Funds,General Operating Funds,General Operating Funds,805,NCLB Federal,1,
FG336-500196,Full Service Community Schools 23 -  FG336-500196,Operating Funds,General Operating Funds,General Operating Funds,805,NCLB Federal,1,
FG336-500197,Full Service Community Schools 23  -  FG336-500197,Operating Funds,General Operating Funds,General Operating Funds,805,NCLB Federal,1,
FG358-000108,Sick and Vacation Termination Payout - TCH,Operating Funds,General Operating Funds,General Operating Funds,805,NCLB Federal,1,
FG358-410008,Contingency for Project Expan,Operating Funds,General Operating Funds,General Operating Funds,805,NCLB Federal,1,
FG332-430315,Title I - Child Parent Centers  -  FG332-430315,Operating Funds,General Operating Funds,General Operating Funds,805,NCLB Federal,1,
FG332-430322,Nonpublic Inst. & Supp. Serv. - Catholic,Operating Funds,General Operating Funds,General Operating Funds,805,NCLB Federal,1,
FG332-430326,Nonpublic Inst. & Supp. Serv. - Jewish,Operating Funds,General Operating Funds,General Operating Funds,805,NCLB Federal,1,
FG332-494041,Title IIA - Teacher Quality,Operating Funds,General Operating Funds,General Operating Funds,805,NCLB Federal,1,
FG332-510221,Head Start - Child Development,Operating Funds,General Operating Funds,General Operating Funds,805,NCLB Federal,1,
FG334-430530,Neglected Programs -  FG334-430530,Operating Funds,General Operating Funds,General Operating Funds,805,NCLB Federal,1,
FG334-430625,Delinquent Programs FY19,Operating Funds,General Operating Funds,General Operating Funds,805,NCLB Federal,1,
FG334-430629,Delinquent Programs,Operating Funds,General Operating Funds,General Operating Funds,805,NCLB Federal,1,
FG335-488402,Ed Jobs Fund - Bilingual,Operating Funds,General Operating Funds,General Operating Funds,805,NCLB Federal,1,
FG336-000109,Sick and Vacation Termination Payout - ESP,Operating Funds,General Operating Funds,General Operating Funds,805,NCLB Federal,1,
FG220-462506,IDEA Room & Board -  FG220-462506,Operating Funds,General Operating Funds,General Operating Funds,807,Other Grants,1,
FG324-376823,Truant Alternative Optional Education  -  FG324-376823,Operating Funds,General Operating Funds,General Operating Funds,807,Other Grants,1,
FG324-376825,Agriculture Education - Three Circles  -  FG324-376825,Operating Funds,General Operating Funds,General Operating Funds,807,Other Grants,1,
FG324-424011,Fresh Fruit & Vegetables Program,Operating Funds,General Operating Funds,General Operating Funds,807,Other Grants,1,
FG324-399815,Other State Program Leif Ericson LA,Operating Funds,General Operating Funds,General Operating Funds,807,Other Grants,1,
FG220-462510,IDEA Room & Board,Operating Funds,General Operating Funds,General Operating Funds,807,Other Grants,1,
FG124-905105,CFF - IMC Donation (Goode HS),Operating Funds,General Operating Funds,General Operating Funds,801,School Generated,1,
FG324-424016,Fresh Fruit & Vegetables Program,Operating Funds,General Operating Funds,General Operating Funds,807,Other Grants,1,
FG324-409426,Calumet Is My Back Yard CIMBY-EPA FY18,Operating Funds,General Operating Funds,General Operating Funds,807,Other Grants,1,
FG324-409427,Calumet is My Back Yard CIMBY 19-20,Operating Funds,General Operating Funds,General Operating Funds,807,Other Grants,1,
FG124-905063,CFF -FY22 Salesforce.org,Operating Funds,General Operating Funds,General Operating Funds,801,School Generated,1,
FG124-905110,CFF - Salesforce.org,Operating Funds,General Operating Funds,General Operating Funds,801,School Generated,1,
FG124-905170,CFF Crown College Field Trips and Alumni Advisory Gift,Operating Funds,General Operating Funds,General Operating Funds,801,School Generated,1,
FG324-210072,IGA Summer Youth Employment FY24- FG324-210072,Operating Funds,General Operating Funds,General Operating Funds,807,Other Grants,1,
FG324-379016,Illinois Dept of Commerce and Economic Opportunity,Operating Funds,General Operating Funds,General Operating Funds,807,Other Grants,1,
FG220-460531,Preschool Discretionary (STARNET) -  FG220-460531,Operating Funds,General Operating Funds,General Operating Funds,807,Other Grants,1,
FG220-462019,IDEA Flowthrough Instruction,Operating Funds,General Operating Funds,General Operating Funds,807,Other Grants,1,
FG324-380116,School Library Grant - Per Capita,Operating Funds,General Operating Funds,General Operating Funds,807,Other Grants,1,
FG324-380118,School Library Grant - Per Captia,Operating Funds,General Operating Funds,General Operating Funds,807,Other Grants,1,
FG324-380119,School Library Grant - Per Captia,Operating Funds,General Operating Funds,General Operating Funds,807,Other Grants,1,
FG324-400402,Investing In Innovation (i3),Operating Funds,General Operating Funds,General Operating Funds,807,Other Grants,1,
FG324-400407,Comp Strategies to Promote Social and Emotional Learning (CASEL),Operating Funds,General Operating Funds,General Operating Funds,807,Other Grants,1,
FG324-210079,IGA City Year 2024  -  FG324-210079,Operating Funds,General Operating Funds,General Operating Funds,807,Other Grants,1,
FG124-905066,CFF Crown Arts Residency- FG124-905066,Operating Funds,General Operating Funds,General Operating Funds,801,School Generated,1,
FG324-200023,IGA Summer for Change,Operating Funds,General Operating Funds,General Operating Funds,807,Other Grants,1,
FG324-200024,IGA: Choose to Change Program,Operating Funds,General Operating Funds,General Operating Funds,807,Other Grants,1,
FG324-210080,IGA Computer Science for All FY24  -  FG324-210080,Operating Funds,General Operating Funds,General Operating Funds,807,Other Grants,1,
FG324-210082,IGA SEL Hubs - ISBE,Operating Funds,General Operating Funds,General Operating Funds,807,Other Grants,1,
FG124-905072,CFF - FY19-21 Joyce Teach Chicago,Operating Funds,General Operating Funds,General Operating Funds,801,School Generated,1,
FG124-905130,CFF Choose to Change prj and the K. Griffin FID CT,Operating Funds,General Operating Funds,General Operating Funds,801,School Generated,1,
FG324-200028,IGA Choose to Change Program Year 2022,Operating Funds,General Operating Funds,General Operating Funds,807,Other Grants,1,
FG324-200029,IGA Creative Schools FY23,Operating Funds,General Operating Funds,General Operating Funds,807,Other Grants,1,
FG324-369627,Regional Safe Schools -  FG324-369627,Operating Funds,General Operating Funds,General Operating Funds,807,Other Grants,1,
FG324-373002,ROE-ISC Operations FY19,Operating Funds,General Operating Funds,General Operating Funds,807,Other Grants,1,
FG324-380127,School District Library Grant -  FG324-380127,Operating Funds,General Operating Funds,General Operating Funds,807,Other Grants,1,
FG324-383808,CPS Library Safety Resource Kits,Operating Funds,General Operating Funds,General Operating Funds,807,Other Grants,1,
FG324-395020,Children's Low-Cost Laptop Program,Operating Funds,General Operating Funds,General Operating Funds,807,Other Grants,1,
FG324-424021,Fresh Fruit & Vegetables Program FY20,Operating Funds,General Operating Funds,General Operating Funds,807,Other Grants,1,
FG220-376687,State Preschool For All Age 0-3 Community Partnerships,Operating Funds,General Operating Funds,General Operating Funds,807,Other Grants,1,
FG220-460012,Preschool Incentive Grant,Operating Funds,General Operating Funds,General Operating Funds,807,Other Grants,1,
FG324-399959,District Broadband Expansion Grant- ISBE,Operating Funds,General Operating Funds,General Operating Funds,807,Other Grants,1,
FG220-462066,LEA Flow Thru Instruction - Non Public,Operating Funds,General Operating Funds,General Operating Funds,807,Other Grants,1,
FG220-462070,LEA FlowThru Instruction - Nonpublic,Operating Funds,General Operating Funds,General Operating Funds,807,Other Grants,1,
FG220-462074,LEA FlowThru Instruction - Nonpublic,Operating Funds,General Operating Funds,General Operating Funds,807,Other Grants,1,
FG324-399982,K - 3 Class Size Reduction Pilot,Operating Funds,General Operating Funds,General Operating Funds,807,Other Grants,1,
FG324-399987,Advanced Placement FY18,Operating Funds,General Operating Funds,General Operating Funds,807,Other Grants,1,
FG324-303199,Operation Teen Safe Driving,Operating Funds,General Operating Funds,General Operating Funds,807,Other Grants,1,
FG124-905075,CFF Cubs Charities (Lindblom HS)- FG124-905075,Operating Funds,General Operating Funds,General Operating Funds,801,School Generated,1,
FG124-905082,CFF - FY22 Steans Foundation Grant (Webster ES),Operating Funds,General Operating Funds,General Operating Funds,801,School Generated,1,
FG324-210025,City Year,Operating Funds,General Operating Funds,General Operating Funds,807,Other Grants,1,
FG324-376632,Truant Alternative Optional Education,Operating Funds,General Operating Funds,General Operating Funds,807,Other Grants,1,
FG324-376635,Truant Alternative Optional Education,Operating Funds,General Operating Funds,General Operating Funds,807,Other Grants,1,
FG324-376639,Truant Alternative Optional Education FY18,Operating Funds,General Operating Funds,General Operating Funds,807,Other Grants,1,
FG324-396310,Community Organizations,Operating Funds,General Operating Funds,General Operating Funds,807,Other Grants,1,
FG124-905084,CFF - Crown Chi-Rise Grant,Operating Funds,General Operating Funds,General Operating Funds,801,School Generated,1,
FG124-905143,The IT Model Pathways project and the Salesforce Foundation fund,Operating Funds,General Operating Funds,General Operating Funds,801,School Generated,1,
FG324-376643,Agriculture Education FY18,Operating Funds,General Operating Funds,General Operating Funds,807,Other Grants,1,
FG324-399989,Instructional Technology Center (Hub 7),Operating Funds,General Operating Funds,General Operating Funds,807,Other Grants,1,
FG324-399994,Instructional Technology Center (Hub 7) FY19,Operating Funds,General Operating Funds,General Operating Funds,807,Other Grants,1,
FG324-403410,Increase Teacher Quality Grant,Operating Funds,General Operating Funds,General Operating Funds,807,Other Grants,1,
FG324-320521,Innovative Bridges & Transition Program FY20,Operating Funds,General Operating Funds,General Operating Funds,807,Other Grants,1,
FG124-905151,CFF Crown Improving Arts Access in CPS project,Operating Funds,General Operating Funds,General Operating Funds,801,School Generated,1,
FG220-460020,Preschool Incentive Grant,Operating Funds,General Operating Funds,General Operating Funds,807,Other Grants,1,
FG220-460024,Preschool Incentive Grant FY20,Operating Funds,General Operating Funds,General Operating Funds,807,Other Grants,1,
FG324-400079,Chicago Gear-Up Alliance,Operating Funds,General Operating Funds,General Operating Funds,807,Other Grants,1,
FG324-400080,Gear-Up / NEIU,Operating Funds,General Operating Funds,General Operating Funds,807,Other Grants,1,
FG324-322515,Work Exp. & Career Exp. Program (WECEP),Operating Funds,General Operating Funds,General Operating Funds,807,Other Grants,1,
FG220-462080,IDEA - Coordinated Early Intervening Services (CEIS) -  FG220-462080,Operating Funds,General Operating Funds,General Operating Funds,807,Other Grants,1,
FG324-210043,Healthy CPS Partnerships - Chief Health Officer,Operating Funds,General Operating Funds,General Operating Funds,807,Other Grants,1,
FG324-399508,After School Programs-AD FY24 ISBE -  FG324-399508,Operating Funds,General Operating Funds,General Operating Funds,807,Other Grants,1,
FG324-399510,After School Programs-AD FY 22 ISBE,Operating Funds,General Operating Funds,General Operating Funds,807,Other Grants,1,
FG124-905092,CFF - IMC Foundation Donation (Nixon),Operating Funds,General Operating Funds,General Operating Funds,801,School Generated,1,
FG324-400085,GEAR-UP 4 (Year 4),Operating Funds,General Operating Funds,General Operating Funds,807,Other Grants,1,
FG324-430119,Public Inst. & Support Services,Operating Funds,General Operating Funds,General Operating Funds,807,Other Grants,1,
FG324-432112,Race To The Top - Early Learning Challenge Phase 2,Operating Funds,General Operating Funds,General Operating Funds,807,Other Grants,1,
FG324-400100,Gear Up 6,Operating Funds,General Operating Funds,General Operating Funds,807,Other Grants,1,
FG324-210048,Healthy CPS Partnerships - Chief Health Officer -  FG324-210048,Operating Funds,General Operating Funds,General Operating Funds,807,Other Grants,1,
FG324-327515,IPPP - Disability Innovation Fund,Operating Funds,General Operating Funds,General Operating Funds,807,Other Grants,1,
FG324-327517,IPPP - Disability Innovation Fund FY25,Operating Funds,General Operating Funds,General Operating Funds,807,Other Grants,1,
FG324-327518,Ippp - Disability Innovation Fund FY26,Operating Funds,General Operating Funds,General Operating Funds,807,Other Grants,1,
FG324-210058,Computer Science for All -  FG324-210058,Operating Funds,General Operating Funds,General Operating Funds,807,Other Grants,1,
FG701-442294,21st Century Community Learning Centers - (Cohort 15-Grant 1),Operating Funds,General Operating Funds,Others,,,1,
FG701-499834,Digital Equity Grant 22-4998-D2,Operating Funds,General Operating Funds,Others,,,1,
FG701-499836,ARP McKinney Ventro Homeless-LEAs,Operating Funds,General Operating Funds,Others,,,1,
FG701-210065,IGA Computer Science for All FY23,Operating Funds,General Operating Funds,Others,,,1,
FG701-400084,GEAR-UP 5 (Year 2),Operating Funds,General Operating Funds,Others,,,1,
FG701-400085,Gear-Up 4 (Year 4),Operating Funds,General Operating Funds,Others,,,1,
FG657-000000,2021B Refunding,Operating Funds,Debt-Service Funds,Debt-Service Funds,808,Debt Service Fund,1,
FG660,CIP Series 2006B Debt Service,Operating Funds,NA,Debt-Service Funds,808,Debt Service Fund,0,
FG691-600009,Bond Series 2011C-1,Operating Funds,Debt-Service Funds,Debt-Service Funds,808,Debt Service Fund,1,
FG692-000000,CIP Series 2010A/ (Series 2004C-2) Debt Service,Operating Funds,Debt-Service Funds,Debt-Service Funds,808,Debt Service Fund,1,
FG701-442298,21st Century Community Learning Centers - (Cohort 15-Grant 5),Operating Funds,General Operating Funds,Others,,,1,
FG701-442311,Title IV 21st Century Community Learning Centers B2,Operating Funds,General Operating Funds,Others,,,1,
FG701-499852,IL Aware-AW 2024,Operating Funds,General Operating Funds,Others,,,1,
FG701-499855,CURES After School Programs,Operating Funds,General Operating Funds,Others,,,1,
FG701-499859,Elevating Educators - Bilingual Educator Credentials,Operating Funds,General Operating Funds,Others,,,1,
FG701-510222,Headstart-Child Development,Operating Funds,General Operating Funds,Others,,,1,
FG701-400101,Chicago Gear Up 6 (Year 2),Operating Funds,General Operating Funds,Others,,,1,
FG701-400105,Chicago Gear-Up 6 (Year 6) FY2020,Operating Funds,General Operating Funds,Others,,,1,
FG425-379033,2022 DCEO State Capital Grant Farragut High Sch Project,Capital Funds,Capital Funds,Others,810,Capital Projects Fund,1,
FG425-379035,2022 DCEO State Capital McPherson Project,Capital Funds,Capital Funds,Others,810,Capital Projects Fund,1,
FG701-460017,Preschool Incentive Grant,Operating Funds,General Operating Funds,Others,,,1,
FG701-460020,Preschool Incentive Grant,Operating Funds,General Operating Funds,Others,,,1,
FG701-460027,Preschool Incentive Grant,Operating Funds,General Operating Funds,Others,,,1,
FG623-399602,State Distributive Fund,Operating Funds,Debt-Service Funds,Debt-Service Funds,808,Debt Service Fund,1,
FG425-379173,DCEO State EARHART,Capital Funds,Capital Funds,Others,810,Capital Projects Fund,1,
FG425-379178,DCEO -  BRIGHTON PARK 22-203437,Capital Funds,Capital Funds,Others,810,Capital Projects Fund,1,
FG701-460525,Preschool Discretionary (STARNET),Operating Funds,General Operating Funds,Others,,,1,
FG701-460529,Preschool Discretionary (STARNET),Operating Funds,General Operating Funds,Others,,,1,
FG701-580229,Healthy Chicago Public Schools-Hiv/Std Prevention Initiative 2210,Operating Funds,General Operating Funds,Others,,,1,
FG701-580230,Cdc Dash Mental Health Supplement,Operating Funds,General Operating Funds,Others,,,1,
FG627-399602,State Distributive Fund,Operating Funds,Debt-Service Funds,Debt-Service Funds,808,Debt Service Fund,1,
FG678-399602,State Distributive Fund,Operating Funds,Debt-Service Funds,Debt-Service Funds,808,Debt Service Fund,1,
FG425-379184,DCEO State Capital Murphy,Capital Funds,Capital Funds,Others,810,Capital Projects Fund,1,
FG660-000000,CIP Series 2006B Debt Service,Operating Funds,Debt-Service Funds,Debt-Service Funds,808,Debt Service Fund,1,
FG701-460902,i3 Convergence Acad: Digital Media Whole School Reform Model Proj,Operating Funds,General Operating Funds,Others,,,1,
FG701-462077,IDEA - Coordinated Early Intervening Services (CEIS),Operating Funds,General Operating Funds,Others,,,1,
FG680-000000,CIP Series 2016A,Operating Funds,Debt-Service Funds,Debt-Service Funds,808,Debt Service Fund,1,
FG682,CIP Series 2009C/ (Series 2005D-1) Debt Service,Operating Funds,NA,Debt-Service Funds,808,Debt Service Fund,0,
FG698-610000,Build America Bonds (BABS),Operating Funds,Debt-Service Funds,Debt-Service Funds,808,Debt Service Fund,1,
FG680,CIP Series 2016A,Operating Funds,NA,Debt-Service Funds,808,Debt Service Fund,0,
FG124-070187,CFF-CCT Auditorium Transformation Project,Operating Funds,General Operating Funds,General Operating Funds,801,School Generated,1,
FG495-200029,IGA Creative Schools FY23,Capital Funds,Capital Funds,Others,810,Capital Projects Fund,1,
FG425-379132,DCEO - HARVARD 22-203040,Capital Funds,Capital Funds,Others,810,Capital Projects Fund,1,
FG124-070197,Field Museum E2SP,Operating Funds,General Operating Funds,General Operating Funds,801,School Generated,1,
FG124-070201,LEAP Innovations - Breakthrough Schools,Operating Funds,General Operating Funds,General Operating Funds,801,School Generated,1,
FG701-474571,Special Student Needs-C. Perkins,Operating Funds,General Operating Funds,Others,,,1,
FG701-000057,Fund 436 Spend Down,Operating Funds,General Operating Funds,Others,,,1,
FG701-000316,Early Childhood Instruction,Operating Funds,General Operating Funds,Others,,,1,
FG701-000320,Beverage Vending Services,Operating Funds,General Operating Funds,Others,,,1,
FG425-379143,DCEO - STEVENSON ES 22-203040,Capital Funds,Capital Funds,Others,810,Capital Projects Fund,1,
FG634,CIP Series 2002A TIF-I $49MM,Operating Funds,NA,Debt-Service Funds,808,Debt Service Fund,0,
FG636,CIP Series 2003A - Debt Service,Operating Funds,NA,Debt-Service Funds,808,Debt Service Fund,0,
FG124-070212,CFF Stean ELI - Kellman,Operating Funds,General Operating Funds,General Operating Funds,801,School Generated,1,
FG701-490945,Title III - Language Acquisition,Operating Funds,General Operating Funds,Others,,,1,
FG701-379047,"Grover Cleveland, E.S. Capital Project",Operating Funds,General Operating Funds,Others,,,1,
FG701-379149,DCEO - WASHINGTON,Operating Funds,General Operating Funds,Others,,,1,
FG701-379167,DCEO State Capital Sayre,Operating Funds,General Operating Funds,Others,,,1,
FG641,CIT Series 2018,Operating Funds,NA,Debt-Service Funds,808,Debt Service Fund,0,
FG683,CIP Series 2013A Refunding Bond,Operating Funds,NA,Debt-Service Funds,808,Debt Service Fund,0,
FG683-399602,State Distributive Fund,Operating Funds,Debt-Service Funds,Debt-Service Funds,808,Debt Service Fund,1,
FG683-600013,Bond Series 2013A-3,Operating Funds,Debt-Service Funds,Debt-Service Funds,808,Debt Service Fund,1,
FG124-070281,Norfolk Southern Corporation,Operating Funds,General Operating Funds,General Operating Funds,801,School Generated,1,
FG124-070302,McCormick JROTC,Operating Funds,General Operating Funds,General Operating Funds,801,School Generated,1,
FG124-070310,Middle School Service Learning Project,Operating Funds,General Operating Funds,General Operating Funds,801,School Generated,1,
FG701-492117,Homeless Education Program,Operating Funds,General Operating Funds,Others,,,1,
FG701-474565,Special Student Needs-C. Perkins FY18,Operating Funds,General Operating Funds,Others,,,1,
FG701-492127,Homeless Education Program- Mckinney Vento,Operating Funds,General Operating Funds,Others,,,1,
FG495-399504,After School Programs,Capital Funds,Capital Funds,Others,810,Capital Projects Fund,1,
FG495-430282,Title I - School Discretionary,Capital Funds,Capital Funds,Others,810,Capital Projects Fund,1,
FG495-430297,Nonpublic Inst. and Supp. Serv. - Independ.,Capital Funds,Capital Funds,Others,810,Capital Projects Fund,1,
FG422-590002,E-Rate,Capital Funds,Capital Funds,Others,810,Capital Projects Fund,1,
FG701-493525,Teacher Quality - Teacher Residencies,Operating Funds,General Operating Funds,Others,,,1,
FG701-494037,Title IIA - Teacher Quality,Operating Funds,General Operating Funds,Others,,,1,
FG701-550013,IL for Arts and STEM Education- Grant 6,Operating Funds,General Operating Funds,Others,,,1,
FG495-430300,Nonpublic Inst. and Supp. Serv. - Jewish,Capital Funds,Capital Funds,Others,810,Capital Projects Fund,1,
FG701-000575,Student Based Budgeting,Operating Funds,General Operating Funds,Others,,,1,
FG425-000016,State Funded Capital Projects,Capital Funds,Capital Funds,Others,810,Capital Projects Fund,1,
FG425-379152,DCEO - SMYTH ES 23-203620,Capital Funds,Capital Funds,Others,810,Capital Projects Fund,1,
FG701-433141,Il-Empower (Cohort 19 - Grant 1) FY20,Operating Funds,General Operating Funds,Others,,,1,
FG701-433142,Il-Empower (Cohort 19 - Grant 2) FY20,Operating Funds,General Operating Funds,Others,,,1,
FG701-550017,IL for arts and STEM education Grant 2,Operating Funds,General Operating Funds,Others,,,1,
FG701-494062,Title IIA - Teacher Quality,Operating Funds,General Operating Funds,Others,,,1,
FG701-008005,International Baccalaureate Program,Operating Funds,General Operating Funds,Others,,,1,
FG701-434014,SIG Transformation FY12 -Kelvyn Park,Operating Funds,General Operating Funds,Others,,,1,
FG701-499501,FEMA Grant,Operating Funds,General Operating Funds,Others,,,1,
FG701-494054,Title IIA - Teacher Quality,Operating Funds,General Operating Funds,Others,,,1,
FG701-500847,John Foster Dulles School Improvements ICJIA 822003,Operating Funds,General Operating Funds,Others,,,1,
FG701-500981,Arts Teachers Leading Achievement and Success (ATLAS),Operating Funds,General Operating Funds,Others,,,1,
FG701-500982,Arts Teachers Leading Achievement and Success (ATLAS),Operating Funds,General Operating Funds,Others,,,1,
FG495-430530,Neglected Programs,Capital Funds,Capital Funds,Others,810,Capital Projects Fund,1,
FG688,CIP Series 2009F,Operating Funds,NA,Debt-Service Funds,808,Debt Service Fund,0,
FG701-442172,21st Century Community Learning Centers-(Cohort 15-Grant 1) FY19,Operating Funds,General Operating Funds,Others,,,1,
FG701-070159,CFF - Silicon Valley Com. Fou. (Capital),Operating Funds,General Operating Funds,Others,,,1,
FG701-070189,CFF-Chance the Rapper-SocialWorks,Operating Funds,General Operating Funds,Others,,,1,
FG701-100402,City of Chicago Vision Program,Operating Funds,General Operating Funds,Others,,,1,
FG425-379025,2020 DCEO State Capital Grants,Capital Funds,Capital Funds,Others,810,Capital Projects Fund,1,
FG701-442253,21st Century Community Learning Centers - (Cohort 15-Grant 5),Operating Funds,General Operating Funds,Others,,,1,
FG701-499808,EC- Emergency Education Relief,Operating Funds,General Operating Funds,Others,,,1,
FG701-379191,DCEO - Glover Cleveland Elementary School,Operating Funds,General Operating Funds,Others,,,1,
FG701-380201,Library for Technology Grant - Back to Books,Operating Funds,General Operating Funds,Others,,,1,
FG425-379162,DCEO - GARVY ES 23-203238,Capital Funds,Capital Funds,Others,810,Capital Projects Fund,1,
FG701-442254,21st Century Community Learning Centers - (Cohort 15-Grant 6),Operating Funds,General Operating Funds,Others,,,1,
FG701-442279,21st Century Community Learning Centers (Cohort 19-Grant 3),Operating Funds,General Operating Funds,Others,,,1,
FG701-510218,Headstart-Child Development,Operating Funds,General Operating Funds,Others,,,1,
FG701-188821,Open Spaces Impact Fees,Operating Funds,General Operating Funds,Others,,,1,
FG701-188840,City of Chicago and CPS Public Art - Palmer Elementary School,Operating Funds,General Operating Funds,Others,,,1,
FG324-500047,CO Res: Adapting and Implementing a Geospatial HSCC,Operating Funds,General Operating Funds,General Operating Funds,807,Other Grants,1,
FG324-500052,Cities Mentoring -  FG324-500052,Operating Funds,General Operating Funds,General Operating Funds,807,Other Grants,1,
FG324-442163,21st Century Community Learning Centers - (Cohort 15-Grant 6),Operating Funds,General Operating Funds,General Operating Funds,807,Other Grants,1,
FG324-442165,21st Century Community Learning Centers-(Cohort 15-Grant 1) FY18,Operating Funds,General Operating Funds,General Operating Funds,807,Other Grants,1,
FG324-442167,21st Century Community Learning Centers-(Cohort 15-Grant 3) FY18,Operating Funds,General Operating Funds,General Operating Funds,807,Other Grants,1,
FG436-525001,Noise Abatement - Federal,Capital Funds,Capital Funds,Others,810,Capital Projects Fund,1,
FG436-905126,CFF Sayre Playground Project,Capital Funds,Capital Funds,Others,810,Capital Projects Fund,1,
FG495-000979,Whole School Safety Plans,Capital Funds,Capital Funds,Others,810,Capital Projects Fund,1,
FG495-001023,FY23 Comparability,Capital Funds,Capital Funds,Others,810,Capital Projects Fund,1,
FG324-548056,IL for Arts Education - Rush,Operating Funds,General Operating Funds,General Operating Funds,807,Other Grants,1,
FG324-548066,Trio - Talent Search,Operating Funds,General Operating Funds,General Operating Funds,807,Other Grants,1,
FG666-399602,State Distributive Fund,Operating Funds,Debt-Service Funds,Debt-Service Funds,808,Debt Service Fund,1,
FG670-000000,CIP Series 2008B (2003D) Debt Service,Operating Funds,Debt-Service Funds,Debt-Service Funds,808,Debt Service Fund,1,
FG670-399602,State Distributive Fund,Operating Funds,Debt-Service Funds,Debt-Service Funds,808,Debt Service Fund,1,
FG440,CIP Series 2000BCD $303M,Capital Funds,NA,Others,810,Capital Projects Fund,0,
FG441-000000,Future TBD Bonds,Capital Funds,Capital Funds,Others,810,Capital Projects Fund,1,
FG210-410009,CONTINGENCY FOR PROG EXPANSION,Operating Funds,General Operating Funds,General Operating Funds,802,General Fund,1,
FG701-000000,GASB 34 Historical Fund,Operating Funds,General Operating Funds,Others,,,1,
FG701-000006,Preschool For All (locally funded),Operating Funds,General Operating Funds,Others,,,1,
FG324-500057,Mitigating Impact of the COVID-19  - CBA to Lrn Acc K-2 in Chi,Operating Funds,General Operating Funds,General Operating Funds,807,Other Grants,1,
FG696,CIP Series 2010C,Operating Funds,NA,Debt-Service Funds,808,Debt Service Fund,0,
FG696-399602,State Distributive Fund,Operating Funds,Debt-Service Funds,Debt-Service Funds,808,Debt Service Fund,1,
FG451-188833,Space to Grow,Capital Funds,Capital Funds,Others,810,Capital Projects Fund,1,
FG454,CIP 2003A B - $262M,Capital Funds,NA,Others,810,Capital Projects Fund,0,
FG464-000000,CIP 2004CDE - $222M,Capital Funds,Capital Funds,Others,810,Capital Projects Fund,1,
FG701-399805,University of Illinois/ Illinois Youth Survey,Operating Funds,General Operating Funds,Others,,,1,
FG701-399807,District Broadband Expansion ISBE 24-3999-ER,Operating Funds,General Operating Funds,Others,,,1,
FG324-511246,CPS Healing Trauma Together,Operating Funds,General Operating Funds,General Operating Funds,807,Other Grants,1,
FG324-511340,Broadening Advanced Technological Education Connections (BATEC),Operating Funds,General Operating Funds,General Operating Funds,807,Other Grants,1,
FG425-379071,Public Sector Energy Efficiency - People's Gas,Capital Funds,Capital Funds,Others,810,Capital Projects Fund,1,
FG425-379128,DCEO - DAWES ES 22-203040,Capital Funds,Capital Funds,Others,810,Capital Projects Fund,1,
FG701-300018,John Playlot Phase II State Capital DCEO,Operating Funds,General Operating Funds,Others,,,1,
FG701-300050,Content -Focused PD Lesson Study,Operating Funds,General Operating Funds,Others,,,1,
FG324-500679,Refugee Childern's School Impact Grant,Operating Funds,General Operating Funds,General Operating Funds,807,Other Grants,1,
FG324-500683,Early Reading First,Operating Funds,General Operating Funds,General Operating Funds,807,Other Grants,1,
FG324-547522,Indian Elem/Sec. Assistance Prog. FY18,Operating Funds,General Operating Funds,General Operating Funds,807,Other Grants,1,
FG324-547526,Indian Elem/Sec. Assistance Prog.  -  FG324-547526,Operating Funds,General Operating Funds,General Operating Funds,807,Other Grants,1,
FG324-547529,Indian Elem/Sec. Assistance Prog.  -  FG324-547529,Operating Funds,General Operating Funds,General Operating Funds,807,Other Grants,1,
FG425-379191,DCEO - Glover Cleveland Elementary School,Capital Funds,Capital Funds,Others,810,Capital Projects Fund,1,
FG425-379195,DCEO - MAYER,Capital Funds,Capital Funds,Others,810,Capital Projects Fund,1,
FG476-000000,Modern Schools,Capital Funds,Capital Funds,Others,810,Capital Projects Fund,1,
FG477-000000,CIP Series 2009EF,Capital Funds,Capital Funds,Others,810,Capital Projects Fund,1,
FG324-529021,Randomized Study to Abate Truancy and Violence,Operating Funds,General Operating Funds,General Operating Funds,807,Other Grants,1,
FG324-499989,Pathways to Success in the Transition to HS 2020,Operating Funds,General Operating Funds,General Operating Funds,807,Other Grants,1,
FG324-499992,International Baccalaureate,Operating Funds,General Operating Funds,General Operating Funds,807,Other Grants,1,
FG324-500073,CPS District-Wide Composting Project,Operating Funds,General Operating Funds,General Operating Funds,807,Other Grants,1,
FG324-500075,Stronger Together Initiative - Cook County (Arpa),Operating Funds,General Operating Funds,General Operating Funds,807,Other Grants,1,
FG425-379232,DCEO - CHICAGO AGRICULTURAL H.S. 24-20309,Capital Funds,Capital Funds,Others,810,Capital Projects Fund,1,
FG425-379234,School and District Improvement Grant (Title 1003a) - 4331-39,Capital Funds,Capital Funds,Others,810,Capital Projects Fund,1,
FG495-550022,IL for Arts and STEM Education - 0201,Capital Funds,Capital Funds,Others,810,Capital Projects Fund,1,
FG495-580233,School Based Mental Health Services Grant- CPS Recruitment and Re,Capital Funds,Capital Funds,Others,810,Capital Projects Fund,1,
FG324-499995,Pathways to Success in the Transition to HS -  FG324-499995,Operating Funds,General Operating Funds,General Operating Funds,807,Other Grants,1,
FG324-499997,Pathways To Success In The Transition To Hs 2022,Operating Funds,General Operating Funds,General Operating Funds,807,Other Grants,1,
FG324-439602,Critical MASS,Operating Funds,General Operating Funds,General Operating Funds,807,Other Grants,1,
FG324-440212,Homeless Services Food Stamp Outreach,Operating Funds,General Operating Funds,General Operating Funds,807,Other Grants,1,
FG324-440214,Homeless Services Food Stamp Outreach,Operating Funds,General Operating Funds,General Operating Funds,807,Other Grants,1,
FG425-392511,Illinois Green Infrastructure Grant,Capital Funds,Capital Funds,Others,810,Capital Projects Fund,1,
FG428,Capital Improvement Bonds Of 1997A,Capital Funds,NA,Others,810,Capital Projects Fund,0,
FG431,Other Federally Funded Capital Grants,Capital Funds,NA,Others,810,Capital Projects Fund,0,
FG701-322015,Career & Technical Educ. Improvement Grant,Operating Funds,General Operating Funds,Others,,,1,
FG701-343920,CDB - Gaming Revenue,Operating Funds,General Operating Funds,Others,,,1,
FG324-500690,Refugee Children's School Impact Grant FY20,Operating Funds,General Operating Funds,General Operating Funds,807,Other Grants,1,
FG324-500738,Secure Our Schools FY10,Operating Funds,General Operating Funds,General Operating Funds,807,Other Grants,1,
FG324-500746,Workforce Investment Act (MOWD),Operating Funds,General Operating Funds,General Operating Funds,807,Other Grants,1,
FG324-442143,21st Century Community Learning Centers (Cohort 13),Operating Funds,General Operating Funds,General Operating Funds,807,Other Grants,1,
FG324-442148,21st Century Community Learning Centers - (Cohort 15-Grant 5),Operating Funds,General Operating Funds,General Operating Funds,807,Other Grants,1,
FG431-000000,Other Federally Funded Capital Grants,Capital Funds,Capital Funds,Others,810,Capital Projects Fund,1,
FG431-399506,Other State Programs - MC Capital,Capital Funds,Capital Funds,Others,810,Capital Projects Fund,1,
FG436,IGA and Other Capital Projects Fund,Capital Funds,NA,Others,810,Capital Projects Fund,0,
FG482,CIP Series 2011A,Capital Funds,NA,Others,810,Capital Projects Fund,0,
FG482-000000,CIP Series 2011A,Capital Funds,Capital Funds,Others,810,Capital Projects Fund,1,
FG324-548042,Trio - Talent Search,Operating Funds,General Operating Funds,General Operating Funds,807,Other Grants,1,
FG324-442189,21st Century Community Learning Cntrs - (Cohort 15-Grant 4) FY20,Operating Funds,General Operating Funds,General Operating Funds,807,Other Grants,1,
FG324-442193,21st Century Community Learning Cntrs (Cohort 19-Grant 1) FY20,Operating Funds,General Operating Funds,General Operating Funds,807,Other Grants,1,
FG436-000053,Capital Project Donations - Parents/Business,Capital Funds,Capital Funds,Others,810,Capital Projects Fund,1,
FG425-380202,Public Library Construction Act Grant,Capital Funds,Capital Funds,Others,810,Capital Projects Fund,1,
FG324-442254,21st Century Community Learning Centers - (Cohort 15-Grant 6)  -  FG324-442254,Operating Funds,General Operating Funds,General Operating Funds,807,Other Grants,1,
FG436-000911,Drivers Ed Revenue- FG436-000911,Capital Funds,Capital Funds,Others,810,Capital Projects Fund,1,
FG436-000923,BOE-City of Chicago - Mount Greenwood ES Locker Replacement -FG436-000923,Capital Funds,Capital Funds,Others,810,Capital Projects Fund,1,
FG701-369622,Regional Safe Schools FY19,Operating Funds,General Operating Funds,Others,,,1,
FG701-376604,Agriculture Education,Operating Funds,General Operating Funds,Others,,,1,
FG701-376630,PEG/PFA Tracking,Operating Funds,General Operating Funds,Others,,,1,
FG324-500840,Secure Our Schools (SOS),Operating Funds,General Operating Funds,General Operating Funds,807,Other Grants,1,
FG324-440223,Homeless Services Food Stamp Outreach  -  FG324-440223,Operating Funds,General Operating Funds,General Operating Funds,807,Other Grants,1,
FG436-188814,Space To Grow-IGA Water Reclamation District,Capital Funds,Capital Funds,Others,810,Capital Projects Fund,1,
FG436-188836,City of Chicago and CPS Public Art - Hayt Elementary School,Capital Funds,Capital Funds,Others,810,Capital Projects Fund,1,
FG436-188838,City of Chicago and CPS Public Art - Solomon Elementary School,Capital Funds,Capital Funds,Others,810,Capital Projects Fund,1,
FG617,CIP Series 2017D,Operating Funds,NA,Debt-Service Funds,808,Debt Service Fund,0,
FG324-500029,EAGER Program FY20,Operating Funds,General Operating Funds,General Operating Funds,807,Other Grants,1,
FG324-442271,21st Century Community Learning Centers - (Cohort 15-Grant 2),Operating Funds,General Operating Funds,General Operating Funds,807,Other Grants,1,
FG436-188846,City of Chicago & CPS Public Art - Agreement-Solomon,Capital Funds,Capital Funds,Others,810,Capital Projects Fund,1,
FG701-376686,State Preschool For All Age 3-5,Operating Funds,General Operating Funds,Others,,,1,
FG701-376720,Bilingual Ed TPI & TPE,Operating Funds,General Operating Funds,Others,,,1,
FG701-376813,Truant Alternative Optional Education,Operating Funds,General Operating Funds,Others,,,1,
FG324-501712,Generator Go Green (G3) Initative FY12,Operating Funds,General Operating Funds,General Operating Funds,807,Other Grants,1,
FG324-503002,Farm to School Implementation Grant,Operating Funds,General Operating Funds,General Operating Funds,807,Other Grants,1,
FG324-442120,21st Century Community Learning Centers,Operating Funds,General Operating Funds,General Operating Funds,807,Other Grants,1,
FG324-442158,21st Century Community Learning Centers - (Cohort 15-Grant 1),Operating Funds,General Operating Funds,General Operating Funds,807,Other Grants,1,
FG436-199901,Noise Abatement - City,Capital Funds,Capital Funds,Others,810,Capital Projects Fund,1,
FG495-000327,STEM,Capital Funds,Capital Funds,Others,810,Capital Projects Fund,1,
FG495-000400,School Parking Lot Rental,Capital Funds,Capital Funds,Others,810,Capital Projects Fund,1,
FG324-442275,21st Century Community Learning Centers - (Cohort 15-Grant 6),Operating Funds,General Operating Funds,General Operating Funds,807,Other Grants,1,
FG436-379018,Illinois Dept of Com. & Econ. Opportunity,Capital Funds,Capital Funds,Others,810,Capital Projects Fund,1,
FG436-379020,Public Sector Energy Efficiency Program,Capital Funds,Capital Funds,Others,810,Capital Projects Fund,1,
FG436-379072,Public Sector Energy Efficiency - ComEd,Capital Funds,Capital Funds,Others,810,Capital Projects Fund,1,
FG625-600008,Bond Series 2007C,Operating Funds,Debt-Service Funds,Debt-Service Funds,808,Debt Service Fund,1,
FG635,CIP Series 2017G,Operating Funds,NA,Debt-Service Funds,808,Debt Service Fund,0,
FG635-399602,State Distributive Fund,Operating Funds,Debt-Service Funds,Debt-Service Funds,808,Debt Service Fund,1,
FG643-000000,CIT Debt Service Reserve Fund,Operating Funds,Debt-Service Funds,Debt-Service Funds,808,Debt Service Fund,1,
FG324-509230,NIST Summer Institute for Middle School Science Teachers,Operating Funds,General Operating Funds,General Operating Funds,807,Other Grants,1,
FG324-442123,21st Century Community Learning Centers1,Operating Funds,General Operating Funds,General Operating Funds,807,Other Grants,1,
FG436-392509,Illinois Green Infrastructure Grant Alcott,Capital Funds,Capital Funds,Others,810,Capital Projects Fund,1,
FG436-400300,School-Based Health Centers Capital Program,Capital Funds,Capital Funds,Others,810,Capital Projects Fund,1,
FG701-379016,Illinois Dept of Commerce and Economic Opportunity,Operating Funds,General Operating Funds,Others,,,1,
FG324-442179,21st Century Community Learning Centers-(Cohort 15-Grant 7) FY19,Operating Funds,General Operating Funds,General Operating Funds,807,Other Grants,1,
FG324-524017,Secondary Transitional Experience Program (STEP),Operating Funds,General Operating Funds,General Operating Funds,807,Other Grants,1,
FG124-070124,Collaborating Districts Initiative - Year 1,Operating Funds,General Operating Funds,General Operating Funds,801,School Generated,1,
FG325-000000,ARRA Other Misc Federal Grants,Operating Funds,General Operating Funds,General Operating Funds,807,Other Grants,1,
FG325-410023,CONTINGENCY FOR PROJECT EXPAN,Operating Funds,General Operating Funds,General Operating Funds,807,Other Grants,1,
FG324-442276,21st Century Community Learning Centers - (Cohort 15-Grant 7),Operating Funds,General Operating Funds,General Operating Funds,807,Other Grants,1,
FG324-499977,International Baccalaureate,Operating Funds,General Operating Funds,General Operating Funds,807,Other Grants,1,
FG124-001078,Illinois State Action for Education Leadership,Operating Funds,General Operating Funds,General Operating Funds,801,School Generated,1,
FG124-001149,CPS Pictures America,Operating Funds,General Operating Funds,General Operating Funds,801,School Generated,1,
FG110,School Special Income Fund - Restricted Principal,Operating Funds,NA,General Operating Funds,801,General Fund,0,
FG326-041008,Contingency for Grant Expansion,Operating Funds,General Operating Funds,General Operating Funds,807,Other Grants,1,
FG324-442279,21st Century Community Learning Centers (Cohort 19-Grant 3),Operating Funds,General Operating Funds,General Operating Funds,807,Other Grants,1,
FG324-442283,21st Century Community Learning Centers Cohort Project B1,Operating Funds,General Operating Funds,General Operating Funds,807,Other Grants,1,
FG114-525017,Secondary Transitional Experience Program (STEP),Operating Funds,General Operating Funds,General Operating Funds,801,General Fund,1,
FG115-000006,Preschool For All (locally funded),Operating Funds,General Operating Funds,General Operating Funds,801,General Fund,1,
FG326-210123,Illinois Arts Council FY19,Operating Funds,General Operating Funds,General Operating Funds,807,Other Grants,1,
FG326-210124,Illinois Arts Council FY20,Operating Funds,General Operating Funds,General Operating Funds,807,Other Grants,1,
FG324-442297,21st Century Community Learning Centers - (Cohort 15-Grant 4) -  FG324-442297,Operating Funds,General Operating Funds,General Operating Funds,807,Other Grants,1,
FG324-524028,Secondary Transitional Experience Program (Step) -  FG324-524028,Operating Funds,General Operating Funds,General Operating Funds,807,Other Grants,1,
FG324-524030,Secondary Transitional Experience Program (Step),Operating Funds,General Operating Funds,General Operating Funds,807,Other Grants,1,
FG324-528509,Back on Track Study,Operating Funds,General Operating Funds,General Operating Funds,807,Other Grants,1,
FG115-000528,General Ed. Admin. Fee,Operating Funds,General Operating Funds,General Operating Funds,801,General Fund,1,
FG115-000576,Supplemental Aid,Operating Funds,General Operating Funds,General Operating Funds,801,General Fund,1,
FG115-000610,Summer Jobs 8th to 9th Tran,Operating Funds,General Operating Funds,General Operating Funds,801,General Fund,1,
FG326-442210,NEIU 21st CCLC Summer Programming  -  FG326-442210,Operating Funds,General Operating Funds,General Operating Funds,807,Other Grants,1,
FG326-442214,Illinois 21st Century CLC (Gear-Up) - NEIU,Operating Funds,General Operating Funds,General Operating Funds,807,Other Grants,1,
FG326-442215,21st Century CLC - NEIU,Operating Funds,General Operating Funds,General Operating Funds,807,Other Grants,1,
FG324-442299,21st Century Community Learning Centers - (Cohort 15-Grant 6) -  FG324-442299,Operating Funds,General Operating Funds,General Operating Funds,807,Other Grants,1,
FG324-442303,21st Century Community Learning Centers (Cohort 19-Grant 1) -  FG324-442303,Operating Funds,General Operating Funds,General Operating Funds,807,Other Grants,1,
FG324-499984,Pathways For Success-Univ of Southern California,Operating Funds,General Operating Funds,General Operating Funds,807,Other Grants,1,
FG324-499986,Pathways For Success-Univ of Southern California FY18,Operating Funds,General Operating Funds,General Operating Funds,807,Other Grants,1,
FG324-499987,International Baccalaureate FY19,Operating Funds,General Operating Funds,General Operating Funds,807,Other Grants,1,
FG324-442294,21st Century Community Learning Centers - (Cohort 15-Grant 1) -  FG324-442294,Operating Funds,General Operating Funds,General Operating Funds,807,Other Grants,1,
FG124-004149,Hope Center Foundation- FG124-004149,Operating Funds,General Operating Funds,General Operating Funds,801,School Generated,1,
FG115-000022,Out-of-District Hospital Tuition,Operating Funds,General Operating Funds,General Operating Funds,801,General Fund,1,
FG115-000030,Space Consolidation Shared Savings.,Operating Funds,General Operating Funds,General Operating Funds,801,General Fund,1,
FG325-510310,Headstart COLA ARRA,Operating Funds,General Operating Funds,General Operating Funds,807,Other Grants,1,
FG326-379010,Illinois Dept of Com. & Econ. Opportunity,Operating Funds,General Operating Funds,General Operating Funds,807,Other Grants,1,
FG124-004154,Teach Plus NSI Stipend 23-24,Operating Funds,General Operating Funds,General Operating Funds,801,School Generated,1,
FG124-004156,The Learning Partnership,Operating Funds,General Operating Funds,General Operating Funds,801,School Generated,1,
FG124-070143,Searle - BEWL,Operating Funds,General Operating Funds,General Operating Funds,801,School Generated,1,
FG115-000720,IGA - Certification Registration Fees,Operating Funds,General Operating Funds,General Operating Funds,801,General Fund,1,
FG115-000752,EDUC IMPRMT FD-TUT INITV,Operating Funds,General Operating Funds,General Operating Funds,801,General Fund,1,
FG115-000827,Citywide Private Foundation,Operating Funds,General Operating Funds,General Operating Funds,801,General Fund,1,
FG115-000910,Charter Transition Cohort,Operating Funds,General Operating Funds,General Operating Funds,801,General Fund,1,
FG326-379018,Illinois Dept of Com. & Econ. Opportunity,Operating Funds,General Operating Funds,General Operating Funds,807,Other Grants,1,
FG124-070148,CFF-Chase Summer Certification Program,Operating Funds,General Operating Funds,General Operating Funds,801,School Generated,1,
FG124-004159,Mathical Library Books - Mathematical Sciences Research Institute,Operating Funds,General Operating Funds,General Operating Funds,801,School Generated,1,
FG124-070091,Quest Center - Substitutes,Operating Funds,General Operating Funds,General Operating Funds,801,School Generated,1,
FG115-005128,Multi Track School Resources,Operating Funds,General Operating Funds,General Operating Funds,801,General Fund,1,
FG326-442319,21st Century CLC NEIU FY23,Operating Funds,General Operating Funds,General Operating Funds,807,Other Grants,1,
FG326-472016,Perkins Leaderhip - High Schools That Work,Operating Funds,General Operating Funds,General Operating Funds,807,Other Grants,1,
FG326-442221,21st Century CLC-Columbia College-Darwin School,Operating Funds,General Operating Funds,General Operating Funds,807,Other Grants,1,
FG324-460903,i3 Convergence Acad: Digital Media Whole School Reform Model Proj,Operating Funds,General Operating Funds,General Operating Funds,807,Other Grants,1,
FG124-070095,AUSL - Crown Grant,Operating Funds,General Operating Funds,General Operating Funds,801,School Generated,1,
FG124-000351,Dell Foundation - PM Teaching and Learning Framework,Operating Funds,General Operating Funds,General Operating Funds,801,School Generated,1,
FG124-000353,Chicago Preschool Inputs Children's Outcomes Study,Operating Funds,General Operating Funds,General Operating Funds,801,School Generated,1,
FG124-000356,RSF Ramp - Up 2 South Shore Fine Arts Academy,Operating Funds,General Operating Funds,General Operating Funds,801,School Generated,1,
FG115-000099,Curriculum Development,Operating Funds,General Operating Funds,General Operating Funds,801,General Fund,1,
FG115-000163,Race & National Origin Deseg,Operating Funds,General Operating Funds,General Operating Funds,801,General Fund,1,
FG115-000195,Charter Schools,Operating Funds,General Operating Funds,General Operating Funds,801,General Fund,1,
FG324-492118,Homeless Education Program,Operating Funds,General Operating Funds,General Operating Funds,807,Other Grants,1,
FG124-070151,CFF/CCT- Searle Grant - Mathematics Institute,Operating Funds,General Operating Funds,General Operating Funds,801,School Generated,1,
FG115-000934,Summer Jobs Kid Start,Operating Funds,General Operating Funds,General Operating Funds,801,General Fund,1,
FG326-399997,Advanced Placement,Operating Funds,General Operating Funds,General Operating Funds,807,Other Grants,1,
FG326-490006,Illinois Innovation Talent Program,Operating Funds,General Operating Funds,General Operating Funds,807,Other Grants,1,
FG324-492125,Homeless Education Prog.,Operating Funds,General Operating Funds,General Operating Funds,807,Other Grants,1,
FG324-492126,Homeless Education Prog.  -  FG324-492126,Operating Funds,General Operating Funds,General Operating Funds,807,Other Grants,1,
FG324-494006,Title IIA - Teacher Quality,Operating Funds,General Operating Funds,General Operating Funds,807,Other Grants,1,
FG124-000389,CTE Programs,Operating Funds,General Operating Funds,General Operating Funds,801,School Generated,1,
FG124-000390,Finger Printing (Charter),Operating Funds,General Operating Funds,General Operating Funds,801,School Generated,1,
FG124-000397,Elementary School Sports Program,Operating Funds,General Operating Funds,General Operating Funds,801,School Generated,1,
FG115-008009,Montessori Schools,Operating Funds,General Operating Funds,General Operating Funds,801,General Fund,1,
FG324-580220,CDC DASH Mental Health Supplement,Operating Funds,General Operating Funds,General Operating Funds,807,Other Grants,1,
FG324-460023,Preschool Incentive Grant FY19,Operating Funds,General Operating Funds,General Operating Funds,807,Other Grants,1,
FG324-517504,Chicago Teen Pregnancy Prevention Initiative,Operating Funds,General Operating Funds,General Operating Funds,807,Other Grants,1,
FG324-517505,Chicago Teen Pregnancy Prevention Initiative,Operating Funds,General Operating Funds,General Operating Funds,807,Other Grants,1,
FG115-000318,Arts,Operating Funds,General Operating Funds,General Operating Funds,801,General Fund,1,
FG324-580205,Healthy Chicago Public Schools- YRBS 262006,Operating Funds,General Operating Funds,General Operating Funds,807,Other Grants,1,
FG324-517507,Teen Pregnancy Prevention Grant (MICAH) FY18,Operating Funds,General Operating Funds,General Operating Funds,807,Other Grants,1,
FG324-517510,Enhancing Students Skills for Success,Operating Funds,General Operating Funds,General Operating Funds,807,Other Grants,1,
FG324-499938,Preschool Expansion Grant FY18,Operating Funds,General Operating Funds,General Operating Funds,807,Other Grants,1,
FG124-000522,Tawani Foundation Military JROTC,Operating Funds,General Operating Funds,General Operating Funds,801,School Generated,1,
FG324-580238,Training For Mental Health Equity (TMHE) -  FG324-580238,Operating Funds,General Operating Funds,General Operating Funds,807,Other Grants,1,
FG324-500271,STARTALK - Arabic Language Program,Operating Funds,General Operating Funds,General Operating Funds,807,Other Grants,1,
FG324-500272,STARTALK - Arabic Language Program,Operating Funds,General Operating Funds,General Operating Funds,807,Other Grants,1,
FG324-552310,Summer Language Institute For American Youth Program,Operating Funds,General Operating Funds,General Operating Funds,807,Other Grants,1,
FG324-578213,Project Italic Integrative Technology in Arabic,Operating Funds,General Operating Funds,General Operating Funds,807,Other Grants,1,
FG324-580112,Category A - Communities Putting Prevention to Work,Operating Funds,General Operating Funds,General Operating Funds,807,Other Grants,1,
FG324-580215,Healthy CPS-HIV-STD Prevention Initiative 221077 FY19,Operating Funds,General Operating Funds,General Operating Funds,807,Other Grants,1,
FG324-580214,Healthy Chicago Public Schools-YRBS 262006 FY19,Operating Funds,General Operating Funds,General Operating Funds,807,Other Grants,1,
FG324-517513,Enhancing Students Skills for Success,Operating Funds,General Operating Funds,General Operating Funds,807,Other Grants,1,
FG324-580301,Middle School YRBS Program FY19,Operating Funds,General Operating Funds,General Operating Funds,807,Other Grants,1,
FG324-580907,US Dept of Housing and Urban Development,Operating Funds,General Operating Funds,General Operating Funds,807,Other Grants,1,
FG324-580251,PA- SI for Crisis Response & Continuum of Care Project,Operating Funds,General Operating Funds,General Operating Funds,807,Other Grants,1,
FG324-442174,21st Century Community Learning Centers - (Cohort 15-Grant 3)FY19,Operating Funds,General Operating Funds,General Operating Funds,807,Other Grants,1,
FG124-010181,Breakthrough Schools CPEF-CAHS,Operating Funds,General Operating Funds,General Operating Funds,801,School Generated,1,
FG354-410023,CONTINGENCY FOR PROJECT EXPAN,Operating Funds,General Operating Funds,General Operating Funds,805,NCLB Federal,1,
FG354-497140,Title IID - Educational Technology,Operating Funds,General Operating Funds,General Operating Funds,805,NCLB Federal,1,
FG354-497143,Title IID - Educational Technology,Operating Funds,General Operating Funds,General Operating Funds,805,NCLB Federal,1,
FG354-500739,DOJ - Secure Our Schools,Operating Funds,General Operating Funds,General Operating Funds,805,NCLB Federal,1,
FG124-905114,CFF- MRHT Healthcare Workforce,Operating Funds,General Operating Funds,General Operating Funds,801,School Generated,1,
FG124-905120,CFF - The Bluhm Family - Roadmap,Operating Funds,General Operating Funds,General Operating Funds,801,School Generated,1,
FG324-188843,"Safe Haven/After School Program, Spring and Summer BP IGA  -  FG324-188843",Operating Funds,General Operating Funds,General Operating Funds,807,Other Grants,1,
FG324-199915,JROTC Parade Program,Operating Funds,General Operating Funds,General Operating Funds,807,Other Grants,1,
FG356-000000,ELL & Bilingual Programs,Operating Funds,General Operating Funds,General Operating Funds,805,NCLB Federal,1,
FG356-000109,Sick and Vacation Termination Payout - ESP,Operating Funds,General Operating Funds,General Operating Funds,805,NCLB Federal,1,
FG362-376671,State Preschool for All Age 0-3 Community Partnerships FY20,Operating Funds,General Operating Funds,General Operating Funds,807,Other Grants,1,
FG362-376672,State Preschool for All Age 3-5 FY20,Operating Funds,General Operating Funds,General Operating Funds,807,Other Grants,1,
FG354-500962,CHGO Teachers Librarians for the 21st Century,Operating Funds,General Operating Funds,General Operating Funds,805,NCLB Federal,1,
FG326-542130,FIE Senn HS Science Laboratory Improvements,Operating Funds,General Operating Funds,General Operating Funds,807,Other Grants,1,
FG124-905121,FY23-25 Teach Chicago project and the CFP funds,Operating Funds,General Operating Funds,General Operating Funds,801,School Generated,1,
FG362-376677,State Preschool for All Age 3-5,Operating Funds,General Operating Funds,General Operating Funds,807,Other Grants,1,
FG220-462055,LEA FlowThru Instruction,Operating Funds,General Operating Funds,General Operating Funds,807,Other Grants,1,
FG324-399927,Healthy Communities Investments 18-3999,Operating Funds,General Operating Funds,General Operating Funds,807,Other Grants,1,
FG353-494015,Title IIA - Other Private Supplementary Service,Operating Funds,General Operating Funds,General Operating Funds,805,NCLB Federal,1,
FG353-494022,Title IIA - Archdiocese of Chicago Suppl. Servc.,Operating Funds,General Operating Funds,General Operating Funds,805,NCLB Federal,1,
FG353-494025,Title IIA - Teacher Quality,Operating Funds,General Operating Funds,General Operating Funds,805,NCLB Federal,1,
FG356-041008,Contingency for Grant Expansion,Operating Funds,General Operating Funds,General Operating Funds,805,NCLB Federal,1,
FG332-430101,Discretionary ARRA,Operating Funds,General Operating Funds,General Operating Funds,805,NCLB Federal,1,
FG332-430166,Title I - Transitional Support,Operating Funds,General Operating Funds,General Operating Funds,805,NCLB Federal,1,
FG220-462062,LEA FlowThru Inclusive Schools,Operating Funds,General Operating Funds,General Operating Funds,807,Other Grants,1,
FG220-463020,Parent Mentoring Project,Operating Funds,General Operating Funds,General Operating Funds,807,Other Grants,1,
FG336-528311,CREATES - Arts in Education,Operating Funds,General Operating Funds,General Operating Funds,805,NCLB Federal,1,
FG336-542120,FIE American History Matters Collaborative,Operating Funds,General Operating Funds,General Operating Funds,805,NCLB Federal,1,
FG356-330507,Bilingual Ed - TBE-TPI (Per Pupil),Operating Funds,General Operating Funds,General Operating Funds,805,NCLB Federal,1,
FG356-376705,State Bilingual TBE,Operating Funds,General Operating Funds,General Operating Funds,805,NCLB Federal,1,
FG220-463123,Regional Prof Develop Centers,Operating Funds,General Operating Funds,General Operating Funds,807,Other Grants,1,
FG220-463126,Regional Prof. Develop. Centers (ASPIRE),Operating Funds,General Operating Funds,General Operating Funds,807,Other Grants,1,
FG353-494087,Title II - Supplementary -  FG353-494087,Operating Funds,General Operating Funds,General Operating Funds,805,NCLB Federal,1,
FG362-373007,ROE/ISC Operations,Operating Funds,General Operating Funds,General Operating Funds,807,Other Grants,1,
FG362-376645,State Preschool for All Age 3-5 Extended Supports FY18,Operating Funds,General Operating Funds,General Operating Funds,807,Other Grants,1,
FG332-430243,Mandated Parent Involvement,Operating Funds,General Operating Funds,General Operating Funds,805,NCLB Federal,1,
FG332-430244,Title I - ESSA - Summer Learning Initiative,Operating Funds,General Operating Funds,General Operating Funds,805,NCLB Federal,1,
FG332-430245,Title I - Office of Strategic School Support Services,Operating Funds,General Operating Funds,General Operating Funds,805,NCLB Federal,1,
FG220-465033,Preschool Discretionary (STARNET),Operating Funds,General Operating Funds,General Operating Funds,807,Other Grants,1,
FG221-485610,Preschool Incentive Grant ARRA,Operating Funds,General Operating Funds,General Operating Funds,807,Other Grants,1,
FG353-494093,Title IIA - Supplementary,Operating Funds,General Operating Funds,General Operating Funds,805,NCLB Federal,1,
FG358-440043,Title IV - Part A - Nonpublic,Operating Funds,General Operating Funds,General Operating Funds,805,NCLB Federal,1,
FG358-440047,Title IV  Part A - Nonpublic,Operating Funds,General Operating Funds,General Operating Funds,805,NCLB Federal,1,
FG358-440049,Title IV Part A - Nonpublic,Operating Funds,General Operating Funds,General Operating Funds,805,NCLB Federal,1,
FG358-440051,Title IV Part A - Nonpublic -  FG358-440051,Operating Funds,General Operating Funds,General Operating Funds,805,NCLB Federal,1,
FG331-580017,Improving the Health and Educational Outcomes of Young People,Operating Funds,General Operating Funds,General Operating Funds,805,NCLB Federal,1,
FG332-000000,NCLB Title I Regular Fund,Operating Funds,General Operating Funds,General Operating Funds,805,NCLB Federal,1,
FG332-430110,Nonpublic Inst. & Supp. Serv. - Lutheran,Operating Funds,General Operating Funds,General Operating Funds,805,NCLB Federal,1,
FG312-000201,Work Stoppage,Operating Funds,General Operating Funds,General Operating Funds,806,Lunchroom,1,
FG336-542203,Carol M. White Physical Education Program Grant,Operating Funds,General Operating Funds,General Operating Funds,805,NCLB Federal,1,
FG336-543524,Smaller Learning Communities - Cohort 10,Operating Funds,General Operating Funds,General Operating Funds,805,NCLB Federal,1,
FG362-376684,State Preschool For All Age 3-5,Operating Funds,General Operating Funds,General Operating Funds,807,Other Grants,1,
FG332-430186,Nonpublic Inst. & Supp. Serv. - Catholic,Operating Funds,General Operating Funds,General Operating Funds,805,NCLB Federal,1,
FG312-421000,Lunchroom- Lunch (USDA),Operating Funds,General Operating Funds,General Operating Funds,806,Lunchroom,1,
FG221,Federal IDEA - 2009 Stimulus (ARRA),Operating Funds,NA,General Operating Funds,807,Other Grants,0,
FG312-422502,Summer Food Service Program FY19,Operating Funds,General Operating Funds,General Operating Funds,806,Lunchroom,1,
FG353-494046,Title IIA - Archdiocese of Chicago Supplementary Services,Operating Funds,General Operating Funds,General Operating Funds,805,NCLB Federal,1,
FG353-494048,Title II - Supplementary,Operating Funds,General Operating Funds,General Operating Funds,805,NCLB Federal,1,
FG312-422507,Summer Food Service Program -  FG312-422507,Operating Funds,General Operating Funds,General Operating Funds,806,Lunchroom,1,
FG312-422508,Summer Food Service Program  -  FG312-422508,Operating Funds,General Operating Funds,General Operating Funds,806,Lunchroom,1,
FG314-422601,Lunchroom Child & Adult Care Food Program,Operating Funds,General Operating Funds,General Operating Funds,806,Lunchroom,1,
FG358-440054,Title IV Part A -  FG358-440054,Operating Funds,General Operating Funds,General Operating Funds,805,NCLB Federal,1,
FG358-440058,Title IV Part A,Operating Funds,General Operating Funds,General Operating Funds,805,NCLB Federal,1,
FG358-494072,Title IIA - Other Private Supplementary Servc.,Operating Funds,General Operating Funds,General Operating Funds,805,NCLB Federal,1,
FG358-509189,SDFS - Readiness & Emergency Management Schools,Operating Funds,General Operating Funds,General Operating Funds,805,NCLB Federal,1,
FG353-494051,Title IIA - Other Private Supplementary Servc.,Operating Funds,General Operating Funds,General Operating Funds,805,NCLB Federal,1,
FG353-494052,Title II - Supplementary,Operating Funds,General Operating Funds,General Operating Funds,805,NCLB Federal,1,
FG332-000363,Out of District SLTS Transportation,Operating Funds,General Operating Funds,General Operating Funds,805,NCLB Federal,1,
FG324-000109,Sick and Vacation Termination Payout - ESP,Operating Funds,General Operating Funds,General Operating Funds,807,Other Grants,1,
FG324-000390,Finger Printing (Charter),Operating Funds,General Operating Funds,General Operating Funds,807,Other Grants,1,
FG324-000575,Student Based Budgeting,Operating Funds,General Operating Funds,General Operating Funds,807,Other Grants,1,
FG324-036514,National Board Certification Initiatives,Operating Funds,General Operating Funds,General Operating Funds,807,Other Grants,1,
FG338,Title VII Bilingual Program,Operating Funds,NA,General Operating Funds,805,NCLB Federal,0,
FG353-000025,OSSE Attendance Project,Operating Funds,General Operating Funds,General Operating Funds,805,NCLB Federal,1,
FG332-410010,Contingency for Program Expansion,Operating Funds,General Operating Funds,General Operating Funds,805,NCLB Federal,1,
FG332-430132,Nonpublic Instruction & Support Services - Independent,Operating Funds,General Operating Funds,General Operating Funds,805,NCLB Federal,1,
FG353-494806,Title II - Tier Supports,Operating Funds,General Operating Funds,General Operating Funds,805,NCLB Federal,1,
FG353-500172,Chicago Bilingual Summer Math Lab,Operating Funds,General Operating Funds,General Operating Funds,805,NCLB Federal,1,
FG353-528412,Highly Effective Teachers / SEED,Operating Funds,General Operating Funds,General Operating Funds,805,NCLB Federal,1,
FG353-494061,Title II - Supplementary,Operating Funds,General Operating Funds,General Operating Funds,805,NCLB Federal,1,
FG332-430136,Supplemental,Operating Funds,General Operating Funds,General Operating Funds,805,NCLB Federal,1,
FG332-430137,Discretionary,Operating Funds,General Operating Funds,General Operating Funds,805,NCLB Federal,1,
FG332-430193,NCLB - Choice Schools / SES,Operating Funds,General Operating Funds,General Operating Funds,805,NCLB Federal,1,
FG332-430195,Title I - NCLB - Summer Learning Initiative,Operating Funds,General Operating Funds,General Operating Funds,805,NCLB Federal,1,
FG332-430196,Title I - Office of Strategic School Support Services,Operating Funds,General Operating Funds,General Operating Funds,805,NCLB Federal,1,
FG324-100306,Aldermanic School Micro-Grant Ward 13 - Blair ECC,Operating Funds,General Operating Funds,General Operating Funds,807,Other Grants,1,
FG324-100308,Aldermanic School Micro-Grant Ward 13 - Dore ELC,Operating Funds,General Operating Funds,General Operating Funds,807,Other Grants,1,
FG324-100314,Alderman Microgrant- Hancock HS,Operating Funds,General Operating Funds,General Operating Funds,807,Other Grants,1,
FG324-100315,Alderman Microgrant- Pasteur,Operating Funds,General Operating Funds,General Operating Funds,807,Other Grants,1,
FG324-100320,Alderman Microgrant Ward 43 - Lincoln Park HS,Operating Funds,General Operating Funds,General Operating Funds,807,Other Grants,1,
FG324-100321,Alderman Microgrant - Richardson MS,Operating Funds,General Operating Funds,General Operating Funds,807,Other Grants,1,
FG353-430170,Nonpublic Inst. & Supp. Serv. - Catholic,Operating Funds,General Operating Funds,General Operating Funds,805,NCLB Federal,1,
FG362-460805,CPC i3 Project,Operating Funds,General Operating Funds,General Operating Funds,807,Other Grants,1,
FG332-430014,IASA Title I: Public,Operating Funds,General Operating Funds,General Operating Funds,805,NCLB Federal,1,
FG324-100407,CDPH/CPS School-Based Vision Program IGA FY20,Operating Funds,General Operating Funds,General Operating Funds,807,Other Grants,1,
FG324-100414,CDPH/CPS School-Based Vision Program IGA,Operating Funds,General Operating Funds,General Operating Funds,807,Other Grants,1,
FG324-188829,FG324-188829,Operating Funds,General Operating Funds,General Operating Funds,807,Other Grants,1,
FG358-580250,School Based MHS Grant- CPS R and R of School-Based Clinical St,Operating Funds,General Operating Funds,General Operating Funds,805,NCLB Federal,1,
FG362,Early Childhood Development,Operating Funds,NA,General Operating Funds,807,Other Grants,0,
FG362-000006,Preschool For All (locally funded),Operating Funds,General Operating Funds,General Operating Funds,807,Other Grants,1,
FG356-490953,Title III - Lmtd. Eng. Prf. - Nonpublic,Operating Funds,General Operating Funds,General Operating Funds,805,NCLB Federal,1,
FG332-430206,Nonpublic Inst. & Supp. Serv. - Jewish,Operating Funds,General Operating Funds,General Operating Funds,805,NCLB Federal,1,
FG332-430208,Title 1 - Child Parent Centers,Operating Funds,General Operating Funds,General Operating Funds,805,NCLB Federal,1,
FG332-430209,NCLB - Choice Schools / SES,Operating Funds,General Operating Funds,General Operating Funds,805,NCLB Federal,1,
FG332-430210,Mandated Parent Involvement,Operating Funds,General Operating Funds,General Operating Funds,805,NCLB Federal,1,
FG332-430212,Title I - Office of Strategic School Support Services,Operating Funds,General Operating Funds,General Operating Funds,805,NCLB Federal,1,
FG230-322037,Career and Technical Educ. Improvement Grant (CTEI),Operating Funds,General Operating Funds,General Operating Funds,809,General Fund,1,
FG367-434027,SIG Transformation - Wells HS,Operating Funds,General Operating Funds,General Operating Funds,807,Other Grants,1,
FG367-434036,SIG Transformation - Tilden HS,Operating Funds,General Operating Funds,General Operating Funds,807,Other Grants,1,
FG124-460801,Midwest Expansion of CPC Prog (U Minn/USDE),Operating Funds,General Operating Funds,General Operating Funds,801,School Generated,1,
FG124-500017,Collaborative Research:Geospatial HS Course in CTE Clusters FY19,Operating Funds,General Operating Funds,General Operating Funds,801,School Generated,1,
FG124-904003,Citywide Miscellaneous,Operating Funds,General Operating Funds,General Operating Funds,801,School Generated,1,
FG124-070421,BCBSIL - CPS Active Classrooms,Operating Funds,General Operating Funds,General Operating Funds,801,School Generated,1,
FG369-322037,Career & Technical Educ. Improvement Grant (CTEI) -  FG369-322037,Operating Funds,General Operating Funds,General Operating Funds,807,Other Grants,1,
FG701-547524,Indian Elem/Sec. Assistance Prog. FY20,Operating Funds,General Operating Funds,Others,,,1,
FG799-322515,Work Exp. & Career Exp. Program (WECEP),Operating Funds,General Operating Funds,Others,,,1,
FG701-500363,Startalk Arabic/Chinese,Operating Funds,General Operating Funds,Others,,,1,
FG124-070903,No Kid Hungry SFSP,Operating Funds,General Operating Funds,General Operating Funds,801,School Generated,1,
FG124-070911,National Center for Teacher Residencies - Black Edu Initiative,Operating Funds,General Operating Funds,General Operating Funds,801,School Generated,1,
FG701-500679,Refugee Childern's School Impact Grant,Operating Funds,General Operating Funds,Others,,,1,
FG701-500683,Early Reading First,Operating Funds,General Operating Funds,Others,,,1,
FG701-500686,Refugee Children's School Impact Grant,Operating Funds,General Operating Funds,Others,,,1,
FG124-070937,Northern Illinois University Chicago Roadmap Initiative-FG124-070937,Operating Funds,General Operating Funds,General Operating Funds,801,School Generated,1,
FG124-070939,Grammy Museum Foundation Inc.,Operating Funds,General Operating Funds,General Operating Funds,801,School Generated,1,
FG369-322518,Not Available - Incorrect fund for grant - should be Fund 324,Operating Funds,General Operating Funds,General Operating Funds,807,Other Grants,1,
FG230-399602,State Distributive Fund,Operating Funds,General Operating Funds,General Operating Funds,809,General Fund,1,
FG332-430229,Title I - Office of Strategic School Support Services,Operating Funds,General Operating Funds,General Operating Funds,805,NCLB Federal,1,
FG332-430271,Nonpublic Inst. & Supp. Serv. - Jewish -  FG332-430271,Operating Funds,General Operating Funds,General Operating Funds,805,NCLB Federal,1,
FG701-548045,Trio - Talent Search,Operating Funds,General Operating Funds,Others,,,1,
FG701-548049,Trio - Talent Search,Operating Funds,General Operating Funds,Others,,,1,
FG701-548051,Emergency Connectivity Fund - ECF FCC,Operating Funds,General Operating Funds,Others,,,1,
FG124-070943,The Alliance for Water Efficiency -for Eugene Field Elementary Sc,Operating Funds,General Operating Funds,General Operating Funds,801,School Generated,1,
FG124-070946,Hoellen Fam Foundation Lake View High Sch-Newspaper Pub- FG124-070946,Operating Funds,General Operating Funds,General Operating Funds,801,School Generated,1,
FG332-430274,ESSA (NCLB Choice) -  FG332-430274,Operating Funds,General Operating Funds,General Operating Funds,805,NCLB Federal,1,
FG799-490923,Title III - Lmtd. Eng. Prf. - Nonpublic,Operating Funds,General Operating Funds,Others,,,1,
FG324-550009,Aids Foundation of Chicago FY18,Operating Funds,General Operating Funds,General Operating Funds,807,Other Grants,1,
FG324-550016,IL for Arts and STEM Education- Grant 3- FG324-550016,Operating Funds,General Operating Funds,General Operating Funds,807,Other Grants,1,
FG369-474559,Carl Perkins - Program Innovation,Operating Funds,General Operating Funds,General Operating Funds,807,Other Grants,1,
FG701-517502,Chicago Teen Pregnancy Prevention Initiative,Operating Funds,General Operating Funds,Others,,,1,
FG701-517512,Enhancing Students Skills for Success,Operating Funds,General Operating Funds,Others,,,1,
FG370-499829,IL Aware-AW 2022- FG370-499829,Operating Funds,General Operating Funds,General Operating Funds,807,Other Grants,1,
FG367-434041,SIG - Hirsch (Cohort 5),Operating Funds,General Operating Funds,General Operating Funds,807,Other Grants,1,
FG516,PBC Rental Series A Of 1990,Operating Funds,NA,Debt-Service Funds,808,Debt Service Fund,0,
FG516-000000,PBC Rental Series A Of 1990,Operating Funds,Debt-Service Funds,Debt-Service Funds,808,Debt Service Fund,1,
FG701-517513,Enhancing Students Skills for Success,Operating Funds,General Operating Funds,Others,,,1,
FG701-517514,Enhancing Students Skills for Success,Operating Funds,General Operating Funds,Others,,,1,
FG367-435006,SIG - District,Operating Funds,General Operating Funds,General Operating Funds,807,Other Grants,1,
FG370-499835,ESSER II- Early Childhood- Jump Start K-1st 22-4998-FG,Operating Funds,General Operating Funds,General Operating Funds,807,Other Grants,1,
FG124-070975,American Heart Association-Lewis,Operating Funds,General Operating Funds,General Operating Funds,801,School Generated,1,
FG124-070974,Thrive MBK IUE,Operating Funds,General Operating Funds,General Operating Funds,801,School Generated,1,
FG370-499838,ESSER III - Instructional Capacity Tier II,Operating Funds,General Operating Funds,General Operating Funds,807,Other Grants,1,
FG367-435014,SIG - CVCA,Operating Funds,General Operating Funds,General Operating Funds,807,Other Grants,1,
FG799-422601,Lunchroom Child & Adult Care Food Program,Operating Funds,General Operating Funds,Others,,,1,
FG799-433117,Title I School Improvement Grant- (SOSS),Operating Funds,General Operating Funds,Others,,,1,
FG799-433931,School Improvement Grant District,Operating Funds,General Operating Funds,Others,,,1,
FG124-070978,UChicago Ed Labs CPS Tutor Corps Program,Operating Funds,General Operating Funds,General Operating Funds,801,School Generated,1,
FG124-070979,MSI Crown Distingush Teacher- FG124-070979,Operating Funds,General Operating Funds,General Operating Funds,801,School Generated,1,
FG367-435022,SIG - Bowen - (Cohort 3),Operating Funds,General Operating Funds,General Operating Funds,807,Other Grants,1,
FG370-499846,ARP IDEA Preschool - Non-Public Programs,Operating Funds,General Operating Funds,General Operating Funds,807,Other Grants,1,
FG370-422602,Lunchroom Child & Adult Care Food Program-CH 21-4226-CH,Operating Funds,General Operating Funds,General Operating Funds,807,Other Grants,1,
FG701-500017,Collaborative Research:Geospatial HS Course in CTE Clusters FY19,Operating Funds,General Operating Funds,Others,,,1,
FG701-500018,Chicago Alliance for Equity in Computer includes Supplement,Operating Funds,General Operating Funds,Others,,,1,
FG701-500027,Project Cultivate,Operating Funds,General Operating Funds,Others,,,1,
FG701-500030,EAGER Program,Operating Funds,General Operating Funds,Others,,,1,
FG701-500032,CAFECS - Build Connections,Operating Funds,General Operating Funds,Others,,,1,
FG701-500034,Scratch Encore FY22,Operating Funds,General Operating Funds,Others,,,1,
FG124-905009,Eat What You Grow (EWYG),Operating Funds,General Operating Funds,General Operating Funds,801,School Generated,1,
FG367-435035,SIG Clemente - (Cohort 3),Operating Funds,General Operating Funds,General Operating Funds,807,Other Grants,1,
FG367-435036,SIG CVCA - (Cohort 3),Operating Funds,General Operating Funds,General Operating Funds,807,Other Grants,1,
FG367-435038,SIG District - (Cohort 3),Operating Funds,General Operating Funds,General Operating Funds,807,Other Grants,1,
FG370-442296,21st Century Community Learning Centers - (Cohort 15-Grant 3),Operating Funds,General Operating Funds,General Operating Funds,807,Other Grants,1,
FG370-442298,21st Century Community Learning Centers - (Cohort 15-Grant 5),Operating Funds,General Operating Funds,General Operating Funds,807,Other Grants,1,
FG370-442321,Title IV 21st Century Community Learning Centers Cohort B1  -  FG370-442321,Operating Funds,General Operating Funds,General Operating Funds,807,Other Grants,1,
FG367-433992,School Improvement Grant Harper,Operating Funds,General Operating Funds,General Operating Funds,807,Other Grants,1,
FG701-600001,Bond Series 1993A,Operating Funds,General Operating Funds,Others,,,1,
FG701-905086,CFF - IL DCEO Grant (Illinois Works Pre-apprenticeship Program),Operating Funds,General Operating Funds,Others,,,1,
FG701-905118,CFF CPS Technology Grant project and the Relativity fund,Operating Funds,General Operating Funds,Others,,,1,
FG701-905143,The IT Model Pathways project and the Salesforce Foundation fund,Operating Funds,General Operating Funds,Others,,,1,
FG124-070998,NIU - Continued Development of AMP-IT Pathways,Operating Funds,General Operating Funds,General Operating Funds,801,School Generated,1,
FG124-071003,Project Unloaded-Safety & Security,Operating Funds,General Operating Funds,General Operating Funds,801,School Generated,1,
FG370-499866,Freedom Schools Grant 4998-FS,Operating Funds,General Operating Funds,General Operating Funds,807,Other Grants,1,
FG367-439902,School and District Improvement,Operating Funds,General Operating Funds,General Operating Funds,807,Other Grants,1,
FG367-433997,SIG - Harper High School,Operating Funds,General Operating Funds,General Operating Funds,807,Other Grants,1,
FG367-434002,SIG Transformation FY11 - Juarez HS,Operating Funds,General Operating Funds,General Operating Funds,807,Other Grants,1,
FG124-430301,Title I - District Initiatives,Operating Funds,General Operating Funds,General Operating Funds,801,School Generated,1,
FG370-499802,ESSER - District Initiatives,Operating Funds,General Operating Funds,General Operating Funds,807,Other Grants,1,
FG124-905017,CFF - Steans Family Foundation (Kellman),Operating Funds,General Operating Funds,General Operating Funds,801,School Generated,1,
FG230,Public Building Commission O & M,Operating Funds,NA,General Operating Funds,809,General Fund,0,
FG367-434022,SIG Transformation - Julian HS,Operating Funds,General Operating Funds,General Operating Funds,807,Other Grants,1,
FG799-460015,Preschool Incentive Grant,Operating Funds,General Operating Funds,Others,,,1,
FG369-322020,Career & Technical Educ. Improvement Grant (CTEI),Operating Funds,General Operating Funds,General Operating Funds,807,Other Grants,1,
FG230-000528,General Ed. Admin. Fee,Operating Funds,General Operating Funds,General Operating Funds,809,General Fund,1,
FG370-499811,Digital Equity Grant - Nonpublic - Independent- FG370-499811,Operating Funds,General Operating Funds,General Operating Funds,807,Other Grants,1,
FG370-499812,Digital Equity Grant - Nonpublic - Christian- FG370-499812,Operating Funds,General Operating Funds,General Operating Funds,807,Other Grants,1,
FG799-490001,Medicaid - Administrative,Operating Funds,General Operating Funds,Others,,,1,
FG701-500309,Magnet Schools Assistance Program (CPSMSAP) FY18-19,Operating Funds,General Operating Funds,Others,,,1,
FG701-500314,Magnet School Assistance Program-Technology Advancing Communities,Operating Funds,General Operating Funds,Others,,,1,
FG701-500315,Magnet Schools Assistance Program (CPSMSAP) FY23,Operating Funds,General Operating Funds,Others,,,1,
FG701-500359,STARTALK Chinese Language Program,Operating Funds,General Operating Funds,Others,,,1,
FG701-442183,21st Century Community Learning Centers-(Cohort 19-Grant 4) FY19,Operating Funds,General Operating Funds,Others,,,1,
FG367-433134,Il-Empower (Cohort 19 - Grant 4) FY19,Operating Funds,General Operating Funds,General Operating Funds,807,Other Grants,1,
FG115-001024,FY24 Comparability -  FG115-001024,Operating Funds,General Operating Funds,General Operating Funds,801,General Fund,1,
FG115-001025,FY25 Comparability  -  FG115-001025,Operating Funds,General Operating Funds,General Operating Funds,801,General Fund,1,
FG115-008011,STEM Programs,Operating Funds,General Operating Funds,General Operating Funds,801,General Fund,1,
FG115-008288,Turnaround Incubation Funding,Operating Funds,General Operating Funds,General Operating Funds,801,General Fund,1,
FG124-000309,IMC Charitable Foundation Donation,Operating Funds,General Operating Funds,General Operating Funds,801,School Generated,1,
FG124-000323,R4 Box Removal,Operating Funds,General Operating Funds,General Operating Funds,801,School Generated,1,
FG701-430296,Nonpublic Inst. and Supp. Serv. - Catholic,Operating Funds,General Operating Funds,Others,,,1,
FG701-430518,Neglected Programs,Operating Funds,General Operating Funds,Others,,,1,
FG367-433139,Il-Empower (Cohort 19 - Grant 9) FY19,Operating Funds,General Operating Funds,General Operating Funds,807,Other Grants,1,
FG115-142100,Permit/Rental - All Schools,Operating Funds,General Operating Funds,General Operating Funds,801,General Fund,1,
FG124-004132,Emergent Bil Educators of the Year(Jamieson)- Rosetta Stone Ltd,Operating Funds,General Operating Funds,General Operating Funds,801,School Generated,1,
FG124-004135,MSI Science Leadership School Partners Stipend,Operating Funds,General Operating Funds,General Operating Funds,801,School Generated,1,
FG701-433166,Il-Empower (Cohort 19 - Grant 4),Operating Funds,General Operating Funds,Others,,,1,
FG701-440046,Title IV  Part A,Operating Funds,General Operating Funds,Others,,,1,
FG115-376619,CHILDREN-AT-RISK,Operating Funds,General Operating Funds,General Operating Funds,801,General Fund,1,
FG115-376629,State Pre-K - IDCEO,Operating Funds,General Operating Funds,General Operating Funds,801,General Fund,1,
FG124-004140,Chicago Bears Athletic Trainers Initiative- FG124-004140,Operating Funds,General Operating Funds,General Operating Funds,801,School Generated,1,
FG367-433930,School Improvement Grant Earle,Operating Funds,General Operating Funds,General Operating Funds,807,Other Grants,1,
FG367-433150,Il-Empower (Cohort 19 - Grant 10) FY20,Operating Funds,General Operating Funds,General Operating Funds,807,Other Grants,1,
FG115-376646,State Preschool for All Age 3-5 Diverse Learners FY18,Operating Funds,General Operating Funds,General Operating Funds,801,General Fund,1,
FG124-070906,Together for Students Thrive Chicago,Operating Funds,General Operating Funds,General Operating Funds,801,School Generated,1,
FG124-070922,National cntr for TE Residencies - Black Edu Initiative FY20-21,Operating Funds,General Operating Funds,General Operating Funds,801,School Generated,1,
FG701-442192,21st Century Community Learning Cntrs - (Cohort 15-Grant 7) FY20,Operating Funds,General Operating Funds,Others,,,1,
FG701-442195,21st Century Community Learning Cntrs (Cohort 19-Grant 2) FY20 - FG701-442194,Operating Funds,General Operating Funds,Others,,,1,
FG701-442199,21st Century Community Learning Centers - (Cohort 15-Grant 1),Operating Funds,General Operating Funds,Others,,,1,
FG701-442201,21st Century Community Learning Centers - (Cohort 15-Grant 3),Operating Funds,General Operating Funds,Others,,,1,
FG367-433157,Il-Empower (Cohort 19 - Grant 6),Operating Funds,General Operating Funds,General Operating Funds,807,Other Grants,1,
FG367-433200,Il Empower (Cohort 20 - Grant 11),Operating Funds,General Operating Funds,General Operating Funds,807,Other Grants,1,
FG367-433213,School and District Improvement Grant (Cohort 23 - Grant 3)  -  FG367-433213,Operating Funds,General Operating Funds,General Operating Funds,807,Other Grants,1,
FG115-376709,Transportation - Safety Personnel,Operating Funds,General Operating Funds,General Operating Funds,801,General Fund,1,
FG115-376715,SPCL EDUC TRANSP-SUMMER,Operating Funds,General Operating Funds,General Operating Funds,801,General Fund,1,
FG362-510213,Headstart - Child Development,Operating Funds,General Operating Funds,General Operating Funds,807,Other Grants,1,
FG623,Unlimited Tax GO Refunding Bond Series 2017B,Operating Funds,NA,Debt-Service Funds,808,Debt Service Fund,0,
FG799-500269,STARTALK Arabic Language Program,Operating Funds,General Operating Funds,Others,,,1,
FG436-000310,IMC Charitable Foundation - Little Village (Capital),Capital Funds,Capital Funds,Others,810,Capital Projects Fund,1,
FG436-070194,CFF - Chicago Beyond,Capital Funds,Capital Funds,Others,810,Capital Projects Fund,1,
FG701-430522,Neglected Programs,Operating Funds,General Operating Funds,Others,,,1,
FG701-430625,Delinquent Programs FY19,Operating Funds,General Operating Funds,Others,,,1,
FG367-433161,Il-Empower (Cohort 19 - Grant 10),Operating Funds,General Operating Funds,General Operating Funds,807,Other Grants,1,
FG367-433162,IL-Empower (Cohort 20 - Grant 11),Operating Funds,General Operating Funds,General Operating Funds,807,Other Grants,1,
FG115-410009,CONTINGENCY FOR PROG EXPANSION,Operating Funds,General Operating Funds,General Operating Funds,801,General Fund,1,
FG115-430136,Supplemental,Operating Funds,General Operating Funds,General Operating Funds,801,General Fund,1,
FG124-070157,CFF - Silicon Valley Community Foundation,Operating Funds,General Operating Funds,General Operating Funds,801,School Generated,1,
FG701-433186,IL Empower(Cohort 22  - Grant 13,Operating Funds,General Operating Funds,Others,,,1,
FG701-433187,IL Empower(Cohort 22  - Grant 14),Operating Funds,General Operating Funds,Others,,,1,
FG115-463017,Parent Mentoring Project,Operating Funds,General Operating Funds,General Operating Funds,801,General Fund,1,
FG115-004106,Education Lab Options Redesign,Operating Funds,General Operating Funds,General Operating Funds,801,General Fund,1,
FG701-442134,21st Century Community Learning Centers,Operating Funds,General Operating Funds,Others,,,1,
FG701-442135,21st Century Community Learning Centers,Operating Funds,General Operating Funds,Others,,,1,
FG367-433174,School and District Improvement (Cohort 19 - Grant 1),Operating Funds,General Operating Funds,General Operating Funds,807,Other Grants,1,
FG367-433224,School and District Improvement Grant (Title 1003a) Cohort 15,Operating Funds,General Operating Funds,General Operating Funds,807,Other Grants,1,
FG115-430106,Public Inst. & Support Services,Operating Funds,General Operating Funds,General Operating Funds,801,General Fund,1,
FG115-521002,Cradle-To-Classroom / PATF,Operating Funds,General Operating Funds,General Operating Funds,801,General Fund,1,
FG115-540001,Federally Impacted Aid,Operating Funds,General Operating Funds,General Operating Funds,801,General Fund,1,
FG124-004109,Local Initiatives Support Corporation - Earle Stem,Operating Funds,General Operating Funds,General Operating Funds,801,School Generated,1,
FG701-442224,21st Century CLC - NEIU FY19,Operating Funds,General Operating Funds,Others,,,1,
FG367-433182,School and District Improvement (Cohort 19 - Grant 9),Operating Funds,General Operating Funds,General Operating Funds,807,Other Grants,1,
FG799-500379,Improving Teacher Quality Thru HR,Operating Funds,General Operating Funds,Others,,,1,
FG799-500683,Early Reading First,Operating Funds,General Operating Funds,Others,,,1,
FG799-500757,WIA Youth Assistance Grant ARRA Chicago Ag. HS,Operating Funds,General Operating Funds,Others,,,1,
FG701-432101,Race To The Top,Operating Funds,General Operating Funds,Others,,,1,
FG701-433117,Title I School Improvement Grant- (SOSS),Operating Funds,General Operating Funds,Others,,,1,
FG701-433119,Tilte I - School Improvement Grant - (SOSS),Operating Funds,General Operating Funds,Others,,,1,
FG362-510214,Headstart - Child Development,Operating Funds,General Operating Funds,General Operating Funds,807,Other Grants,1,
FG124-012119,Laptop Replacement Program - Absolute,Operating Funds,General Operating Funds,General Operating Funds,801,School Generated,1,
FG124-012298,Mills Donation Clinton,Operating Funds,General Operating Funds,General Operating Funds,801,School Generated,1,
FG124-050013,Aldermanic Menu Funds,Operating Funds,General Operating Funds,General Operating Funds,801,School Generated,1,
FG799-511039,CHIPRA Outreach and Enrollment Grant,Operating Funds,General Operating Funds,Others,,,1,
FG799-511180,ILNET Mini Grants,Operating Funds,General Operating Funds,Others,,,1,
FG701-442156,21st Century Community Learning Centers - (Cohort 15-Grant 6),Operating Funds,General Operating Funds,Others,,,1,
FG362-560025,Headstart-Child Supp. Dis. SP Initiative,Operating Funds,General Operating Funds,General Operating Funds,807,Other Grants,1,
FG124-070004,Project Lead the Way - Hampton,Operating Funds,General Operating Funds,General Operating Funds,801,School Generated,1,
FG115-499822,ESSER III- District Initiatives-FG115-499822,Operating Funds,General Operating Funds,General Operating Funds,801,General Fund,1,
FG124-004103,What Poetry Can Do Programs,Operating Funds,General Operating Funds,General Operating Funds,801,School Generated,1,
FG799-547515,Indian Elem/Sec. Assistance Prog.,Operating Funds,General Operating Funds,Others,,,1,
FG799-497143,Title IID - Educational Technology,Operating Funds,General Operating Funds,Others,,,1,
FG799-499965,21st Cntry. Comm. Lrn. Ctr.-Mexican Fine Arts,Operating Funds,General Operating Funds,Others,,,1,
FG701-403412,Increase Teacher Quality Grant,Operating Funds,General Operating Funds,Others,,,1,
FG362-560028,Headstart - Child Supp. Dis. SP Initiative,Operating Funds,General Operating Funds,General Operating Funds,807,Other Grants,1,
FG124-004104,Chicago Bears Athletic Trainers Initiative,Operating Funds,General Operating Funds,General Operating Funds,801,School Generated,1,
FG124-004105,Pritzker Military Foundation,Operating Funds,General Operating Funds,General Operating Funds,801,School Generated,1,
FG124-070011,Project Lead The Way (Year 2),Operating Funds,General Operating Funds,General Operating Funds,801,School Generated,1,
FG701-500840,Secure Our Schools (SOS),Operating Funds,General Operating Funds,Others,,,1,
FG799-376619,CHILDREN-AT-RISK,Operating Funds,General Operating Funds,Others,,,1,
FG701-424016,Fresh Fruit & Vegetables Program,Operating Funds,General Operating Funds,Others,,,1,
FG364-500790,Striving Readers FY2009-2010,Operating Funds,General Operating Funds,General Operating Funds,807,Other Grants,1,
FG367-000000,Title I - Comprehensive School Reform,Operating Funds,General Operating Funds,General Operating Funds,807,Other Grants,1,
FG367-000108,Sick and Vacation Termination Payout - TCH,Operating Funds,General Operating Funds,General Operating Funds,807,Other Grants,1,
FG124-000047,CFF - STEM Summer Internships / Motorola,Operating Funds,General Operating Funds,General Operating Funds,801,School Generated,1,
FG362-560039,Headstart-Child Supp. Dis. SP Initiative  -  FG362-560039,Operating Funds,General Operating Funds,General Operating Funds,807,Other Grants,1,
FG367-410009,CONTINGENCY FOR PROG EXPANSION,Operating Funds,General Operating Funds,General Operating Funds,807,Other Grants,1,
FG124-070031,The Broad Residency - Ribolzi,Operating Funds,General Operating Funds,General Operating Funds,801,School Generated,1,
FG124-070042,The Broad Residency (Year 2 - Gholston),Operating Funds,General Operating Funds,General Operating Funds,801,School Generated,1,
FG701-424089,SIG - District (Cohort 6) FY20,Operating Funds,General Operating Funds,Others,,,1,
FG701-430234,Title I - School Discretionary,Operating Funds,General Operating Funds,Others,,,1,
FG367-424050,SIG - District (Cohort 5),Operating Funds,General Operating Funds,General Operating Funds,807,Other Grants,1,
FG367-424052,SIG - Burke (Cohort 5),Operating Funds,General Operating Funds,General Operating Funds,807,Other Grants,1,
FG367-424081,School Improvement Grant Central Office Cohort 6,Operating Funds,General Operating Funds,General Operating Funds,807,Other Grants,1,
FG367-424082,SIG - Gage Park (Cohort 6),Operating Funds,General Operating Funds,General Operating Funds,807,Other Grants,1,
FG115-000329,ERP Modernization,Operating Funds,General Operating Funds,General Operating Funds,801,General Fund,1,
FG115-000388,Cellular Revenue,Operating Funds,General Operating Funds,General Operating Funds,801,General Fund,1,
FG124-070051,Early Childhood RFP,Operating Funds,General Operating Funds,General Operating Funds,801,School Generated,1,
FG701-433150,Il-Empower (Cohort 19 - Grant 10) FY20,Operating Funds,General Operating Funds,Others,,,1,
FG701-433155,Il-Empower (Cohort 19 - Grant 4),Operating Funds,General Operating Funds,Others,,,1,
FG701-433159,Il-Empower (Cohort 19 - Grant 8),Operating Funds,General Operating Funds,Others,,,1,
FG367-433112,Title I School Improvement Grant - (SOSS),Operating Funds,General Operating Funds,General Operating Funds,807,Other Grants,1,
FG367-433114,Title I School Improvement Grant- (SOSS),Operating Funds,General Operating Funds,General Operating Funds,807,Other Grants,1,
FG115-000512,Classical Schools,Operating Funds,General Operating Funds,General Operating Funds,801,General Fund,1,
FG124-000177,Career Pathways for Youth Program - Summer Jobs and Beyond,Operating Funds,General Operating Funds,General Operating Funds,801,School Generated,1,
FG124-000306,Food Share/ Portable Summer Meals Program,Operating Funds,General Operating Funds,General Operating Funds,801,School Generated,1,
FG124-004115,Centene Management Company LLC Donation,Operating Funds,General Operating Funds,General Operating Funds,801,School Generated,1,
FG124-004116,Accelerated Placement Screening,Operating Funds,General Operating Funds,General Operating Funds,801,School Generated,1,
FG124-004119,Pritzker Military Foundation FY20,Operating Funds,General Operating Funds,General Operating Funds,801,School Generated,1,
FG701-435033,SIG Bogan-(Cohort 3),Operating Funds,General Operating Funds,Others,,,1,
FG701-439301,R.O.T.C. - Navy,Operating Funds,General Operating Funds,Others,,,1,
FG701-439605,Critical Mass Year 5,Operating Funds,General Operating Funds,Others,,,1,
FG701-440039,Title IV - Drug Free Sch/Com.Act,Operating Funds,General Operating Funds,Others,,,1,
