unit,job_code,job_title,position_class,fte,amount
U46131,JC000049,Regular Teacher,Teacher,24,2425066.9
U24721,JC000049,Regular Teacher,Teacher,21,2239161.9
U23361,JC000464,Special Ed Classroom Assist,ESP,9,433133.79
U29341,JC000049,Regular Teacher,Teacher,17,1845619.86
U25811,JC000463,Teacher Assistant,ESP,2,96107.58
U25671,JC000049,Regular Teacher,Teacher,25,2320539.86
U11010,JC504849,Benefits Coordinator,ESP,1,48530
U24381,JC000049,Regular Teacher,Teacher,15,1467327.61
U22451,JC500629,Special Education Teacher,Teacher,13.5,1376146.36
U22181,JC003917,Instructor Assistant,ESP,1,63065.17
U22381,JC000049,Regular Teacher,Teacher,29,2780921.06
U24361,JC000049,Regular Teacher,Teacher,32,3248438.39
U46221,JC000049,Regular Teacher,Teacher,228,23569583.52
U22821,JC000049,Regular Teacher,Teacher,34.5,3496125.6
U46491,JC000049,Regular Teacher,Teacher,13,1228404.55
U22631,JC002770,Lunchroom Attendant,ESP,1,21212.3
U11880,JC505103,Facilities Management Lead,ESP,13,1182100.21
U26721,JC000463,Teacher Assistant,ESP,3,139305.05
U25681,JC000049,Regular Teacher,Teacher,37,3489256.14
U26021,JC500629,Special Education Teacher,Teacher,13,1187911.31
U23771,JC000049,Regular Teacher,Teacher,25,2211643.49
U31301,JC000468,School Clerk,ESP,1,75507.93
U11110,JC600081,Chief Schools Officer,Teacher,1,217000
U22091,JC000049,Regular Teacher,Teacher,34,3337128.58
U24591,JC000049,Regular Teacher,Teacher,57.5,5770868.57
U24511,JC500629,Special Education Teacher,Teacher,6,609331.15
U24951,JC000464,Special Ed Classroom Assist,ESP,5,247618.4
U29231,JC000049,Regular Teacher,Teacher,20,2200796.43
U22271,JC500629,Special Education Teacher,Teacher,12,1165407.78
U23301,JC000468,School Clerk,ESP,2,158374.69
U22291,JC000464,Special Ed Classroom Assist,ESP,7,335740.37
U53041,JC002983,Senior Security Officer,ESP,3,202848.57
U53041,JC000480,School Security Officer,ESP,7,322260.06
U47081,JC002501,School Clerk (Bilin Spanish),ESP,2,154815.55
U46061,JC000464,Special Ed Classroom Assist,ESP,15,745582.01
U31081,JC000464,Special Ed Classroom Assist,ESP,30,1334080.59
U53061,JC000464,Special Ed Classroom Assist,ESP,16,847487.95
U23311,JC000464,Special Ed Classroom Assist,ESP,17,784524.26
U25621,JC000049,Regular Teacher,Teacher,16,1580033.31
U11672,JC990100,Teacher-Citywide,Teacher,18,2084068.91
U11675,JC986000,School Psychologist,Teacher,265,28271067.13
U46361,JC000049,Regular Teacher,Teacher,112,11227728.11
U53071,JC000049,Regular Teacher,Teacher,65,6561921.91
U53011,JC000042,Assistant Principal,Teacher,2,267767.24
U24881,JC000049,Regular Teacher,Teacher,18,1599055.11
U25681,JC000055,Bilingual Teacher,Teacher,9,903854.38
U23301,JC000049,Regular Teacher,Teacher,32,3438732.31
U23651,JC000049,Regular Teacher,Teacher,54.5,6097734.58
U22921,JC500629,Special Education Teacher,Teacher,9,858888.9
U23711,JC000049,Regular Teacher,Teacher,14,1478845.82
U22721,JC000464,Special Ed Classroom Assist,ESP,24,1149067.44
U46201,JC000464,Special Ed Classroom Assist,ESP,19,951269.81
U23551,JC000464,Special Ed Classroom Assist,ESP,13,632898.11
U29191,JC000464,Special Ed Classroom Assist,ESP,13,655151.15
U23261,JC000464,Special Ed Classroom Assist,ESP,24,1094048.21
U26031,JC000464,Special Ed Classroom Assist,ESP,24,1169470.24
U25191,JC000464,Special Ed Classroom Assist,ESP,36,1742473.85
U24801,JC000049,Regular Teacher,Teacher,18,1967222.57
U25101,JC000049,Regular Teacher,Teacher,16,1712354.52
U46101,JC500629,Special Education Teacher,Teacher,13,1295384.38
U29151,JC002770,Lunchroom Attendant,ESP,7,159913.38
U45231,JC000480,School Security Officer,ESP,2,100570.24
U22591,JC500629,Special Education Teacher,Teacher,4,391330.5
U24781,JC500629,Special Education Teacher,Teacher,14,1234035.15
U25711,JC000463,Teacher Assistant,ESP,3,164699.32
U25011,JC000531,School Library Assistant,ESP,1,61618.61
U46431,JC000467,School Clerk Assistant,ESP,1,53106.9
U02441,JC601270,Instructional Support Leader,Teacher,7,842245.98
U24281,JC000042,Assistant Principal,Teacher,1,134714.26
U10875,JC504857,Community Partnership Spec,ESP,1,80000
U12510,JC504935,Identity & Access Mgmt Eng,ESP,2,195644.9
U24101,JC500629,Special Education Teacher,Teacher,10,842080.16
U02431,JC601266,Chief of Schools,Teacher,1,185000
U02451,JC601269,Deputy Chief of Schools,Teacher,1,170000
U11110,JC501276,Network Data Strategist,ESP,12,1246147.06
U25181,JC000049,Regular Teacher,Teacher,18,1865588.6
U23311,JC000701,School Community Representive,ESP,1,54367.86
U24621,JC000049,Regular Teacher,Teacher,26,2649709.22
U46621,JC000049,Regular Teacher,Teacher,12,1226999.76
U47061,JC500629,Special Education Teacher,Teacher,18,1867286.84
U24821,JC000480,School Security Officer,ESP,3,145323.26
U53101,JC000049,Regular Teacher,Teacher,154,15734012.56
U26141,JC000464,Special Ed Classroom Assist,ESP,19,839386.47
U22611,JC000049,Regular Teacher,Teacher,17,1576506.06
U23201,JC000049,Regular Teacher,Teacher,16,1360540.08
U23431,JC000049,Regular Teacher,Teacher,9.5,1060296.72
U25301,JC000476,Teacher Asst Bil Spanish,ESP,1,57604.26
U23631,JC000049,Regular Teacher,Teacher,13,1292001.51
U24331,JC500629,Special Education Teacher,Teacher,6,574853.62
U20071,JC002795,Porter,ESP,1,29773.63
U22691,JC000055,Bilingual Teacher,Teacher,11,1096884.13
U22691,JC000042,Assistant Principal,Teacher,1,139724
U46171,JC000049,Regular Teacher,Teacher,42,4210716.98
U47081,JC000480,School Security Officer,ESP,7,342990.73
U22071,JC000049,Regular Teacher,Teacher,25,2657823.63
U22211,JC000049,Regular Teacher,Teacher,13,1252537.68
U26191,JC000049,Regular Teacher,Teacher,23,2403327.47
U22701,JC000049,Regular Teacher,Teacher,15,1435287.35
U22221,JC500629,Special Education Teacher,Teacher,9,880504.9
U46551,JC002983,Senior Security Officer,ESP,2,120739.69
U22801,JC000480,School Security Officer,ESP,1,48965.46
U29101,JC000480,School Security Officer,ESP,2,99632.64
U11510,JC500164,Executive Assistant,ESP,1,64050
U22901,JC500629,Special Education Teacher,Teacher,12,1243761.16
U23381,JC500629,Special Education Teacher,Teacher,7,761018.94
U29301,JC500629,Special Education Teacher,Teacher,14,1548705.76
U26381,JC500629,Special Education Teacher,Teacher,11,947269.2
U46101,JC000042,Assistant Principal,Teacher,3,421678.3
U23241,JC500629,Special Education Teacher,Teacher,9,842580.68
U24911,JC000464,Special Ed Classroom Assist,ESP,5,239592.42
U26021,JC000049,Regular Teacher,Teacher,17,1816197.02
U26381,JC000464,Special Ed Classroom Assist,ESP,10,541208.65
U46631,JC500629,Special Education Teacher,Teacher,9,922805.47
U23371,JC000055,Bilingual Teacher,Teacher,2,210345.06
U29241,JC000049,Regular Teacher,Teacher,16,1607367.78
U23451,JC002742,Cook III,ESP,1,30369.44
U22551,JC000464,Special Ed Classroom Assist,ESP,12,569717.54
U10845,JC601445,Mgr Incubation & Certification,Teacher,1,124727.23
U10510,JC504702,"Dir, Internal Communications",ESP,1,128030.48
U26541,JC000049,Regular Teacher,Teacher,16,1448765.4
U24341,JC002738,Elementary Lunchroom Manager,ESP,1,48435.98
U24781,JC002738,Elementary Lunchroom Manager,ESP,1,46400.71
U24011,JC002741,Cook II,ESP,1,31934.52
U66031,JC002763,Associate Lunchroom Mgr III,ESP,2,56942.7
U11880,JC004222,Lead Custodial Worker,ESP,83,4444315.2
U22441,JC000049,Regular Teacher,Teacher,34,3509604.53
U46251,JC000042,Assistant Principal,Teacher,2,275213.08
U47101,JC990101,School Counselor,Teacher,10,1150944.94
U46611,JC000691,Technology Coordinator,ESP,2,182176.47
U26451,JC003015,Youth Intervention Specialist,ESP,1,75038.51
U24281,JC000691,Technology Coordinator,ESP,1,88958.97
U53101,JC000710,Student Special Svc Advocate,ESP,2,142196.69
U25601,JC000464,Special Ed Classroom Assist,ESP,25,1201663.13
U26861,JC500629,Special Education Teacher,Teacher,10,930848.63
U11010,JC504967,Sr Recruitment Specialist,ESP,1,84800
U32081,JC000464,Special Ed Classroom Assist,ESP,22,1074806.62
U02431,JC500164,Executive Assistant,ESP,1,63605.72
U02441,JC500164,Executive Assistant,ESP,1,68250
U02511,JC500164,Executive Assistant,ESP,1,72968
U02521,JC500164,Executive Assistant,ESP,1,71703.45
U24951,JC000463,Teacher Assistant,ESP,2,103900.91
U24431,JC000049,Regular Teacher,Teacher,19,1790409.14
U46321,JC000691,Technology Coordinator,ESP,1,109763.69
U25211,JC000049,Regular Teacher,Teacher,35,3524947.13
U23621,JC000469,Bilingual Sp Educ Classrm Asst,ESP,2,105088.79
U14050,JC504315,"Manager, Business Operations",ESP,1,111464.6
U46311,JC002795,Porter,ESP,3,89320.89
U25041,JC000042,Assistant Principal,Teacher,1,146091
U12610,JC500042,Budget Analyst,ESP,5,368040
U12450,JC500858,Payroll Lead,ESP,5,413426.72
U26441,JC000049,Regular Teacher,Teacher,14,1522015.82
U22351,JC000463,Teacher Assistant,ESP,1,47098.78
U22171,JC000055,Bilingual Teacher,Teacher,14,1463899.44
U46471,JC500629,Special Education Teacher,Teacher,9,802606.15
U23051,JC000464,Special Ed Classroom Assist,ESP,16,783896.77
U23231,JC000049,Regular Teacher,Teacher,6,565861.87
U23561,JC000463,Teacher Assistant,ESP,1,41649.96
U26791,JC000042,Assistant Principal,Teacher,1,143520
U46101,JC000710,Student Special Svc Advocate,ESP,1,75038.51
U23371,JC000463,Teacher Assistant,ESP,2,99378.44
U25021,JC000049,Regular Teacher,Teacher,22,2191801.1
U47041,JC200041,Interim Principal,Teacher,1,175926.21
U46261,JC000468,School Clerk,ESP,1,91462.13
U25241,JC500629,Special Education Teacher,Teacher,9,894581.24
U25581,JC000055,Bilingual Teacher,Teacher,13,1249374.41
U23401,JC000055,Bilingual Teacher,Teacher,9,922456.08
U26351,JC009907,Parent Worker - Other,ESP,1,15996.4
U46271,JC000464,Special Ed Classroom Assist,ESP,13,635787.49
U46171,JC000710,Student Special Svc Advocate,ESP,3,245249.53
U25781,JC500629,Special Education Teacher,Teacher,8,810179.76
U26331,JC500629,Special Education Teacher,Teacher,6,669592.98
U29321,JC003917,Instructor Assistant,ESP,2,119401.93
U25371,JC000049,Regular Teacher,Teacher,18,1785585.59
U29091,JC000049,Regular Teacher,Teacher,31,3249645.3
U23081,JC000463,Teacher Assistant,ESP,3,151458.94
U29411,JC000480,School Security Officer,ESP,1,56063.9
U25371,JC000464,Special Ed Classroom Assist,ESP,12,601917.48
U24301,JC000464,Special Ed Classroom Assist,ESP,9,421240.02
U29341,JC002742,Cook III,ESP,1,30369.44
U26631,JC000468,School Clerk,ESP,1,73390.88
U26431,JC000468,School Clerk,ESP,1,69336.92
U23791,JC000468,School Clerk,ESP,2,135820.52
U23501,JC002501,School Clerk (Bilin Spanish),ESP,1,79703.41
U31111,JC000468,School Clerk,ESP,1,91462.13
U11675,JC989300,Physical Therapist,Teacher,51,5429145.61
U22371,JC000042,Assistant Principal,Teacher,2,283038.67
U41121,JC000041,Principal,Teacher,1,173963
U22201,JC000049,Regular Teacher,Teacher,45,4612907.79
U24851,JC002795,Porter,ESP,2,52103.86
U23391,JC002770,Lunchroom Attendant,ESP,1,21212.3
U22401,JC000468,School Clerk,ESP,1,85478.63
U24221,JC002740,Cook I,ESP,1,37587.29
U24891,JC000463,Teacher Assistant,ESP,6,309391.88
U24361,JC002770,Lunchroom Attendant,ESP,4,89278.5
U26861,JC002983,Senior Security Officer,ESP,2,120739.69
U24221,JC990101,School Counselor,Teacher,2,192537.3
U25471,JC990101,School Counselor,Teacher,2,162099.55
U22091,JC000042,Assistant Principal,Teacher,2,277641.74
U22021,JC000055,Bilingual Teacher,Teacher,7,702287.39
U26701,JC990101,School Counselor,Teacher,2,159141.56
U25631,JC000041,Principal,Teacher,1,183218
U29111,JC002770,Lunchroom Attendant,ESP,1,28283.07
U22861,JC002501,School Clerk (Bilin Spanish),ESP,1,62731.47
U53051,JC002983,Senior Security Officer,ESP,2,117900.98
U47061,JC002795,Porter,ESP,1,29773.63
U31061,JC002738,Elementary Lunchroom Manager,ESP,1,40210.95
U22301,JC002741,Cook II,ESP,1,29805.55
U25231,JC000041,Principal,Teacher,1,189714
U51021,JC983600,Military Instructor,Teacher,2,163632.26
U22401,JC002770,Lunchroom Attendant,ESP,4,80440.04
U46381,JC000480,School Security Officer,ESP,3,135703.07
U23651,JC000480,School Security Officer,ESP,1,51281.8
U25191,JC002738,Elementary Lunchroom Manager,ESP,1,40210.95
U22661,JC002738,Elementary Lunchroom Manager,ESP,1,42233.21
U46211,JC002740,Cook I,ESP,1,37587.29
U25491,JC990101,School Counselor,Teacher,1,121202.91
U22601,JC000055,Bilingual Teacher,Teacher,24.5,2161184.9
U22801,JC002983,Senior Security Officer,ESP,1,58950.49
U26021,JC000468,School Clerk,ESP,1,72896.06
U26791,JC000468,School Clerk,ESP,2,155208.35
U26791,JC002770,Lunchroom Attendant,ESP,5,122719.02
U24191,JC000468,School Clerk,ESP,1,69336.92
U23731,JC002770,Lunchroom Attendant,ESP,1,22980
U24611,JC000468,School Clerk,ESP,1,85478.63
U23101,JC002770,Lunchroom Attendant,ESP,2,42424.6
U22501,JC500629,Special Education Teacher,Teacher,11,1037069.94
U23491,JC000480,School Security Officer,ESP,2,97930.92
U23401,JC000480,School Security Officer,ESP,1,44591.55
U22061,JC000464,Special Ed Classroom Assist,ESP,7,342577.21
U46341,JC990101,School Counselor,Teacher,5,541665.16
U24461,JC500629,Special Education Teacher,Teacher,26,2723414.72
U46321,JC002740,Cook I,ESP,1,37587.29
U22191,JC002763,Associate Lunchroom Mgr III,ESP,1,26573.26
U23081,JC002795,Porter,ESP,1,29773.63
U29361,JC000042,Assistant Principal,Teacher,1,125549.54
U22021,JC500629,Special Education Teacher,Teacher,8,785568.08
U22081,JC000041,Principal,Teacher,1,189714
U46061,JC002770,Lunchroom Attendant,ESP,1,22980
U22521,JC002795,Porter,ESP,1,26051.93
U25471,JC002795,Porter,ESP,2,52103.85
U22401,JC002741,Cook II,ESP,1,29805.55
U31221,JC000468,School Clerk,ESP,1,72896.06
U22431,JC990101,School Counselor,Teacher,1,109410.92
U51021,JC000049,Regular Teacher,Teacher,13,1208707.51
U24301,JC000480,School Security Officer,ESP,2,102563.13
U22861,JC000480,School Security Officer,ESP,2,112127.8
U22301,JC002795,Porter,ESP,1,29773.63
U49041,JC500629,Special Education Teacher,Teacher,13,1651428.36
U22571,JC000468,School Clerk,ESP,3,204050.75
U20071,JC000468,School Clerk,ESP,3,221604.02
U23201,JC500629,Special Education Teacher,Teacher,3,289997.72
U24921,JC000049,Regular Teacher,Teacher,18,1867818.91
U23531,JC500629,Special Education Teacher,Teacher,9,878566.71
U23261,JC000041,Principal,Teacher,1,170718.33
U46391,JC990101,School Counselor,Teacher,2,184398.45
U23341,JC500629,Special Education Teacher,Teacher,12,1127109.84
U26631,JC000041,Principal,Teacher,1,151409.3
U11675,JC990100,Teacher-Citywide,Teacher,2,261700.31
U24941,JC500629,Special Education Teacher,Teacher,12,1197865.65
U29181,JC500629,Special Education Teacher,Teacher,2,186389.99
U12610,JC505162,Sr Fiscal Monitoring Spec,ESP,1,91088.87
U27091,JC000464,Special Ed Classroom Assist,ESP,1,52798.23
U11110,JC601050,Lead Parent Support Admin,Teacher,1,110975
U22931,JC500629,Special Education Teacher,Teacher,9,808730.87
U26351,JC000042,Assistant Principal,Teacher,1,144799
U46511,JC000042,Assistant Principal,Teacher,3,400129.54
U12210,JC504960,Vendor Support Svs Spec,ESP,5,318065.18
U10871,JC601851,"Director, Mathematics",Teacher,1,138775.96
U02491,JC601269,Deputy Chief of Schools,Teacher,1,170000
U70020,JC990101,School Counselor,Teacher,5,551582.93
U02451,JC601270,Instructional Support Leader,Teacher,4,490286.71
U29371,JC000041,Principal,Teacher,1,157496
U24961,JC000041,Principal,Teacher,1,166235
U47081,JC500629,Special Education Teacher,Teacher,12.5,1237235.69
U46361,JC000468,School Clerk,ESP,6,501171.91
U24071,JC002795,Porter,ESP,1,29773.63
U46391,JC000468,School Clerk,ESP,1,85478.63
U24361,JC002983,Senior Security Officer,ESP,1,61789.2
U30081,JC000049,Regular Teacher,Teacher,8,860388.42
U22891,JC990101,School Counselor,Teacher,1,89939.28
U24961,JC000469,Bilingual Sp Educ Classrm Asst,ESP,2,103374.13
U22921,JC000468,School Clerk,ESP,2,150002.4
U23351,JC002738,Elementary Lunchroom Manager,ESP,1,40210.95
U46551,JC002741,Cook II,ESP,1,34063.49
U25361,JC002770,Lunchroom Attendant,ESP,2,49495.38
U22671,JC002770,Lunchroom Attendant,ESP,2,49495.38
U13610,JC501772,Authorization Manager,ESP,1,100579.5
U12460,JC504798,Risk and Insurance Manager,ESP,1,110975
U22901,JC000055,Bilingual Teacher,Teacher,3,279507.12
U26521,JC002795,Porter,ESP,1,29773.63
U53011,JC000468,School Clerk,ESP,2,158374.69
U12210,JC501635,Category Manager,ESP,2,219565.1
U24131,JC000463,Teacher Assistant,ESP,1,57539.73
U24871,JC000042,Assistant Principal,Teacher,2,267815.63
U24531,JC000464,Special Ed Classroom Assist,ESP,13,582094.14
U22171,JC002770,Lunchroom Attendant,ESP,3,74243.06
U23551,JC002770,Lunchroom Attendant,ESP,2,47727.69
U22041,JC000464,Special Ed Classroom Assist,ESP,8,407933.47
U23261,JC000468,School Clerk,ESP,1,60728.17
U26031,JC002742,Cook III,ESP,1,30369.44
U49081,JC002795,Porter,ESP,1,24191.07
U46471,JC000468,School Clerk,ESP,1,76637.9
U24381,JC002795,Porter,ESP,1,26051.93
U23751,JC000042,Assistant Principal,Teacher,2,280810
U41041,JC000055,Bilingual Teacher,Teacher,2,191723.79
U24461,JC000478,Teacher Assistant Bilingual,ESP,7,361548.56
U22351,JC000464,Special Ed Classroom Assist,ESP,7,383739.87
U66261,JC002762,Associate Lunchroom Mgr II,ESP,1,34063.49
U66261,JC002795,Porter,ESP,1,26051.93
U26891,JC000049,Regular Teacher,Teacher,1,97610.34
U23681,JC000055,Bilingual Teacher,Teacher,10,956413.05
U22621,JC990101,School Counselor,Teacher,1,128366.05
U47051,JC000464,Special Ed Classroom Assist,ESP,16,863341.06
U29301,JC000464,Special Ed Classroom Assist,ESP,35,1680455.06
U25291,JC000480,School Security Officer,ESP,2,98646.36
U22951,JC002770,Lunchroom Attendant,ESP,1,20338.51
U24151,JC002770,Lunchroom Attendant,ESP,1,20338.51
U22651,JC500629,Special Education Teacher,Teacher,10,1151900.59
U24911,JC002770,Lunchroom Attendant,ESP,3,63636.91
U11010,JC502034,Senior HR School Partner,ESP,3,288766.17
U23061,JC002738,Elementary Lunchroom Manager,ESP,1,42233.21
U23381,JC002740,Cook I,ESP,1,37587.29
U22601,JC002795,Porter,ESP,2,53964.71
U22511,JC002795,Porter,ESP,1,22330.22
U26461,JC000041,Principal,Teacher,1,178020
U46221,JC002795,Porter,ESP,2,52103.85
U31141,JC002742,Cook III,ESP,1,26573.26
U22741,JC002770,Lunchroom Attendant,ESP,1,17676.92
U24451,JC000480,School Security Officer,ESP,3,158627.03
U22241,JC002983,Senior Security Officer,ESP,1,61789.2
U46511,JC990101,School Counselor,Teacher,6,614025.06
U25681,JC000464,Special Ed Classroom Assist,ESP,9,467989.14
U12510,JC504435,Senior Software Engineer,ESP,2,247609.95
U26391,JC002742,Cook III,ESP,1,26052.22
U24281,JC505150,School Bus Ops Administrator,ESP,1,96087.92
U23221,JC002741,Cook II,ESP,1,29805.55
U10810,JC501214,Business Operations Specialist,ESP,1,82264.67
U10895,JC505108,Behavioral Health Interv Spec,ESP,2,178193.4
U12510,JC501817,"Mgr, Entrprise Solution Archit",ESP,1,125000
U23271,JC003015,Youth Intervention Specialist,ESP,1,76678.44
U46331,JC000467,School Clerk Assistant,ESP,2,109126.3
U53091,JC002983,Senior Security Officer,ESP,8,464410.85
U46341,JC002770,Lunchroom Attendant,ESP,4,94581.58
U25371,JC002738,Elementary Lunchroom Manager,ESP,1,40210.95
U70020,JC500629,Special Education Teacher,Teacher,12,1249563.1
U25391,JC500629,Special Education Teacher,Teacher,8,703668.44
U46521,JC000049,Regular Teacher,Teacher,11,1041748.88
U11551,JC600065,Distributed Leadership Spec,Teacher,9,1008156.66
U29391,JC500629,Special Education Teacher,Teacher,5,438608.84
U23281,JC000049,Regular Teacher,Teacher,19,1853598.65
U12510,JC504246,SQL Database Administrator,ESP,1,87000
U25151,JC000467,School Clerk Assistant,ESP,1,62454.32
U29251,JC000480,School Security Officer,ESP,2,112127.8
U22471,JC500629,Special Education Teacher,Teacher,8.5,850924.52
U22991,JC000463,Teacher Assistant,ESP,2,89126.13
U30031,JC990101,School Counselor,Teacher,1,115892.01
U22061,JC000049,Regular Teacher,Teacher,15,1487766.2
U46311,JC000042,Assistant Principal,Teacher,6,839397.69
U23451,JC990101,School Counselor,Teacher,1,121755.12
U22921,JC000042,Assistant Principal,Teacher,1,135768.13
U46221,JC000710,Student Special Svc Advocate,ESP,3,230299.82
U25231,JC002770,Lunchroom Attendant,ESP,5,129789.78
U22331,JC002763,Associate Lunchroom Mgr III,ESP,1,28471.35
U46291,JC002795,Porter,ESP,1,29773.63
U23891,JC002763,Associate Lunchroom Mgr III,ESP,1,28471.35
U23021,JC002738,Elementary Lunchroom Manager,ESP,1,40210.95
U23811,JC500629,Special Education Teacher,Teacher,8,890054.79
U23411,JC990101,School Counselor,Teacher,2,197541.91
U23621,JC990101,School Counselor,Teacher,2,179965.67
U23711,JC000041,Principal,Teacher,1,157496
U23011,JC002795,Porter,ESP,1,26051.93
U23371,JC002741,Cook II,ESP,1,34063.49
U26651,JC002795,Porter,ESP,1,26051.93
U12510,JC501237,"Director, HRIT",ESP,1,168780
U46041,JC000055,Bilingual Teacher,Teacher,2,182875.72
U26721,JC000480,School Security Officer,ESP,1,48965.46
U46101,JC000691,Technology Coordinator,ESP,1,98002.46
U25341,JC500629,Special Education Teacher,Teacher,5,441734.74
U26421,JC000463,Teacher Assistant,ESP,1,45594.71
U25211,JC990101,School Counselor,Teacher,2,228644.11
U10610,JC504996,Safety Compliance Specialist,ESP,1,74213.07
U13727,JC000049,Regular Teacher,Teacher,5,473251.29
U23771,JC002740,Cook I,ESP,1,37587.29
U29341,JC000042,Assistant Principal,Teacher,1,143520
U22551,JC500629,Special Education Teacher,Teacher,4,466130.74
U24371,JC500629,Special Education Teacher,Teacher,8,731698.87
U22301,JC500629,Special Education Teacher,Teacher,8,849100.46
U26921,JC990101,School Counselor,Teacher,4,376720.54
U46641,JC002795,Porter,ESP,1,29773.63
U23071,JC002795,Porter,ESP,1,29773.63
U24551,JC000476,Teacher Asst Bil Spanish,ESP,2,98574.35
U22691,JC000463,Teacher Assistant,ESP,1,57050.37
U23651,JC002770,Lunchroom Attendant,ESP,5,118435.36
U46491,JC000041,Principal,Teacher,1,170593.67
U25841,JC002741,Cook II,ESP,1,34063.49
U22881,JC002770,Lunchroom Attendant,ESP,2,44192.3
U24241,JC000049,Regular Teacher,Teacher,22,2129785
U22061,JC002795,Porter,ESP,2,44660.44
U23531,JC000055,Bilingual Teacher,Teacher,4,393083.71
U22891,JC000464,Special Ed Classroom Assist,ESP,12,594947.32
U29191,JC002741,Cook II,ESP,1,29805.55
U46631,JC002742,Cook III,ESP,1,26573.26
U24751,JC002983,Senior Security Officer,ESP,2,123578.4
U23031,JC000464,Special Ed Classroom Assist,ESP,6,285219.01
U23361,JC000463,Teacher Assistant,ESP,3,164035.43
U23351,JC000049,Regular Teacher,Teacher,19,1905695.38
U10430,JC500486,Chief Internal Auditor,ESP,1,193967.03
U10842,JC501976,School Quality & Measmnt Coord,ESP,1,77700
U46611,JC500629,Special Education Teacher,Teacher,13,1416719.35
U22621,JC009907,Parent Worker - Other,ESP,1,15996.4
U24311,JC009907,Parent Worker - Other,ESP,1,15996.4
U25791,JC009907,Parent Worker - Other,ESP,1,15996.4
U53041,JC000467,School Clerk Assistant,ESP,2,100202.22
U22761,JC002795,Porter,ESP,1,22330.22
U25571,JC000463,Teacher Assistant,ESP,2,104149.15
U24841,JC000463,Teacher Assistant,ESP,1,45354.39
U22091,JC000463,Teacher Assistant,ESP,8,364356.93
U46251,JC002795,Porter,ESP,1,29773.63
U23241,JC002795,Porter,ESP,1,26051.93
U25071,JC002770,Lunchroom Attendant,ESP,1,18643.63
U45231,JC000042,Assistant Principal,Teacher,1,131969.39
U23871,JC000049,Regular Teacher,Teacher,16,1814142.36
U46431,JC501043,Attendance Coordinator,ESP,1,79505.55
U22901,JC000468,School Clerk,ESP,3,212015.47
U11860,JC504610,"Manager, Capital Finance",ESP,1,122280.74
U22381,JC002741,Cook II,ESP,1,29805.55
U25021,JC002795,Porter,ESP,1,22330.22
U25931,JC000480,School Security Officer,ESP,1,45076
U23341,JC002770,Lunchroom Attendant,ESP,3,51263.07
U25331,JC002741,Cook II,ESP,1,34063.49
U49021,JC000042,Assistant Principal,Teacher,1,143520
U23291,JC000055,Bilingual Teacher,Teacher,4,408380.02
U24241,JC990101,School Counselor,Teacher,1,121334.76
U22621,JC002983,Senior Security Officer,ESP,2,132245.06
U12610,JC504415,Data Analyst,ESP,2,145350
U25431,JC000049,Regular Teacher,Teacher,16,1766235.22
U23431,JC000463,Teacher Assistant,ESP,2,103881.29
U22631,JC000468,School Clerk,ESP,1,77998.78
U27091,JC002795,Porter,ESP,1,26051.93
U22231,JC003429,Ed Sign Language Interpreter,ESP,7,550862.32
U24671,JC002795,Porter,ESP,2,59547.26
U25111,JC000468,School Clerk,ESP,1,85478.63
U46401,JC983600,Military Instructor,Teacher,2,188737.82
U10430,JC502048,Audit Associate,ESP,3,165000
U22421,JC500629,Special Education Teacher,Teacher,8,757493.56
U23341,JC000464,Special Ed Classroom Assist,ESP,20,967975.98
U46211,JC000469,Bilingual Sp Educ Classrm Asst,ESP,1,48814.94
U46461,JC000464,Special Ed Classroom Assist,ESP,3,155856.32
U22951,JC990101,School Counselor,Teacher,1,78973.4
U22611,JC000041,Principal,Teacher,1,175547
U26921,JC000042,Assistant Principal,Teacher,4,550787.3
U23381,JC000055,Bilingual Teacher,Teacher,9,936331.33
U24431,JC500629,Special Education Teacher,Teacher,8,876669.13
U22951,JC500629,Special Education Teacher,Teacher,9,807399.65
U30101,JC000469,Bilingual Sp Educ Classrm Asst,ESP,1,42962.68
U24801,JC002795,Porter,ESP,1,26051.93
U29361,JC002738,Elementary Lunchroom Manager,ESP,1,40210.95
U24461,JC000042,Assistant Principal,Teacher,1,149434
U24881,JC000464,Special Ed Classroom Assist,ESP,10,512192.38
U26421,JC000464,Special Ed Classroom Assist,ESP,3,156607.36
U22671,JC990101,School Counselor,Teacher,1,82858.3
U46041,JC000042,Assistant Principal,Teacher,1,139724
U25391,JC990101,School Counselor,Teacher,1,119437.95
U23681,JC002770,Lunchroom Attendant,ESP,3,61889.32
U24731,JC002770,Lunchroom Attendant,ESP,1,21212.3
U29281,JC002770,Lunchroom Attendant,ESP,1,28283.07
U11880,JC504555,Program Manager,ESP,1,103396.88
U22161,JC000464,Special Ed Classroom Assist,ESP,14,632772.21
U29071,JC002795,Porter,ESP,1,29773.63
U22411,JC000480,School Security Officer,ESP,2,101139.9
U12430,JC500975,Accounts Payable Tech,ESP,2,116264.41
U22151,JC000041,Principal,Teacher,1,160496
U47101,JC000470,Interpreter Clerk,ESP,1,85478.63
U25991,JC002738,Elementary Lunchroom Manager,ESP,1,40210.95
U25711,JC000041,Principal,Teacher,1,178020
U31301,JC990101,School Counselor,Teacher,1,125977.51
U23291,JC000464,Special Ed Classroom Assist,ESP,25,1178541.89
U25441,JC000464,Special Ed Classroom Assist,ESP,7,354913.51
U53011,JC990101,School Counselor,Teacher,4,431614.35
U53011,JC500629,Special Education Teacher,Teacher,13,1452550.1
U22951,JC200041,Interim Principal,Teacher,1,157655
U22941,JC500629,Special Education Teacher,Teacher,10,993674.23
U41091,JC002770,Lunchroom Attendant,ESP,3,65404.6
U22711,JC990101,School Counselor,Teacher,1,121406.37
U26601,JC000464,Special Ed Classroom Assist,ESP,5,251979.27
U23451,JC000464,Special Ed Classroom Assist,ESP,10,474486.24
U14060,JC504614,Media & Comm Specialist,ESP,1,58000
U31301,JC000463,Teacher Assistant,ESP,1,50395.7
U55011,JC002777,Lunchroom Manager,ESP,1,51869.08
U66351,JC002770,Lunchroom Attendant,ESP,2,49495.38
U55171,JC002777,Lunchroom Manager,ESP,1,55748.03
U26791,JC002740,Cook I,ESP,1,37587.29
U14040,JC504382,"Dir, External Partnerships",ESP,1,165469.5
U23501,JC000463,Teacher Assistant,ESP,2,89645.58
U25101,JC002738,Elementary Lunchroom Manager,ESP,1,46400.71
U23411,JC002795,Porter,ESP,1,29773.63
U12510,JC504440,Front End Web Developer,ESP,2,208754.22
U12510,JC504876,Service Management Analyst,ESP,2,164050.85
U26141,JC990101,School Counselor,Teacher,2,191136.38
U24401,JC000042,Assistant Principal,Teacher,1,122980.46
U25541,JC002741,Cook II,ESP,1,34063.49
U24131,JC002738,Elementary Lunchroom Manager,ESP,1,40210.95
U29231,JC002738,Elementary Lunchroom Manager,ESP,1,40210.95
U24851,JC002738,Elementary Lunchroom Manager,ESP,1,40210.95
U25041,JC002763,Associate Lunchroom Mgr III,ESP,1,26573.26
U25121,JC002738,Elementary Lunchroom Manager,ESP,1,40210.95
U24451,JC002501,School Clerk (Bilin Spanish),ESP,1,79703.41
U26441,JC002763,Associate Lunchroom Mgr III,ESP,1,26573.26
U25291,JC002501,School Clerk (Bilin Spanish),ESP,1,69336.92
U25871,JC002741,Cook II,ESP,1,34063.49
U53091,JC000466,School Counseling Office Asst,ESP,2,126700.66
U55181,JC000041,Principal,Teacher,1,170843
U24461,JC002501,School Clerk (Bilin Spanish),ESP,1,82988.96
U46061,JC002777,Lunchroom Manager,ESP,1,51869.08
U31281,JC000480,School Security Officer,ESP,1,45076
U29071,JC002770,Lunchroom Attendant,ESP,2,45231.82
U22701,JC002795,Porter,ESP,1,26051.93
U23791,JC500629,Special Education Teacher,Teacher,13,1293323.31
U45221,JC983620,Commandant,Teacher,1,109462
U23611,JC009907,Parent Worker - Other,ESP,1,15996.4
U26381,JC000042,Assistant Principal,Teacher,1,143520
U22771,JC000480,School Security Officer,ESP,1,48965.46
U29111,JC002795,Porter,ESP,1,29773.63
U11673,JC989100,Teacher-Speech Pathologist,Teacher,9,963559.34
U29281,JC002795,Porter,ESP,1,22330.22
U46111,JC002777,Lunchroom Manager,ESP,1,51869.08
U29111,JC000041,Principal,Teacher,1,160387
U23611,JC002795,Porter,ESP,1,27912.78
U30071,JC002738,Elementary Lunchroom Manager,ESP,1,40210.95
U29381,JC000468,School Clerk,ESP,2,146981.69
U24951,JC000468,School Clerk,ESP,1,73390.88
U31061,JC000041,Principal,Teacher,1,175547
U24551,JC000480,School Security Officer,ESP,1,42520.29
U24471,JC000480,School Security Officer,ESP,2,100247.26
U29111,JC000468,School Clerk,ESP,1,80571.8
U46281,JC002795,Porter,ESP,1,29773.63
U31061,JC000468,School Clerk,ESP,1,88798.19
U23311,JC002740,Cook I,ESP,1,37587.29
U49051,JC000049,Regular Teacher,Teacher,12,1265649.63
U25771,JC990101,School Counselor,Teacher,1,114380.38
U25661,JC000480,School Security Officer,ESP,1,45076
U23211,JC002795,Porter,ESP,1,26051.93
U23161,JC002795,Porter,ESP,1,27912.78
U24891,JC002738,Elementary Lunchroom Manager,ESP,1,46400.71
U29271,JC002742,Cook III,ESP,1,22777.08
U22791,JC002763,Associate Lunchroom Mgr III,ESP,1,30369.44
U23961,JC002501,School Clerk (Bilin Spanish),ESP,1,69336.92
U24641,JC002795,Porter,ESP,1,29773.63
U46191,JC002795,Porter,ESP,1,29773.63
U24991,JC000480,School Security Officer,ESP,2,98165.51
U22361,JC003917,Instructor Assistant,ESP,1,52631.65
U22471,JC000480,School Security Officer,ESP,1,51281.8
U26381,JC002770,Lunchroom Attendant,ESP,1,16948.75
U22741,JC000042,Assistant Principal,Teacher,1,132245.69
U22541,JC000480,School Security Officer,ESP,3,144359.2
U31251,JC002983,Senior Security Officer,ESP,1,61789.2
U22881,JC990101,School Counselor,Teacher,1,112480.74
U31151,JC000480,School Security Officer,ESP,2,92856.56
U24571,JC000468,School Clerk,ESP,1,85478.63
U22481,JC002770,Lunchroom Attendant,ESP,1,21212.3
U23731,JC002795,Porter,ESP,1,24191.07
U25071,JC990101,School Counselor,Teacher,1,116769.1
U20071,JC002740,Cook I,ESP,1,37587.29
U29231,JC000468,School Clerk,ESP,1,85478.63
U25091,JC002983,Senior Security Officer,ESP,1,67616.19
U25031,JC000468,School Clerk,ESP,1,82002.55
U25491,JC000480,School Security Officer,ESP,1,53597.67
U22621,JC002763,Associate Lunchroom Mgr III,ESP,1,26573.26
U29361,JC000468,School Clerk,ESP,1,74190.5
U46251,JC002741,Cook II,ESP,1,34063.49
U23431,JC002795,Porter,ESP,1,29773.63
U25431,JC000467,School Clerk Assistant,ESP,1,47471.75
U22321,JC000468,School Clerk,ESP,4,285726.3
U23871,JC600063,Case Manager,Teacher,0.5,41544.98
U22181,JC600063,Case Manager,Teacher,1,83089.96
U22271,JC505051,Restorative Justice Coord,ESP,1,56872.5
U24751,JC505051,Restorative Justice Coord,ESP,3,192635.32
U31211,JC000065,IB Coordinator,Teacher,2,259316.96
U24401,JC000480,School Security Officer,ESP,2,102492.18
U67021,JC500629,Special Education Teacher,Teacher,3,336507.51
U24341,JC505051,Restorative Justice Coord,ESP,1,78890.32
U24531,JC505051,Restorative Justice Coord,ESP,1,76370.99
U24421,JC600063,Case Manager,Teacher,1,83089.96
U10810,JC601725,Deputy Chief  Teaching & Lrng,Teacher,2,364853.07
U24781,JC505051,Restorative Justice Coord,ESP,1,76370.99
U25241,JC505051,Restorative Justice Coord,ESP,1,76370.99
U22291,JC003501,School Social Svc Assistant,ESP,1,36546.64
U23721,JC500629,Special Education Teacher,Teacher,8,704722.54
U46691,JC000049,Regular Teacher,Teacher,38,3325532.29
U24051,JC000042,Assistant Principal,Teacher,2,288166
U25151,JC000463,Teacher Assistant,ESP,2,73748.48
U46301,JC000710,Student Special Svc Advocate,ESP,1,55880.22
U10860,JC602015,Literacy Content Specialist,Teacher,11,1171073.09
U02641,JC500164,Executive Assistant,ESP,1,66343.06
U23811,JC000467,School Clerk Assistant,ESP,1,47522.58
U24571,JC000464,Special Ed Classroom Assist,ESP,12,555564.36
U22651,JC000463,Teacher Assistant,ESP,1,36874.24
U24341,JC000710,Student Special Svc Advocate,ESP,3,229864.99
U10615,JC504949,Crossing Guard Team Lead,ESP,4,287377.01
U46331,JC000065,IB Coordinator,Teacher,2,265291.76
U46371,JC000462,School Assistant,ESP,1,43482.23
U26771,JC000464,Special Ed Classroom Assist,ESP,14,660159.7
U24991,JC500629,Special Education Teacher,Teacher,8,800360.21
U23541,JC000042,Assistant Principal,Teacher,1,137290
U22401,JC000464,Special Ed Classroom Assist,ESP,27,1351687.46
U31111,JC000042,Assistant Principal,Teacher,1,142207
U22331,JC000071,English Learner Prg Teacher,Teacher,1,83089.96
U46491,JC000071,English Learner Prg Teacher,Teacher,1,83089.96
U26861,JC000071,English Learner Prg Teacher,Teacher,1,83089.96
U24981,JC600755,Lead Coach,Teacher,1,90807.62
U24881,JC000463,Teacher Assistant,ESP,2,83973.02
U24911,JC000055,Bilingual Teacher,Teacher,0.5,41544.98
U23921,JC000463,Teacher Assistant,ESP,3,125837.5
U25871,JC600063,Case Manager,Teacher,1,91210.46
U47081,JC000710,Student Special Svc Advocate,ESP,2,141024.95
U14050,JC505039,Vaccination Clinic Coordinator,ESP,2,147316.58
U22601,JC000042,Assistant Principal,Teacher,2,278282.7
U46261,JC000466,School Counseling Office Asst,ESP,2,117143.54
U25371,JC000042,Assistant Principal,Teacher,1,127787.7
U23991,JC600063,Case Manager,Teacher,0.5,57197.53
U46311,JC000065,IB Coordinator,Teacher,4,522234.88
U46321,JC000065,IB Coordinator,Teacher,3,381323.28
U26081,JC000463,Teacher Assistant,ESP,5,236034.58
U26081,JC000464,Special Ed Classroom Assist,ESP,12,543864.93
U30151,JC500629,Special Education Teacher,Teacher,5,398654.31
U23901,JC000464,Special Ed Classroom Assist,ESP,6,285382.04
U22481,JC000464,Special Ed Classroom Assist,ESP,4,197701.6
U24371,JC000464,Special Ed Classroom Assist,ESP,9,396207.68
U24341,JC000462,School Assistant,ESP,1,43679.83
U24941,JC000463,Teacher Assistant,ESP,1,59332.39
U26831,JC505051,Restorative Justice Coord,ESP,1,82939.85
U46041,JC505051,Restorative Justice Coord,ESP,1,80291.2
U22401,JC505051,Restorative Justice Coord,ESP,1,80291.2
U51091,JC505051,Restorative Justice Coord,ESP,1,71374.76
U22901,JC505051,Restorative Justice Coord,ESP,1,65721.86
U26141,JC505051,Restorative Justice Coord,ESP,1,75038.51
U29091,JC505051,Restorative Justice Coord,ESP,1,76370.99
U46341,JC505051,Restorative Justice Coord,ESP,1,61422.3
U14050,JC501936,Disease Prev & Respn Team Lead,ESP,2,159714.73
U24681,JC000464,Special Ed Classroom Assist,ESP,4,194251.18
U22861,JC600063,Case Manager,Teacher,0.5,57421.98
U29291,JC600063,Case Manager,Teacher,0.5,56240.37
U23231,JC600063,Case Manager,Teacher,1,123339.24
U25661,JC600063,Case Manager,Teacher,1,125977.68
U46141,JC000071,English Learner Prg Teacher,Teacher,1,83089.96
U25591,JC000071,English Learner Prg Teacher,Teacher,1,83089.96
U23541,JC000055,Bilingual Teacher,Teacher,5,505315.84
U22601,JC000071,English Learner Prg Teacher,Teacher,2,166179.92
U22401,JC000071,English Learner Prg Teacher,Teacher,2,166179.92
U46641,JC000466,School Counseling Office Asst,ESP,1,53934.69
U23051,JC000071,English Learner Prg Teacher,Teacher,0.5,41544.98
U22301,JC600063,Case Manager,Teacher,1,81914.75
U22331,JC600063,Case Manager,Teacher,0.5,41544.98
U22521,JC600063,Case Manager,Teacher,1,104533.73
U22831,JC600063,Case Manager,Teacher,1,96714.3
U46041,JC000466,School Counseling Office Asst,ESP,1,60300.76
U22291,JC000467,School Clerk Assistant,ESP,1,59741.24
U22081,JC990101,School Counselor,Teacher,3,271231.2
U55151,JC990101,School Counselor,Teacher,2,163467.37
U31251,JC600063,Case Manager,Teacher,1,94532
U25601,JC000071,English Learner Prg Teacher,Teacher,1,83089.96
U26451,JC000071,English Learner Prg Teacher,Teacher,1,83089.96
U23671,JC000071,English Learner Prg Teacher,Teacher,1,83089.96
U24991,JC000071,English Learner Prg Teacher,Teacher,1,83089.96
U23611,JC000042,Assistant Principal,Teacher,1,142207
U23281,JC000478,Teacher Assistant Bilingual,ESP,1,36874.24
U46291,JC003015,Youth Intervention Specialist,ESP,2,144849.38
U23081,JC600063,Case Manager,Teacher,2,220526.12
U23321,JC600063,Case Manager,Teacher,1,95244.9
U23671,JC000055,Bilingual Teacher,Teacher,2,167933.13
U23461,JC500629,Special Education Teacher,Teacher,8,767558.58
U11674,JC604397,"Mgr, OSD Instructional Support",Teacher,6,626178
U23061,JC600063,Case Manager,Teacher,0.5,41544.98
U23271,JC600063,Case Manager,Teacher,0.5,41544.98
U23151,JC990101,School Counselor,Teacher,2,172150.95
U46631,JC000065,IB Coordinator,Teacher,3,320435.42
U31261,JC500629,Special Education Teacher,Teacher,12,1072133.62
U25831,JC500629,Special Education Teacher,Teacher,7,765540.71
U11210,JC600111,MTSS Specialist,Teacher,4,421800
U25941,JC000071,English Learner Prg Teacher,Teacher,0.5,41544.98
U25341,JC000071,English Learner Prg Teacher,Teacher,0.5,41544.98
U24301,JC000071,English Learner Prg Teacher,Teacher,0.5,41544.98
U45231,JC000071,English Learner Prg Teacher,Teacher,0.5,41544.98
U23271,JC000464,Special Ed Classroom Assist,ESP,6,290312.8
U46111,JC600063,Case Manager,Teacher,1,96840.32
U46631,JC600063,Case Manager,Teacher,1,83089.96
U47021,JC000039,Part-Time Teacher,Teacher,1,93574.87
U25521,JC000071,English Learner Prg Teacher,Teacher,2,166179.92
U25291,JC000071,English Learner Prg Teacher,Teacher,2,166179.92
U25841,JC000071,English Learner Prg Teacher,Teacher,2,166179.92
U22891,JC000071,English Learner Prg Teacher,Teacher,2,166179.92
U23441,JC000071,English Learner Prg Teacher,Teacher,0.5,41544.98
U23441,JC600063,Case Manager,Teacher,0.5,41544.98
U22821,JC003015,Youth Intervention Specialist,ESP,1,71374.76
U46271,JC500992,STLS Advocate,ESP,1,85478.63
U51071,JC500992,STLS Advocate,ESP,1,77998.78
U26931,JC000467,School Clerk Assistant,ESP,2,97873.28
U22841,JC000042,Assistant Principal,Teacher,1,143520
U41121,JC990101,School Counselor,Teacher,2,175906.49
U24781,JC990101,School Counselor,Teacher,1,119437.97
U29151,JC000466,School Counseling Office Asst,ESP,1,58375.08
U24851,JC009907,Parent Worker - Other,ESP,2,65246.4
U10760,JC504560,Stdnt Protections Investigator,ESP,9,713233.54
U10891,JC504555,Program Manager,ESP,1,95587.09
U22881,JC000071,English Learner Prg Teacher,Teacher,1,83089.96
U24431,JC000071,English Learner Prg Teacher,Teacher,1,83089.96
U25581,JC000071,English Learner Prg Teacher,Teacher,1,83089.96
U29311,JC000480,School Security Officer,ESP,2,98646.36
U11385,JC500800,Senior Data Analyst,ESP,1,102756.56
U12410,JC501954,School Internal Accounts Lead,ESP,1,89527.6
U10850,JC505020,"Director, School Counseling",ESP,1,130158.31
U14050,JC504736,Student Health Specialist,ESP,2,140811.49
U11070,JC504730,Training Manager,ESP,1,74175
U23751,JC002770,Lunchroom Attendant,ESP,1,21212.3
U23581,JC000463,Teacher Assistant,ESP,1,38349.21
U22541,JC000463,Teacher Assistant,ESP,3,149064.09
U11385,JC502124,"Dir, Early Child Access & Enrl",ESP,1,113000
U45221,JC002742,Cook III,ESP,1,26573.26
U25101,JC000042,Assistant Principal,Teacher,1,134904
U46141,JC000042,Assistant Principal,Teacher,1,142005.63
U10406,JC500721,Freedom of Info Act Officer,ESP,2,158914
U47091,JC002501,School Clerk (Bilin Spanish),ESP,2,179028.85
U53101,JC003440,Lifeguard,ESP,1,32400
U23891,JC000464,Special Ed Classroom Assist,ESP,6,283035.13
U41121,JC000476,Teacher Asst Bil Spanish,ESP,1,43641.93
U23001,JC600063,Case Manager,Teacher,1.5,187394.69
U22771,JC600063,Case Manager,Teacher,0.5,49278.19
U22641,JC600063,Case Manager,Teacher,0.5,41544.98
U32011,JC500629,Special Education Teacher,Teacher,3,340361.99
U66631,JC002738,Elementary Lunchroom Manager,ESP,1,40210.95
U46611,JC501043,Attendance Coordinator,ESP,1,80211.7
U46311,JC002741,Cook II,ESP,1,34063.49
U11910,JC500448,Property Manager,ESP,1,101260.47
U23141,JC000049,Regular Teacher,Teacher,6,548319.66
U23881,JC000044,Curriculum And Instruct Coach,Teacher,1,135881.05
U23141,JC000044,Curriculum And Instruct Coach,Teacher,1,119914.35
U24891,JC000480,School Security Officer,ESP,2,90702.44
U46061,JC000466,School Counseling Office Asst,ESP,1,69475.56
U53051,JC000464,Special Ed Classroom Assist,ESP,7,313520.42
U25291,JC600063,Case Manager,Teacher,1,96815.25
U23291,JC000072,Dual Language Coordinator,Teacher,1,83089.96
U31301,JC500992,STLS Advocate,ESP,1,58478.98
U10320,JC500295,Office Manager,ESP,1,81112.5
U11545,JC601864,"Dir, Student Voice & Engagmnt",Teacher,1,146240.85
U47091,JC000710,Student Special Svc Advocate,ESP,1,87295.03
U22851,JC000071,English Learner Prg Teacher,Teacher,1,83089.96
U25811,JC000071,English Learner Prg Teacher,Teacher,1,83089.96
U46101,JC000071,English Learner Prg Teacher,Teacher,2,166179.92
U25471,JC000071,English Learner Prg Teacher,Teacher,2,166179.92
U24331,JC000463,Teacher Assistant,ESP,2,118648.16
U26291,JC000463,Teacher Assistant,ESP,2,93176.66
U25091,JC003015,Youth Intervention Specialist,ESP,1,56872.5
U26081,JC002795,Porter,ESP,1,26051.93
U46211,JC000467,School Clerk Assistant,ESP,3,166526.51
U25361,JC002501,School Clerk (Bilin Spanish),ESP,2,165915.24
U25771,JC000464,Special Ed Classroom Assist,ESP,7,332372.89
U53041,JC000071,English Learner Prg Teacher,Teacher,2,166179.92
U22401,JC000467,School Clerk Assistant,ESP,2,102055.1
U10320,JC504652,Staff Attorney,ESP,4,353453.93
U11210,JC501871,Assessment Program Manager,ESP,1,94685.33
U10810,JC500100,Data Manager,ESP,1,112350
U10320,JC504828,Empl Relations Administrator,ESP,1,99751.77
U10870,JC502127,OCCS Partnership Lead,ESP,1,90750
U25791,JC505051,Restorative Justice Coord,ESP,1,72642.19
U22952,JC000480,School Security Officer,ESP,1,45076
U11385,JC600063,Case Manager,Teacher,1,66329.24
U25871,JC000066,Regional Gifted Coordinator,Teacher,1,137399.83
U32031,JC000066,Regional Gifted Coordinator,Teacher,1,127616.04
U24591,JC000042,Assistant Principal,Teacher,1,147396
U24741,JC990101,School Counselor,Teacher,1,119812.1
U22941,JC600755,Lead Coach,Teacher,1,114523.27
U32021,JC600755,Lead Coach,Teacher,1,111747.5
U24451,JC000463,Teacher Assistant,ESP,2,97918.14
U25141,JC000691,Technology Coordinator,ESP,1,84615.56
U26251,JC000065,IB Coordinator,Teacher,1,97602.24
U24761,JC600063,Case Manager,Teacher,1,119015.34
U46471,JC600063,Case Manager,Teacher,1,82767.72
U23031,JC600063,Case Manager,Teacher,1,97721.17
U24551,JC000055,Bilingual Teacher,Teacher,3,299918.91
U25791,JC500629,Special Education Teacher,Teacher,3,272021.34
U25411,JC000702,Parent Advocate,ESP,1,65262.43
U02471,JC990100,Teacher-Citywide,Teacher,1,130456.57
U02531,JC990100,Teacher-Citywide,Teacher,1,140125.68
U24721,JC600063,Case Manager,Teacher,1,87884.44
U23461,JC000468,School Clerk,ESP,1,72110.39
U41061,JC500656,College/Career Coach,ESP,1,73291.69
U25451,JC000710,Student Special Svc Advocate,ESP,1,55880.22
U11610,JC505022,Claims Coordinator,ESP,1,83914
U12670,JC990101,School Counselor,Teacher,2,229100.79
U46251,JC990101,School Counselor,Teacher,4,418382.44
U24781,JC000469,Bilingual Sp Educ Classrm Asst,ESP,5,194934.25
U12625,JC502084,"ED, Non-Public Programs",ESP,1,155820
U24791,JC000463,Teacher Assistant,ESP,1,54730.36
U23541,JC003015,Youth Intervention Specialist,ESP,1,75038.51
U28151,JC003015,Youth Intervention Specialist,ESP,1,76796.15
U46191,JC000710,Student Special Svc Advocate,ESP,2,148459.5
U25341,JC003015,Youth Intervention Specialist,ESP,1,75709.43
U23621,JC000463,Teacher Assistant,ESP,1,45898.4
U23101,JC505051,Restorative Justice Coord,ESP,1,69095.44
U46511,JC600063,Case Manager,Teacher,1,83089.96
U25121,JC600063,Case Manager,Teacher,0.5,41544.98
U26231,JC600063,Case Manager,Teacher,0.5,41544.98
U26541,JC600063,Case Manager,Teacher,1,81914.75
U11860,JC500852,Senior Project Manager,ESP,1,124102.13
U10615,JC501781,Project Manager,ESP,1,91339.16
U10615,JC505027,"Dir, Safety Ops & Programs",ESP,1,140702.15
U11672,JC604959,Citywide Assessment Team Mgr,Teacher,1,99393
U10110,JC504667,Policy Advisor,ESP,2,194454.51
U23851,JC002983,Senior Security Officer,ESP,2,116033.15
U26031,JC505051,Restorative Justice Coord,ESP,1,76370.99
U41111,JC000691,Technology Coordinator,ESP,0.5,37330.44
U41051,JC600755,Lead Coach,Teacher,1,90807.62
U46391,JC600755,Lead Coach,Teacher,1,90807.62
U23261,JC600755,Lead Coach,Teacher,1,90807.62
U26791,JC600755,Lead Coach,Teacher,1,90807.62
U46391,JC500629,Special Education Teacher,Teacher,8,876778.99
U23671,JC600063,Case Manager,Teacher,1,104828.36
U02661,JC504547,Network Operations Manager,ESP,1,118415.52
U10210,JC504555,Program Manager,ESP,1,98189.6
U11010,JC505033,Educator Equity Specialist,ESP,1,69497.19
U22971,JC600063,Case Manager,Teacher,0.5,41544.98
U23801,JC600063,Case Manager,Teacher,1,104606.82
U24621,JC600063,Case Manager,Teacher,1,77132.58
U23311,JC000480,School Security Officer,ESP,2,94385.42
U22501,JC000065,IB Coordinator,Teacher,1,134970.6
U46211,JC000466,School Counseling Office Asst,ESP,2,121878.39
U25521,JC600755,Lead Coach,Teacher,1,94879.52
U41041,JC000464,Special Ed Classroom Assist,ESP,3,135910.47
U11551,JC602012,Induction Program Support Spec,Teacher,6,623972.14
U26921,JC000462,School Assistant,ESP,2,85486.49
U47081,JC000071,English Learner Prg Teacher,Teacher,1,83089.96
U29081,JC600063,Case Manager,Teacher,1,83089.96
U25451,JC000480,School Security Officer,ESP,1,44409.86
U25781,JC000480,School Security Officer,ESP,2,91019.83
U24151,JC003015,Youth Intervention Specialist,ESP,1,56872.5
U12610,JC501897,"ED, School Resource Strategy",ESP,1,155909.04
U29041,JC600063,Case Manager,Teacher,0.5,41544.98
U22471,JC000067,Personalized Learning Coordinator,Teacher,1,130535.43
U31211,JC990101,School Counselor,Teacher,2,241914.63
U46291,JC000065,IB Coordinator,Teacher,2,252281.04
U46431,JC000701,School Community Representive,ESP,1,52631.65
U46251,JC000467,School Clerk Assistant,ESP,1,56824.38
U22851,JC600063,Case Manager,Teacher,1,83089.96
U30071,JC000071,English Learner Prg Teacher,Teacher,1,83089.96
U24891,JC000531,School Library Assistant,ESP,1,44905.21
U30011,JC600063,Case Manager,Teacher,0.5,49265.4
U02671,JC501923,High School Transition Spec,ESP,1,61191.27
U02661,JC501923,High School Transition Spec,ESP,1,70875
U46041,JC990101,School Counselor,Teacher,2,206791.48
U51021,JC990101,School Counselor,Teacher,1,122141.89
U47041,JC502099,Full Srv Community Schl Coord,ESP,1,65000
U30151,JC002795,Porter,ESP,1,29773.63
U29241,JC003015,Youth Intervention Specialist,ESP,1,80291.2
U10842,JC505125,Sr Insights & Research Analyst,ESP,3,295020.87
U22681,JC000467,School Clerk Assistant,ESP,1,41578.07
U24961,JC000467,School Clerk Assistant,ESP,1,45956.12
U11371,JC501434,"Mgr, Academic Competition",ESP,1,99319.56
U23081,JC003015,Youth Intervention Specialist,ESP,1,83681.42
U31141,JC000071,English Learner Prg Teacher,Teacher,1,83089.96
U67021,JC000071,English Learner Prg Teacher,Teacher,1,83089.96
U51071,JC600063,Case Manager,Teacher,0.5,59068.34
U46251,JC000701,School Community Representive,ESP,1,52631.65
U11360,JC604286,Curriculum and Instruction Mgr,Teacher,1,113953.6
U26601,JC003015,Youth Intervention Specialist,ESP,1,75038.51
U46181,JC000467,School Clerk Assistant,ESP,1,61711.98
U45231,JC003015,Youth Intervention Specialist,ESP,1,69095.44
U26881,JC000064,Montessori Coordinator,Teacher,1,89764.48
U31261,JC000067,Personalized Learning Coordinator,Teacher,1,118966.43
U14040,JC505105,Marketing & Communications Mgr,ESP,1,90750
U26391,JC000042,Assistant Principal,Teacher,1,139818
U22061,JC500629,Special Education Teacher,Teacher,8,721005.44
U11010,JC504730,Training Manager,ESP,1,90000
U11860,JC501781,Project Manager,ESP,1,106832.63
U23811,JC000480,School Security Officer,ESP,1,48965.46
U24891,JC000042,Assistant Principal,Teacher,2,277895.64
U30051,JC000048,Head Teacher,Teacher,1,113579.88
U10760,JC504415,Data Analyst,ESP,1,79800
U22131,JC000042,Assistant Principal,Teacher,1,139526.59
U25021,JC000055,Bilingual Teacher,Teacher,1,101307.66
U13727,JC504651,Sr Business Operations Spec,ESP,2,174244.4
U47051,JC990101,School Counselor,Teacher,4,466592.54
U14051,JC505145,"ED, School Nursing",ESP,1,165469.5
U24571,JC500992,STLS Advocate,ESP,1,73390.88
U29151,JC002501,School Clerk (Bilin Spanish),ESP,1,75507.93
U46681,JC002742,Cook III,ESP,1,30369.44
U10415,JC501743,Chief Operating Officer,ESP,1,255362.75
U23651,JC000478,Teacher Assistant Bilingual,ESP,1,49516.42
U11010,JC504785,"Director, Teacher Leadership",ESP,1,140649.08
U46621,JC000041,Principal,Teacher,1,169003.64
U11010,JC500916,Claims Manager,ESP,1,125591.35
U22191,JC000464,Special Ed Classroom Assist,ESP,1,58254.19
U24421,JC000042,Assistant Principal,Teacher,1,143314.67
U24731,JC000710,Student Special Svc Advocate,ESP,3,223091.71
U11860,JC504641,Dir Energy & Sustainability,ESP,1,146763
U25791,JC000463,Teacher Assistant,ESP,1,57050.37
U23041,JC500629,Special Education Teacher,Teacher,10,1044336.02
U12670,JC000055,Bilingual Teacher,Teacher,1,121159.13
U46631,JC000691,Technology Coordinator,ESP,1,104404.49
U24361,JC000468,School Clerk,ESP,2,155393.43
U41051,JC000712,Community Relations Rep II,ESP,1,84593.15
U46431,JC505151,School Operations Manager,ESP,1,110975
U46641,JC002983,Senior Security Officer,ESP,1,58950.49
U11880,JC501792,Staffing Analyst,ESP,1,66851.57
U02461,JC504492,Family Engagement Coordinator,ESP,1,98885.07
U02501,JC504492,Family Engagement Coordinator,ESP,1,79347.18
U46381,JC000710,Student Special Svc Advocate,ESP,1,87295.03
U51091,JC000467,School Clerk Assistant,ESP,1,55832.93
U12670,JC000029,International Bacl Teacher,Teacher,1,118898.73
U22261,JC002742,Cook III,ESP,1,30369.44
U10855,JC505067,College & Career Equity Spec,ESP,1,102865.12
U47021,JC000466,School Counseling Office Asst,ESP,1,60300.76
U53061,JC505150,School Bus Ops Administrator,ESP,1,90000
U10898,JC504555,Program Manager,ESP,1,110975
U22851,JC600755,Lead Coach,Teacher,1,90807.62
U22451,JC003015,Youth Intervention Specialist,ESP,1,80291.2
U45221,JC501853,School Athletic Director,ESP,1,86184
U22621,JC003015,Youth Intervention Specialist,ESP,1,76370.99
U41051,JC000691,Technology Coordinator,ESP,1,106258.44
U55191,JC000466,School Counseling Office Asst,ESP,1,50987.06
U24961,JC000071,English Learner Prg Teacher,Teacher,1,83089.96
U26841,JC000071,English Learner Prg Teacher,Teacher,1,83089.96
U25431,JC000071,English Learner Prg Teacher,Teacher,1,83089.96
U24191,JC000466,School Counseling Office Asst,ESP,1,44905.21
U47091,JC000468,School Clerk,ESP,1,110442.13
U46621,JC000691,Technology Coordinator,ESP,1,84615.56
U11010,JC502005,Training Development Spec,ESP,1,84000
U46031,JC501186,At-Risk Student Coordinator,ESP,1,65726.64
U22141,JC000042,Assistant Principal,Teacher,1,147396
U70241,JC000691,Technology Coordinator,ESP,0.5,41032.8
U22621,JC000463,Teacher Assistant,ESP,2,107648.95
U22371,JC000071,English Learner Prg Teacher,Teacher,0.5,41544.98
U29131,JC000071,English Learner Prg Teacher,Teacher,0.5,41544.98
U46681,JC500446,School Culture Coordinator,ESP,1,104220
U14050,JC500100,Data Manager,ESP,1,84872
U46431,JC000044,Curriculum And Instruct Coach,Teacher,1,118819.8
U24721,JC000711,Community Relations Rep,ESP,1,60062.73
U26081,JC000468,School Clerk,ESP,1,74190.5
U11010,JC501846,Teacher Leadership Manager,ESP,1,105987
U49131,JC000044,Curriculum And Instruct Coach,Teacher,1,122932.34
U23531,JC000701,School Community Representive,ESP,1,46929.77
U25071,JC600755,Lead Coach,Teacher,1,90807.62
U24081,JC000462,School Assistant,ESP,1,42983.25
U23751,JC000462,School Assistant,ESP,1,44401.18
U24021,JC000462,School Assistant,ESP,1,47509.26
U24051,JC000462,School Assistant,ESP,1,56543.52
U47021,JC505151,School Operations Manager,ESP,1,110975
U46031,JC002983,Senior Security Officer,ESP,1,58950.49
U23971,JC002983,Senior Security Officer,ESP,1,61789.2
U12010,JC505053,School Nutrition Specialist,ESP,1,80981.81
U22721,JC600755,Lead Coach,Teacher,1,90807.62
U22261,JC000480,School Security Officer,ESP,1,45076
U46281,JC000475,School Assistant-Bilingual,ESP,2,84567.46
U25831,JC000042,Assistant Principal,Teacher,1,129117
U25861,JC000467,School Clerk Assistant,ESP,1,49960.89
U46271,JC990101,School Counselor,Teacher,3,300025.07
U25781,JC002770,Lunchroom Attendant,ESP,1,21212.3
U24281,JC000463,Teacher Assistant,ESP,2,116382.76
U26391,JC000691,Technology Coordinator,ESP,1,81030.09
U25621,JC003015,Youth Intervention Specialist,ESP,1,69095.44
U24671,JC000462,School Assistant,ESP,1,44401.18
U25141,JC000462,School Assistant,ESP,1,43804.93
U25871,JC000462,School Assistant,ESP,1,44401.18
U23411,JC600755,Lead Coach,Teacher,1,90807.62
U25731,JC000691,Technology Coordinator,ESP,1,98002.46
U47061,JC000462,School Assistant,ESP,1,41112.21
U53041,JC000462,School Assistant,ESP,2,94266.13
U46331,JC600063,Case Manager,Teacher,2,242512.63
U24971,JC600063,Case Manager,Teacher,0.5,41544.98
U26021,JC600755,Lead Coach,Teacher,1,115960
U23061,JC600755,Lead Coach,Teacher,1,129572.95
U10871,JC602017,Math Content Specialist,Teacher,11,1254086.93
U23731,JC003917,Instructor Assistant,ESP,1,54736.92
U25331,JC600063,Case Manager,Teacher,1,93658.11
U25401,JC600063,Case Manager,Teacher,1,87912.06
U24441,JC000478,Teacher Assistant Bilingual,ESP,1,42991.2
U46251,JC505051,Restorative Justice Coord,ESP,1,56872.5
U10510,JC504990,Communications Specialist,ESP,1,59589.17
U25591,JC000469,Bilingual Sp Educ Classrm Asst,ESP,1,52231.98
U24611,JC003015,Youth Intervention Specialist,ESP,1,72642.19
U22641,JC000466,School Counseling Office Asst,ESP,1,58610.08
U23261,JC000463,Teacher Assistant,ESP,2,88876.35
U22211,JC002983,Senior Security Officer,ESP,1,58950.49
U26391,JC600755,Lead Coach,Teacher,1,135114.48
U24151,JC600755,Lead Coach,Teacher,1,117196.25
U25791,JC000024,CPC Program Lead Teacher,Teacher,1,90807.62
U10850,JC502103,"Mgr, NEXT Pstsecondry Pathways",ESP,1,114000
U11371,JC504857,Community Partnership Spec,ESP,1,95972.31
U22041,JC000055,Bilingual Teacher,Teacher,1,80166.77
U25761,JC003501,School Social Svc Assistant,ESP,1,43712.48
U02541,JC504880,LSC Relations Specialist,ESP,1,78914
U11371,JC504651,Sr Business Operations Spec,ESP,1,86315.51
U25021,JC000071,English Learner Prg Teacher,Teacher,0.5,41544.98
U46391,JC000071,English Learner Prg Teacher,Teacher,0.5,41544.98
U23061,JC000071,English Learner Prg Teacher,Teacher,0.5,41544.98
U46281,JC000039,Part-Time Teacher,Teacher,0.5,55464.72
U46291,JC600063,Case Manager,Teacher,1.5,147250.04
U47061,JC600063,Case Manager,Teacher,1.5,146502.31
U26081,JC000480,School Security Officer,ESP,1,45076
U25771,JC000701,School Community Representive,ESP,1,52631.65
U22871,JC000691,Technology Coordinator,ESP,1,99633.69
U49021,JC600063,Case Manager,Teacher,2,200781.61
U12510,JC502010,"Dir, IT Business Partnership",ESP,1,150000
U26351,JC990101,School Counselor,Teacher,2,211598.31
U10875,JC504555,Program Manager,ESP,1,100000
U49051,JC002983,Senior Security Officer,ESP,1,55871.25
U02671,JC601269,Deputy Chief of Schools,Teacher,1,170000
U22491,JC000067,Personalized Learning Coordinator,Teacher,1,119914.35
U53111,JC000710,Student Special Svc Advocate,ESP,1,85510.24
U67021,JC000468,School Clerk,ESP,1,55248.72
U02481,JC601269,Deputy Chief of Schools,Teacher,1,170000
U02441,JC601269,Deputy Chief of Schools,Teacher,1,170000
U49051,JC500629,Special Education Teacher,Teacher,3,356972.75
U10210,JC504562,Investigation Assistant,ESP,1,58776.07
U46691,JC002983,Senior Security Officer,ESP,1,58950.49
U29321,JC000468,School Clerk,ESP,2,161290.53
U22441,JC000474,School Assist Bilingual-Spnish,ESP,1,49947.97
U30151,JC000041,Principal,Teacher,1,175810
U29321,JC500992,STLS Advocate,ESP,1,75507.93
U29131,JC000480,School Security Officer,ESP,1,42515.13
U30121,JC000049,Regular Teacher,Teacher,3,295276.08
U46261,JC600755,Lead Coach,Teacher,1,115475.39
U55151,JC500656,College/Career Coach,ESP,1,87976.88
U10810,JC504894,Business Operations Coord,ESP,2,126947.72
U23771,JC600755,Lead Coach,Teacher,1,111374.1
U29101,JC000071,English Learner Prg Teacher,Teacher,1,83089.96
U26331,JC000071,English Learner Prg Teacher,Teacher,1,83089.96
U22931,JC000711,Community Relations Rep,ESP,1,65671.65
U46391,JC000044,Curriculum And Instruct Coach,Teacher,1,137723.76
U46041,JC500656,College/Career Coach,ESP,1,85167.38
U22241,JC000480,School Security Officer,ESP,1,51281.8
U41121,JC000710,Student Special Svc Advocate,ESP,1,80291.2
U53051,JC000476,Teacher Asst Bil Spanish,ESP,1,44799.19
U46371,JC000055,Bilingual Teacher,Teacher,1,94902.61
U23301,JC000463,Teacher Assistant,ESP,1,41634.03
U26631,JC002983,Senior Security Officer,ESP,1,67616.19
U45231,JC000710,Student Special Svc Advocate,ESP,1,75038.51
U45211,JC000071,English Learner Prg Teacher,Teacher,1,83089.96
U26521,JC000462,School Assistant,ESP,1,36546.64
U24941,JC000480,School Security Officer,ESP,1,48965.46
U25061,JC000463,Teacher Assistant,ESP,1,57050.37
U20071,JC000462,School Assistant,ESP,1,43222.54
U23231,JC600755,Lead Coach,Teacher,1,90807.62
U24841,JC600755,Lead Coach,Teacher,1,90807.62
U23881,JC600755,Lead Coach,Teacher,1,90807.62
U11360,JC501904,"Mgr, Family & Community Eng",ESP,1,105060
U25771,JC003501,School Social Svc Assistant,ESP,1,47700.52
U46131,JC505150,School Bus Ops Administrator,ESP,1,76960
U23961,JC000467,School Clerk Assistant,ESP,1,53106.9
U29011,JC000467,School Clerk Assistant,ESP,1,58698.9
U25111,JC000691,Technology Coordinator,ESP,1,86118.11
U30081,JC990101,School Counselor,Teacher,1,98916.5
U46061,JC000467,School Clerk Assistant,ESP,1,53106.9
U25791,JC000464,Special Ed Classroom Assist,ESP,2,116508.38
U46141,JC600063,Case Manager,Teacher,0.5,42853.23
U02651,JC601266,Chief of Schools,Teacher,1,185000
U10465,JC505079,"Dir, Racial Equity Initiatives",ESP,1,118000
U13610,JC504487,School Quality & Support Coord,ESP,1,60000
U22901,JC000042,Assistant Principal,Teacher,1,143520
U29181,JC000042,Assistant Principal,Teacher,1,139329.18
U25061,JC000480,School Security Officer,ESP,2,95393.74
U26601,JC000042,Assistant Principal,Teacher,1,142005.63
U49031,JC600755,Lead Coach,Teacher,1,116392.75
U25911,JC600755,Lead Coach,Teacher,1,132682.51
U55151,JC000071,English Learner Prg Teacher,Teacher,1,83089.96
U25921,JC000071,English Learner Prg Teacher,Teacher,1,83089.96
U29271,JC000071,English Learner Prg Teacher,Teacher,1,83089.96
U23461,JC000071,English Learner Prg Teacher,Teacher,1,83089.96
U29371,JC000071,English Learner Prg Teacher,Teacher,1,83089.96
U51071,JC000071,English Learner Prg Teacher,Teacher,1,83089.96
U23931,JC003015,Youth Intervention Specialist,ESP,1,56872.5
U46321,JC500446,School Culture Coordinator,ESP,1,78914
U24991,JC000041,Principal,Teacher,1,169248
U49081,JC000055,Bilingual Teacher,Teacher,1,77721.4
U46281,JC983600,Military Instructor,Teacher,2,249494
U23041,JC000042,Assistant Principal,Teacher,2,290747.63
U26781,JC000041,Principal,Teacher,1,178020
U25931,JC000041,Principal,Teacher,1,177989
U25191,JC000041,Principal,Teacher,1,176377
U22471,JC000055,Bilingual Teacher,Teacher,1.5,168658.9
U26371,JC000041,Principal,Teacher,1,157655
U22431,JC000042,Assistant Principal,Teacher,1,143520
U52011,JC000710,Student Special Svc Advocate,ESP,1,55880.22
U22281,JC000480,School Security Officer,ESP,2,109661.57
U22761,JC000041,Principal,Teacher,1,165516.33
U23361,JC000041,Principal,Teacher,1,153518
U26591,JC000041,Principal,Teacher,1,169003.64
U23811,JC000041,Principal,Teacher,1,163282
U24251,JC000041,Principal,Teacher,1,163282
U25121,JC990101,School Counselor,Teacher,1,88905.98
U22071,JC002738,Elementary Lunchroom Manager,ESP,1,46400.71
U24281,JC002740,Cook I,ESP,1,37587.29
U25101,JC990101,School Counselor,Teacher,1,90226.35
U46341,JC000466,School Counseling Office Asst,ESP,1,57356.58
U23611,JC000041,Principal,Teacher,1,157496
U26451,JC000055,Bilingual Teacher,Teacher,1,125725.33
U23211,JC990101,School Counselor,Teacher,1,104680.89
U26881,JC000468,School Clerk,ESP,1,70961.01
U46191,JC002742,Cook III,ESP,1,28471.35
U31181,JC002763,Associate Lunchroom Mgr III,ESP,1,26573.26
U31181,JC000041,Principal,Teacher,1,160156.72
U25781,JC002795,Porter,ESP,1,29773.63
U46131,JC002741,Cook II,ESP,1,34063.49
U22031,JC000468,School Clerk,ESP,1,69336.92
U22831,JC000463,Teacher Assistant,ESP,1,48982.74
U29361,JC990101,School Counselor,Teacher,1,79592.62
U29131,JC002983,Senior Security Officer,ESP,1,58950.49
U25861,JC002763,Associate Lunchroom Mgr III,ESP,1,30369.44
U22061,JC000055,Bilingual Teacher,Teacher,1,90146.71
U22541,JC000042,Assistant Principal,Teacher,1,148080
U25121,JC003917,Instructor Assistant,ESP,1,61228.32
U23851,JC002770,Lunchroom Attendant,ESP,2,42424.6
U25671,JC002795,Porter,ESP,1,29773.63
U22811,JC002795,Porter,ESP,1,29773.63
U29211,JC002738,Elementary Lunchroom Manager,ESP,1,40210.95
U45231,JC000468,School Clerk,ESP,1,80571.8
U25921,JC002741,Cook II,ESP,1,34063.49
U26841,JC002983,Senior Security Officer,ESP,1,61789.2
U29301,JC002738,Elementary Lunchroom Manager,ESP,1,42233.21
U25181,JC002741,Cook II,ESP,1,29805.55
U24421,JC000463,Teacher Assistant,ESP,1,59332.39
U29341,JC002770,Lunchroom Attendant,ESP,1,21212.3
U11010,JC504963,Reflect & Learn Coord,ESP,1,73000
U24911,JC002762,Associate Lunchroom Mgr II,ESP,1,34063.49
U26601,JC002738,Elementary Lunchroom Manager,ESP,1,40210.95
U30011,JC990101,School Counselor,Teacher,1,149078.26
U22841,JC002763,Associate Lunchroom Mgr III,ESP,1,28471.35
U22991,JC002738,Elementary Lunchroom Manager,ESP,1,40210.95
U41051,JC002777,Lunchroom Manager,ESP,1,51869.08
U26881,JC000480,School Security Officer,ESP,1,41826.45
U25181,JC002770,Lunchroom Attendant,ESP,1,21212.3
U29181,JC002738,Elementary Lunchroom Manager,ESP,1,40210.95
U13610,JC504482,Fiscal Perf & Acctability Mgr,ESP,1,110975
U10860,JC601870,Lead Literacy Content Spec,Teacher,1,109989.82
U25581,JC000469,Bilingual Sp Educ Classrm Asst,ESP,1,54910.16
U46641,JC000468,School Clerk,ESP,1,82002.55
U25601,JC000480,School Security Officer,ESP,1,56063.9
U22251,JC000468,School Clerk,ESP,1,70568.16
U49031,JC000041,Principal,Teacher,1,167711
U22061,JC002763,Associate Lunchroom Mgr III,ESP,2,45554.16
U10760,JC504562,Investigation Assistant,ESP,1,63450
U10510,JC504885,"Mgr, Digital Media Services",ESP,1,90000
U26781,JC002770,Lunchroom Attendant,ESP,1,24747.69
U24941,JC002738,Elementary Lunchroom Manager,ESP,1,42233.21
U22281,JC002770,Lunchroom Attendant,ESP,1,28283.07
U23901,JC002770,Lunchroom Attendant,ESP,1,15909.23
U22851,JC002741,Cook II,ESP,1,29805.55
U23541,JC000478,Teacher Assistant Bilingual,ESP,1,59332.39
U11010,JC504530,Human Resources Manager,ESP,1,118650
U26541,JC002742,Cook III,ESP,1,30369.44
U23351,JC002770,Lunchroom Attendant,ESP,2,47727.69
U29251,JC002795,Porter,ESP,1,26051.93
U30141,JC002795,Porter,ESP,1,22330.22
U63141,JC002795,Porter,ESP,1,22330.22
U26891,JC000048,Head Teacher,Teacher,1,129898.17
U24251,JC002738,Elementary Lunchroom Manager,ESP,1,42233.21
U24881,JC000042,Assistant Principal,Teacher,1,127551
U46211,JC983600,Military Instructor,Teacher,2,163508.06
U23141,JC000041,Principal,Teacher,1,177181
U23611,JC002501,School Clerk (Bilin Spanish),ESP,1,88897.77
U30031,JC000042,Assistant Principal,Teacher,1,146091
U23041,JC002983,Senior Security Officer,ESP,1,58950.49
U23931,JC002795,Porter,ESP,1,29773.63
U23441,JC000480,School Security Officer,ESP,2,96357.8
U24371,JC000041,Principal,Teacher,1,177181
U24841,JC000041,Principal,Teacher,1,153363
U23561,JC000041,Principal,Teacher,1,170718.33
U23911,JC002770,Lunchroom Attendant,ESP,2,50316.45
U22151,JC000468,School Clerk,ESP,1,85478.63
U22361,JC000468,School Clerk,ESP,1,63845.42
U22771,JC000468,School Clerk,ESP,1,68314.6
U23901,JC000468,School Clerk,ESP,1,91462.13
U24801,JC000468,School Clerk,ESP,1,85478.63
U29251,JC000468,School Clerk,ESP,1,88897.77
U26031,JC000468,School Clerk,ESP,1,73390.88
U22591,JC990101,School Counselor,Teacher,1,115899.31
U51071,JC002501,School Clerk (Bilin Spanish),ESP,1,86211.83
U11201,JC504990,Communications Specialist,ESP,1,66300
U22881,JC002741,Cook II,ESP,1,29805.55
U25401,JC002762,Associate Lunchroom Mgr II,ESP,1,34063.49
U25811,JC002738,Elementary Lunchroom Manager,ESP,1,42233.21
U46361,JC000041,Principal,Teacher,1,183414.27
U24801,JC000042,Assistant Principal,Teacher,1,148742
U29031,JC000468,School Clerk,ESP,1,70568.16
U23361,JC002763,Associate Lunchroom Mgr III,ESP,1,28471.35
U53021,JC002777,Lunchroom Manager,ESP,1,51869.08
U24311,JC002738,Elementary Lunchroom Manager,ESP,1,40210.95
U29161,JC000042,Assistant Principal,Teacher,1,134334.78
U25571,JC002501,School Clerk (Bilin Spanish),ESP,2,145792.12
U10210,JC504651,Sr Business Operations Spec,ESP,1,87514.65
U30031,JC002795,Porter,ESP,1,26051.93
U25411,JC002795,Porter,ESP,1,26051.93
U26281,JC002770,Lunchroom Attendant,ESP,1,15253.88
U46021,JC002795,Porter,ESP,1,29773.63
U24171,JC000480,School Security Officer,ESP,1,42448.09
U46021,JC000468,School Clerk,ESP,2,152325.88
U11540,JC600659,Chinese World Language Coord,Teacher,1,110975
U46381,JC983600,Military Instructor,Teacher,5,526669
U46281,JC002983,Senior Security Officer,ESP,1,58950.49
U23681,JC002741,Cook II,ESP,1,34063.49
U26021,JC002983,Senior Security Officer,ESP,1,67616.19
U25941,JC002738,Elementary Lunchroom Manager,ESP,1,40210.95
U46201,JC002795,Porter,ESP,1,29773.63
U24401,JC002795,Porter,ESP,1,29773.63
U53061,JC002770,Lunchroom Attendant,ESP,1,21212.3
U46381,JC505151,School Operations Manager,ESP,1,110975
U24331,JC002742,Cook III,ESP,1,30369.44
U24931,JC002741,Cook II,ESP,1,34063.49
U22031,JC002795,Porter,ESP,1,26051.93
U24941,JC002770,Lunchroom Attendant,ESP,2,44066.77
U25211,JC002742,Cook III,ESP,1,30369.44
U25431,JC990101,School Counselor,Teacher,1,93892.37
U12510,JC504901,Storage Area Network Lead,ESP,1,110975
U26541,JC000463,Teacher Assistant,ESP,1,45760.95
U02541,JC501459,New Principal Specialist,ESP,1,92801.92
U46331,JC000671,Computer Technician,ESP,1,111571.5
U46111,JC200041,Interim Principal,Teacher,1,168281.67
U25341,JC002795,Porter,ESP,1,26051.93
U32011,JC002795,Porter,ESP,1,26051.93
U25881,JC000480,School Security Officer,ESP,1,41755.32
U53041,JC002774,Lunchroom Cashier,ESP,1,26364.73
U41061,JC200041,Interim Principal,Teacher,1,178020
U22211,JC990101,School Counselor,Teacher,1,115891.56
U25621,JC002795,Porter,ESP,1,26051.93
U24571,JC002738,Elementary Lunchroom Manager,ESP,1,42233.21
U24741,JC000468,School Clerk,ESP,1,70568.16
U11371,JC501449,STLS Manager,ESP,1,110975
U22731,JC002501,School Clerk (Bilin Spanish),ESP,1,85478.63
U29201,JC000041,Principal,Teacher,1,165995.44
U31201,JC990101,School Counselor,Teacher,1,112038.79
U12610,JC504891,"Manager, Fiscal Monitoring",ESP,1,108485.24
U31261,JC002741,Cook II,ESP,1,34063.49
U47081,JC000691,Technology Coordinator,ESP,1,109763.69
U25761,JC002795,Porter,ESP,1,29773.63
U26591,JC002795,Porter,ESP,1,24191.07
U31261,JC000041,Principal,Teacher,1,149350
U22901,JC002762,Associate Lunchroom Mgr II,ESP,1,34063.49
U22691,JC002738,Elementary Lunchroom Manager,ESP,1,46400.71
U24171,JC000468,School Clerk,ESP,1,77998.78
U24971,JC000468,School Clerk,ESP,1,72896.06
U29311,JC000468,School Clerk,ESP,1,75507.93
U25811,JC000468,School Clerk,ESP,1,69336.92
U31251,JC000468,School Clerk,ESP,1,77998.78
U26591,JC000468,School Clerk,ESP,1,85478.63
U22441,JC000469,Bilingual Sp Educ Classrm Asst,ESP,2,107708.39
U29291,JC002501,School Clerk (Bilin Spanish),ESP,1,74190.5
U41091,JC002741,Cook II,ESP,1,34063.49
U25291,JC002738,Elementary Lunchroom Manager,ESP,1,46400.71
U46041,JC000468,School Clerk,ESP,1,69336.92
U25671,JC002770,Lunchroom Attendant,ESP,1,22033.38
U26831,JC000468,School Clerk,ESP,1,82988.96
U22351,JC000468,School Clerk,ESP,1,70568.16
U22501,JC000468,School Clerk,ESP,1,85478.63
U22891,JC000468,School Clerk,ESP,1,82988.96
U25301,JC002741,Cook II,ESP,1,34063.49
U24971,JC990101,School Counselor,Teacher,1,91224.58
U24551,JC000042,Assistant Principal,Teacher,1,132245.69
U25771,JC000042,Assistant Principal,Teacher,1,125549.54
U26821,JC000468,School Clerk,ESP,1,80571.8
U25371,JC002983,Senior Security Officer,ESP,1,64628.87
U25181,JC990101,School Counselor,Teacher,1,120800.89
U22441,JC000480,School Security Officer,ESP,1,43889.84
U10615,JC501832,Lead Crisis Response Manager,ESP,1,99978.47
U46611,JC000071,English Learner Prg Teacher,Teacher,1,83089.96
U25011,JC000071,English Learner Prg Teacher,Teacher,1,83089.96
U22971,JC000710,Student Special Svc Advocate,ESP,1,65721.86
U23711,JC000701,School Community Representive,ESP,1,46806.05
U23731,JC000041,Principal,Teacher,1,163282
U23891,JC000042,Assistant Principal,Teacher,1,140412.96
U25031,JC000042,Assistant Principal,Teacher,1,147396
U29251,JC000041,Principal,Teacher,1,176377
U23231,JC000041,Principal,Teacher,1,153037.38
U22681,JC000041,Principal,Teacher,1,163282
U22861,JC000042,Assistant Principal,Teacher,1,125549.54
U23231,JC000042,Assistant Principal,Teacher,1,141804.26
U32011,JC000055,Bilingual Teacher,Teacher,1,83089.96
U10895,JC501876,"Dir, Healing-Centered Supports",ESP,1,132375.6
U46321,JC504307,Dir- School Culture & Climate,ESP,1,104811.69
U13725,JC502037,Lead WBL Partnership Spec,ESP,1,75156
U31211,JC000071,English Learner Prg Teacher,Teacher,1,83089.96
U25031,JC000041,Principal,Teacher,1,157771
U25391,JC000041,Principal,Teacher,1,170593.67
U24691,JC000041,Principal,Teacher,1,183218
U25431,JC000041,Principal,Teacher,1,173963
U22881,JC000042,Assistant Principal,Teacher,1,143776.36
U25301,JC000041,Principal,Teacher,1,178020
U22101,JC000041,Principal,Teacher,1,177989
U24071,JC000042,Assistant Principal,Teacher,1,150784
U24171,JC000041,Principal,Teacher,1,160387
U30011,JC600755,Lead Coach,Teacher,0.5,67745.49
U67021,JC600755,Lead Coach,Teacher,1,125082.64
U26831,JC000071,English Learner Prg Teacher,Teacher,1,83089.96
U51091,JC000071,English Learner Prg Teacher,Teacher,1,83089.96
U24071,JC000071,English Learner Prg Teacher,Teacher,1,83089.96
U25071,JC000071,English Learner Prg Teacher,Teacher,1,83089.96
U22041,JC505051,Restorative Justice Coord,ESP,1,59791.83
U10842,JC601843,"ED, Continuous Improvement",Teacher,1,155909.04
U02541,JC505138,School Leader Dev Coord,ESP,1,56970
U25931,JC000042,Assistant Principal,Teacher,1,147708.34
U26021,JC990101,School Counselor,Teacher,1,99635.1
U70070,JC000041,Principal,Teacher,1,166235
U22171,JC000041,Principal,Teacher,1,180665
U22831,JC000041,Principal,Teacher,1,160387
U29121,JC000041,Principal,Teacher,1,157771
U22491,JC000042,Assistant Principal,Teacher,1,145057.55
U23511,JC000049,Regular Teacher,Teacher,27,2425815.52
U47051,JC000049,Regular Teacher,Teacher,49,5233727.44
U24301,JC000463,Teacher Assistant,ESP,1,49516.42
U26301,JC002741,Cook II,ESP,1,34063.49
U22431,JC000049,Regular Teacher,Teacher,23,2276236.84
U24361,JC500629,Special Education Teacher,Teacher,11,1138788.27
U25811,JC000049,Regular Teacher,Teacher,23,2160120.39
U30031,JC000464,Special Ed Classroom Assist,ESP,69,3496899.35
U25331,JC000049,Regular Teacher,Teacher,28,2721204.06
U29411,JC500629,Special Education Teacher,Teacher,6,576498.62
U46551,JC000049,Regular Teacher,Teacher,61,5491741.99
U23801,JC000049,Regular Teacher,Teacher,20,2162860.34
U47081,JC000049,Regular Teacher,Teacher,88,9199008.61
U32031,JC000049,Regular Teacher,Teacher,39,3699566.73
U23801,JC000467,School Clerk Assistant,ESP,1,64990.71
U11675,JC984100,School Social Worker,Teacher,676,65710798.54
U49081,JC000049,Regular Teacher,Teacher,5,531542.36
U11810,JC500626,Chief Financial Officer,ESP,1,270809.01
U25471,JC000464,Special Ed Classroom Assist,ESP,30,1499921.28
U25871,JC000049,Regular Teacher,Teacher,36,3569117.77
U46201,JC990101,School Counselor,Teacher,5,498159.41
U49031,JC500629,Special Education Teacher,Teacher,43,4284070.96
U25411,JC000049,Regular Teacher,Teacher,21,2024500.86
U22971,JC500629,Special Education Teacher,Teacher,5,471574.85
U24251,JC000480,School Security Officer,ESP,2,105029.36
U24231,JC000049,Regular Teacher,Teacher,48,4703184.76
U25991,JC000049,Regular Teacher,Teacher,26,2395724.77
U22421,JC000049,Regular Teacher,Teacher,25,2655428.33
U22081,JC000464,Special Ed Classroom Assist,ESP,23,1121237.59
U22881,JC000467,School Clerk Assistant,ESP,1,52180.31
U46041,JC505151,School Operations Manager,ESP,1,110975
U46331,JC000464,Special Ed Classroom Assist,ESP,14,684409.02
U24651,JC000464,Special Ed Classroom Assist,ESP,36,1888369.98
U23161,JC000464,Special Ed Classroom Assist,ESP,36,1767104.24
U26301,JC000464,Special Ed Classroom Assist,ESP,41,1927514.41
U02511,JC601270,Instructional Support Leader,Teacher,7,802960.02
U11110,JC601702,"Deputy Chief, Network Support",Teacher,2,416084.98
U11010,JC505161,Dir Teacher & Principal Eval,ESP,1,141693.8
U22921,JC000464,Special Ed Classroom Assist,ESP,15,743429.33
U41041,JC000049,Regular Teacher,Teacher,13,1371192.86
U26721,JC000464,Special Ed Classroom Assist,ESP,8,380561.58
U29401,JC000469,Bilingual Sp Educ Classrm Asst,ESP,1,43677.98
U22701,JC500629,Special Education Teacher,Teacher,15,1523864.37
U41121,JC000464,Special Ed Classroom Assist,ESP,11,512245.33
U22601,JC009904,Parent Worker - School Sec Aid,ESP,1,32128.81
U24931,JC000049,Regular Teacher,Teacher,19,2028116.39
U23931,JC000049,Regular Teacher,Teacher,36,3671156.09
U26371,JC500629,Special Education Teacher,Teacher,4,387588.68
U25241,JC000049,Regular Teacher,Teacher,25,2603798.12
U22311,JC000049,Regular Teacher,Teacher,37,3560979.2
U24251,JC500629,Special Education Teacher,Teacher,10,1010648.76
U24441,JC000049,Regular Teacher,Teacher,22,2242827.39
U31301,JC000049,Regular Teacher,Teacher,18,1885161.99
U24221,JC000049,Regular Teacher,Teacher,32,3464487.83
U23071,JC000464,Special Ed Classroom Assist,ESP,7,352291.32
U46511,JC000049,Regular Teacher,Teacher,67,6645318.25
U25021,JC500629,Special Education Teacher,Teacher,9,872254.17
U22321,JC000691,Technology Coordinator,ESP,1,84615.56
U22701,JC000469,Bilingual Sp Educ Classrm Asst,ESP,11,561642.56
U22851,JC000464,Special Ed Classroom Assist,ESP,13,647369.08
U31211,JC003015,Youth Intervention Specialist,ESP,1,75038.51
U47051,JC500939,Conflict Resolution Specialist,ESP,1,68040
U23301,JC000055,Bilingual Teacher,Teacher,3,319163.81
U10872,JC504555,Program Manager,ESP,2,190391.12
U02481,JC601270,Instructional Support Leader,Teacher,4,481863.89
U02461,JC601270,Instructional Support Leader,Teacher,4,491295.33
U46031,JC000467,School Clerk Assistant,ESP,1,55832.93
U23611,JC000469,Bilingual Sp Educ Classrm Asst,ESP,8,397089.75
U29151,JC000464,Special Ed Classroom Assist,ESP,22,985865.97
U02511,JC601266,Chief of Schools,Teacher,1,175000
U02531,JC601266,Chief of Schools,Teacher,1,175000
U02641,JC601269,Deputy Chief of Schools,Teacher,1,170000
U23151,JC000055,Bilingual Teacher,Teacher,9,1017103.3
U22391,JC000049,Regular Teacher,Teacher,31,2976863.13
U24611,JC000049,Regular Teacher,Teacher,22,2206258.18
U22851,JC000055,Bilingual Teacher,Teacher,5,552371.27
U46681,JC002795,Porter,ESP,1,26051.93
U22351,JC000049,Regular Teacher,Teacher,14.5,1399424.78
U23361,JC000049,Regular Teacher,Teacher,16,1605989.79
U23061,JC200041,Interim Principal,Teacher,1,157655
U22291,JC002795,Porter,ESP,1,29773.63
U26821,JC000049,Regular Teacher,Teacher,14,1368005.02
U51091,JC983600,Military Instructor,Teacher,3,286809.38
U22691,JC000480,School Security Officer,ESP,2,98673.67
U24931,JC000480,School Security Officer,ESP,1,45076
U46331,JC000468,School Clerk,ESP,2,164625.51
U22731,JC000055,Bilingual Teacher,Teacher,5,525960.83
U26731,JC990101,School Counselor,Teacher,1,107152.18
U26091,JC000468,School Clerk,ESP,1,82988.96
U22831,JC500629,Special Education Teacher,Teacher,9,862523.27
U14060,JC504845,CAC Specialist,ESP,1,83999.41
U25181,JC000464,Special Ed Classroom Assist,ESP,7,348314.15
U29121,JC000055,Bilingual Teacher,Teacher,4,388929.51
U22691,JC000468,School Clerk,ESP,2,162636.75
U25231,JC000049,Regular Teacher,Teacher,30,3291664.46
U23081,JC000049,Regular Teacher,Teacher,51,5234271.96
U29141,JC000049,Regular Teacher,Teacher,27,3072895.12
U22621,JC000049,Regular Teacher,Teacher,24,2604252.21
U22671,JC000049,Regular Teacher,Teacher,16,1370822.68
U24731,JC002983,Senior Security Officer,ESP,1,61789.2
U26231,JC000049,Regular Teacher,Teacher,15,1383713.87
U26521,JC500629,Special Education Teacher,Teacher,10,951348.86
U26451,JC500629,Special Education Teacher,Teacher,7,737636.74
U29321,JC500629,Special Education Teacher,Teacher,11,1142834.28
U25011,JC000049,Regular Teacher,Teacher,39,4122240.97
U23911,JC009907,Parent Worker - Other,ESP,2,53871.12
U24191,JC000049,Regular Teacher,Teacher,45,4773426.64
U24451,JC000049,Regular Teacher,Teacher,31,3312922.32
U46491,JC002777,Lunchroom Manager,ESP,1,51869.08
U46491,JC002795,Porter,ESP,1,29773.63
U46481,JC000464,Special Ed Classroom Assist,ESP,8,371000.69
U23371,JC000464,Special Ed Classroom Assist,ESP,15,711096.01
U24781,JC000468,School Clerk,ESP,1,69336.92
U23271,JC000041,Principal,Teacher,1,153037.38
U22541,JC000049,Regular Teacher,Teacher,36,3776296.56
U29301,JC000049,Regular Teacher,Teacher,38,3811267.93
U66591,JC002763,Associate Lunchroom Mgr III,ESP,1,26573.26
U66591,JC002795,Porter,ESP,1,24191.07
U25561,JC000049,Regular Teacher,Teacher,31,3141507.5
U26461,JC000049,Regular Teacher,Teacher,12,1197453.19
U26051,JC002795,Porter,ESP,1,26051.93
U24531,JC000049,Regular Teacher,Teacher,31,3191379.24
U22521,JC000055,Bilingual Teacher,Teacher,16,1645582.62
U24011,JC002738,Elementary Lunchroom Manager,ESP,1,42233.21
U24341,JC002742,Cook III,ESP,1,28471.35
U23641,JC002742,Cook III,ESP,1,26573.26
U53011,JC002777,Lunchroom Manager,ESP,1,55748.03
U28081,JC500629,Special Education Teacher,Teacher,11,1089883.93
U26841,JC990101,School Counselor,Teacher,1,101953.3
U31061,JC500629,Special Education Teacher,Teacher,4,378752.7
U24871,JC000049,Regular Teacher,Teacher,15,1425830.22
U46611,JC990101,School Counselor,Teacher,4,425448.73
U22391,JC500629,Special Education Teacher,Teacher,14,1318910.92
U31041,JC000049,Regular Teacher,Teacher,14,1255337.91
U22711,JC000468,School Clerk,ESP,1,77998.78
U10842,JC501984,Data Quality Mgmt Team Lead,ESP,1,95000
U10845,JC602003,AP Program Support Spec,Teacher,2,194556.56
U10842,JC501288,Data Strategist,ESP,1,88839.77
U25581,JC000464,Special Ed Classroom Assist,ESP,10,526785.04
U32031,JC000464,Special Ed Classroom Assist,ESP,16,765842.59
U10810,JC500164,Executive Assistant,ESP,1,59128.11
U55161,JC000049,Regular Teacher,Teacher,11,1105141.89
U22441,JC000691,Technology Coordinator,ESP,1,98002.46
U22441,JC002501,School Clerk (Bilin Spanish),ESP,3,230627.45
U46321,JC000464,Special Ed Classroom Assist,ESP,14,713291.07
U02471,JC500164,Executive Assistant,ESP,1,67417
U02501,JC500164,Executive Assistant,ESP,1,72968
U26031,JC000463,Teacher Assistant,ESP,1,43031.05
U22031,JC000049,Regular Teacher,Teacher,21,1980719.76
U25401,JC000055,Bilingual Teacher,Teacher,7,752314.31
U23081,JC505151,School Operations Manager,ESP,1,110975
U25031,JC500629,Special Education Teacher,Teacher,10,971853.83
U63181,JC002763,Associate Lunchroom Mgr III,ESP,1,30369.44
U24611,JC002770,Lunchroom Attendant,ESP,2,53030.76
U02431,JC601270,Instructional Support Leader,Teacher,5,627667.43
U22171,JC000480,School Security Officer,ESP,2,97930.92
U11010,JC504449,Leaves Specialist,ESP,4,249687.86
U11201,JC505056,"Director, Access & Enrollment",ESP,1,138442.82
U26061,JC000049,Regular Teacher,Teacher,9,948312.34
U25621,JC000463,Teacher Assistant,ESP,1,59332.39
U25841,JC000463,Teacher Assistant,ESP,2,97577.58
U22081,JC000049,Regular Teacher,Teacher,52,5364239
U22881,JC000049,Regular Teacher,Teacher,19,1738264.98
U23801,JC000055,Bilingual Teacher,Teacher,31,2752720.08
U46681,JC002770,Lunchroom Attendant,ESP,1,21212.3
U25011,JC500629,Special Education Teacher,Teacher,16,1533200.25
U24871,JC000055,Bilingual Teacher,Teacher,26,2576039.31
U22251,JC000463,Teacher Assistant,ESP,2,95793.45
U23641,JC000049,Regular Teacher,Teacher,20,1889584.69
U22851,JC000463,Teacher Assistant,ESP,2,103198.97
U46641,JC500629,Special Education Teacher,Teacher,5,534848.54
U23511,JC500629,Special Education Teacher,Teacher,13,1130134.82
U25391,JC000464,Special Ed Classroom Assist,ESP,9,404918.28
U26231,JC000468,School Clerk,ESP,1,75811.9
U23801,JC003917,Instructor Assistant,ESP,2,127949.53
U22741,JC000463,Teacher Assistant,ESP,2,90767.56
U22351,JC990101,School Counselor,Teacher,1,117381.99
U46431,JC500629,Special Education Teacher,Teacher,16,1662710.77
U23921,JC990101,School Counselor,Teacher,1,95530.2
U25841,JC000049,Regular Teacher,Teacher,18,1935297.58
U52011,JC002983,Senior Security Officer,ESP,1,67616.19
U29231,JC000464,Special Ed Classroom Assist,ESP,13,657116.96
U22931,JC000464,Special Ed Classroom Assist,ESP,11,583296.14
U22451,JC002770,Lunchroom Attendant,ESP,2,51263.07
U31161,JC000049,Regular Teacher,Teacher,15,1339452.54
U22601,JC000478,Teacher Assistant Bilingual,ESP,2,110829.47
U22521,JC003917,Instructor Assistant,ESP,2,126112.68
U46431,JC000480,School Security Officer,ESP,5,234938.5
U23431,JC000468,School Clerk,ESP,1,69336.92
U23931,JC000468,School Clerk,ESP,2,164862.47
U29161,JC500629,Special Education Teacher,Teacher,7.5,795980.06
U22821,JC500629,Special Education Teacher,Teacher,10,918356.21
U22861,JC002742,Cook III,ESP,1,26573.26
U22481,JC000480,School Security Officer,ESP,1,53597.67
U23401,JC002983,Senior Security Officer,ESP,1,58950.49
U22761,JC000049,Regular Teacher,Teacher,25,2640183.85
U51091,JC500629,Special Education Teacher,Teacher,14,1481075.07
U25871,JC002795,Porter,ESP,1,26051.93
U24441,JC990101,School Counselor,Teacher,1,100418.29
U23141,JC002795,Porter,ESP,1,26051.93
U23011,JC000480,School Security Officer,ESP,1,45076
U23291,JC002770,Lunchroom Attendant,ESP,2,44192.3
U25061,JC500629,Special Education Teacher,Teacher,12,1162580.55
U24451,JC000041,Principal,Teacher,1,165995.44
U46031,JC002770,Lunchroom Attendant,ESP,4,95932.47
U25411,JC002983,Senior Security Officer,ESP,2,117043.37
U26791,JC000055,Bilingual Teacher,Teacher,22,2048767.26
U24241,JC000468,School Clerk,ESP,1,83794.68
U24051,JC002795,Porter,ESP,3,78155.79
U10510,JC501835,Sr Foreign Language Translator,ESP,1,71703.45
U31111,JC500629,Special Education Teacher,Teacher,4,423491.51
U29381,JC500629,Special Education Teacher,Teacher,5,544527.14
U25571,JC000055,Bilingual Teacher,Teacher,4,327257.31
U46331,JC500629,Special Education Teacher,Teacher,19,1925349.22
U25781,JC000468,School Clerk,ESP,1,70568.16
U22021,JC002770,Lunchroom Attendant,ESP,2,48621.58
U29401,JC000468,School Clerk,ESP,4,287437.21
U22511,JC000468,School Clerk,ESP,1,79383.84
U23711,JC500629,Special Education Teacher,Teacher,4,400080.37
U24431,JC000041,Principal,Teacher,1,153037.38
U29231,JC500629,Special Education Teacher,Teacher,7,712368.5
U22521,JC002501,School Clerk (Bilin Spanish),ESP,1,66399.23
U41041,JC002501,School Clerk (Bilin Spanish),ESP,1,85478.63
U47031,JC000464,Special Ed Classroom Assist,ESP,5,246350.43
U22221,JC000480,School Security Officer,ESP,1,42582.46
U23801,JC002770,Lunchroom Attendant,ESP,4,98990.75
U23221,JC000463,Teacher Assistant,ESP,2,83327.35
U22971,JC002741,Cook II,ESP,1,29805.55
U46141,JC002770,Lunchroom Attendant,ESP,3,80148.77
U46311,JC002770,Lunchroom Attendant,ESP,9,184733.86
U22581,JC000480,School Security Officer,ESP,1,56063.9
U22211,JC500629,Special Education Teacher,Teacher,3,332249.84
U31211,JC500629,Special Education Teacher,Teacher,13,1213396.06
U22521,JC002741,Cook II,ESP,1,29805.55
U22131,JC990101,School Counselor,Teacher,1,126022.62
U26881,JC000049,Regular Teacher,Teacher,21.5,2013494.79
U46291,JC500629,Special Education Teacher,Teacher,14,1626932.16
U29401,JC002770,Lunchroom Attendant,ESP,4,100758.45
U22431,JC000480,School Security Officer,ESP,2,97447.99
U24331,JC002983,Senior Security Officer,ESP,1,67616.19
U29321,JC002795,Porter,ESP,2,59547.26
U29121,JC002770,Lunchroom Attendant,ESP,3,71601.58
U24201,JC000041,Principal,Teacher,1,169248
U25211,JC500629,Special Education Teacher,Teacher,5,518462.3
U22201,JC000055,Bilingual Teacher,Teacher,2,221570.5
U23591,JC000480,School Security Officer,ESP,2,90491.01
U26841,JC000055,Bilingual Teacher,Teacher,8,708181.95
U26141,JC000463,Teacher Assistant,ESP,3,144402.57
U23351,JC500629,Special Education Teacher,Teacher,7,598313.82
U22131,JC000049,Regular Teacher,Teacher,15,1478653.74
U26251,JC002742,Cook III,ESP,1,26573.26
U10615,JC000480,School Security Officer,ESP,10,495575.32
U26321,JC002742,Cook III,ESP,1,30369.44
U30081,JC500629,Special Education Teacher,Teacher,10,1126733.92
U53091,JC500629,Special Education Teacher,Teacher,11,1087065.05
U25291,JC000464,Special Ed Classroom Assist,ESP,8,397018.09
U22891,JC500629,Special Education Teacher,Teacher,8,733379.96
U27091,JC000468,School Clerk,ESP,1,85478.63
U23771,JC000463,Teacher Assistant,ESP,3,153243.66
U24651,JC000469,Bilingual Sp Educ Classrm Asst,ESP,2,93500.17
U25031,JC000467,School Clerk Assistant,ESP,1,62454.32
U12210,JC504984,Business Diversity Analyst,ESP,1,72799.49
U25341,JC000480,School Security Officer,ESP,3,151457.64
U12210,JC501816,Sr Category Buyer,ESP,7,618705.31
U12210,JC505041,Sr Vendor Sppt Svs Specialist,ESP,1,71703.45
U22271,JC000042,Assistant Principal,Teacher,1,124519.54
U10320,JC500666,Senior Investigator,ESP,8,756335.38
U10320,JC500665,Chief Investigator,ESP,5,582240.09
U10610,JC502028,"Director, Safety Technology",ESP,1,126000
U11385,JC505043,Family Engagement Team Lead,ESP,1,84867.74
U55011,JC000049,Regular Teacher,Teacher,22,2176459.15
U25111,JC000055,Bilingual Teacher,Teacher,13,1312195.17
U26841,JC000041,Principal,Teacher,1,178020
U22201,JC500629,Special Education Teacher,Teacher,11,1089016.54
U46301,JC000041,Principal,Teacher,1,157496
U23031,JC500629,Special Education Teacher,Teacher,8,707824.02
U25871,JC002770,Lunchroom Attendant,ESP,1,22980
U22531,JC002983,Senior Security Officer,ESP,3,182289.32
U24721,JC000480,School Security Officer,ESP,2,95393.74
U46321,JC983600,Military Instructor,Teacher,2,187503.73
U11672,JC501752,School Entry Suppt Specialist,ESP,2,166142.56
U24751,JC500629,Special Education Teacher,Teacher,10,913050.94
U10610,JC501496,Student Safety Ctr Coordinator,ESP,11,817418.09
U10875,JC500908,Student Engagement Specialist,ESP,13,794975.58
U41051,JC000480,School Security Officer,ESP,4,212224.7
U22311,JC000464,Special Ed Classroom Assist,ESP,17,806646.14
U53041,JC500629,Special Education Teacher,Teacher,17,1746250.63
U25341,JC000464,Special Ed Classroom Assist,ESP,8,356763
U24601,JC000464,Special Ed Classroom Assist,ESP,9,451288.87
U22611,JC000463,Teacher Assistant,ESP,2,83465.4
U24811,JC000463,Teacher Assistant,ESP,1,57050.37
U24281,JC500629,Special Education Teacher,Teacher,12,1357241.74
U49131,JC000468,School Clerk,ESP,1,85478.63
U10210,JC501145,Administrative Hearings Schedr,ESP,1,49154.18
U12610,JC501902,"Director, CO Budget Management",ESP,1,136788.12
U22571,JC000464,Special Ed Classroom Assist,ESP,9,470715.22
U51071,JC000049,Regular Teacher,Teacher,21,2044471.52
U29371,JC000049,Regular Teacher,Teacher,17,1682431.67
U26771,JC000480,School Security Officer,ESP,2,94041.46
U26781,JC000463,Teacher Assistant,ESP,3,139899.48
U31261,JC990101,School Counselor,Teacher,1,94312.14
U24361,JC002795,Porter,ESP,1,26051.93
U24361,JC002738,Elementary Lunchroom Manager,ESP,1,46400.71
U23591,JC002501,School Clerk (Bilin Spanish),ESP,1,67122.67
U45221,JC000468,School Clerk,ESP,2,170540.39
U24331,JC002738,Elementary Lunchroom Manager,ESP,1,40210.95
U25951,JC000480,School Security Officer,ESP,2,107345.7
U29201,JC002738,Elementary Lunchroom Manager,ESP,1,40210.95
U47101,JC000042,Assistant Principal,Teacher,4,558662.29
U22841,JC000464,Special Ed Classroom Assist,ESP,6,292930.44
U22221,JC990101,School Counselor,Teacher,1,103166.59
U23081,JC000480,School Security Officer,ESP,3,157203.8
U05261,JC601427,Staffing Manager,Teacher,1,99572.16
U10615,JC501833,Crisis Response Manager,ESP,4,339165.8
U30031,JC000049,Regular Teacher,Teacher,9,935481.86
U26391,JC002738,Elementary Lunchroom Manager,ESP,1,40210.95
U70241,JC002763,Associate Lunchroom Mgr III,ESP,1,28471.35
U24921,JC003917,Instructor Assistant,ESP,1,55333.29
U22401,JC000463,Teacher Assistant,ESP,6,296162.79
U25761,JC000463,Teacher Assistant,ESP,2,90952.52
U25591,JC000463,Teacher Assistant,ESP,2,101476.9
U25621,JC000464,Special Ed Classroom Assist,ESP,6,285209.15
U23011,JC000464,Special Ed Classroom Assist,ESP,15,741007.74
U46371,JC000464,Special Ed Classroom Assist,ESP,14,711073.39
U47021,JC002770,Lunchroom Attendant,ESP,4,94872.83
U11010,JC504870,Employee Transaction Spec,ESP,8,496043.32
U23061,JC002795,Porter,ESP,1,26051.93
U46261,JC002795,Porter,ESP,1,29773.63
U22771,JC000464,Special Ed Classroom Assist,ESP,9,447292.25
U26031,JC500629,Special Education Teacher,Teacher,13,1309308.33
U25841,JC000476,Teacher Asst Bil Spanish,ESP,1,59332.39
U20071,JC000463,Teacher Assistant,ESP,4,198770.41
U23481,JC000055,Bilingual Teacher,Teacher,7,736384.98
U24431,JC002738,Elementary Lunchroom Manager,ESP,1,46400.71
U46301,JC002741,Cook II,ESP,1,34063.49
U23751,JC990101,School Counselor,Teacher,2,194554.66
U23421,JC500629,Special Education Teacher,Teacher,11,1008514.67
U46031,JC000691,Technology Coordinator,ESP,2,176570.77
U46301,JC002770,Lunchroom Attendant,ESP,2,50243.64
U24951,JC002983,Senior Security Officer,ESP,1,67616.19
U22361,JC000480,School Security Officer,ESP,1,56063.9
U46141,JC002983,Senior Security Officer,ESP,2,117900.98
U49031,JC000042,Assistant Principal,Teacher,2,270246.7
U24301,JC000049,Regular Teacher,Teacher,16,1703309.07
U12510,JC500866,Dir Student Information Systms,ESP,1,158980.5
U23591,JC000464,Special Ed Classroom Assist,ESP,23,1139262.68
U25921,JC000042,Assistant Principal,Teacher,1,134440
U24751,JC002738,Elementary Lunchroom Manager,ESP,1,46400.71
U22291,JC990101,School Counselor,Teacher,1,111521.49
U22941,JC990101,School Counselor,Teacher,2,209277.83
U25771,JC002741,Cook II,ESP,1,31934.52
U23351,JC000042,Assistant Principal,Teacher,1,134440
U26831,JC000041,Principal,Teacher,1,165019
U23511,JC000055,Bilingual Teacher,Teacher,5,465008.99
U46301,JC500629,Special Education Teacher,Teacher,16,1633978.91
U25441,JC002770,Lunchroom Attendant,ESP,3,68940
U12440,JC000182,Treasury Analyst,ESP,1,78718.78
U23281,JC000055,Bilingual Teacher,Teacher,1,75415.6
U22491,JC000464,Special Ed Classroom Assist,ESP,18,838094.31
U22391,JC000480,School Security Officer,ESP,2,92751.56
U10870,JC500164,Executive Assistant,ESP,1,60012.47
U25731,JC000464,Special Ed Classroom Assist,ESP,11,526743.1
U29021,JC000464,Special Ed Classroom Assist,ESP,17,848429.2
U22661,JC000464,Special Ed Classroom Assist,ESP,9,418911.29
U23321,JC990101,School Counselor,Teacher,1,123338.73
U29291,JC000467,School Clerk Assistant,ESP,1,52180.31
U29291,JC500764,Program Coordinator,ESP,1,62785.07
U22821,JC000463,Teacher Assistant,ESP,2,99032.84
U22161,JC002738,Elementary Lunchroom Manager,ESP,1,42233.21
U25881,JC000464,Special Ed Classroom Assist,ESP,10,512502.64
U26051,JC000464,Special Ed Classroom Assist,ESP,6,290383.68
U29031,JC000464,Special Ed Classroom Assist,ESP,9,451788.97
U46421,JC002795,Porter,ESP,2,55825.56
U41121,JC002501,School Clerk (Bilin Spanish),ESP,2,153506.71
U46271,JC000480,School Security Officer,ESP,7,319061.54
U23711,JC000480,School Security Officer,ESP,2,107345.7
U29241,JC500629,Special Education Teacher,Teacher,5,492636.96
U12510,JC501919,"ED, Information Security",ESP,1,165000
U63051,JC002983,Senior Security Officer,ESP,1,58950.49
U23751,JC000464,Special Ed Classroom Assist,ESP,20,961844.82
U23001,JC500629,Special Education Teacher,Teacher,16,1641563.5
U22711,JC000464,Special Ed Classroom Assist,ESP,11,510589.85
U26431,JC000049,Regular Teacher,Teacher,15,1372666.14
U10610,JC501475,Deputy Chief Safety & Security,ESP,1,165469.5
U30031,JC002501,School Clerk (Bilin Spanish),ESP,1,76841.63
U25451,JC500629,Special Education Teacher,Teacher,8,772300.86
U46021,JC000464,Special Ed Classroom Assist,ESP,7,354309.01
U26051,JC000480,School Security Officer,ESP,1,53597.67
U23451,JC000463,Teacher Assistant,ESP,2,93667.78
U23221,JC990101,School Counselor,Teacher,1,79586.16
U26861,JC000480,School Security Officer,ESP,2,101139.9
U26921,JC000466,School Counseling Office Asst,ESP,1,58375.08
U46641,JC002742,Cook III,ESP,1,30369.44
U24011,JC000463,Teacher Assistant,ESP,1,44193.92
U31251,JC000463,Teacher Assistant,ESP,3,149267.2
U46201,JC002770,Lunchroom Attendant,ESP,5,118455.47
U41041,JC000480,School Security Officer,ESP,1,56063.9
U10320,JC500164,Executive Assistant,ESP,1,62183.94
U24931,JC000041,Principal,Teacher,1,173963
U22041,JC003917,Instructor Assistant,ESP,1,64884.36
U25591,JC000480,School Security Officer,ESP,1,46428.28
U26031,JC000480,School Security Officer,ESP,2,105029.36
U45211,JC000480,School Security Officer,ESP,1,43850.32
U45211,JC000468,School Clerk,ESP,2,151430.18
U24571,JC000480,School Security Officer,ESP,3,149687.66
U25061,JC002795,Porter,ESP,1,26051.93
U23261,JC500629,Special Education Teacher,Teacher,11,986922.33
U26351,JC000044,Curriculum And Instruct Coach,Teacher,1,119914.35
U25991,JC990101,School Counselor,Teacher,1,101741.76
U23511,JC000464,Special Ed Classroom Assist,ESP,19,929832.33
U22591,JC000464,Special Ed Classroom Assist,ESP,4,201672.5
U24731,JC000463,Teacher Assistant,ESP,3,136697.16
U23431,JC000055,Bilingual Teacher,Teacher,10,897955.64
U22761,JC990101,School Counselor,Teacher,1,122082.76
U26781,JC002795,Porter,ESP,1,22330.22
U22371,JC002763,Associate Lunchroom Mgr III,ESP,1,26573.26
U30011,JC000468,School Clerk,ESP,1,85383.66
U46291,JC000480,School Security Officer,ESP,3,136580.28
U22771,JC002983,Senior Security Officer,ESP,1,58950.49
U55161,JC000468,School Clerk,ESP,3,220291.03
U49081,JC000468,School Clerk,ESP,1,82002.55
U24981,JC990101,School Counselor,Teacher,1,125832
U23731,JC500629,Special Education Teacher,Teacher,7,695188.84
U29141,JC000041,Principal,Teacher,1,170718.33
U22161,JC002795,Porter,ESP,1,26051.93
U26141,JC500629,Special Education Teacher,Teacher,8,740437.41
U26201,JC002501,School Clerk (Bilin Spanish),ESP,1,72110.39
U12510,JC504446,Sr Chng Mgmt Specialist,ESP,2,184200
U26721,JC500629,Special Education Teacher,Teacher,7,709046.5
U24241,JC002770,Lunchroom Attendant,ESP,2,34480.05
U28081,JC002795,Porter,ESP,1,29773.63
U22881,JC000469,Bilingual Sp Educ Classrm Asst,ESP,1,52798.23
U12625,JC501295,Financial Transaction Spec,ESP,3,182227.47
U23771,JC990101,School Counselor,Teacher,2,204284.63
U41121,JC002795,Porter,ESP,1,26051.93
U24921,JC002795,Porter,ESP,1,26051.93
U23291,JC000049,Regular Teacher,Teacher,20,1847814.82
U23291,JC500629,Special Education Teacher,Teacher,15,1460953.43
U22841,JC000480,School Security Officer,ESP,2,91262.96
U24021,JC000055,Bilingual Teacher,Teacher,3,341052.82
U12450,JC500310,Payroll Manager,ESP,4,405466.56
U23881,JC000463,Teacher Assistant,ESP,1,48982.74
U29081,JC002795,Porter,ESP,1,22330.22
U46331,JC501043,Attendance Coordinator,ESP,1,93313.19
U46481,JC000691,Technology Coordinator,ESP,0.5,54881.84
U10875,JC000049,Regular Teacher,Teacher,3,356074.22
U30071,JC000042,Assistant Principal,Teacher,1,143520
U24661,JC000464,Special Ed Classroom Assist,ESP,22,1066051.26
U23581,JC000464,Special Ed Classroom Assist,ESP,27,1266039.05
U25381,JC002738,Elementary Lunchroom Manager,ESP,1,42233.21
U29151,JC000468,School Clerk,ESP,2,154815.55
U22321,JC000480,School Security Officer,ESP,3,151528.59
U24671,JC002770,Lunchroom Attendant,ESP,5,123738.45
U46311,JC983600,Military Instructor,Teacher,3,295012.03
U24771,JC500629,Special Education Teacher,Teacher,10,959262.58
U24611,JC000464,Special Ed Classroom Assist,ESP,24,1120945.92
U12610,JC502045,"Dir, School Budget & Sys Suppt",ESP,1,123342.54
U11010,JC504320,SFA Contact Center Manager,ESP,1,82514.15
U23061,JC500629,Special Education Teacher,Teacher,6,480785.15
U23591,JC000476,Teacher Asst Bil Spanish,ESP,1,57050.37
U22581,JC990101,School Counselor,Teacher,2,198481.16
U46031,JC002777,Lunchroom Manager,ESP,1,58192.47
U11880,JC501781,Project Manager,ESP,1,105839.26
U20071,JC000480,School Security Officer,ESP,2,105029.36
U10210,JC504597,Legal Assistant,ESP,2,99370
U22431,JC000463,Teacher Assistant,ESP,2,88511.07
U22611,JC990101,School Counselor,Teacher,1,85844.96
U29391,JC000049,Regular Teacher,Teacher,14,1308064.25
U66281,JC002795,Porter,ESP,1,26051.93
U24761,JC002795,Porter,ESP,1,26051.93
U24021,JC002770,Lunchroom Attendant,ESP,3,67192.4
U30141,JC009907,Parent Worker - Other,ESP,1,15996.4
U46031,JC000468,School Clerk,ESP,2,165977.92
U26781,JC500629,Special Education Teacher,Teacher,7,614951.81
U26251,JC500629,Special Education Teacher,Teacher,4,416903.51
U25011,JC000464,Special Ed Classroom Assist,ESP,42,2016521.62
U31211,JC000464,Special Ed Classroom Assist,ESP,7,350704.49
U23931,JC000463,Teacher Assistant,ESP,1,47098.78
U67021,JC990101,School Counselor,Teacher,2,234946.87
U24881,JC000480,School Security Officer,ESP,2,101139.9
U46391,JC002777,Lunchroom Manager,ESP,1,55748.03
U22891,JC009907,Parent Worker - Other,ESP,1,15996.4
U23801,JC000463,Teacher Assistant,ESP,1,43368.55
U11672,JC501751,School Enrollment Coordinator,ESP,1,63450
U53111,JC500629,Special Education Teacher,Teacher,5,458875.95
U25681,JC990101,School Counselor,Teacher,2,172048.23
U55011,JC002742,Cook III,ESP,1,30369.44
U26791,JC002738,Elementary Lunchroom Manager,ESP,1,48435.98
U70070,JC505151,School Operations Manager,ESP,1,110975
U29091,JC000463,Teacher Assistant,ESP,2,103378.27
U23961,JC000480,School Security Officer,ESP,1,56063.9
U12510,JC501818,"Manager, Web Production",ESP,1,129066.21
U22451,JC002738,Elementary Lunchroom Manager,ESP,1,42233.21
U22901,JC000041,Principal,Teacher,1,164781.38
U22391,JC002770,Lunchroom Attendant,ESP,2,40677.02
U24881,JC002741,Cook II,ESP,1,29805.55
U25101,JC002795,Porter,ESP,1,29773.63
U24571,JC000478,Teacher Assistant Bilingual,ESP,1,45048.59
U41051,JC990101,School Counselor,Teacher,2,184437.24
U24571,JC500629,Special Education Teacher,Teacher,13,1231475.56
U22481,JC990101,School Counselor,Teacher,1,91904.87
U29091,JC002741,Cook II,ESP,1,34063.49
U24311,JC002795,Porter,ESP,1,29773.63
U26461,JC002738,Elementary Lunchroom Manager,ESP,1,40210.95
U24171,JC002795,Porter,ESP,1,26051.93
U22401,JC002795,Porter,ESP,1,29773.63
U25071,JC002795,Porter,ESP,1,22330.22
U24201,JC002738,Elementary Lunchroom Manager,ESP,1,40210.95
U26331,JC000480,School Security Officer,ESP,2,91504.28
U23351,JC990101,School Counselor,Teacher,2,232780.99
U23891,JC000480,School Security Officer,ESP,1,46428.28
U24471,JC002770,Lunchroom Attendant,ESP,4,84723.69
U25911,JC000476,Teacher Asst Bil Spanish,ESP,1,57050.37
U23971,JC500629,Special Education Teacher,Teacher,4,435170.29
U55011,JC983620,Commandant,Teacher,1,109462
U23361,JC000469,Bilingual Sp Educ Classrm Asst,ESP,1,57106.57
U24311,JC000480,School Security Officer,ESP,2,92815.78
U53051,JC002795,Porter,ESP,1,27912.78
U66151,JC002770,Lunchroom Attendant,ESP,2,39710.3
U25151,JC000041,Principal,Teacher,1,183218
U26141,JC002738,Elementary Lunchroom Manager,ESP,1,46400.71
U23501,JC000041,Principal,Teacher,1,160156.72
U22421,JC000042,Assistant Principal,Teacher,1,141804.26
U23671,JC000480,School Security Officer,ESP,1,51281.8
U23621,JC002741,Cook II,ESP,1,34063.49
U23431,JC002738,Elementary Lunchroom Manager,ESP,1,42233.21
U46061,JC002795,Porter,ESP,1,29773.63
U12510,JC504346,Ops Center Eng Team Lead,ESP,1,94963.18
U25541,JC000468,School Clerk,ESP,1,72896.06
U24851,JC000042,Assistant Principal,Teacher,1,150784
U29401,JC500629,Special Education Teacher,Teacher,11,1093592.38
U26831,JC990101,School Counselor,Teacher,1,118670.82
U29191,JC000055,Bilingual Teacher,Teacher,15,1448056.99
U22191,JC002983,Senior Security Officer,ESP,1,58950.49
U24281,JC002501,School Clerk (Bilin Spanish),ESP,1,77998.78
U46471,JC002742,Cook III,ESP,1,30369.44
U22651,JC000468,School Clerk,ESP,1,83794.68
U25301,JC002770,Lunchroom Attendant,ESP,3,76686.2
U25061,JC000468,School Clerk,ESP,1,71821.26
U29071,JC000464,Special Ed Classroom Assist,ESP,8,378126.88
U22221,JC000464,Special Ed Classroom Assist,ESP,12,606969.8
U46061,JC002983,Senior Security Officer,ESP,1,67616.19
U22901,JC002983,Senior Security Officer,ESP,1,58950.49
U31081,JC002738,Elementary Lunchroom Manager,ESP,1,40210.95
U25581,JC990101,School Counselor,Teacher,2,220147.87
U24441,JC002742,Cook III,ESP,1,30369.44
U25621,JC002742,Cook III,ESP,1,26573.26
U22171,JC002795,Porter,ESP,1,29773.63
U25141,JC002738,Elementary Lunchroom Manager,ESP,1,46400.71
U22681,JC002738,Elementary Lunchroom Manager,ESP,1,42233.21
U25111,JC002795,Porter,ESP,1,29773.63
U26291,JC200041,Interim Principal,Teacher,1,176408
U22301,JC000041,Principal,Teacher,1,178020
U23391,JC500629,Special Education Teacher,Teacher,8,781901.75
U24641,JC002742,Cook III,ESP,1,26573.26
U22851,JC002770,Lunchroom Attendant,ESP,2,48475.95
U12510,JC504555,Program Manager,ESP,1,110975
U29271,JC990101,School Counselor,Teacher,1,114418.32
U31121,JC000041,Principal,Teacher,1,160730.84
U22621,JC000042,Assistant Principal,Teacher,1,145881.45
U46281,JC990101,School Counselor,Teacher,5,512495.47
U22541,JC990101,School Counselor,Teacher,2,212642.53
U22421,JC000480,School Security Officer,ESP,1,42448.09
U24711,JC000468,School Clerk,ESP,1,73390.88
U24761,JC000468,School Clerk,ESP,1,85478.63
U25061,JC000042,Assistant Principal,Teacher,1,142302
U23371,JC990101,School Counselor,Teacher,1,119437.98
U25231,JC990101,School Counselor,Teacher,2,224400.53
U46341,JC983600,Military Instructor,Teacher,4,374199.14
U24221,JC002795,Porter,ESP,1,29773.63
U25121,JC002795,Porter,ESP,1,29773.63
U29271,JC000468,School Clerk,ESP,1,82988.96
U22721,JC000480,School Security Officer,ESP,2,100247.26
U22971,JC990101,School Counselor,Teacher,1,89267.96
U46141,JC200041,Interim Principal,Teacher,1,153518
U22081,JC000480,School Security Officer,ESP,2,100025.95
U23481,JC600063,Case Manager,Teacher,0.5,41544.98
U23811,JC600063,Case Manager,Teacher,1,104556.29
U29191,JC505051,Restorative Justice Coord,ESP,1,56872.5
U25521,JC505051,Restorative Justice Coord,ESP,1,56872.5
U22531,JC000462,School Assistant,ESP,1,36546.64
U46031,JC000065,IB Coordinator,Teacher,3,392359.51
U22341,JC505051,Restorative Justice Coord,ESP,1,74343.71
U24681,JC505051,Restorative Justice Coord,ESP,1,65721.86
U24921,JC000464,Special Ed Classroom Assist,ESP,8,417827.02
U24171,JC000464,Special Ed Classroom Assist,ESP,9,444053.28
U22581,JC505051,Restorative Justice Coord,ESP,1,65721.86
U25111,JC505051,Restorative Justice Coord,ESP,1,72642.19
U25291,JC505051,Restorative Justice Coord,ESP,1,65721.86
U46631,JC505051,Restorative Justice Coord,ESP,1,76370.99
U29371,JC000710,Student Special Svc Advocate,ESP,1,55880.22
U26451,JC000691,Technology Coordinator,ESP,0.5,43156.25
U11540,JC000467,School Clerk Assistant,ESP,1,48314.71
U49031,JC000467,School Clerk Assistant,ESP,1,55231.17
U41091,JC000071,English Learner Prg Teacher,Teacher,1,83089.96
U29321,JC600063,Case Manager,Teacher,1.5,155630.4
U24451,JC600063,Case Manager,Teacher,1,90202.49
U11610,JC601444,"ED, OSD Instructional Ops",Teacher,1,171173
U11010,JC500074,Compensation Manager,ESP,1,123375
U26021,JC000464,Special Ed Classroom Assist,ESP,16,804211.07
U25301,JC505051,Restorative Justice Coord,ESP,1,80291.2
U11673,JC605110,"ED, OSD Service Ops",Teacher,1,138020
U23351,JC000044,Curriculum And Instruct Coach,Teacher,1,62924.52
U31201,JC000044,Curriculum And Instruct Coach,Teacher,1,62924.52
U23731,JC000464,Special Ed Classroom Assist,ESP,11,535318.1
U46341,JC000065,IB Coordinator,Teacher,1,129898.08
U26791,JC505051,Restorative Justice Coord,ESP,1,75038.51
U24681,JC000462,School Assistant,ESP,1,44401.18
U10872,JC502061,Lead CSI Coordinator,ESP,1,78000
U10895,JC501940,Behav Health & Ment Ptner Spec,ESP,4,277562
U29201,JC990101,School Counselor,Teacher,1,99634.71
U32011,JC000071,English Learner Prg Teacher,Teacher,1,83089.96
U53121,JC000071,English Learner Prg Teacher,Teacher,1,83089.96
U23811,JC003015,Youth Intervention Specialist,ESP,1,56872.5
U46371,JC000468,School Clerk,ESP,3,192499.99
U23831,JC000464,Special Ed Classroom Assist,ESP,8,346153.87
U46611,JC000478,Teacher Assistant Bilingual,ESP,1,45594.71
U22871,JC000462,School Assistant,ESP,2,88218.64
U26861,JC600063,Case Manager,Teacher,1,93344.26
U26701,JC000464,Special Ed Classroom Assist,ESP,9,449370.5
U22021,JC000464,Special Ed Classroom Assist,ESP,12,555417.82
U46421,JC000065,IB Coordinator,Teacher,2,255011.99
U30071,JC990101,School Counselor,Teacher,0.5,60703.19
U23071,JC000463,Teacher Assistant,ESP,5,211706.65
U25401,JC000048,Head Teacher,Teacher,1,119700.08
U22861,JC500629,Special Education Teacher,Teacher,7,657420.47
U23481,JC000464,Special Ed Classroom Assist,ESP,3,165935.99
U29391,JC000044,Curriculum And Instruct Coach,Teacher,1,102027.67
U22401,JC990101,School Counselor,Teacher,2,203611.09
U25861,JC000042,Assistant Principal,Teacher,1,139724
U23511,JC505051,Restorative Justice Coord,ESP,1,84412.64
U23591,JC505051,Restorative Justice Coord,ESP,1,76370.99
U23911,JC505051,Restorative Justice Coord,ESP,1,78890.32
U46421,JC505051,Restorative Justice Coord,ESP,1,76370.99
U13725,JC500006,Administrative Assistant,ESP,1,53000
U22661,JC000071,English Learner Prg Teacher,Teacher,1,83089.96
U25931,JC000071,English Learner Prg Teacher,Teacher,1,83089.96
U25241,JC000691,Technology Coordinator,ESP,0.5,49001.23
U24871,JC000464,Special Ed Classroom Assist,ESP,16,759105.22
U22271,JC000071,English Learner Prg Teacher,Teacher,2,169085.29
U24681,JC000071,English Learner Prg Teacher,Teacher,2,166179.92
U29121,JC000071,English Learner Prg Teacher,Teacher,2,166179.92
U24451,JC000071,English Learner Prg Teacher,Teacher,2,166179.92
U25241,JC000071,English Learner Prg Teacher,Teacher,2,166179.92
U31181,JC500629,Special Education Teacher,Teacher,10,1017071.72
U23831,JC000055,Bilingual Teacher,Teacher,1,123590.92
U70241,JC000462,School Assistant,ESP,1,46248.12
U47101,JC000691,Technology Coordinator,ESP,1,61113.2
U24971,JC000042,Assistant Principal,Teacher,1,118000
U22491,JC990101,School Counselor,Teacher,2,189634.27
U28151,JC990101,School Counselor,Teacher,2,187571.01
U32021,JC600063,Case Manager,Teacher,1,80750.39
U32031,JC600063,Case Manager,Teacher,1,94125.33
U25661,JC000463,Teacher Assistant,ESP,3,150583.6
U53101,JC600755,Lead Coach,Teacher,1,140333.04
U10610,JC501565,Chief Safety & Security OFF,ESP,1,203838.57
U23961,JC000071,English Learner Prg Teacher,Teacher,1,83089.96
U49021,JC000071,English Learner Prg Teacher,Teacher,1,83089.96
U31211,JC000066,Regional Gifted Coordinator,Teacher,1,104962.88
U53061,JC500629,Special Education Teacher,Teacher,15,1672347.12
U25011,JC600063,Case Manager,Teacher,2,179701.4
U26781,JC000055,Bilingual Teacher,Teacher,6.5,712293.74
U22471,JC600063,Case Manager,Teacher,0.5,57001.18
U23371,JC600063,Case Manager,Teacher,0.5,60528.68
U24471,JC002501,School Clerk (Bilin Spanish),ESP,1,75811.9
U29031,JC500629,Special Education Teacher,Teacher,4,376623.59
U31121,JC000071,English Learner Prg Teacher,Teacher,0.5,41544.98
U26371,JC000071,English Learner Prg Teacher,Teacher,0.5,41544.98
U70070,JC000071,English Learner Prg Teacher,Teacher,0.5,41544.98
U25621,JC600063,Case Manager,Teacher,0.5,41544.98
U46361,JC600063,Case Manager,Teacher,1.5,160982.95
U31261,JC500992,STLS Advocate,ESP,1,70568.16
U24691,JC000071,English Learner Prg Teacher,Teacher,2,166179.92
U29231,JC000071,English Learner Prg Teacher,Teacher,0.5,41544.98
U46641,JC000071,English Learner Prg Teacher,Teacher,0.5,41544.98
U26321,JC000071,English Learner Prg Teacher,Teacher,0.5,41544.98
U23361,JC600063,Case Manager,Teacher,0.5,41544.98
U23931,JC990101,School Counselor,Teacher,2,198836.49
U24401,JC990101,School Counselor,Teacher,2,160445.05
U24451,JC990101,School Counselor,Teacher,1,126023.29
U29371,JC500992,STLS Advocate,ESP,1,64979.14
U24661,JC000462,School Assistant,ESP,1,42713.21
U26451,JC000463,Teacher Assistant,ESP,3,140460.34
U24681,JC990101,School Counselor,Teacher,2,242649.41
U46041,JC000467,School Clerk Assistant,ESP,1,48047.62
U10891,JC602025,Health & PE Manager,Teacher,1,117195.4
U02491,JC504492,Family Engagement Coordinator,ESP,2,167067.57
U24151,JC600063,Case Manager,Teacher,1.5,131755.36
U25751,JC000071,English Learner Prg Teacher,Teacher,1,83089.96
U46311,JC002983,Senior Security Officer,ESP,4,236252.21
U25071,JC000480,School Security Officer,ESP,2,86827.86
U11210,JC501881,REACH Performance Task Coord,ESP,1,86044.14
U10615,JC504838,Crossing Guard - pre-2006,ESP,205,4544442.02
U24651,JC000463,Teacher Assistant,ESP,1,46277.03
U22291,JC000463,Teacher Assistant,ESP,2,92693.49
U22311,JC000463,Teacher Assistant,ESP,2,113530.72
U32031,JC000042,Assistant Principal,Teacher,1,143520
U23521,JC002795,Porter,ESP,1,29773.63
U23521,JC002738,Elementary Lunchroom Manager,ESP,1,40210.95
U22071,JC000042,Assistant Principal,Teacher,1,143520
U46611,JC000042,Assistant Principal,Teacher,2,258234
U66629,JC002795,Porter,ESP,1,29773.63
U66617,JC002763,Associate Lunchroom Mgr III,ESP,1,30369.44
U10465,JC504555,Program Manager,ESP,2,196160.08
U46511,JC000467,School Clerk Assistant,ESP,2,115349.5
U23051,JC000468,School Clerk,ESP,2,158374.69
U26181,JC000480,School Security Officer,ESP,2,95393.74
U46251,JC500446,School Culture Coordinator,ESP,1,88452
U30151,JC000480,School Security Officer,ESP,1,46428.28
U41051,JC983600,Military Instructor,Teacher,3,246766.63
U23001,JC002741,Cook II,ESP,1,29805.55
U26921,JC000691,Technology Coordinator,ESP,1,106258.44
U11010,JC504260,Recruitment Specialist,ESP,9,642170.62
U23911,JC000463,Teacher Assistant,ESP,2,104703.04
U22371,JC600063,Case Manager,Teacher,1,119762.71
U29071,JC600063,Case Manager,Teacher,0.5,60667.48
U25911,JC000469,Bilingual Sp Educ Classrm Asst,ESP,1,50767.53
U24231,JC000467,School Clerk Assistant,ESP,1,50513.96
U10845,JC602009,Gifted Program Support Spec,Teacher,3,283554
U55151,JC000044,Curriculum And Instruct Coach,Teacher,1,122446.83
U10814,JC600074,"Manager, Digital Curriculum",Teacher,3,334522.6
U10760,JC500800,Senior Data Analyst,ESP,1,80638
U25571,JC000710,Student Special Svc Advocate,ESP,1,70605.49
U46311,JC003015,Youth Intervention Specialist,ESP,3,234863.4
U25231,JC600755,Lead Coach,Teacher,1,121612.81
U11385,JC500764,Program Coordinator,ESP,1,59450
U63091,JC002770,Lunchroom Attendant,ESP,1,20338.51
U11880,JC004225,Roving Custodian,ESP,150,6167623.5
U12120,JC502031,OPM Community Coordinator,ESP,2,120500
U24611,JC000071,English Learner Prg Teacher,Teacher,2,166179.92
U46421,JC000071,English Learner Prg Teacher,Teacher,3,249269.88
U22081,JC000071,English Learner Prg Teacher,Teacher,3,249269.88
U22871,JC000071,English Learner Prg Teacher,Teacher,3,249269.88
U41091,JC000072,Dual Language Coordinator,Teacher,1,83089.96
U47021,JC600063,Case Manager,Teacher,2,208815.29
U47061,JC500992,STLS Advocate,ESP,1,58478.98
U26791,JC000480,School Security Officer,ESP,2,100247.26
U22481,JC000042,Assistant Principal,Teacher,1,139724
U22511,JC000042,Assistant Principal,Teacher,1,125810
U46131,JC003501,School Social Svc Assistant,ESP,2,90660.71
U25541,JC000071,English Learner Prg Teacher,Teacher,1,83089.96
U24221,JC000071,English Learner Prg Teacher,Teacher,2,166179.92
U23381,JC000071,English Learner Prg Teacher,Teacher,2,166179.92
U23151,JC000071,English Learner Prg Teacher,Teacher,2,166179.92
U47061,JC000071,English Learner Prg Teacher,Teacher,2,166179.92
U24731,JC000071,English Learner Prg Teacher,Teacher,2,166179.92
U22681,JC000055,Bilingual Teacher,Teacher,2.5,267913.9
U66441,JC002795,Porter,ESP,1,29773.63
U46361,JC000467,School Clerk Assistant,ESP,3,155248.1
U24281,JC600063,Case Manager,Teacher,2,215530.25
U13737,JC504651,Sr Business Operations Spec,ESP,1,78914
U10895,JC501214,Business Operations Specialist,ESP,1,68621
U26651,JC000710,Student Special Svc Advocate,ESP,1,62764.66
U25601,JC002795,Porter,ESP,2,59547.26
U46221,JC000071,English Learner Prg Teacher,Teacher,1,83089.96
U25181,JC000044,Curriculum And Instruct Coach,Teacher,1,62924.52
U11545,JC600094,Project Based Learning Manager,Teacher,1,114173.96
U11545,JC505063,Student Voice & Leadership Sp,ESP,1,89055.68
U41061,JC000464,Special Ed Classroom Assist,ESP,2,95384.52
U24231,JC000071,English Learner Prg Teacher,Teacher,2,166179.92
U24341,JC000071,English Learner Prg Teacher,Teacher,2,166179.92
U23041,JC000071,English Learner Prg Teacher,Teacher,2,166179.92
U22171,JC000071,English Learner Prg Teacher,Teacher,2,166179.92
U10615,JC002983,Senior Security Officer,ESP,3,178402.57
U30051,JC600063,Case Manager,Teacher,1.5,167989.46
U26631,JC600063,Case Manager,Teacher,1,123636.02
U23401,JC600063,Case Manager,Teacher,1,123335.76
U25191,JC600063,Case Manager,Teacher,1,119014.92
U10890,JC501892,Public Art & Partner Supp Spec,ESP,1,95378.98
U02661,JC505089,Studt Wellbeing & Success Spec,ESP,3,238370.63
U53011,JC000044,Curriculum And Instruct Coach,Teacher,1,62924.52
U26181,JC000067,Personalized Learning Coordinator,Teacher,1,125516.52
U22821,JC000066,Regional Gifted Coordinator,Teacher,1,137723.76
U29211,JC000066,Regional Gifted Coordinator,Teacher,1,133066.8
U26181,JC500629,Special Education Teacher,Teacher,1,109719.39
U23061,JC990101,School Counselor,Teacher,1,91427.81
U23041,JC990101,School Counselor,Teacher,2,204701.74
U11672,JC600799,Special Edu Administrator,Teacher,2,224830.44
U11545,JC500593,Social & Emotional Lrng Spec,ESP,2,184250
U11385,JC504759,Project Analyst,ESP,1,71703.45
U25541,JC003015,Youth Intervention Specialist,ESP,1,76370.99
U24811,JC500629,Special Education Teacher,Teacher,5,547124.9
U24251,JC600063,Case Manager,Teacher,1,126022.62
U25121,JC003015,Youth Intervention Specialist,ESP,1,56872.5
U46461,JC600063,Case Manager,Teacher,0.5,41544.98
U41051,JC501186,At-Risk Student Coordinator,ESP,1,75600
U23001,JC000467,School Clerk Assistant,ESP,1,47522.58
U29401,JC600063,Case Manager,Teacher,1.5,153583.81
U24221,JC600063,Case Manager,Teacher,1,118670.82
U46241,JC600063,Case Manager,Teacher,2,244047.62
U29271,JC000463,Teacher Assistant,ESP,2,101013.5
U12010,JC501986,"Training & QA Specialist, NSS",ESP,1,68250
U12010,JC504555,Program Manager,ESP,2,192405.07
U02481,JC990100,Teacher-Citywide,Teacher,1,130032.6
U25061,JC600063,Case Manager,Teacher,1,79003.03
U46521,JC000691,Technology Coordinator,ESP,1,61113.2
U46371,JC000042,Assistant Principal,Teacher,2,292215
U24851,JC002501,School Clerk (Bilin Spanish),ESP,2,167481.18
U22271,JC003015,Youth Intervention Specialist,ESP,1,78890.32
U29251,JC000463,Teacher Assistant,ESP,2,101892.78
U49021,JC000463,Teacher Assistant,ESP,4,213326.29
U22401,JC000691,Technology Coordinator,ESP,1,94872.8
U26291,JC003015,Youth Intervention Specialist,ESP,1,76370.99
U26291,JC000691,Technology Coordinator,ESP,1,94872.8
U02441,JC500593,Social & Emotional Lrng Spec,ESP,1,97850
U25471,JC600755,Lead Coach,Teacher,1,125233.28
U25041,JC505051,Restorative Justice Coord,ESP,1,70605.49
U46461,JC000055,Bilingual Teacher,Teacher,1,83089.96
U22921,JC000710,Student Special Svc Advocate,ESP,1,55880.22
U31081,JC600063,Case Manager,Teacher,1,83089.96
U26601,JC600063,Case Manager,Teacher,0.5,41544.98
U23521,JC000042,Assistant Principal,Teacher,1,141804.26
U10615,JC504996,Safety Compliance Specialist,ESP,5,327598.78
U22201,JC000480,School Security Officer,ESP,2,91504.28
U11673,JC505036,School Assignment Specialist,ESP,7,575000
U46141,JC003015,Youth Intervention Specialist,ESP,1,82939.85
U10110,JC502097,Board Engagement Specialist,ESP,2,175539.85
U02431,JC500593,Social & Emotional Lrng Spec,ESP,1,95000
U23291,JC000710,Student Special Svc Advocate,ESP,1,74229.75
U25931,JC505051,Restorative Justice Coord,ESP,1,75038.51
U14051,JC003619,Part-Time Health Service Nurse,ESP,5,154054.5
U02431,JC601269,Deputy Chief of Schools,Teacher,1,170000
U25781,JC000464,Special Ed Classroom Assist,ESP,13,616637.94
U23931,JC000055,Bilingual Teacher,Teacher,5,545637.21
U32021,JC000463,Teacher Assistant,ESP,2,87554.96
U46621,JC002770,Lunchroom Attendant,ESP,1,16948.75
U31061,JC000480,School Security Officer,ESP,3,130604.96
U02651,JC504547,Network Operations Manager,ESP,1,127621
U24611,JC990101,School Counselor,Teacher,1,109244.03
U24471,JC000462,School Assistant,ESP,1,49947.97
U22921,JC600063,Case Manager,Teacher,1,105084.4
U22951,JC600063,Case Manager,Teacher,0.5,41544.98
U23681,JC600063,Case Manager,Teacher,1,114019.58
U24821,JC000463,Teacher Assistant,ESP,4,211268.16
U23641,JC500992,STLS Advocate,ESP,1,83458.7
U22221,JC000065,IB Coordinator,Teacher,1,126631.37
U24021,JC000065,IB Coordinator,Teacher,1,119815.95
U24071,JC000065,IB Coordinator,Teacher,1,132565.87
U22721,JC000042,Assistant Principal,Teacher,1,133765.56
U53041,JC501854,Athletic Program Coordinator,ESP,1,66612
U46181,JC000711,Community Relations Rep,ESP,1,64267.12
U25441,JC600755,Lead Coach,Teacher,1,130715.87
U26521,JC600755,Lead Coach,Teacher,1,132604.64
U25711,JC600755,Lead Coach,Teacher,1,132682.89
U46021,JC003015,Youth Intervention Specialist,ESP,1,76370.99
U24461,JC990101,School Counselor,Teacher,2,243353.29
U26631,JC000467,School Clerk Assistant,ESP,1,50513.96
U25861,JC000072,Dual Language Coordinator,Teacher,1,83089.96
U46031,JC000071,English Learner Prg Teacher,Teacher,1,83089.96
U25471,JC500446,School Culture Coordinator,ESP,1,78914
U29011,JC000463,Teacher Assistant,ESP,1,36874.24
U11371,JC502041,A&E Training & Suppt Team Lead,ESP,1,85000
U24131,JC000480,School Security Officer,ESP,1,44591.55
U26441,JC000480,School Security Officer,ESP,2,102563.6
U22021,JC600063,Case Manager,Teacher,1,83089.96
U23911,JC000478,Teacher Assistant Bilingual,ESP,1,57050.37
U23501,JC000469,Bilingual Sp Educ Classrm Asst,ESP,1,43687.78
U25331,JC000055,Bilingual Teacher,Teacher,2,168245.77
U10415,JC500164,Executive Assistant,ESP,1,63000
U11010,JC502055,"ED, ERP Business Transform",ESP,1,170500
U26021,JC000463,Teacher Assistant,ESP,1,36874.24
U32081,JC000691,Technology Coordinator,ESP,1,89124.26
U23151,JC000467,School Clerk Assistant,ESP,1,55832.93
U32011,JC000467,School Clerk Assistant,ESP,1,53106.9
U53061,JC505151,School Operations Manager,ESP,1,110975
U46021,JC600063,Case Manager,Teacher,1,99491.06
U23831,JC600063,Case Manager,Teacher,0.5,41544.98
U23291,JC000071,English Learner Prg Teacher,Teacher,1,83089.96
U22681,JC000478,Teacher Assistant Bilingual,ESP,1,47935.13
U29131,JC600063,Case Manager,Teacher,0.5,41544.98
U29371,JC600063,Case Manager,Teacher,0.5,41544.98
U24441,JC003917,Instructor Assistant,ESP,1,52631.65
U30151,JC002763,Associate Lunchroom Mgr III,ESP,1,30369.44
U28151,JC003501,School Social Svc Assistant,ESP,1,44401.18
U49081,JC600063,Case Manager,Teacher,2,206628.85
U45221,JC600063,Case Manager,Teacher,1,83089.96
U24461,JC000476,Teacher Asst Bil Spanish,ESP,1,36874.24
U53091,JC000462,School Assistant,ESP,2,81933.68
U22601,JC000464,Special Ed Classroom Assist,ESP,1,50767.53
U25301,JC500629,Special Education Teacher,Teacher,4,349648.25
U31251,JC000042,Assistant Principal,Teacher,1,147290.21
U23791,JC000042,Assistant Principal,Teacher,1,139724
U31161,JC000042,Assistant Principal,Teacher,1,126726.7
U51021,JC000042,Assistant Principal,Teacher,1,132245.69
U13610,JC502047,School Support Specialist,ESP,2,160466.83
U13610,JC502050,"Mgr, School Quality Support",ESP,1,90000
U66619,JC002763,Associate Lunchroom Mgr III,ESP,1,22777.08
U46271,JC600063,Case Manager,Teacher,1.5,163677.11
U22761,JC000064,Montessori Coordinator,Teacher,1,137399.83
U25661,JC990101,School Counselor,Teacher,2,186758.94
U10760,JC505080,"Director, EOCO Investigations",ESP,1,124360.06
U11673,JC505021,Translation Manager,ESP,1,83000
U11674,JC500831,Parent Involvement Specialist,ESP,3,159999.6
U63081,JC002770,Lunchroom Attendant,ESP,1,17676.92
U11010,JC504810,ADA Specialist,ESP,2,134160.11
U25021,JC000480,School Security Officer,ESP,1,42925.56
U13727,JC505024,Grant Operations Coordinator,ESP,1,74213.07
U13727,JC500000,Unevaluated Non-union Role,ESP,2,201847.96
U28081,JC000042,Assistant Principal,Teacher,1,144799
U25881,JC000042,Assistant Principal,Teacher,1,148080
U32021,JC000711,Community Relations Rep,ESP,1,65671.65
U12410,JC500970,Senior Accountant,ESP,4,365454.3
U22181,JC000710,Student Special Svc Advocate,ESP,1,87295.03
U41111,JC002983,Senior Security Officer,ESP,3,188207.27
U23221,JC009907,Parent Worker - Other,ESP,1,15996.4
U47041,JC990101,School Counselor,Teacher,1,114800.78
U12625,JC504986,Grant Program Specialist,ESP,1,92000
U12625,JC500764,Program Coordinator,ESP,2,152397.95
U23681,JC600755,Lead Coach,Teacher,1,130782.56
U22871,JC000480,School Security Officer,ESP,1,48965.46
U46361,JC505151,School Operations Manager,ESP,1,105924
U10860,JC602022,Social Science Content Spec,Teacher,11,1113936.1
U13610,JC505077,"Mgr, College & Career Support",ESP,1,109200
U23311,JC000469,Bilingual Sp Educ Classrm Asst,ESP,3,160166.83
U24941,JC000468,School Clerk,ESP,1,74190.5
U11880,JC505028,Cost Control Specialist,ESP,2,152916.98
U11880,JC501508,Environmental Manager,ESP,1,92000
U02531,JC504492,Family Engagement Coordinator,ESP,2,167917.03
U30011,JC000466,School Counseling Office Asst,ESP,1,62574.5
U22731,JC000463,Teacher Assistant,ESP,1,48982.74
U23751,JC002738,Elementary Lunchroom Manager,ESP,2,84466.42
U29181,JC002795,Porter,ESP,1,29773.63
U25181,JC500629,Special Education Teacher,Teacher,3,309104.54
U22601,JC000469,Bilingual Sp Educ Classrm Asst,ESP,4,220344.76
U46181,JC000469,Bilingual Sp Educ Classrm Asst,ESP,1,48814.94
U46371,JC002770,Lunchroom Attendant,ESP,1,24747.69
U24081,JC000463,Teacher Assistant,ESP,1,57050.37
U23591,JC000462,School Assistant,ESP,1,43817.46
U10821,JC504555,Program Manager,ESP,1,108952.18
U46101,JC501853,School Athletic Director,ESP,1,79380
U46301,JC501853,School Athletic Director,ESP,1,79380
U46381,JC501854,Athletic Program Coordinator,ESP,1,73164
U22551,JC000467,School Clerk Assistant,ESP,1,47209.3
U26781,JC000071,English Learner Prg Teacher,Teacher,1,83089.96
U27091,JC000071,English Learner Prg Teacher,Teacher,1,83089.96
U22411,JC000071,English Learner Prg Teacher,Teacher,1,83089.96
U25451,JC000071,English Learner Prg Teacher,Teacher,1,83089.96
U10320,JC505073,OIG System Operations Admin,ESP,1,91343.49
U25581,JC600063,Case Manager,Teacher,1,99103.24
U22761,JC600063,Case Manager,Teacher,1,87370.77
U02551,JC501929,Student Mobility Manager,ESP,1,86044.14
U12510,JC501964,ITS Associate,ESP,2,111780
U23201,JC600755,Lead Coach,Teacher,1,129745.55
U10465,JC502064,"Dir, Black Student Success",ESP,1,135187.5
U12010,JC502083,Culinary Specialist,ESP,1,73250
U25871,JC000071,English Learner Prg Teacher,Teacher,0.5,41544.98
U22261,JC000071,English Learner Prg Teacher,Teacher,0.5,41544.98
U24731,JC000691,Technology Coordinator,ESP,1,84615.56
U22541,JC000671,Computer Technician,ESP,1,93217.5
U25581,JC000463,Teacher Assistant,ESP,1,46277.03
U25571,JC000042,Assistant Principal,Teacher,1,132245.69
U22971,JC000463,Teacher Assistant,ESP,1,36874.24
U29401,JC003015,Youth Intervention Specialist,ESP,1,80291.2
U26201,JC000055,Bilingual Teacher,Teacher,1,117381.63
U26201,JC003015,Youth Intervention Specialist,ESP,1,78040.05
U25761,JC600063,Case Manager,Teacher,0.5,41544.98
U46131,JC600755,Lead Coach,Teacher,1,124470.01
U23451,JC000044,Curriculum And Instruct Coach,Teacher,1,90807.62
U26721,JC002983,Senior Security Officer,ESP,1,67616.19
U10875,JC504690,Student Outreach Re-Engage Mgr,ESP,1,106605
U66921,JC002763,Associate Lunchroom Mgr III,ESP,1,26573.26
U23801,JC000042,Assistant Principal,Teacher,1,125549.54
U46611,JC002983,Senior Security Officer,ESP,1,58950.49
U24221,JC000463,Teacher Assistant,ESP,2,96986.86
U23491,JC000463,Teacher Assistant,ESP,1,57050.37
U22771,JC000042,Assistant Principal,Teacher,1,137096.47
U11371,JC501160,Attendance & Truancy Manager,ESP,1,127621
U24711,JC002983,Senior Security Officer,ESP,1,58950.49
U24221,JC000462,School Assistant,ESP,1,46680.35
U29151,JC000462,School Assistant,ESP,1,44401.18
U29301,JC000462,School Assistant,ESP,1,41136.96
U24891,JC000474,School Assist Bilingual-Spnish,ESP,1,45189.63
U46321,JC000462,School Assistant,ESP,2,87384.43
U24871,JC002763,Associate Lunchroom Mgr III,ESP,1,26573.26
U24731,JC000466,School Counseling Office Asst,ESP,1,51892.45
U11210,JC602006,Assessment for Learning Spec,Teacher,3,310920.38
U24051,JC000469,Bilingual Sp Educ Classrm Asst,ESP,2,96316.46
U10615,JC504735,Clinical Crisis Team Director,ESP,1,123670.82
U46101,JC000474,School Assist Bilingual-Spnish,ESP,1,42983.25
U24711,JC600063,Case Manager,Teacher,0.5,41544.98
U22671,JC600755,Lead Coach,Teacher,1,108789.66
U02671,JC601270,Instructional Support Leader,Teacher,3,359802
U11540,JC601420,El Network Support Manager,Teacher,2,180000
U11371,JC501886,Training Quality Specialist,ESP,1,79167.76
U10450,JC502108,Policy Liaison,ESP,1,99000
U25041,JC600063,Case Manager,Teacher,0.5,41544.98
U23071,JC000048,Head Teacher,Teacher,1,83089.96
U26251,JC003015,Youth Intervention Specialist,ESP,1,56872.5
U46111,JC003015,Youth Intervention Specialist,ESP,1,63977.26
U26231,JC600755,Lead Coach,Teacher,1,110764.73
U10845,JC602132,"Mgr, Advanced Placement",Teacher,1,104363
U22411,JC000024,CPC Program Lead Teacher,Teacher,1,90807.62
U26141,JC000691,Technology Coordinator,ESP,1,101070.38
U10510,JC504261,Social Media Specialist,ESP,1,66818.16
U70241,JC600063,Case Manager,Teacher,1,126022.62
U55181,JC600063,Case Manager,Teacher,0.5,57422.28
U26891,JC009907,Parent Worker - Other,ESP,1,15996.4
U12610,JC504600,"Dir, Grants Administration",ESP,1,126000
U23261,JC003015,Youth Intervention Specialist,ESP,1,80291.2
U02491,JC500593,Social & Emotional Lrng Spec,ESP,1,84000
U02551,JC500593,Social & Emotional Lrng Spec,ESP,2,187707.2
U22671,JC505051,Restorative Justice Coord,ESP,1,56872.5
U46391,JC000691,Technology Coordinator,ESP,1,99815.55
U55011,JC000464,Special Ed Classroom Assist,ESP,1,45119.94
U25181,JC002983,Senior Security Officer,ESP,1,58950.49
U46181,JC000463,Teacher Assistant,ESP,1,43939.76
U26881,JC000071,English Learner Prg Teacher,Teacher,0.5,41544.98
U23561,JC000071,English Learner Prg Teacher,Teacher,0.5,41544.98
U29271,JC600063,Case Manager,Teacher,0.5,53462.72
U46201,JC600063,Case Manager,Teacher,2.5,258765.24
U53101,JC600063,Case Manager,Teacher,2.5,303347.62
U70020,JC000691,Technology Coordinator,ESP,1,106258.44
U53091,JC600063,Case Manager,Teacher,1,88676.5
U31041,JC000464,Special Ed Classroom Assist,ESP,2,97881.54
U25841,JC000462,School Assistant,ESP,1,44401.18
U22271,JC002983,Senior Security Officer,ESP,1,55871.25
U23321,JC000466,School Counseling Office Asst,ESP,1,52813.93
U25571,JC000701,School Community Representive,ESP,1,54736.92
U02521,JC500593,Social & Emotional Lrng Spec,ESP,1,105385.6
U14050,JC505169,Deputy Chief  OSHW,ESP,1,193093.23
U22091,JC002763,Associate Lunchroom Mgr III,ESP,2,56942.7
U25601,JC990101,School Counselor,Teacher,2,179687.9
U13727,JC504415,Data Analyst,ESP,1,71000
U23851,JC000467,School Clerk Assistant,ESP,1,58698.9
U23251,JC000463,Teacher Assistant,ESP,1,57050.37
U12510,JC502118,Data Engineer,ESP,2,186500
U25541,JC600755,Lead Coach,Teacher,1,134905.86
U31101,JC600755,Lead Coach,Teacher,1,130763.27
U23351,JC600755,Lead Coach,Teacher,1,113992.75
U10760,JC505071,"Director, OSP Investigations",ESP,1,112000
U10860,JC502065,"ED, Humanities, Health, & PE",ESP,1,98822
U24841,JC000710,Student Special Svc Advocate,ESP,1,67532.06
U46211,JC000691,Technology Coordinator,ESP,2,190665.74
U11551,JC601838,"Dir, New Tchr Induction & Mng",Teacher,1,118740.91
U24531,JC000478,Teacher Assistant Bilingual,ESP,1,52824.42
U26841,JC000463,Teacher Assistant,ESP,1,43107.46
U29071,JC000476,Teacher Asst Bil Spanish,ESP,1,53775.45
U31111,JC600755,Lead Coach,Teacher,1,128583.72
U23381,JC600755,Lead Coach,Teacher,1,127705.68
U24681,JC000691,Technology Coordinator,ESP,1,81913.4
U46331,JC000469,Bilingual Sp Educ Classrm Asst,ESP,1,54910.16
U46041,JC000691,Technology Coordinator,ESP,1,98002.46
U23611,JC000463,Teacher Assistant,ESP,1,57050.37
U24571,JC000463,Teacher Assistant,ESP,2,96505.81
U51021,JC003015,Youth Intervention Specialist,ESP,1,75038.51
U25331,JC000071,English Learner Prg Teacher,Teacher,1,83089.96
U45221,JC000071,English Learner Prg Teacher,Teacher,1,83089.96
U22931,JC500446,School Culture Coordinator,ESP,1,87040.85
U11385,JC601853,"ED, Instr Systems & Supports",Teacher,1,130000
U28151,JC000055,Bilingual Teacher,Teacher,1,77189.31
U28151,JC505051,Restorative Justice Coord,ESP,1,76370.99
U22161,JC003015,Youth Intervention Specialist,ESP,1,78890.32
U46181,JC505151,School Operations Manager,ESP,1,108101.49
U55191,JC000691,Technology Coordinator,ESP,0.5,47436.4
U10560,JC504413,Video Producer (Lead),ESP,1,78914
U23961,JC000042,Assistant Principal,Teacher,1,143520
U25881,JC600063,Case Manager,Teacher,0.5,56019.4
U25841,JC990101,School Counselor,Teacher,1,86416.11
U53011,JC500992,STLS Advocate,ESP,2,152970.02
U02641,JC601266,Chief of Schools,Teacher,1,185000
U10465,JC500295,Office Manager,ESP,1,71000.5
U10465,JC501288,Data Strategist,ESP,1,78700
U25621,JC000042,Assistant Principal,Teacher,1,138943.33
U31181,JC002983,Senior Security Officer,ESP,1,61789.2
U23381,JC002770,Lunchroom Attendant,ESP,5,115449.89
U29381,JC000480,School Security Officer,ESP,2,86551.56
U10875,JC504481,Re-Engagement Workshop Fac,ESP,2,105299.76
U26621,JC000042,Assistant Principal,Teacher,1,134904
U22501,JC002742,Cook III,ESP,1,26573.26
U23241,JC000042,Assistant Principal,Teacher,1,137290
U31181,JC500992,STLS Advocate,ESP,1,79703.41
U46141,JC500992,STLS Advocate,ESP,1,72110.39
U12120,JC501921,"Dir, Portfolio Off Initiatives",ESP,1,120750
U53071,JC000055,Bilingual Teacher,Teacher,1,105084.44
U63144,JC002763,Associate Lunchroom Mgr III,ESP,1,26573.26
U11010,JC505099,Educator Evaluation Supp Mgr,ESP,1,83365
U53041,JC000701,School Community Representive,ESP,1,45420.92
U23411,JC000071,English Learner Prg Teacher,Teacher,1,83089.96
U25301,JC000071,English Learner Prg Teacher,Teacher,1,83089.96
U49031,JC000071,English Learner Prg Teacher,Teacher,1,83089.96
U46371,JC000940,Audio-Visual Technician,ESP,1,37923.73
U22521,JC000475,School Assistant-Bilingual,ESP,1,36546.64
U23251,JC000464,Special Ed Classroom Assist,ESP,1,50767.53
U25861,JC000041,Principal,Teacher,1,163282
U29231,JC000041,Principal,Teacher,1,157160.69
U29191,JC000041,Principal,Teacher,1,157771
U46171,JC002742,Cook III,ESP,1,30369.44
U25181,JC002738,Elementary Lunchroom Manager,ESP,1,42233.21
U22771,JC002738,Elementary Lunchroom Manager,ESP,1,42233.21
U22731,JC002738,Elementary Lunchroom Manager,ESP,1,42233.21
U46471,JC600755,Lead Coach,Teacher,1,92849.21
U23551,JC000701,School Community Representive,ESP,1,39194.12
U32011,JC000042,Assistant Principal,Teacher,1,148080
U26191,JC000480,School Security Officer,ESP,1,48965.46
U23001,JC000048,Head Teacher,Teacher,1,119855.88
U32081,JC000067,Personalized Learning Coordinator,Teacher,1,128280.01
U46191,JC200041,Interim Principal,Teacher,1,154960
U23821,JC000041,Principal,Teacher,1,177181
U46321,JC000041,Principal,Teacher,1,183684
U24131,JC000042,Assistant Principal,Teacher,1,148080
U23131,JC000041,Principal,Teacher,1,178020
U22901,JC002770,Lunchroom Attendant,ESP,3,74243.06
U47031,JC002777,Lunchroom Manager,ESP,1,51869.08
U46381,JC002795,Porter,ESP,1,26051.93
U23651,JC002738,Elementary Lunchroom Manager,ESP,1,48435.98
U24051,JC002501,School Clerk (Bilin Spanish),ESP,1,82988.96
U28081,JC000468,School Clerk,ESP,1,77998.78
U25631,JC000469,Bilingual Sp Educ Classrm Asst,ESP,1,58254.19
U22251,JC990101,School Counselor,Teacher,1,91599.16
U22921,JC000041,Principal,Teacher,1,152340
U53101,JC000041,Principal,Teacher,1,177082
U24931,JC002795,Porter,ESP,1,29773.63
U22471,JC000041,Principal,Teacher,1,172269.15
U24651,JC002795,Porter,ESP,1,26051.93
U22171,JC002501,School Clerk (Bilin Spanish),ESP,1,88798.19
U22211,JC000468,School Clerk,ESP,1,76637.9
U22311,JC000468,School Clerk,ESP,1,67122.67
U25411,JC002738,Elementary Lunchroom Manager,ESP,1,42233.21
U25371,JC990101,School Counselor,Teacher,1,89831.02
U31101,JC002763,Associate Lunchroom Mgr III,ESP,1,26573.26
U46431,JC000463,Teacher Assistant,ESP,1,42839.53
U22181,JC002738,Elementary Lunchroom Manager,ESP,1,42233.21
U24881,JC002501,School Clerk (Bilin Spanish),ESP,1,80571.8
U25781,JC002738,Elementary Lunchroom Manager,ESP,1,42233.21
U26621,JC000480,School Security Officer,ESP,1,48965.46
U24281,JC000480,School Security Officer,ESP,1,48965.46
U25871,JC000041,Principal,Teacher,1,183218
U31111,JC002738,Elementary Lunchroom Manager,ESP,1,40210.95
U47091,JC002795,Porter,ESP,1,29773.63
U22441,JC002770,Lunchroom Attendant,ESP,3,60101.52
U23251,JC002742,Cook III,ESP,1,26573.26
U22181,JC000044,Curriculum And Instruct Coach,Teacher,1,137515.32
U22241,JC000042,Assistant Principal,Teacher,1,134714.26
U29401,JC000041,Principal,Teacher,1,178251.91
U22841,JC200041,Interim Principal,Teacher,1,160387
U28081,JC000041,Principal,Teacher,1,172269.15
U24431,JC002501,School Clerk (Bilin Spanish),ESP,2,156379.84
U51091,JC002795,Porter,ESP,2,59547.26
U11010,JC502060,"Manager, HR School Partners",ESP,1,124449.61
U29231,JC990101,School Counselor,Teacher,1,82683.21
U26331,JC000042,Assistant Principal,Teacher,1,139131.77
U26921,JC000041,Principal,Teacher,1,168128.89
U22841,JC990101,School Counselor,Teacher,1,126022.62
U22841,JC000468,School Clerk,ESP,1,77998.78
U22621,JC000041,Principal,Teacher,1,163282
U29121,JC002738,Elementary Lunchroom Manager,ESP,1,46400.71
U26441,JC990101,School Counselor,Teacher,1,82683.21
U02541,JC504555,Program Manager,ESP,1,94500
U13610,JC502077,"Dir, Colocations & Ops Support",ESP,1,112000
U13610,JC504374,"Mgr, School Perfomance & Spprt",ESP,1,90456.66
U13610,JC501837,School Re-Authorization Spec,ESP,1,74000
U13610,JC504376,"Dir, Performance & Acctblty",ESP,1,123429.74
U55171,JC000468,School Clerk,ESP,1,69336.92
U24991,JC990101,School Counselor,Teacher,1,94223.49
U25431,JC002763,Associate Lunchroom Mgr III,ESP,1,30369.44
U53071,JC000042,Assistant Principal,Teacher,2,263562.96
U31301,JC002738,Elementary Lunchroom Manager,ESP,1,42233.21
U22351,JC002738,Elementary Lunchroom Manager,ESP,1,40210.95
U10210,JC500229,Investigations Manager,ESP,1,119951.16
U11220,JC500344,Records Specialist,ESP,1,62000
U10210,JC504453,Asst Deputy General Counsel,ESP,5,750175.59
U26201,JC002738,Elementary Lunchroom Manager,ESP,1,40210.95
U46031,JC002741,Cook II,ESP,1,34063.49
U41091,JC002738,Elementary Lunchroom Manager,ESP,1,46400.71
U31151,JC002738,Elementary Lunchroom Manager,ESP,1,40210.95
U29041,JC000480,School Security Officer,ESP,1,56063.9
U22311,JC002795,Porter,ESP,1,22330.22
U23581,JC000041,Principal,Teacher,1,177181
U46171,JC002983,Senior Security Officer,ESP,1,64628.87
U22851,JC002501,School Clerk (Bilin Spanish),ESP,1,73390.88
U23651,JC002795,Porter,ESP,2,55825.56
U25831,JC002795,Porter,ESP,1,22330.22
U11880,JC505102,Regional Facilities Manager,ESP,2,234869.44
U11010,JC502035,"Manager, Employee Experience",ESP,1,121800
U23731,JC000463,Teacher Assistant,ESP,1,41974.48
U22021,JC000463,Teacher Assistant,ESP,1,51497.08
U22431,JC002795,Porter,ESP,1,29773.63
U46551,JC002795,Porter,ESP,1,29773.63
U23271,JC000480,School Security Officer,ESP,1,51281.8
U26251,JC002795,Porter,ESP,1,26051.93
U53101,JC002770,Lunchroom Attendant,ESP,9,222729.21
U23791,JC000480,School Security Officer,ESP,1,46428.28
U22521,JC000041,Principal,Teacher,1,182352
U23041,JC000691,Technology Coordinator,ESP,1,91742.68
U22811,JC002738,Elementary Lunchroom Manager,ESP,1,42233.21
U45211,JC002770,Lunchroom Attendant,ESP,3,63636.91
U25111,JC000042,Assistant Principal,Teacher,1,148742
U23041,JC002740,Cook I,ESP,1,32888.88
U31081,JC000468,School Clerk,ESP,1,69336.92
U24721,JC002795,Porter,ESP,1,26051.93
U29141,JC990101,School Counselor,Teacher,1,121335.04
U23031,JC990101,School Counselor,Teacher,1,126022.62
U66254,JC002763,Associate Lunchroom Mgr III,ESP,1,30369.44
U24961,JC002770,Lunchroom Attendant,ESP,1,24747.69
U22301,JC000468,School Clerk,ESP,1,85478.63
U22801,JC000468,School Clerk,ESP,1,73390.88
U23131,JC000468,School Clerk,ESP,1,70568.16
U24601,JC000468,School Clerk,ESP,1,71821.26
U46311,JC002740,Cook I,ESP,1,37587.29
U25661,JC000468,School Clerk,ESP,1,64200.85
U25991,JC000468,School Clerk,ESP,1,69336.92
U49131,JC002742,Cook III,ESP,1,30369.44
U22341,JC002738,Elementary Lunchroom Manager,ESP,1,46400.71
U11010,JC504478,"Director, Absence Management",ESP,1,131113.08
U10110,JC500366,Secretary To The Bd Of Ed,ESP,1,137891.25
U12410,JC500085,Controller,ESP,1,199786.04
U47051,JC000468,School Clerk,ESP,1,82988.96
U29361,JC000480,School Security Officer,ESP,1,48965.46
U46611,JC002777,Lunchroom Manager,ESP,1,51869.08
U22571,JC002770,Lunchroom Attendant,ESP,1,21212.3
U47051,JC002770,Lunchroom Attendant,ESP,1,23728.26
U22531,JC000468,School Clerk,ESP,1,82988.96
U24971,JC002738,Elementary Lunchroom Manager,ESP,1,40210.95
U26251,JC002738,Elementary Lunchroom Manager,ESP,1,40210.95
U70020,JC002983,Senior Security Officer,ESP,1,64628.87
U24991,JC002742,Cook III,ESP,1,26573.26
U29341,JC990101,School Counselor,Teacher,1,118219.4
U24681,JC000042,Assistant Principal,Teacher,1,134524.52
U22831,JC990101,School Counselor,Teacher,1,85377
U22101,JC000042,Assistant Principal,Teacher,1,132098
U25911,JC000468,School Clerk,ESP,1,69336.92
U22071,JC002770,Lunchroom Attendant,ESP,2,47727.69
U22071,JC000468,School Clerk,ESP,1,82988.96
U29321,JC000041,Principal,Teacher,1,180312
U31261,JC002795,Porter,ESP,2,55825.56
U46181,JC002795,Porter,ESP,1,29773.63
U41121,JC002738,Elementary Lunchroom Manager,ESP,1,46400.71
U23621,JC002770,Lunchroom Attendant,ESP,2,44192.3
U22591,JC000480,School Security Officer,ESP,1,53597.67
U26421,JC990101,School Counselor,Teacher,1,121372.71
U23641,JC990101,School Counselor,Teacher,1,94223.47
U29251,JC990101,School Counselor,Teacher,1,106609.13
U22371,JC000480,School Security Officer,ESP,2,86368.56
U22191,JC000468,School Clerk,ESP,1,66768.88
U22221,JC002795,Porter,ESP,1,27912.78
U12510,JC502109,IT Asset Distribution Lead,ESP,1,92452.8
U26461,JC002795,Porter,ESP,1,29773.63
U46401,JC000468,School Clerk,ESP,1,85478.63
U23461,JC002795,Porter,ESP,1,26051.93
U23511,JC002983,Senior Security Officer,ESP,1,58950.49
U25931,JC002983,Senior Security Officer,ESP,1,67616.19
U23801,JC002795,Porter,ESP,1,29773.63
U12510,JC501893,Sr SIS Analyst,ESP,1,101487.96
U26331,JC000469,Bilingual Sp Educ Classrm Asst,ESP,2,115426.65
U11371,JC501413,STLS Coordinator,ESP,3,279241.43
U10841,JC501391,"Mgr, Summer & Intercession",ESP,1,108963
U47051,JC505151,School Operations Manager,ESP,1,90000
U46461,JC990101,School Counselor,Teacher,1,77677.38
U25091,JC002738,Elementary Lunchroom Manager,ESP,1,40210.95
U25571,JC002738,Elementary Lunchroom Manager,ESP,1,42233.21
U25341,JC002770,Lunchroom Attendant,ESP,1,17676.92
U55161,JC002795,Porter,ESP,1,29773.63
U24531,JC003917,Instructor Assistant,ESP,1,53781.89
U29101,JC002795,Porter,ESP,1,26051.93
U25711,JC002795,Porter,ESP,1,26051.93
U26441,JC002770,Lunchroom Attendant,ESP,1,24747.69
U46391,JC983600,Military Instructor,Teacher,2,199762.15
U31281,JC000042,Assistant Principal,Teacher,1,128482.03
U23541,JC000041,Principal,Teacher,1,169862.67
U47081,JC000041,Principal,Teacher,1,181887.4
U25941,JC002795,Porter,ESP,1,26051.93
U46041,JC002741,Cook II,ESP,1,34063.49
U31061,JC002770,Lunchroom Attendant,ESP,1,24747.69
U46311,JC000466,School Counseling Office Asst,ESP,1,69475.56
U29051,JC002741,Cook II,ESP,1,29805.55
U22761,JC000468,School Clerk,ESP,1,65951.55
U46341,JC002983,Senior Security Officer,ESP,1,58950.49
U24711,JC000463,Teacher Assistant,ESP,1,57050.37
U30141,JC000041,Principal,Teacher,1,170718.33
U49081,JC990101,School Counselor,Teacher,1,109720.2
U49051,JC002738,Elementary Lunchroom Manager,ESP,1,40210.95
U26821,JC002770,Lunchroom Attendant,ESP,2,54236.02
U22381,JC002795,Porter,ESP,1,29773.63
U31201,JC000468,School Clerk,ESP,1,62731.47
U29191,JC002795,Porter,ESP,1,26051.93
U26381,JC000468,School Clerk,ESP,1,63845.42
U31151,JC000468,School Clerk,ESP,1,69336.92
U10210,JC504892,Sr Administrative Hearing Ofcr,ESP,1,127617
U11510,JC000711,Community Relations Rep,ESP,1,74526.62
U10610,JC504924,Network Safety Support Manager,ESP,1,85630.47
U46141,JC002742,Cook III,ESP,1,30369.44
U25061,JC002762,Associate Lunchroom Mgr II,ESP,1,34063.49
U23871,JC002795,Porter,ESP,1,22330.22
U22971,JC002795,Porter,ESP,1,26051.93
U25861,JC002795,Porter,ESP,1,26051.93
U46401,JC002795,Porter,ESP,1,29773.63
U22871,JC002795,Porter,ESP,1,29773.63
U23611,JC002738,Elementary Lunchroom Manager,ESP,1,46400.71
U25631,JC002761,Associate Lunchroom Mgr I,ESP,1,37587.29
U47101,JC000041,Principal,Teacher,1,167351.58
U10615,JC504922,Network Safety Specialist,ESP,1,66187.8
U22711,JC000480,School Security Officer,ESP,1,51281.8
U55191,JC000065,IB Coordinator,Teacher,1,110425.06
U46041,JC000065,IB Coordinator,Teacher,2,248494.99
U29401,JC000071,English Learner Prg Teacher,Teacher,1,83089.96
U24471,JC000469,Bilingual Sp Educ Classrm Asst,ESP,3,152370.68
U22791,JC000042,Assistant Principal,Teacher,1,129117
U25681,JC000041,Principal,Teacher,1,165019
U24951,JC000042,Assistant Principal,Teacher,1,142404.67
U29051,JC000041,Principal,Teacher,1,160387
U25101,JC000041,Principal,Teacher,1,169336.66
U30051,JC990101,School Counselor,Teacher,1,126022.62
U29181,JC000041,Principal,Teacher,1,166349
U31161,JC000041,Principal,Teacher,1,165995.44
U24911,JC000041,Principal,Teacher,1,175672.82
U24601,JC000041,Principal,Teacher,1,173963
U46251,JC000041,Principal,Teacher,1,167711
U47081,JC000467,School Clerk Assistant,ESP,1,41578.07
U25591,JC003501,School Social Svc Assistant,ESP,1,43224.72
U13725,JC501903,"Director, Early College",ESP,1,146763
U25401,JC000071,English Learner Prg Teacher,Teacher,1,83089.96
U23671,JC990101,School Counselor,Teacher,1,116698.32
U25621,JC990101,School Counselor,Teacher,1,103359.78
U30031,JC000041,Principal,Teacher,1,173963
U29041,JC000054,Program Option Teacher,Teacher,1,114418.32
U24081,JC000041,Principal,Teacher,1,171173
U22821,JC000042,Assistant Principal,Teacher,1,137290
U24301,JC000041,Principal,Teacher,1,156825.38
U24631,JC600755,Lead Coach,Teacher,1,133843.75
U22301,JC600755,Lead Coach,Teacher,1,120865.43
U24761,JC000071,English Learner Prg Teacher,Teacher,1,83089.96
U23291,JC000041,Principal,Teacher,1,160387
U24621,JC000041,Principal,Teacher,1,160387
U29141,JC000042,Assistant Principal,Teacher,1,147290.21
U24241,JC000041,Principal,Teacher,1,160387
U24771,JC000041,Principal,Teacher,1,177989
U23921,JC000041,Principal,Teacher,1,163282
U23221,JC200041,Interim Principal,Teacher,1,174023
U24281,JC000041,Principal,Teacher,1,189680
U46431,JC000049,Regular Teacher,Teacher,54.5,5517683.28
U23041,JC000055,Bilingual Teacher,Teacher,18,1773605.63
U53041,JC990101,School Counselor,Teacher,5,539426.01
U46341,JC000049,Regular Teacher,Teacher,87,8644949.09
U53041,JC000049,Regular Teacher,Teacher,64,6496550.69
U11385,JC501288,Data Strategist,ESP,2,173798.03
U22021,JC000049,Regular Teacher,Teacher,23,2377567.06
U26301,JC002795,Porter,ESP,1,29773.63
U23401,JC500629,Special Education Teacher,Teacher,9,944637.51
U23621,JC000049,Regular Teacher,Teacher,39,4140471.61
U47021,JC990101,School Counselor,Teacher,6,612603.01
U25571,JC500629,Special Education Teacher,Teacher,17,1453012.27
U29261,JC000049,Regular Teacher,Teacher,14,1332021.12
U24471,JC000463,Teacher Assistant,ESP,3,135997.93
U28081,JC000049,Regular Teacher,Teacher,21,2211681.63
U26821,JC000055,Bilingual Teacher,Teacher,23,2210854.42
U46291,JC000049,Regular Teacher,Teacher,47,5065205.36
U46061,JC000049,Regular Teacher,Teacher,55,5952030.17
U46391,JC000049,Regular Teacher,Teacher,21,2073930.01
U22711,JC000049,Regular Teacher,Teacher,24,2195222.12
U25061,JC000049,Regular Teacher,Teacher,24,2537419.76
U46491,JC500629,Special Education Teacher,Teacher,8,823440.56
U24331,JC000049,Regular Teacher,Teacher,16,1586362.29
U25681,JC000463,Teacher Assistant,ESP,3,138334.85
U23771,JC500629,Special Education Teacher,Teacher,9,731144.45
U46381,JC000464,Special Ed Classroom Assist,ESP,5,222682.38
U53101,JC000055,Bilingual Teacher,Teacher,5,583621.95
U11610,JC501213,Operations Manager,ESP,1,101260.46
U24811,JC000049,Regular Teacher,Teacher,18,1903955.03
U49081,JC000464,Special Ed Classroom Assist,ESP,55,2786648.02
U24691,JC000464,Special Ed Classroom Assist,ESP,4,226029.78
U22501,JC000464,Special Ed Classroom Assist,ESP,24,1191528.68
U20071,JC000464,Special Ed Classroom Assist,ESP,18,872373.59
U12450,JC500414,Senior Payroll Specialist,ESP,11,840635.55
U23581,JC990101,School Counselor,Teacher,2,203873.99
U31121,JC500629,Special Education Teacher,Teacher,9,871276.44
U29101,JC000049,Regular Teacher,Teacher,29,3105219.86
U29171,JC000049,Regular Teacher,Teacher,26,2584954.36
U47091,JC000464,Special Ed Classroom Assist,ESP,36,1890664.23
U46431,JC000464,Special Ed Classroom Assist,ESP,16,821235.27
U47081,JC000464,Special Ed Classroom Assist,ESP,4,218523.76
U30071,JC500629,Special Education Teacher,Teacher,20,2145392.14
U22971,JC000049,Regular Teacher,Teacher,24,2580782.87
U22261,JC000049,Regular Teacher,Teacher,33,3549043.51
U31141,JC000464,Special Ed Classroom Assist,ESP,10,517644.18
U11675,JC989200,Occupational Therapist,Teacher,219,21518865.91
U46391,JC000480,School Security Officer,ESP,6,286838.63
U47051,JC000480,School Security Officer,ESP,8,392293.43
U23351,JC000480,School Security Officer,ESP,2,87450.03
U27091,JC000049,Regular Teacher,Teacher,18,1929225.3
U25471,JC000049,Regular Teacher,Teacher,49,4746359.95
U22081,JC000042,Assistant Principal,Teacher,1,148080
U26201,JC000049,Regular Teacher,Teacher,16,1501036.46
U14051,JC986900,School Nurse,Teacher,245,23408383.11
U53011,JC000464,Special Ed Classroom Assist,ESP,18,952360.6
U46301,JC000464,Special Ed Classroom Assist,ESP,12,578970.1
U11540,JC604964,"Dir, EL Instructional Dev",Teacher,1,124689.7
U24971,JC000049,Regular Teacher,Teacher,14,1404563.39
U31281,JC000464,Special Ed Classroom Assist,ESP,6,327792.57
U46511,JC000464,Special Ed Classroom Assist,ESP,19,890176.91
U23491,JC000049,Regular Teacher,Teacher,33,3642633.61
U23481,JC000049,Regular Teacher,Teacher,18.5,1976168.61
U46101,JC000468,School Clerk,ESP,3,229006.05
U24201,JC000464,Special Ed Classroom Assist,ESP,6,295434.79
U46281,JC000049,Regular Teacher,Teacher,42,4452080.02
U12410,JC504386,Senior Financial Analyst,ESP,9,772438.42
U24681,JC000055,Bilingual Teacher,Teacher,19,1925589.56
U23581,JC003917,Instructor Assistant,ESP,1,64884.36
U46611,JC000468,School Clerk,ESP,3,224493.82
U29171,JC000464,Special Ed Classroom Assist,ESP,10,463705.16
U26181,JC000468,School Clerk,ESP,1,86211.83
U02531,JC601270,Instructional Support Leader,Teacher,6,686273.08
U46031,JC500629,Special Education Teacher,Teacher,18,1846759.63
U25911,JC500629,Special Education Teacher,Teacher,12,1203978.59
U26881,JC002520,Teacher Asst-Montessori Prm,ESP,24,1134808.1
U29401,JC000049,Regular Teacher,Teacher,66,6570281.83
U12050,JC002738,Elementary Lunchroom Manager,ESP,36,1520395.56
U12050,JC002741,Cook II,ESP,20,600368.94
U10875,JC504268,Juv Justice Re-Entry Team Lead,ESP,1,82364.16
U24251,JC000055,Bilingual Teacher,Teacher,4,392008.06
U23531,JC000049,Regular Teacher,Teacher,12,1085184.04
U24201,JC000480,School Security Officer,ESP,2,95393.74
U46301,JC000480,School Security Officer,ESP,5,233673.55
U23341,JC000480,School Security Officer,ESP,2,100247.26
U26251,JC000463,Teacher Assistant,ESP,1,44384.38
U46261,JC000049,Regular Teacher,Teacher,23,2243432.75
U25601,JC000049,Regular Teacher,Teacher,16,1533600.72
U25301,JC000055,Bilingual Teacher,Teacher,7,647701.86
U24961,JC000464,Special Ed Classroom Assist,ESP,9,440548.2
U22811,JC000049,Regular Teacher,Teacher,24,2298034.12
U22741,JC000049,Regular Teacher,Teacher,22,2336906.7
U22791,JC000049,Regular Teacher,Teacher,12,1077273.8
U11870,JC501716,Fleet Supervisor,ESP,1,100096.55
U23101,JC003917,Instructor Assistant,ESP,1,50061.91
U23541,JC000049,Regular Teacher,Teacher,10,979512.84
U24671,JC000055,Bilingual Teacher,Teacher,19,1987708.56
U46631,JC000468,School Clerk,ESP,2,162813.31
U24711,JC990101,School Counselor,Teacher,1,119437.2
U22481,JC000049,Regular Teacher,Teacher,14,1560267.76
U26231,JC000041,Principal,Teacher,1,166235
U25401,JC000049,Regular Teacher,Teacher,31,3327229.14
U25541,JC500629,Special Education Teacher,Teacher,12,1176440.45
U26831,JC500629,Special Education Teacher,Teacher,12,1190336.54
U25561,JC500629,Special Education Teacher,Teacher,12,1297281.23
U25681,JC500629,Special Education Teacher,Teacher,7,757569.09
U14060,JC504245,"Director, Parent University",ESP,1,111357.51
U22761,JC500629,Special Education Teacher,Teacher,14,1402664.74
U22061,JC000463,Teacher Assistant,ESP,1,43368.55
U23081,JC000055,Bilingual Teacher,Teacher,12,1328799.16
U23381,JC000049,Regular Teacher,Teacher,33,3639160.29
U53011,JC000049,Regular Teacher,Teacher,30,3122637.59
U24201,JC000055,Bilingual Teacher,Teacher,19,1893579.12
U46271,JC500629,Special Education Teacher,Teacher,13,1443532.39
U22801,JC000049,Regular Teacher,Teacher,21,2100313.51
U23231,JC000055,Bilingual Teacher,Teacher,8,901718.59
U53091,JC000049,Regular Teacher,Teacher,27,2774415.67
U24741,JC000049,Regular Teacher,Teacher,18,1775790.05
U22951,JC000049,Regular Teacher,Teacher,17,1532924.19
U24911,JC500629,Special Education Teacher,Teacher,7,685239.54
U25231,JC000468,School Clerk,ESP,3,262419.39
U23451,JC002795,Porter,ESP,1,29773.63
U26721,JC000042,Assistant Principal,Teacher,1,146091
U23001,JC000464,Special Ed Classroom Assist,ESP,22,1125661.9
U24341,JC002740,Cook I,ESP,1,37587.29
U26521,JC002770,Lunchroom Attendant,ESP,1,24747.69
U23271,JC002795,Porter,ESP,1,26051.93
U29131,JC000468,School Clerk,ESP,1,70568.16
U46101,JC000480,School Security Officer,ESP,5,233488.52
U46301,JC000055,Bilingual Teacher,Teacher,7,763174.12
U22571,JC000049,Regular Teacher,Teacher,26,2725236.55
U26301,JC000049,Regular Teacher,Teacher,19,1765442.43
U22921,JC000055,Bilingual Teacher,Teacher,15,1373820.88
U23311,JC002501,School Clerk (Bilin Spanish),ESP,2,152042.94
U29211,JC000049,Regular Teacher,Teacher,13,1292232.57
U47041,JC000480,School Security Officer,ESP,6,315741.35
U23731,JC000049,Regular Teacher,Teacher,18.5,1839239.74
U29031,JC990101,School Counselor,Teacher,1,107403
U41111,JC505151,School Operations Manager,ESP,1,110975
U24671,JC000464,Special Ed Classroom Assist,ESP,10,500687.06
U11010,JC501189,Talent Acquisition Manager,ESP,4,393662.22
U10890,JC504746,"Manager, Professional Lrng",ESP,1,115261.33
U02461,JC500164,Executive Assistant,ESP,1,68504.37
U25451,JC000478,Teacher Assistant Bilingual,ESP,1,48128.11
U46141,JC000480,School Security Officer,ESP,3,142216.44
U24791,JC000049,Regular Teacher,Teacher,13,1278451.54
U23481,JC002738,Elementary Lunchroom Manager,ESP,1,46400.71
U63181,JC002795,Porter,ESP,1,29773.63
U23751,JC002741,Cook II,ESP,1,29805.55
U25941,JC000464,Special Ed Classroom Assist,ESP,11,515049.44
U12670,JC500629,Special Education Teacher,Teacher,8,796713.97
U45211,JC500629,Special Education Teacher,Teacher,9,896143.01
U22091,JC500629,Special Education Teacher,Teacher,10,942582.84
U25631,JC000463,Teacher Assistant,ESP,3,139691.51
U23241,JC000049,Regular Teacher,Teacher,19,1918582.92
U24601,JC003917,Instructor Assistant,ESP,1,63065.17
U46181,JC000464,Special Ed Classroom Assist,ESP,22,1115128.87
U22131,JC000468,School Clerk,ESP,1,69336.92
U22431,JC500629,Special Education Teacher,Teacher,9,942191.94
U24871,JC500629,Special Education Teacher,Teacher,8,726576.73
U22691,JC990101,School Counselor,Teacher,2,200741.92
U14051,JC003618,Health Service Nurse,ESP,234,18056128.3
U46361,JC000480,School Security Officer,ESP,10,490003.04
U53041,JC000464,Special Ed Classroom Assist,ESP,10,541054.98
U46621,JC000480,School Security Officer,ESP,2,86400.97
U47021,JC002795,Porter,ESP,2,52103.85
U24341,JC000464,Special Ed Classroom Assist,ESP,23,1086165.39
U31261,JC009907,Parent Worker - Other,ESP,1,15996.4
U22661,JC000049,Regular Teacher,Teacher,16,1507240.16
U47021,JC500629,Special Education Teacher,Teacher,15,1556030.9
U53121,JC990101,School Counselor,Teacher,1,88905.98
U24451,JC500629,Special Education Teacher,Teacher,9,984752.76
U26921,JC500629,Special Education Teacher,Teacher,17,1671907.95
U52011,JC000480,School Security Officer,ESP,7,345893.03
U23281,JC000464,Special Ed Classroom Assist,ESP,3,148931.49
U22181,JC002741,Cook II,ESP,1,29805.55
U22181,JC002770,Lunchroom Attendant,ESP,2,55401.08
U47081,JC002777,Lunchroom Manager,ESP,1,58192.47
U23711,JC000468,School Clerk,ESP,1,88897.77
U23811,JC000468,School Clerk,ESP,1,67122.67
U29071,JC990101,School Counselor,Teacher,2,206139.34
U29051,JC500629,Special Education Teacher,Teacher,5,488246.81
U29311,JC000054,Program Option Teacher,Teacher,1,96128.39
U25521,JC000041,Principal,Teacher,1,177181
U29251,JC000049,Regular Teacher,Teacher,27,2789980.3
U25831,JC000041,Principal,Teacher,1,172269.15
U26291,JC002795,Porter,ESP,1,29773.63
U25471,JC002738,Elementary Lunchroom Manager,ESP,1,48435.98
U25411,JC002770,Lunchroom Attendant,ESP,1,16948.75
U23481,JC002795,Porter,ESP,1,26051.93
U41091,JC002983,Senior Security Officer,ESP,1,54243.95
U24381,JC002742,Cook III,ESP,1,26573.26
U29011,JC002983,Senior Security Officer,ESP,1,61789.2
U24691,JC000055,Bilingual Teacher,Teacher,12,1097128.57
U55181,JC500629,Special Education Teacher,Teacher,7,650124.6
U46291,JC990101,School Counselor,Teacher,3,302350.73
U26281,JC990101,School Counselor,Teacher,1,116769.17
U12050,JC002777,Lunchroom Manager,ESP,21,1170708.63
U25231,JC000531,School Library Assistant,ESP,1,65487.37
U53101,JC002795,Porter,ESP,2,59547.26
U23891,JC002795,Porter,ESP,1,20469.37
U23961,JC002795,Porter,ESP,1,29773.63
U26751,JC990101,School Counselor,Teacher,1,126022.62
U25151,JC000480,School Security Officer,ESP,4,207592.96
U25521,JC002738,Elementary Lunchroom Manager,ESP,1,46400.71
U23461,JC002501,School Clerk (Bilin Spanish),ESP,1,82988.96
U25681,JC000468,School Clerk,ESP,1,74190.5
U24431,JC002770,Lunchroom Attendant,ESP,3,70707.68
U12050,JC002795,Porter,ESP,10,289709.1
U46211,JC000480,School Security Officer,ESP,7,318899.78
U22751,JC002770,Lunchroom Attendant,ESP,3,74243.06
U26791,JC000041,Principal,Teacher,1,164543.77
U22301,JC990101,School Counselor,Teacher,1,126022.62
U29261,JC000468,School Clerk,ESP,1,73503.55
U25381,JC000464,Special Ed Classroom Assist,ESP,22,1038726.86
U25841,JC002795,Porter,ESP,2,59547.26
U23711,JC990101,School Counselor,Teacher,1,97316.13
U25581,JC500629,Special Education Teacher,Teacher,13,1224731.57
U24231,JC000468,School Clerk,ESP,1,69336.92
U23101,JC002795,Porter,ESP,1,29773.63
U22091,JC002795,Porter,ESP,2,55825.56
U70241,JC990101,School Counselor,Teacher,1,125831.96
U46281,JC500629,Special Education Teacher,Teacher,19,2110469.55
U46281,JC000055,Bilingual Teacher,Teacher,19,1964107.12
U70070,JC500629,Special Education Teacher,Teacher,4,473297.97
U47081,JC000478,Teacher Assistant Bilingual,ESP,1,52058.15
U41051,JC002770,Lunchroom Attendant,ESP,2,49495.37
U23671,JC000468,School Clerk,ESP,1,76637.9
U49101,JC000464,Special Ed Classroom Assist,ESP,51,2500692.86
U46331,JC002740,Cook I,ESP,1,37587.29
U24851,JC000480,School Security Officer,ESP,3,160793.01
U46201,JC000055,Bilingual Teacher,Teacher,3,288502.31
U31221,JC002742,Cook III,ESP,1,26573.26
U29021,JC500629,Special Education Teacher,Teacher,5,504499.98
U23311,JC500629,Special Education Teacher,Teacher,10,1005819.31
U41061,JC500629,Special Education Teacher,Teacher,5,470674.27
U46191,JC002501,School Clerk (Bilin Spanish),ESP,1,82988.96
U25591,JC002501,School Clerk (Bilin Spanish),ESP,1,74190.5
U24791,JC500629,Special Education Teacher,Teacher,14,1358822.2
U31281,JC500629,Special Education Teacher,Teacher,6,547415.95
U25771,JC000041,Principal,Teacher,1,179031
U23481,JC990101,School Counselor,Teacher,1,104449.11
U24081,JC002795,Porter,ESP,1,29773.63
U24081,JC002763,Associate Lunchroom Mgr III,ESP,1,30369.44
U53041,JC002795,Porter,ESP,1,29773.63
U24601,JC000042,Assistant Principal,Teacher,1,149434
U22201,JC000041,Principal,Teacher,1,188815
U49021,JC990101,School Counselor,Teacher,1,97316.11
U26651,JC000464,Special Ed Classroom Assist,ESP,22,1089606.1
U25571,JC000480,School Security Officer,ESP,1,46428.28
U23631,JC000480,School Security Officer,ESP,1,56063.9
U23801,JC500629,Special Education Teacher,Teacher,8,867692.24
U46331,JC003501,School Social Svc Assistant,ESP,4,188801.44
U22501,JC000469,Bilingual Sp Educ Classrm Asst,ESP,1,54910.16
U24641,JC000049,Regular Teacher,Teacher,18,1736377.86
U11110,JC501467,Parent Support Administrator,ESP,3,197138.74
U24731,JC003429,Ed Sign Language Interpreter,ESP,2,148560.78
U46321,JC500656,College/Career Coach,ESP,1,85167.38
U27091,JC000042,Assistant Principal,Teacher,1,139526.59
U12210,JC501815,Category Buyer,ESP,5,359909.1
U11674,JC600795,District Representative,Teacher,39,4307793.23
U24781,JC000464,Special Ed Classroom Assist,ESP,8,386698.74
U22481,JC500629,Special Education Teacher,Teacher,7,758555.65
U51091,JC002983,Senior Security Officer,ESP,4,267477.44
U70241,JC500629,Special Education Teacher,Teacher,19,1738255.75
U46491,JC002501,School Clerk (Bilin Spanish),ESP,1,91462.13
U12440,JC501026,Debt Manager,ESP,1,125337.76
U23501,JC500629,Special Education Teacher,Teacher,10,989379.5
U10615,JC504438,Background Check Specialist,ESP,4,189264.34
U24821,JC500629,Special Education Teacher,Teacher,9,943773.15
U32021,JC000049,Regular Teacher,Teacher,19,1811694.57
U30101,JC000055,Bilingual Teacher,Teacher,8,733629.92
U53101,JC983600,Military Instructor,Teacher,2,154932.28
U31181,JC000464,Special Ed Classroom Assist,ESP,16,768112.73
U32021,JC000055,Bilingual Teacher,Teacher,5,482027.57
U25151,JC500629,Special Education Teacher,Teacher,9,930443.4
U31181,JC990101,School Counselor,Teacher,1,124337.17
U25011,JC002770,Lunchroom Attendant,ESP,4,84849.2
U25151,JC002738,Elementary Lunchroom Manager,ESP,1,46400.71
U22601,JC500629,Special Education Teacher,Teacher,6,552441.84
U22661,JC000042,Assistant Principal,Teacher,1,148984.12
U11870,JC501830,Transportation Routing Splst,ESP,4,219540.72
U31261,JC000463,Teacher Assistant,ESP,2,96615.2
U10890,JC504286,Curriculum and Instruction Mgr,ESP,1,115261.33
U23061,JC000468,School Clerk,ESP,1,86308.52
U22691,JC000464,Special Ed Classroom Assist,ESP,14,714051.72
U26621,JC500629,Special Education Teacher,Teacher,6.5,697987.52
U26201,JC002763,Associate Lunchroom Mgr III,ESP,1,26573.26
U46511,JC002741,Cook II,ESP,1,29805.55
U26331,JC002770,Lunchroom Attendant,ESP,4,97223.06
U25781,JC000055,Bilingual Teacher,Teacher,3,339223.04
U53011,JC000041,Principal,Teacher,1,160387
U12610,JC500044,Budget Manager,ESP,5,506843.29
U22171,JC000469,Bilingual Sp Educ Classrm Asst,ESP,3,160929.83
U46551,JC000464,Special Ed Classroom Assist,ESP,1,47375.94
U22831,JC000049,Regular Teacher,Teacher,11,1151031.23
U23461,JC000055,Bilingual Teacher,Teacher,2,218723.58
U22991,JC000464,Special Ed Classroom Assist,ESP,10,471953.62
U22581,JC500629,Special Education Teacher,Teacher,12,1323785.49
U47061,JC983600,Military Instructor,Teacher,2,195195.88
U22351,JC000041,Principal,Teacher,1,169364
U25471,JC002740,Cook I,ESP,1,37587.29
U26831,JC000480,School Security Officer,ESP,2,91504.28
U30051,JC002763,Associate Lunchroom Mgr III,ESP,2,56942.7
U24621,JC000480,School Security Officer,ESP,1,46428.28
U53091,JC002795,Porter,ESP,1,29773.63
U25361,JC990101,School Counselor,Teacher,2,244839.12
U22831,JC000055,Bilingual Teacher,Teacher,13,1421009.75
U24801,JC002738,Elementary Lunchroom Manager,ESP,1,40210.95
U24731,JC002738,Elementary Lunchroom Manager,ESP,2,80421.9
U22031,JC000463,Teacher Assistant,ESP,2,83724.78
U25061,JC000476,Teacher Asst Bil Spanish,ESP,1,45778.26
U22081,JC000476,Teacher Asst Bil Spanish,ESP,1,55388.71
U46631,JC000464,Special Ed Classroom Assist,ESP,15,689608.14
U23411,JC000464,Special Ed Classroom Assist,ESP,21,1080463.63
U22331,JC000464,Special Ed Classroom Assist,ESP,26,1207409.95
U14050,JC504619,Sexual Health Specialist,ESP,2,146474.97
U24151,JC002738,Elementary Lunchroom Manager,ESP,1,42233.21
U24151,JC002741,Cook II,ESP,1,34063.49
U24151,JC002795,Porter,ESP,1,29773.63
U24341,JC500629,Special Education Teacher,Teacher,13,1169685.37
U12510,JC502117,"Mgr, Master Data Management",ESP,1,128000
U46221,JC000691,Technology Coordinator,ESP,5,466935.88
U26701,JC000055,Bilingual Teacher,Teacher,12,1072696.54
U22931,JC002741,Cook II,ESP,1,34063.49
U46261,JC002983,Senior Security Officer,ESP,1,64628.87
U27091,JC000480,School Security Officer,ESP,3,138308.43
U23381,JC002738,Elementary Lunchroom Manager,ESP,1,46400.71
U25541,JC000467,School Clerk Assistant,ESP,1,53106.9
U53101,JC000042,Assistant Principal,Teacher,5,672715.48
U26771,JC002501,School Clerk (Bilin Spanish),ESP,1,69336.92
U26451,JC000480,School Security Officer,ESP,1,56063.9
U25921,JC002770,Lunchroom Attendant,ESP,2,44066.77
U31201,JC002795,Porter,ESP,1,27912.78
U20071,JC002770,Lunchroom Attendant,ESP,3,76759.02
U25631,JC002795,Porter,ESP,3,81877.49
U46401,JC002983,Senior Security Officer,ESP,2,129405.39
U24601,JC000480,School Security Officer,ESP,2,98646.36
U26751,JC000468,School Clerk,ESP,1,88798.19
U12510,JC501939,"Dir, Enterprise Change Mgmt",ESP,1,168000
U22721,JC500629,Special Education Teacher,Teacher,10,964234.53
U26291,JC000464,Special Ed Classroom Assist,ESP,13,632552.54
U22231,JC000468,School Clerk,ESP,2,136741.48
U12510,JC502114,ERP Technical Team Lead,ESP,1,116553.91
U23021,JC000464,Special Ed Classroom Assist,ESP,7,348451.06
U47091,JC505152,Community Center Coordinator,ESP,1,90308.4
U41051,JC002983,Senior Security Officer,ESP,1,64628.87
U25241,JC000464,Special Ed Classroom Assist,ESP,5,222077.16
U46331,JC505051,Restorative Justice Coord,ESP,2,163231.05
U41111,JC983600,Military Instructor,Teacher,6,582097.13
U22081,JC002770,Lunchroom Attendant,ESP,6,159092.28
U55181,JC000468,School Clerk,ESP,1,77998.78
U46241,JC000042,Assistant Principal,Teacher,3,404637.81
U23361,JC500629,Special Education Teacher,Teacher,5,504337.83
U46431,JC000055,Bilingual Teacher,Teacher,2,240387.31
U11610,JC504904,Early Childhood Resource Spec,ESP,1,67000
U23311,JC990101,School Counselor,Teacher,2,202446.73
U24371,JC002983,Senior Security Officer,ESP,1,67616.19
U47031,JC000480,School Security Officer,ESP,4,166737.53
U24851,JC500629,Special Education Teacher,Teacher,8.5,836215.54
U46221,JC000480,School Security Officer,ESP,14,711873.64
U46361,JC002983,Senior Security Officer,ESP,2,123487.44
U31211,JC000055,Bilingual Teacher,Teacher,9,796868.36
U22891,JC000476,Teacher Asst Bil Spanish,ESP,1,59332.39
U23431,JC500629,Special Education Teacher,Teacher,8,766073.77
U23371,JC500629,Special Education Teacher,Teacher,10,1082466.19
U24951,JC000049,Regular Teacher,Teacher,15,1497861.67
U29341,JC000468,School Clerk,ESP,1,69336.92
U46371,JC500629,Special Education Teacher,Teacher,10,977689.08
U23371,JC002770,Lunchroom Attendant,ESP,3,60101.52
U32021,JC002770,Lunchroom Attendant,ESP,1,22980
U32021,JC002795,Porter,ESP,1,29773.63
U49121,JC000691,Technology Coordinator,ESP,1,98002.46
U23591,JC000055,Bilingual Teacher,Teacher,22,2212591.34
U53121,JC002983,Senior Security Officer,ESP,2,123578.4
U46211,JC500629,Special Education Teacher,Teacher,26,2731878.95
U70020,JC002777,Lunchroom Manager,ESP,1,51869.08
U70070,JC002742,Cook III,ESP,1,30369.44
U24711,JC002763,Associate Lunchroom Mgr III,ESP,1,30369.44
U13727,JC505154,Early College STEM Specialist,ESP,13,1175763.71
U10610,JC504922,Network Safety Specialist,ESP,11,691204.64
U26821,JC000480,School Security Officer,ESP,2,102563.13
U24641,JC000463,Teacher Assistant,ESP,1,39455.44
U26051,JC000463,Teacher Assistant,ESP,2,92653.66
U12510,JC504939,Apple Device Mgmt Team Lead,ESP,1,104245.79
U23921,JC000464,Special Ed Classroom Assist,ESP,10,501636.08
U23681,JC000464,Special Ed Classroom Assist,ESP,11,578839.47
U24941,JC000464,Special Ed Classroom Assist,ESP,19,901238.6
U46361,JC500446,School Culture Coordinator,ESP,2,157805.25
U46611,JC000464,Special Ed Classroom Assist,ESP,20,983097.42
U49101,JC000042,Assistant Principal,Teacher,1,143520
U31061,JC000463,Teacher Assistant,ESP,1,42854.77
U46171,JC002795,Porter,ESP,1,29773.63
U24641,JC000480,School Security Officer,ESP,2,88586.33
U26321,JC000480,School Security Officer,ESP,1,56063.9
U25021,JC000468,School Clerk,ESP,1,67122.67
U32081,JC500629,Special Education Teacher,Teacher,9,941186.5
U31141,JC000049,Regular Teacher,Teacher,13,1234702.87
U29281,JC000042,Assistant Principal,Teacher,2,279851.13
U23991,JC000480,School Security Officer,ESP,1,53597.67
U22681,JC002795,Porter,ESP,1,26051.93
U29021,JC000480,School Security Officer,ESP,2,102563.6
U22281,JC000463,Teacher Assistant,ESP,1,49516.42
U24751,JC000042,Assistant Principal,Teacher,1,129117
U26141,JC000480,School Security Officer,ESP,2,94041.46
U22951,JC002983,Senior Security Officer,ESP,1,61789.2
U22671,JC000480,School Security Officer,ESP,1,48965.46
U25401,JC000463,Teacher Assistant,ESP,2,104149.15
U24531,JC000469,Bilingual Sp Educ Classrm Asst,ESP,2,99940.38
U24821,JC000055,Bilingual Teacher,Teacher,3,306569.25
U25361,JC000476,Teacher Asst Bil Spanish,ESP,1,48982.74
U25831,JC000049,Regular Teacher,Teacher,15,1397804
U23581,JC000049,Regular Teacher,Teacher,17,1615478.82
U23771,JC009907,Parent Worker - Other,ESP,1,15996.4
U46041,JC000469,Bilingual Sp Educ Classrm Asst,ESP,1,50767.53
U22141,JC000463,Teacher Assistant,ESP,2,88219.15
U23811,JC000463,Teacher Assistant,ESP,1,52982.57
U22081,JC000463,Teacher Assistant,ESP,3,128711.58
U10320,JC504479,Performance Analyst,ESP,1,58000
U10615,JC501994,Lead Background Check Spec,ESP,2,120060
U24281,JC002738,Elementary Lunchroom Manager,ESP,1,46400.71
U25591,JC002770,Lunchroom Attendant,ESP,2,47727.68
U29341,JC002983,Senior Security Officer,ESP,1,61789.2
U23931,JC000480,School Security Officer,ESP,2,93623.76
U23321,JC000041,Principal,Teacher,1,178020
U31181,JC000468,School Clerk,ESP,2,159204.58
U26281,JC002795,Porter,ESP,1,22330.22
U22511,JC990101,School Counselor,Teacher,1,78973.4
U31141,JC990101,School Counselor,Teacher,1,108615.65
U10615,JC004267,Cntrl Office Security Officer,ESP,29,2254665.02
U66091,JC000480,School Security Officer,ESP,2,100247.26
U23231,JC000464,Special Ed Classroom Assist,ESP,2,107074.77
U23421,JC000042,Assistant Principal,Teacher,1,134524.52
U24341,JC990101,School Counselor,Teacher,2,175506.81
U24011,JC990101,School Counselor,Teacher,1,94783.92
U22161,JC002742,Cook III,ESP,1,26573.26
U24681,JC002770,Lunchroom Attendant,ESP,3,72204.21
U11674,JC600799,Special Edu Administrator,Teacher,21,2190846.15
U55191,JC000049,Regular Teacher,Teacher,11,1015565.67
U24781,JC000055,Bilingual Teacher,Teacher,3,283057.22
U22091,JC000468,School Clerk,ESP,3,202989.92
U11010,JC500159,Employment Specialist,ESP,3,174553.85
U12510,JC504897,Senior Business Analyst,ESP,4,490569.46
U26821,JC000463,Teacher Assistant,ESP,3,155854.9
U24681,JC002741,Cook II,ESP,1,29805.55
U46321,JC002795,Porter,ESP,1,29773.63
U25231,JC002742,Cook III,ESP,1,30369.44
U30071,JC000480,School Security Officer,ESP,1,46428.28
U24191,JC002795,Porter,ESP,1,29773.63
U25881,JC002795,Porter,ESP,1,29773.63
U23791,JC000464,Special Ed Classroom Assist,ESP,20,905647.11
U29261,JC990101,School Counselor,Teacher,1,105084.44
U22441,JC000055,Bilingual Teacher,Teacher,3,344809.25
U23311,JC000042,Assistant Principal,Teacher,1,150784
U24691,JC500629,Special Education Teacher,Teacher,7,703642.07
U46421,JC000055,Bilingual Teacher,Teacher,15,1393060.14
U27091,JC002742,Cook III,ESP,1,26573.26
U11110,JC504651,Sr Business Operations Spec,ESP,1,83522.7
U25431,JC000464,Special Ed Classroom Assist,ESP,18,850070.92
U49021,JC002770,Lunchroom Attendant,ESP,1,14141.54
U31261,JC000468,School Clerk,ESP,1,85478.63
U25411,JC500629,Special Education Teacher,Teacher,11,985200.73
U22281,JC000464,Special Ed Classroom Assist,ESP,5,234606.99
U11610,JC500295,Office Manager,ESP,1,83914
U12510,JC501966,"Manager, IT Project Portfolio",ESP,1,146763
U25521,JC000468,School Clerk,ESP,2,158869.51
U05261,JC504605,Inventory Mgmt Control Clerk,ESP,1,56973.34
U46331,JC000055,Bilingual Teacher,Teacher,3,343082.08
U11675,JC601813,"RSP Mgr, Speech & Audiology",Teacher,8,915256.18
U23451,JC000041,Principal,Teacher,1,163282
U49101,JC000469,Bilingual Sp Educ Classrm Asst,ESP,1,58254.19
U22611,JC000468,School Clerk,ESP,1,74190.5
U24941,JC002795,Porter,ESP,1,26051.93
U46291,JC002770,Lunchroom Attendant,ESP,3,69833.88
U23071,JC002763,Associate Lunchroom Mgr III,ESP,2,60738.88
U25211,JC002795,Porter,ESP,1,29773.63
U46031,JC002501,School Clerk (Bilin Spanish),ESP,1,85478.63
U22661,JC990101,School Counselor,Teacher,1,119762.73
U11880,JC504791,Dir Environmental Hlth & Sfty,ESP,1,151366.94
U24751,JC000463,Teacher Assistant,ESP,3,132604.56
U26371,JC000463,Teacher Assistant,ESP,1,43461.74
U46111,JC500629,Special Education Teacher,Teacher,6,661445.17
U49131,JC000480,School Security Officer,ESP,4,194795.73
U22451,JC200041,Interim Principal,Teacher,1,175608
U29411,JC000468,School Clerk,ESP,1,82988.96
U24761,JC000463,Teacher Assistant,ESP,1,57539.73
U30011,JC000042,Assistant Principal,Teacher,2,287326.84
U53021,JC500629,Special Education Teacher,Teacher,8,781861.6
U29141,JC000464,Special Ed Classroom Assist,ESP,12,612727.86
U46281,JC000701,School Community Representive,ESP,1,56315.86
U11371,JC500218,STLS Transportation Specialist,ESP,1,58666.26
U26601,JC000463,Teacher Assistant,ESP,1,42152.61
U24651,JC000480,School Security Officer,ESP,2,98673.67
U46221,JC000468,School Clerk,ESP,7,526336.47
U29231,JC002795,Porter,ESP,1,29773.63
U22831,JC002770,Lunchroom Attendant,ESP,3,67172.29
U45231,JC983620,Commandant,Teacher,1,133583.53
U22581,JC002795,Porter,ESP,1,29773.63
U24671,JC990101,School Counselor,Teacher,2,174923.41
U46481,JC000480,School Security Officer,ESP,3,143006.92
U22201,JC002763,Associate Lunchroom Mgr III,ESP,1,30369.44
U23491,JC000468,School Clerk,ESP,3,245147.76
U29251,JC000042,Assistant Principal,Teacher,1,143520
U23161,JC990101,School Counselor,Teacher,1,122660.83
U46271,JC002770,Lunchroom Attendant,ESP,3,66152.87
U55161,JC200041,Interim Principal,Teacher,1,178020
U24511,JC002795,Porter,ESP,1,26051.93
U24081,JC000042,Assistant Principal,Teacher,1,134904
U46381,JC983620,Commandant,Teacher,1,109462
U23401,JC000042,Assistant Principal,Teacher,2,291641
U12510,JC505112,Direct Digital Controls Spec,ESP,1,87500
U26281,JC000480,School Security Officer,ESP,1,48965.46
U22991,JC002795,Porter,ESP,1,29773.63
U25681,JC002795,Porter,ESP,1,26051.93
U24931,JC000055,Bilingual Teacher,Teacher,6,656789.74
U46141,JC983600,Military Instructor,Teacher,1,95429.03
U23241,JC000480,School Security Officer,ESP,1,48965.46
U23371,JC000480,School Security Officer,ESP,1,53597.67
U12510,JC500305,Order Management Specialist,ESP,1,66187.8
U12210,JC502079,"Dir, Procurement Category Mgmt",ESP,1,128000
U29281,JC002738,Elementary Lunchroom Manager,ESP,1,40210.95
U26141,JC002741,Cook II,ESP,1,34063.49
U24461,JC000041,Principal,Teacher,1,180312
U25111,JC000463,Teacher Assistant,ESP,4,209337.37
U47051,JC002983,Senior Security Officer,ESP,2,126566.68
U53111,JC002983,Senior Security Officer,ESP,1,53670.22
U24511,JC002770,Lunchroom Attendant,ESP,2,38889.22
U26061,JC002795,Porter,ESP,1,22330.22
U29371,JC002741,Cook II,ESP,1,29805.55
U23851,JC000468,School Clerk,ESP,1,74190.5
U22701,JC002770,Lunchroom Attendant,ESP,1,21212.3
U25771,JC002795,Porter,ESP,1,27912.78
U24971,JC002795,Porter,ESP,1,26051.93
U26381,JC002738,Elementary Lunchroom Manager,ESP,1,40210.95
U22171,JC002738,Elementary Lunchroom Manager,ESP,1,46400.71
U22701,JC002738,Elementary Lunchroom Manager,ESP,1,40210.95
U23341,JC002738,Elementary Lunchroom Manager,ESP,1,46400.71
U46521,JC000041,Principal,Teacher,1,165995.44
U24691,JC002501,School Clerk (Bilin Spanish),ESP,1,73390.88
U24051,JC990101,School Counselor,Teacher,2,179522.44
U29171,JC002770,Lunchroom Attendant,ESP,1,20338.51
U29211,JC002795,Porter,ESP,1,26051.93
U25931,JC002770,Lunchroom Attendant,ESP,1,23728.26
U46281,JC002770,Lunchroom Attendant,ESP,4,86782.63
U23161,JC000041,Principal,Teacher,1,163282
U22651,JC002738,Elementary Lunchroom Manager,ESP,1,40210.95
U46421,JC000468,School Clerk,ESP,1,77998.78
U25521,JC002795,Porter,ESP,1,29773.63
U12410,JC504804,Financial Analyst,ESP,8,592239.19
U22371,JC002983,Senior Security Officer,ESP,1,67616.19
U23721,JC990101,School Counselor,Teacher,1,111263.81
U26701,JC000042,Assistant Principal,Teacher,1,143114
U24551,JC000041,Principal,Teacher,1,157160.69
U25951,JC000041,Principal,Teacher,1,168759.28
U25341,JC000041,Principal,Teacher,1,170718.33
U23581,JC002770,Lunchroom Attendant,ESP,1,22980
U24621,JC000468,School Clerk,ESP,1,72896.06
U24821,JC000468,School Clerk,ESP,1,72896.06
U25061,JC000041,Principal,Teacher,1,163282
U23491,JC990101,School Counselor,Teacher,2,244295.65
U24961,JC000042,Assistant Principal,Teacher,1,143520
U53061,JC002795,Porter,ESP,1,29773.63
U25431,JC000468,School Clerk,ESP,1,77998.78
U25441,JC000468,School Clerk,ESP,1,72896.06
U29401,JC002983,Senior Security Officer,ESP,1,64628.87
U46341,JC002741,Cook II,ESP,1,29805.55
U22391,JC000041,Principal,Teacher,1,183186
U26431,JC002763,Associate Lunchroom Mgr III,ESP,1,30369.44
U22101,JC002795,Porter,ESP,1,29773.63
U23501,JC600063,Case Manager,Teacher,1,89193.67
U23551,JC600063,Case Manager,Teacher,1,84396.93
U29221,JC600063,Case Manager,Teacher,1,99751.12
U23961,JC600063,Case Manager,Teacher,1,104511.84
U23971,JC600063,Case Manager,Teacher,0.5,41544.98
U22391,JC000462,School Assistant,ESP,1,36546.64
U46271,JC000462,School Assistant,ESP,1,36546.64
U24991,JC000464,Special Ed Classroom Assist,ESP,15,717757.43
U24361,JC505051,Restorative Justice Coord,ESP,1,78890.32
U46431,JC505051,Restorative Justice Coord,ESP,1,84412.64
U23561,JC000478,Teacher Assistant Bilingual,ESP,1,43421.68
U22881,JC500629,Special Education Teacher,Teacher,9,828255.18
U24301,JC500629,Special Education Teacher,Teacher,5,521672.65
U24891,JC000466,School Counseling Office Asst,ESP,1,54556.15
U24301,JC600063,Case Manager,Teacher,0.5,41544.98
U24331,JC600063,Case Manager,Teacher,0.5,41544.98
U24551,JC600063,Case Manager,Teacher,1,84542.65
U24601,JC600063,Case Manager,Teacher,0.5,41544.98
U24801,JC000464,Special Ed Classroom Assist,ESP,5,240661.82
U10210,JC504471,Paralegal,ESP,4,238828.03
U24851,JC505051,Restorative Justice Coord,ESP,1,69095.44
U22291,JC003015,Youth Intervention Specialist,ESP,1,56872.5
U22101,JC000468,School Clerk,ESP,2,140727.35
U25761,JC000042,Assistant Principal,Teacher,1,143417.33
U22491,JC000071,English Learner Prg Teacher,Teacher,1,83089.96
U22101,JC600063,Case Manager,Teacher,0.5,41544.98
U02671,JC500164,Executive Assistant,ESP,1,66187.8
U23521,JC000049,Regular Teacher,Teacher,27,2669391.73
U26931,JC000049,Regular Teacher,Teacher,49,5319365.69
U46611,JC000044,Curriculum And Instruct Coach,Teacher,1,62924.52
U24981,JC000044,Curriculum And Instruct Coach,Teacher,1,62924.52
U11110,JC501536,Fellow,ESP,1,41000
U24721,JC000042,Assistant Principal,Teacher,1,131429.33
U11405,JC504555,Program Manager,ESP,1,96579.03
U24621,JC002795,Porter,ESP,1,29773.63
U46251,JC000065,IB Coordinator,Teacher,2,265528.94
U11010,JC505164,Principal Evaluation Spec,ESP,1,69497.19
U10855,JC601346,School Counseling Specialist,Teacher,3,323856.36
U25661,JC505051,Restorative Justice Coord,ESP,1,78890.32
U02551,JC601266,Chief of Schools,Teacher,1,175000
U10898,JC505108,Behavioral Health Interv Spec,ESP,2,172368.2
U49081,JC000463,Teacher Assistant,ESP,2,114100.74
U29411,JC000464,Special Ed Classroom Assist,ESP,5,233528.04
U23771,JC000042,Assistant Principal,Teacher,1,133032.48
U23971,JC000042,Assistant Principal,Teacher,1,128848.7
U26861,JC000468,School Clerk,ESP,3,235977.82
U41041,JC000071,English Learner Prg Teacher,Teacher,1,83089.96
U22451,JC000480,School Security Officer,ESP,1,45076
U11201,JC500800,Senior Data Analyst,ESP,2,200938.63
U46311,JC000462,School Assistant,ESP,3,137100.07
U24471,JC000065,IB Coordinator,Teacher,2,216959.73
U46021,JC000462,School Assistant,ESP,2,84704.87
U24201,JC000462,School Assistant,ESP,1,45506.8
U46221,JC600063,Case Manager,Teacher,4.5,454939.81
U24191,JC600063,Case Manager,Teacher,1,79784.16
U41041,JC600063,Case Manager,Teacher,0.5,60667.48
U25381,JC600063,Case Manager,Teacher,1,103214.34
U46551,JC000065,IB Coordinator,Teacher,3,367085.23
U53051,JC500629,Special Education Teacher,Teacher,6,639861.18
U26451,JC000464,Special Ed Classroom Assist,ESP,4,187291.3
U23401,JC000464,Special Ed Classroom Assist,ESP,8,393960.15
U53041,JC000065,IB Coordinator,Teacher,2,268194.63
U12510,JC502113,ERP Solution Team Lead,ESP,1,120017
U22171,JC990101,School Counselor,Teacher,2,195348.98
U49051,JC000478,Teacher Assistant Bilingual,ESP,1,41979.1
U26301,JC500629,Special Education Teacher,Teacher,13,1175735.28
U26431,JC000042,Assistant Principal,Teacher,1,139724
U23631,JC000042,Assistant Principal,Teacher,1,118000
U53011,JC505051,Restorative Justice Coord,ESP,1,72642.19
U24401,JC600063,Case Manager,Teacher,1,91339.22
U25591,JC000464,Special Ed Classroom Assist,ESP,6,310730.95
U29281,JC000462,School Assistant,ESP,2,90492.51
U31081,JC000071,English Learner Prg Teacher,Teacher,1,83089.96
U24011,JC000071,English Learner Prg Teacher,Teacher,1,83089.96
U26731,JC600063,Case Manager,Teacher,2,238875.79
U24871,JC000071,English Learner Prg Teacher,Teacher,2,166179.92
U23911,JC000071,English Learner Prg Teacher,Teacher,2,166179.92
U24821,JC000071,English Learner Prg Teacher,Teacher,2,166179.92
U26721,JC000071,English Learner Prg Teacher,Teacher,2,166179.92
U23311,JC000071,English Learner Prg Teacher,Teacher,2,166179.92
U22691,JC000071,English Learner Prg Teacher,Teacher,2,166179.92
U22921,JC000071,English Learner Prg Teacher,Teacher,2,166179.92
U24781,JC000071,English Learner Prg Teacher,Teacher,2,166179.92
U26821,JC000462,School Assistant,ESP,1,43789.88
U25011,JC505051,Restorative Justice Coord,ESP,1,56872.5
U24971,JC000702,Parent Advocate,ESP,1,43447.53
U25151,JC600755,Lead Coach,Teacher,1,114845.15
U23201,JC600063,Case Manager,Teacher,0.5,41544.98
U70020,JC000071,English Learner Prg Teacher,Teacher,0.5,41544.98
U32031,JC000071,English Learner Prg Teacher,Teacher,0.5,41544.98
U22321,JC600063,Case Manager,Teacher,1.5,157436.54
U22421,JC600063,Case Manager,Teacher,1,91790.99
U22441,JC600063,Case Manager,Teacher,1,101395.02
U22621,JC600063,Case Manager,Teacher,0.5,41544.98
U22631,JC600063,Case Manager,Teacher,1.5,155598.36
U22801,JC600063,Case Manager,Teacher,0.5,41544.98
U24981,JC000462,School Assistant,ESP,1,41786.94
U29281,JC003917,Instructor Assistant,ESP,2,123704.76
U29151,JC003440,Lifeguard,ESP,2,82080
U31261,JC000055,Bilingual Teacher,Teacher,5.5,481203.38
U22271,JC990101,School Counselor,Teacher,2,209113.25
U29301,JC600063,Case Manager,Teacher,1.5,153583.77
U31281,JC600063,Case Manager,Teacher,0.5,41544.98
U02651,JC601269,Deputy Chief of Schools,Teacher,1,170000
U24081,JC990101,School Counselor,Teacher,1,123636.02
U25371,JC000071,English Learner Prg Teacher,Teacher,1,83089.96
U31281,JC000071,English Learner Prg Teacher,Teacher,1,83089.96
U46611,JC003015,Youth Intervention Specialist,ESP,1,89539.12
U26931,JC000041,Principal,Teacher,1,185365
U46691,JC000480,School Security Officer,ESP,10,460280.33
U23001,JC990200,Part-Time School Counselor,Teacher,1,121176.83
U26091,JC000071,English Learner Prg Teacher,Teacher,0.5,41544.98
U23351,JC600063,Case Manager,Teacher,1,98754.14
U23651,JC600063,Case Manager,Teacher,1,93848.39
U23921,JC600063,Case Manager,Teacher,1,95466.74
U22621,JC000464,Special Ed Classroom Assist,ESP,8,351201.53
U22941,JC600063,Case Manager,Teacher,1,91339.22
U23021,JC600063,Case Manager,Teacher,0.5,41544.98
U23161,JC600063,Case Manager,Teacher,1.5,148089.25
U26731,JC000071,English Learner Prg Teacher,Teacher,1,83089.96
U46241,JC002501,School Clerk (Bilin Spanish),ESP,1,85478.63
U28151,JC600063,Case Manager,Teacher,1,97461.19
U46621,JC500629,Special Education Teacher,Teacher,5,473803.55
U23341,JC990101,School Counselor,Teacher,2,157285.28
U22491,JC500629,Special Education Teacher,Teacher,10,952547.48
U23831,JC500629,Special Education Teacher,Teacher,4,405043.91
U23901,JC000071,English Learner Prg Teacher,Teacher,0.5,41544.98
U30151,JC000071,English Learner Prg Teacher,Teacher,0.5,41544.98
U24981,JC000071,English Learner Prg Teacher,Teacher,0.5,41544.98
U46251,JC600063,Case Manager,Teacher,1.5,162711.38
U46321,JC600063,Case Manager,Teacher,2,206406.76
U46131,JC000071,English Learner Prg Teacher,Teacher,2,166179.92
U26771,JC000071,English Learner Prg Teacher,Teacher,2,166179.92
U24881,JC000071,English Learner Prg Teacher,Teacher,0.5,41544.98
U23301,JC600063,Case Manager,Teacher,1,102231.26
U29411,JC003015,Youth Intervention Specialist,ESP,1,75038.51
U11551,JC601862,Distributed Leadership Manager,Teacher,2,248370.48
U24951,JC500629,Special Education Teacher,Teacher,3,300533.21
U46031,JC600063,Case Manager,Teacher,2.5,261846.13
U25331,JC000042,Assistant Principal,Teacher,1,139526.59
U29211,JC000464,Special Ed Classroom Assist,ESP,2,117008.06
U41051,JC000464,Special Ed Classroom Assist,ESP,9,458372.85
U46221,JC000701,School Community Representive,ESP,1,53566.25
U23871,JC500629,Special Education Teacher,Teacher,3,305459.63
U10855,JC501483,Senior Data Strategist,ESP,1,105040.04
U22931,JC000463,Teacher Assistant,ESP,1,48982.74
U24151,JC000463,Teacher Assistant,ESP,1,48128.11
U22041,JC000463,Teacher Assistant,ESP,4,190851.09
U26371,JC000042,Assistant Principal,Teacher,1,121090
U11540,JC504698,World Language Education Spec,ESP,1,103823.27
U11540,JC600793,EL Program Specialist,Teacher,6,634609.29
U11510,JC604961,"ED, EL Programs & Innovation",Teacher,1,149000
U46211,JC003015,Youth Intervention Specialist,ESP,1,87976.88
U26181,JC002742,Cook III,ESP,1,26573.26
U25031,JC002795,Porter,ESP,1,29773.63
U24751,JC600063,Case Manager,Teacher,1,109601.71
U22811,JC600063,Case Manager,Teacher,1,88420.36
U23381,JC000464,Special Ed Classroom Assist,ESP,10,477490.55
U22701,JC000044,Curriculum And Instruct Coach,Teacher,1,126637.85
U26181,JC002738,Elementary Lunchroom Manager,ESP,1,40210.95
U26731,JC002795,Porter,ESP,1,29773.63
U22761,JC002738,Elementary Lunchroom Manager,ESP,1,40210.95
U10465,JC504851,Professional Learning Spec,ESP,2,166000
U24731,JC000039,Part-Time Teacher,Teacher,0.5,61041.06
U12120,JC501781,Project Manager,ESP,1,82500
U46181,JC000071,English Learner Prg Teacher,Teacher,3,249269.88
U24461,JC000071,English Learner Prg Teacher,Teacher,3,249269.88
U46271,JC000071,English Learner Prg Teacher,Teacher,3,249269.88
U23801,JC000071,English Learner Prg Teacher,Teacher,3,249269.88
U22741,JC000072,Dual Language Coordinator,Teacher,1,83089.96
U46421,JC500992,STLS Advocate,ESP,1,58478.98
U26751,JC000042,Assistant Principal,Teacher,1,139724
U31041,JC000042,Assistant Principal,Teacher,1,137965.26
U24431,JC500992,STLS Advocate,ESP,1,58478.98
U53101,JC500656,College/Career Coach,ESP,2,179078.24
U24721,JC000463,Teacher Assistant,ESP,1,48652.48
U25121,JC000480,School Security Officer,ESP,2,80791.21
U23591,JC600063,Case Manager,Teacher,2,188745.74
U26081,JC002738,Elementary Lunchroom Manager,ESP,1,40210.95
U22481,JC000463,Teacher Assistant,ESP,3,135640.21
U11010,JC504448,Leaves Analyst,ESP,3,206110.33
U11010,JC501959,"Manager, Employee Performance",ESP,1,110250
U11545,JC504857,Community Partnership Spec,ESP,1,78914
U10898,JC504944,Mgr Behavi Hlth Interv & Suppt,ESP,1,119700
U13727,JC504643,Career Connected Pathways Spec,ESP,5,428373.98
U25951,JC000464,Special Ed Classroom Assist,ESP,2,99117.56
U46431,JC000071,English Learner Prg Teacher,Teacher,2,166179.92
U23401,JC000071,English Learner Prg Teacher,Teacher,2,166179.92
U31121,JC990101,School Counselor,Teacher,1,102572.1
U46401,JC600063,Case Manager,Teacher,1,125832.4
U31101,JC000463,Teacher Assistant,ESP,3,129445.05
U25991,JC000463,Teacher Assistant,ESP,1,49516.42
U25951,JC000463,Teacher Assistant,ESP,5,242545.38
U22881,JC000463,Teacher Assistant,ESP,2,82777.68
U24681,JC600755,Lead Coach,Teacher,1,90807.62
U13725,JC504878,"Director, Roadmap to Careers",ESP,1,128394.78
U26721,JC000476,Teacher Asst Bil Spanish,ESP,2,87110.88
U23801,JC000478,Teacher Assistant Bilingual,ESP,2,89162.74
U22231,JC000066,Regional Gifted Coordinator,Teacher,1,111747.5
U32081,JC000480,School Security Officer,ESP,1,48965.46
U12510,JC504681,Web & Digital Content Manager,ESP,2,208672.95
U46291,JC000463,Teacher Assistant,ESP,2,83151.27
U25761,JC000464,Special Ed Classroom Assist,ESP,5,232706.73
U53121,JC003501,School Social Svc Assistant,ESP,1,36546.64
U22311,JC003015,Youth Intervention Specialist,ESP,1,56872.5
U25091,JC000042,Assistant Principal,Teacher,1,129117
U26701,JC000065,IB Coordinator,Teacher,1,100124.06
U25441,JC500992,STLS Advocate,ESP,1,65951.55
U53121,JC500992,STLS Advocate,ESP,1,77998.78
U24051,JC000468,School Clerk,ESP,2,143464.22
U23411,JC600063,Case Manager,Teacher,1,88907.01
U30071,JC600063,Case Manager,Teacher,1.5,168106.24
U46381,JC600063,Case Manager,Teacher,0.5,57326.42
U29121,JC000464,Special Ed Classroom Assist,ESP,2,97918.17
U26381,JC000463,Teacher Assistant,ESP,2,82551.6
U24631,JC000691,Technology Coordinator,ESP,1,93525.34
U46391,JC003015,Youth Intervention Specialist,ESP,2,166184.15
U22171,JC000468,School Clerk,ESP,1,72110.39
U12010,JC504683,"ED, Nutrition Support Services",ESP,1,166439.62
U02451,JC990100,Teacher-Citywide,Teacher,1,116188.78
U02501,JC990100,Teacher-Citywide,Teacher,1,131561.01
U02521,JC601269,Deputy Chief of Schools,Teacher,1,170000
U46641,JC000044,Curriculum And Instruct Coach,Teacher,1,120854.22
U12670,JC000041,Principal,Teacher,4,670103
U23521,JC990101,School Counselor,Teacher,1,88185.38
U26791,JC600063,Case Manager,Teacher,1,106297.17
U25381,JC000042,Assistant Principal,Teacher,1,146246.79
U26821,JC000042,Assistant Principal,Teacher,1,143417.33
U24511,JC000042,Assistant Principal,Teacher,1,131969.39
U46201,JC000710,Student Special Svc Advocate,ESP,3,238933.59
U22531,JC500992,STLS Advocate,ESP,2,132669.48
U22641,JC000042,Assistant Principal,Teacher,1,134524.52
U66931,JC002770,Lunchroom Attendant,ESP,6,165038.18
U46491,JC000710,Student Special Svc Advocate,ESP,2,151532.51
U10890,JC504555,Program Manager,ESP,2,174040
U24021,JC000468,School Clerk,ESP,1,81118.73
U26321,JC600755,Lead Coach,Teacher,1,90807.62
U10210,JC500006,Administrative Assistant,ESP,1,58111.91
U47051,JC500446,School Culture Coordinator,ESP,1,75841.21
U02641,JC601270,Instructional Support Leader,Teacher,5,577074.08
U02541,JC501865,School Leader Development Spec,ESP,2,176400
U26031,JC990101,School Counselor,Teacher,1,85339.22
U46111,JC990101,School Counselor,Teacher,1,78973.4
U24851,JC600063,Case Manager,Teacher,0.5,59526.34
U22481,JC600755,Lead Coach,Teacher,1,90807.62
U26091,JC000066,Regional Gifted Coordinator,Teacher,1,125170.92
U23101,JC000065,IB Coordinator,Teacher,1,129898.08
U23971,JC000065,IB Coordinator,Teacher,1,130239.36
U24341,JC000065,IB Coordinator,Teacher,1,111989.38
U10510,JC500390,Sr Communications Specialist,ESP,2,158292.22
U10760,JC500822,Training Specialist,ESP,2,139840
U49121,JC501853,School Athletic Director,ESP,1,82782
U12510,JC501970,"ED, IT Bus Partnership & Innov",ESP,1,167000
U24301,JC000466,School Counseling Office Asst,ESP,1,52808.65
U26541,JC600755,Lead Coach,Teacher,1,135934.19
U29311,JC500629,Special Education Teacher,Teacher,4,381907.71
U46281,JC000065,IB Coordinator,Teacher,2,228189.38
U26891,JC000072,Dual Language Coordinator,Teacher,1,83089.96
U23381,JC000463,Teacher Assistant,ESP,2,78848.72
U11371,JC502042,A&E Training & Suppt Spec,ESP,1,61500
U25431,JC000480,School Security Officer,ESP,1,44591.55
U22941,JC000042,Assistant Principal,Teacher,1,143520
U24681,JC500992,STLS Advocate,ESP,1,73390.88
U26091,JC600063,Case Manager,Teacher,0.5,41544.98
U25111,JC990101,School Counselor,Teacher,2,183974.51
U26051,JC000701,School Community Representive,ESP,1,50061.91
U46291,JC500939,Conflict Resolution Specialist,ESP,2,157410
U26651,JC600063,Case Manager,Teacher,1,97751.63
U30141,JC600063,Case Manager,Teacher,1,99494.54
U31101,JC600063,Case Manager,Teacher,0.5,41544.98
U10855,JC505083,"Director, Alumni Persistence",ESP,1,129092.69
U46381,JC990101,School Counselor,Teacher,1,118861.44
U22471,JC000042,Assistant Principal,Teacher,1,129520.31
U11540,JC600038,EL Instructional Dev Manager,Teacher,2,229238.6
U28151,JC002770,Lunchroom Attendant,ESP,3,84849.21
U26931,JC000039,Part-Time Teacher,Teacher,1,95766.89
U26321,JC501186,At-Risk Student Coordinator,ESP,1,68621
U23541,JC000476,Teacher Asst Bil Spanish,ESP,1,36874.24
U53061,JC000468,School Clerk,ESP,3,255518.82
U26081,JC000071,English Learner Prg Teacher,Teacher,1,83089.96
U23211,JC000071,English Learner Prg Teacher,Teacher,1,83089.96
U23141,JC000071,English Learner Prg Teacher,Teacher,1,83089.96
U26191,JC000042,Assistant Principal,Teacher,1,125549.54
U22411,JC000042,Assistant Principal,Teacher,1,144176.93
U11371,JC501948,Administrative Coordinator,ESP,1,60000
U23071,JC000468,School Clerk,ESP,2,152325.88
U31211,JC600063,Case Manager,Teacher,1,106655.31
U47061,JC000466,School Counseling Office Asst,ESP,2,110332.74
U24871,JC600063,Case Manager,Teacher,1,95642.92
U29121,JC000042,Assistant Principal,Teacher,1,132522
U29131,JC000042,Assistant Principal,Teacher,1,129117
U23901,JC000042,Assistant Principal,Teacher,1,138745.92
U41041,JC000042,Assistant Principal,Teacher,1,129117
U24171,JC600063,Case Manager,Teacher,0.5,50720.9
U46431,JC000042,Assistant Principal,Teacher,2,266480
U11110,JC601269,Deputy Chief of Schools,Teacher,1,170000
U23241,JC002770,Lunchroom Attendant,ESP,1,17676.92
U29411,JC002770,Lunchroom Attendant,ESP,1,22980
U11551,JC505060,"Dir, Distributed Leadership",ESP,1,137008.75
U26281,JC000702,Parent Advocate,ESP,1,69771.06
U46171,JC501853,School Athletic Director,ESP,1,78840
U66106,JC002763,Associate Lunchroom Mgr III,ESP,1,26573.26
U46261,JC600063,Case Manager,Teacher,1,102632.93
U30081,JC600063,Case Manager,Teacher,1,98338.2
U23751,JC600063,Case Manager,Teacher,1,105354.69
U26141,JC000042,Assistant Principal,Teacher,1,137096.47
U26351,JC003015,Youth Intervention Specialist,ESP,1,56872.5
U23511,JC000691,Technology Coordinator,ESP,0.5,43156.25
U10760,JC500707,EOCO Investigator,ESP,4,331666.05
U23611,JC003917,Instructor Assistant,ESP,1,60639.59
U10760,JC504879,Investigations Team Lead,ESP,2,185900
U29361,JC500629,Special Education Teacher,Teacher,1,115128.35
U11371,JC501930,"Director, Student Engagement",ESP,1,140000
U25071,JC003429,Ed Sign Language Interpreter,ESP,2,150497.61
U10320,JC504649,Intake Specialist,ESP,3,166850
U23321,JC000042,Assistant Principal,Teacher,1,139526.59
U10842,JC504763,"Director, Strategic Planning",ESP,1,137341.78
U10871,JC602021,Science Content Specialist,Teacher,10,1105324.93
U52011,JC000055,Bilingual Teacher,Teacher,2,222200.2
U53061,JC000055,Bilingual Teacher,Teacher,1,118861.44
U14051,JC504833,Schl Nursing Network Director,ESP,1,135187.5
U23381,JC000042,Assistant Principal,Teacher,2,292954
U47021,JC002501,School Clerk (Bilin Spanish),ESP,1,88023.27
U23381,JC000467,School Clerk Assistant,ESP,1,55832.93
U12410,JC504622,Deputy Controller,ESP,1,176000
U10850,JC501863,Scholarship Specialist,ESP,1,88250.4
U23311,JC000462,School Assistant,ESP,2,88467.29
U24721,JC000469,Bilingual Sp Educ Classrm Asst,ESP,1,52231.98
U46471,JC000691,Technology Coordinator,ESP,1,103033.04
U12210,JC504985,"Sr Manager, Business Diversity",ESP,1,116352.62
U29201,JC000042,Assistant Principal,Teacher,1,125549.54
U46421,JC984100,School Social Worker,Teacher,2,189313.77
U29301,JC002795,Porter,ESP,1,29773.63
U22381,JC000467,School Clerk Assistant,ESP,1,68830.9
U14040,JC505166,Development Specialist CFF,ESP,2,162680.98
U02431,JC504492,Family Engagement Coordinator,ESP,1,98885.07
U25911,JC000463,Teacher Assistant,ESP,1,44799.19
U29201,JC000463,Teacher Assistant,ESP,2,106971.31
U26391,JC000463,Teacher Assistant,ESP,1,44799.19
U22041,JC990101,School Counselor,Teacher,1,106544.27
U46301,JC984100,School Social Worker,Teacher,1,95129.4
U10814,JC501909,"Director, Digital Curriculum",ESP,1,133636.32
U29371,JC000463,Teacher Assistant,ESP,2,93689.94
U22601,JC000462,School Assistant,ESP,1,41031.72
U22901,JC000462,School Assistant,ESP,1,42930.64
U11551,JC504555,Program Manager,ESP,1,102742.5
U14050,JC504946,School Garden Specialist,ESP,1,69870
U26231,JC000044,Curriculum And Instruct Coach,Teacher,1,109148.84
U02551,JC501956,Opt School Perf & Suppt Mgr,ESP,1,97520
U46251,JC501853,School Athletic Director,ESP,1,86184
U26251,JC000042,Assistant Principal,Teacher,1,140623.49
U24011,JC500446,School Culture Coordinator,ESP,1,87645.3
U31101,JC000071,English Learner Prg Teacher,Teacher,1,83089.96
U24801,JC000071,English Learner Prg Teacher,Teacher,1,83089.96
U23551,JC000691,Technology Coordinator,ESP,0.5,37330.44
U14060,JC500764,Program Coordinator,ESP,1,58000
U46691,JC600063,Case Manager,Teacher,1,117381.93
U10845,JC602127,"Director, Specialty Programs",Teacher,1,120017
U10816,JC501264,Program Director,ESP,1,120017
U22821,JC000462,School Assistant,ESP,1,36546.64
U10895,JC501925,Mgr Student Discipline Support,ESP,1,101661
U46681,JC000462,School Assistant,ESP,1,44401.18
U22931,JC600755,Lead Coach,Teacher,1,122931.39
U22991,JC600755,Lead Coach,Teacher,1,89794.51
U46111,JC600755,Lead Coach,Teacher,1,110717.36
U31201,JC000710,Student Special Svc Advocate,ESP,1,80291.2
U49101,JC003429,Ed Sign Language Interpreter,ESP,1,67740.4
U22531,JC000464,Special Ed Classroom Assist,ESP,8,396050.62
U29291,JC000691,Technology Coordinator,ESP,1,90240.65
U24201,JC000467,School Clerk Assistant,ESP,1,41578.07
U24431,JC000039,Part-Time Teacher,Teacher,0.5,49167.09
U30151,JC990101,School Counselor,Teacher,1,80377.41
U26081,JC990101,School Counselor,Teacher,1,121406.37
U46061,JC501853,School Athletic Director,ESP,1,84542.4
U29301,JC000055,Bilingual Teacher,Teacher,3,306042.01
U25751,JC600063,Case Manager,Teacher,0.5,41544.98
U24911,JC500939,Conflict Resolution Specialist,ESP,1,60000
U26061,JC600755,Lead Coach,Teacher,1,90807.62
U31261,JC000476,Teacher Asst Bil Spanish,ESP,1,43637.03
U23911,JC000462,School Assistant,ESP,1,42723.24
U24251,JC000042,Assistant Principal,Teacher,1,141775
U12010,JC502032,Nutritn Compliance & Rept Spec,ESP,1,75600
U63131,JC002742,Cook III,ESP,1,30369.44
U24341,JC000691,Technology Coordinator,ESP,1,74247.55
U29111,JC000710,Student Special Svc Advocate,ESP,1,78890.32
U53011,JC002983,Senior Security Officer,ESP,4,264490.12
U25371,JC002770,Lunchroom Attendant,ESP,1,21212.3
U02501,JC601266,Chief of Schools,Teacher,1,175000
U53051,JC000055,Bilingual Teacher,Teacher,1,96529.23
U23881,JC600063,Case Manager,Teacher,1,107532.14
U13725,JC501447,"Mgr, Early College Initiative",ESP,1,106437.76
U46681,JC000466,School Counseling Office Asst,ESP,2,115966.66
U24591,JC000462,School Assistant,ESP,2,80470.38
U31211,JC000462,School Assistant,ESP,1,42814.05
U23651,JC003917,Instructor Assistant,ESP,2,117516.01
U22241,JC600755,Lead Coach,Teacher,1,90807.62
U22211,JC600755,Lead Coach,Teacher,1,90807.62
U23421,JC600755,Lead Coach,Teacher,1,90807.62
U46511,JC000462,School Assistant,ESP,2,92928.47
U47051,JC000462,School Assistant,ESP,1,51595.65
U24771,JC600063,Case Manager,Teacher,1,88506.02
U24991,JC600063,Case Manager,Teacher,1,99888.79
U31281,JC000463,Teacher Assistant,ESP,1,57050.37
U22361,JC000710,Student Special Svc Advocate,ESP,1,69373.6
U23961,JC002742,Cook III,ESP,1,30369.44
U45211,JC000469,Bilingual Sp Educ Classrm Asst,ESP,1,44276.59
U24571,JC003015,Youth Intervention Specialist,ESP,1,87197.24
U11210,JC602002,Balanced Assessment Syst Mgr (B),Teacher,1,98325
U11360,JC604774,"Chief, Early Childhood Edu",Teacher,1,197292.17
U25391,JC600063,Case Manager,Teacher,0.5,41544.98
U12010,JC500857,Systems Analyst,ESP,1,75600
U29071,JC600755,Lead Coach,Teacher,1,133843.75
U23341,JC000463,Teacher Assistant,ESP,2,93924.61
U25781,JC003917,Instructor Assistant,ESP,1,58173.61
U22601,JC600063,Case Manager,Teacher,0.5,47391.96
U25831,JC600063,Case Manager,Teacher,0.5,58343.81
U52011,JC600063,Case Manager,Teacher,0.5,52455.46
U10110,JC502098,Board Communications Manager,ESP,1,90000
U13725,JC502093,College & Career Pathway Lead,ESP,3,264366.8
U70070,JC000462,School Assistant,ESP,2,80590.48
U25181,JC003015,Youth Intervention Specialist,ESP,1,76370.99
U22241,JC000710,Student Special Svc Advocate,ESP,1,76370.99
U11210,JC505158,Tutor Corps Math Coord,ESP,1,62795.68
U22521,JC600755,Lead Coach,Teacher,1,130150.42
U24311,JC600755,Lead Coach,Teacher,1,130813.49
U26301,JC600755,Lead Coach,Teacher,1,117379.04
U23831,JC600755,Lead Coach,Teacher,1,90807.62
U23721,JC600755,Lead Coach,Teacher,1,90807.62
U24941,JC002983,Senior Security Officer,ESP,1,61789.2
U31261,JC002983,Senior Security Officer,ESP,2,121860.14
U14050,JC504894,Business Operations Coord,ESP,1,63000
U14050,JC504615,Staffing Manager,ESP,1,101900.25
U25711,JC000071,English Learner Prg Teacher,Teacher,0.5,41544.98
U23771,JC000071,English Learner Prg Teacher,Teacher,0.5,41544.98
U51091,JC600063,Case Manager,Teacher,1.5,133399.11
U53101,JC000467,School Clerk Assistant,ESP,1,55832.93
U24731,JC000467,School Clerk Assistant,ESP,1,48047.62
U46131,JC600063,Case Manager,Teacher,1,106625.19
U22211,JC000480,School Security Officer,ESP,1,45076
U24441,JC003015,Youth Intervention Specialist,ESP,1,69095.44
U02411,JC500593,Social & Emotional Lrng Spec,ESP,1,95972.31
U05261,JC600085,"Executive Director, JROTC",Teacher,1,178906.8
U25521,JC002983,Senior Security Officer,ESP,1,58950.49
U46261,JC000042,Assistant Principal,Teacher,1,143417.33
U02501,JC601269,Deputy Chief of Schools,Teacher,1,170000
U10610,JC501781,Project Manager,ESP,1,100000
U13737,JC504844,Communications Manager,ESP,1,88199.38
U26521,JC000467,School Clerk Assistant,ESP,1,53106.9
U24021,JC000710,Student Special Svc Advocate,ESP,1,71374.76
U24081,JC000710,Student Special Svc Advocate,ESP,1,55880.22
U02641,JC500593,Social & Emotional Lrng Spec,ESP,1,93000
U22101,JC000067,Personalized Learning Coordinator,Teacher,1,125467.65
U46181,JC505051,Restorative Justice Coord,ESP,1,76370.99
U22811,JC000467,School Clerk Assistant,ESP,1,47466.1
U23031,JC500992,STLS Advocate,ESP,1,71821.26
U46471,JC000702,Parent Advocate,ESP,1,43447.53
U13610,JC504757,Post-Secondary Champion,ESP,1,72000
U12510,JC502012,"Mgr, IT Business Partnership",ESP,1,121000
U22301,JC000691,Technology Coordinator,ESP,1,109763.69
U24331,JC000710,Student Special Svc Advocate,ESP,1,78040.05
U26791,JC000691,Technology Coordinator,ESP,1,90240.65
U11540,JC000480,School Security Officer,ESP,1,48965.46
U22221,JC000071,English Learner Prg Teacher,Teacher,1,83089.96
U46481,JC000071,English Learner Prg Teacher,Teacher,1,83089.96
U12610,JC504525,Medicaid Compliance Manager,ESP,1,110975
U25841,JC600063,Case Manager,Teacher,1,111956.94
U25401,JC002983,Senior Security Officer,ESP,1,55871.25
U12510,JC504315,"Manager, Business Operations",ESP,1,120000
U22921,JC000463,Teacher Assistant,ESP,1,41649.96
U10842,JC502105,"ED, Insights & Research",ESP,1,176500.8
U10842,JC505119,Insights & Research Analyst,ESP,3,228375
U23771,JC000044,Curriculum And Instruct Coach,Teacher,1,106925.43
U25771,JC000071,English Learner Prg Teacher,Teacher,1,83089.96
U41111,JC000071,English Learner Prg Teacher,Teacher,1,83089.96
U26291,JC000071,English Learner Prg Teacher,Teacher,1,83089.96
U29201,JC000071,English Learner Prg Teacher,Teacher,1,83089.96
U23291,JC000042,Assistant Principal,Teacher,1,128848.7
U24641,JC000042,Assistant Principal,Teacher,1,148026.56
U11371,JC504555,Program Manager,ESP,1,81638
U29111,JC600755,Lead Coach,Teacher,1,90807.62
U23711,JC600755,Lead Coach,Teacher,1,90807.62
U11010,JC002501,School Clerk (Bilin Spanish),ESP,1,85478.63
U10615,JC501496,Student Safety Ctr Coordinator,ESP,1,65547.87
U14050,JC504651,Sr Business Operations Spec,ESP,1,77931.59
U26521,JC003015,Youth Intervention Specialist,ESP,1,81335.21
U45211,JC000691,Technology Coordinator,ESP,0.5,54881.84
U31221,JC000042,Assistant Principal,Teacher,1,143520
U22151,JC000466,School Counseling Office Asst,ESP,1,56355.85
U46461,JC000703,Parent Advocate-Bilingual,ESP,1,52785.2
U14040,JC505133,School Partnerships Manager,ESP,1,97047.86
U11220,JC505005,Records Coordinator,ESP,1,48537.72
U70070,JC000044,Curriculum And Instruct Coach,Teacher,1,117168.43
U23431,JC000476,Teacher Asst Bil Spanish,ESP,1,42020.68
U12440,JC504385,Cash Manager,ESP,1,125337.76
U53111,JC003501,School Social Svc Assistant,ESP,1,45865.89
U70020,JC000531,School Library Assistant,ESP,1,72173.64
U11910,JC501512,Real Estate Analyst,ESP,1,80967.89
U46361,JC003015,Youth Intervention Specialist,ESP,2,142928.4
U22331,JC990101,School Counselor,Teacher,1,127889.38
U24921,JC000042,Assistant Principal,Teacher,1,138745.92
U12610,JC504843,"Mgr, Grant Suppt & Impl",ESP,1,100255.05
U46491,JC500992,STLS Advocate,ESP,1,70568.16
U29031,JC000480,School Security Officer,ESP,1,46428.28
U25301,JC000691,Technology Coordinator,ESP,1,94551.93
U46331,JC990101,School Counselor,Teacher,3,371560.76
U46421,JC000691,Technology Coordinator,ESP,2,160313.98
U24671,JC000691,Technology Coordinator,ESP,1,76696.82
U31161,JC002770,Lunchroom Attendant,ESP,1,21212.3
U11201,JC501418,"ED, Access & Enrollment",ESP,1,171193.03
U46301,JC501186,At-Risk Student Coordinator,ESP,1,75600
U52011,JC600755,Lead Coach,Teacher,1,124023.57
U46381,JC000071,English Learner Prg Teacher,Teacher,1,83089.96
U23871,JC000041,Principal,Teacher,1,175547
U24841,JC000042,Assistant Principal,Teacher,1,144695.32
U22881,JC000041,Principal,Teacher,1,166349
U22261,JC000041,Principal,Teacher,1,168853.44
U24711,JC000041,Principal,Teacher,1,172395
U24471,JC000041,Principal,Teacher,1,173963
U24801,JC000041,Principal,Teacher,1,178020
U31201,JC002738,Elementary Lunchroom Manager,ESP,1,40210.95
U23131,JC002738,Elementary Lunchroom Manager,ESP,1,40210.95
U29021,JC002738,Elementary Lunchroom Manager,ESP,1,40210.95
U25231,JC000042,Assistant Principal,Teacher,2,267434
U53051,JC000041,Principal,Teacher,1,173963
U29161,JC000480,School Security Officer,ESP,2,101139.9
U24531,JC000041,Principal,Teacher,1,165019
U46381,JC000041,Principal,Teacher,1,177989
U25241,JC000041,Principal,Teacher,1,157435.02
U25301,JC000042,Assistant Principal,Teacher,1,148080
U26331,JC000041,Principal,Teacher,1,182352
U22661,JC000041,Principal,Teacher,1,159696.15
U26031,JC002738,Elementary Lunchroom Manager,ESP,1,40210.95
U24381,JC000480,School Security Officer,ESP,1,48965.46
U24451,JC002738,Elementary Lunchroom Manager,ESP,1,46400.71
U25911,JC002795,Porter,ESP,1,29773.63
U46431,JC002741,Cook II,ESP,1,31934.52
U46431,JC002795,Porter,ESP,1,29773.63
U24051,JC002738,Elementary Lunchroom Manager,ESP,2,82444.16
U23261,JC002770,Lunchroom Attendant,ESP,1,24747.69
U25791,JC002795,Porter,ESP,1,26051.93
U24791,JC990101,School Counselor,Teacher,1,100819.11
U26721,JC002740,Cook I,ESP,1,37587.29
U22811,JC002983,Senior Security Officer,ESP,1,64628.87
U25071,JC002738,Elementary Lunchroom Manager,ESP,1,40210.95
U25951,JC000055,Bilingual Teacher,Teacher,1,118816.31
U25471,JC002763,Associate Lunchroom Mgr III,ESP,1,30369.44
U46301,JC002501,School Clerk (Bilin Spanish),ESP,1,69807.58
U22201,JC000468,School Clerk,ESP,1,67496.35
U25191,JC002983,Senior Security Officer,ESP,2,135232.38
U23211,JC000042,Assistant Principal,Teacher,1,144799
U24841,JC002763,Associate Lunchroom Mgr III,ESP,1,30369.44
U55011,JC505114,Military Property Coordinator,ESP,1,47849.98
U46621,JC990101,School Counselor,Teacher,1,103300.01
U23531,JC990101,School Counselor,Teacher,1,78973.4
U29391,JC002795,Porter,ESP,1,27912.78
U22551,JC000480,School Security Officer,ESP,2,88802.31
U26251,JC002770,Lunchroom Attendant,ESP,1,17676.92
U22811,JC002770,Lunchroom Attendant,ESP,1,21212.3
U23261,JC990101,School Counselor,Teacher,1,121406.37
U25241,JC002770,Lunchroom Attendant,ESP,3,76904.65
U22491,JC002795,Porter,ESP,1,29773.63
U29111,JC002983,Senior Security Officer,ESP,1,61789.2
U23721,JC002763,Associate Lunchroom Mgr III,ESP,1,26573.26
U46421,JC002740,Cook I,ESP,1,37587.29
U23881,JC000041,Principal,Teacher,1,165995.44
U26451,JC000468,School Clerk,ESP,1,85478.63
U22811,JC002741,Cook II,ESP,1,34063.49
U25451,JC002983,Senior Security Officer,ESP,1,67616.19
U29371,JC990101,School Counselor,Teacher,1,96815.92
U22951,JC000054,Program Option Teacher,Teacher,1,98826.76
U24241,JC000463,Teacher Assistant,ESP,1,48128.11
U23101,JC000041,Principal,Teacher,1,161435.34
U23281,JC000041,Principal,Teacher,1,172582.11
U24661,JC002763,Associate Lunchroom Mgr III,ESP,1,26573.26
U11010,JC500154,Employee Records Manager,ESP,1,97075.44
U46171,JC000468,School Clerk,ESP,1,77998.78
U22231,JC002795,Porter,ESP,1,26051.93
U25441,JC002738,Elementary Lunchroom Manager,ESP,1,42233.21
U25391,JC002795,Porter,ESP,1,24191.07
U29201,JC002795,Porter,ESP,1,29773.63
U31211,JC002738,Elementary Lunchroom Manager,ESP,1,42233.21
U11010,JC504301,Benefits Specialist,ESP,2,124509.04
U31211,JC000468,School Clerk,ESP,1,82988.96
U24371,JC002738,Elementary Lunchroom Manager,ESP,1,40210.95
U22851,JC002738,Elementary Lunchroom Manager,ESP,1,42233.21
U46461,JC000042,Assistant Principal,Teacher,1,135565.8
U47101,JC002770,Lunchroom Attendant,ESP,2,45086.2
U22631,JC000041,Principal,Teacher,1,165995.44
U11210,JC504292,Performance Task Manager,ESP,1,107581.2
U11540,JC504334,Newcomer Services Specialist,ESP,1,80940
U24731,JC000469,Bilingual Sp Educ Classrm Asst,ESP,1,57106.57
U49101,JC000041,Principal,Teacher,1,170561.55
U30081,JC000042,Assistant Principal,Teacher,1,128848.7
U25601,JC002738,Elementary Lunchroom Manager,ESP,1,42233.21
U24821,JC002795,Porter,ESP,1,29773.63
U26331,JC002795,Porter,ESP,2,59547.26
U26831,JC002795,Porter,ESP,1,26051.93
U29101,JC000042,Assistant Principal,Teacher,1,132522
U29161,JC002738,Elementary Lunchroom Manager,ESP,1,40210.95
U26821,JC000041,Principal,Teacher,1,177412
U66112,JC002742,Cook III,ESP,1,26573.26
U23411,JC002501,School Clerk (Bilin Spanish),ESP,1,91462.13
U23791,JC000041,Principal,Teacher,1,178020
U29241,JC002763,Associate Lunchroom Mgr III,ESP,1,30369.44
U23001,JC002983,Senior Security Officer,ESP,1,61789.2
U32031,JC002738,Elementary Lunchroom Manager,ESP,1,46400.71
U23681,JC002501,School Clerk (Bilin Spanish),ESP,1,72896.06
U49081,JC000042,Assistant Principal,Teacher,1,137290
U29231,JC000480,School Security Officer,ESP,1,44567.84
U22801,JC002738,Elementary Lunchroom Manager,ESP,1,40210.95
U23711,JC002738,Elementary Lunchroom Manager,ESP,1,40210.95
U29111,JC002738,Elementary Lunchroom Manager,ESP,1,42233.21
U23511,JC002795,Porter,ESP,2,53964.71
U23621,JC000478,Teacher Assistant Bilingual,ESP,1,50395.7
U23551,JC002983,Senior Security Officer,ESP,1,58950.49
U23561,JC002738,Elementary Lunchroom Manager,ESP,1,39616.7
U24961,JC002795,Porter,ESP,1,29773.63
U22791,JC000041,Principal,Teacher,1,178020
U25191,JC002795,Porter,ESP,1,22330.22
U22331,JC000468,School Clerk,ESP,1,77998.78
U24301,JC000468,School Clerk,ESP,1,76637.9
U29071,JC002501,School Clerk (Bilin Spanish),ESP,1,72896.06
U31141,JC000468,School Clerk,ESP,1,74190.5
U24421,JC000468,School Clerk,ESP,1,69336.92
U24911,JC000468,School Clerk,ESP,1,74190.5
U25731,JC000468,School Clerk,ESP,1,74190.5
U25751,JC000468,School Clerk,ESP,1,72896.06
U22831,JC002741,Cook II,ESP,1,29805.55
U22251,JC000041,Principal,Teacher,1,167781.84
U11010,JC505106,Benefits Lead,ESP,1,79425.36
U14050,JC504871,"Director, OSHW",ESP,1,146763
U14050,JC505101,"Dir, Public Health Operations",ESP,1,106000
U26431,JC000480,School Security Officer,ESP,1,46428.28
U23581,JC000480,School Security Officer,ESP,1,48965.46
U55191,JC000480,School Security Officer,ESP,1,46428.28
U24441,JC000480,School Security Officer,ESP,2,100655.45
U26791,JC000469,Bilingual Sp Educ Classrm Asst,ESP,2,104654.9
U26141,JC000468,School Clerk,ESP,1,69336.92
U22821,JC002795,Porter,ESP,1,29773.63
U29251,JC002770,Lunchroom Attendant,ESP,1,21212.3
U53091,JC002741,Cook II,ESP,1,34063.49
U25561,JC002763,Associate Lunchroom Mgr III,ESP,1,30369.44
U46471,JC990101,School Counselor,Teacher,1,102287.91
U24461,JC000472,Special Education Support Clrk,ESP,1,85478.63
U22071,JC002795,Porter,ESP,1,29773.63
U23681,JC002738,Elementary Lunchroom Manager,ESP,1,42233.21
U23421,JC002795,Porter,ESP,1,29773.63
U49021,JC002777,Lunchroom Manager,ESP,1,51869.08
U24961,JC002741,Cook II,ESP,1,34063.49
U29321,JC000463,Teacher Assistant,ESP,1,57050.37
U26791,JC000463,Teacher Assistant,ESP,1,47098.78
U26291,JC000468,School Clerk,ESP,1,75811.9
U24241,JC002795,Porter,ESP,1,26051.93
U25751,JC000480,School Security Officer,ESP,1,51281.8
U22521,JC002738,Elementary Lunchroom Manager,ESP,1,46400.71
U11371,JC504930,ED Student Suppt & Engagement,ESP,1,156644.46
U11010,JC504637,"Manager, Workforce Analytics",ESP,1,131604.65
U47081,JC505151,School Operations Manager,ESP,1,109241.64
U23641,JC000042,Assistant Principal,Teacher,1,130060.36
U22971,JC000480,School Security Officer,ESP,1,46428.28
U22791,JC000468,School Clerk,ESP,1,72896.06
U23101,JC000468,School Clerk,ESP,1,85478.63
U25571,JC002770,Lunchroom Attendant,ESP,2,49495.38
U22221,JC002763,Associate Lunchroom Mgr III,ESP,1,30369.44
U31301,JC000041,Principal,Teacher,1,166235
U32081,JC003917,Instructor Assistant,ESP,1,64884.36
U51071,JC000041,Principal,Teacher,1,162577.49
U23101,JC002738,Elementary Lunchroom Manager,ESP,1,42233.21
U24721,JC002770,Lunchroom Attendant,ESP,2,51263.07
U29341,JC000480,School Security Officer,ESP,1,48965.46
U22831,JC002501,School Clerk (Bilin Spanish),ESP,1,88897.77
U22421,JC002501,School Clerk (Bilin Spanish),ESP,1,65951.55
U12510,JC501823,Sr Enterprise Tech Suppt Spec,ESP,2,192931.32
U14050,JC504747,Healthy CPS Manager,ESP,1,97171.83
U10814,JC502073,DL Dgn & Instr GenAI Integ Mgr,ESP,1,110975
U22721,JC990101,School Counselor,Teacher,1,109720.23
U22301,JC000480,School Security Officer,ESP,1,46428.28
U29071,JC000042,Assistant Principal,Teacher,1,129520.31
U46401,JC501043,Attendance Coordinator,ESP,1,64564.12
U32011,JC002738,Elementary Lunchroom Manager,ESP,1,40210.95
U26861,JC002777,Lunchroom Manager,ESP,1,51869.08
U26861,JC002795,Porter,ESP,1,26051.93
U46511,JC002795,Porter,ESP,1,29773.63
U29361,JC002795,Porter,ESP,1,26051.93
U23021,JC002983,Senior Security Officer,ESP,1,61789.2
U24071,JC000041,Principal,Teacher,1,174571
U26251,JC000468,School Clerk,ESP,1,70568.16
U23321,JC003917,Instructor Assistant,ESP,1,53781.89
U26831,JC002738,Elementary Lunchroom Manager,ESP,1,42233.21
U23491,JC002741,Cook II,ESP,1,29805.55
U41091,JC002763,Associate Lunchroom Mgr III,ESP,1,30369.44
U22591,JC000042,Assistant Principal,Teacher,1,132245.69
U46471,JC002777,Lunchroom Manager,ESP,1,51869.08
U53021,JC002795,Porter,ESP,1,29773.63
U24401,JC002738,Elementary Lunchroom Manager,ESP,1,40210.95
U22261,JC002738,Elementary Lunchroom Manager,ESP,1,40210.95
U26751,JC002763,Associate Lunchroom Mgr III,ESP,1,28471.35
U46391,JC000042,Assistant Principal,Teacher,1,143114
U24691,JC002738,Elementary Lunchroom Manager,ESP,1,46400.71
U24611,JC002738,Elementary Lunchroom Manager,ESP,1,42233.21
U31061,JC002795,Porter,ESP,1,29773.63
U24221,JC000468,School Clerk,ESP,1,76637.9
U46261,JC002770,Lunchroom Attendant,ESP,1,24747.69
U22691,JC002795,Porter,ESP,1,27912.78
U22381,JC002738,Elementary Lunchroom Manager,ESP,1,42233.21
U22381,JC002770,Lunchroom Attendant,ESP,1,21212.3
U24841,JC000468,School Clerk,ESP,1,69336.92
U25491,JC000468,School Clerk,ESP,1,85478.63
U25601,JC000468,School Clerk,ESP,1,82988.96
U25771,JC000468,School Clerk,ESP,1,72896.06
U25831,JC000468,School Clerk,ESP,1,71821.26
U25941,JC000468,School Clerk,ESP,1,69336.92
U24791,JC002741,Cook II,ESP,1,29805.55
U22371,JC000468,School Clerk,ESP,1,85478.63
U30141,JC000042,Assistant Principal,Teacher,1,150784
U24341,JC000041,Principal,Teacher,1,162932.95
U22611,JC000042,Assistant Principal,Teacher,1,148742
U15500,JC504419,"Dir, Demographics & Planning",ESP,1,131871.39
U29191,JC002501,School Clerk (Bilin Spanish),ESP,1,70568.16
U25991,JC002770,Lunchroom Attendant,ESP,1,22980
U29071,JC002762,Associate Lunchroom Mgr II,ESP,1,34063.49
U23391,JC000468,School Clerk,ESP,1,86308.52
U29121,JC000468,School Clerk,ESP,1,77998.78
U22651,JC000041,Principal,Teacher,1,177181
U25671,JC002738,Elementary Lunchroom Manager,ESP,1,40210.95
U24281,JC002795,Porter,ESP,1,29773.63
U25591,JC990101,School Counselor,Teacher,1,125933.4
U22441,JC002741,Cook II,ESP,1,34063.49
U12450,JC502071,"ED, Payroll Services",ESP,1,153000
U53101,JC000065,IB Coordinator,Teacher,3,344057.68
U46201,JC000065,IB Coordinator,Teacher,2,252472.72
U23531,JC000041,Principal,Teacher,1,177989
U25041,JC000041,Principal,Teacher,1,149033.91
U23301,JC000041,Principal,Teacher,1,167523.16
U22851,JC000042,Assistant Principal,Teacher,1,118000
U46171,JC000041,Principal,Teacher,1,162036
U26031,JC000041,Principal,Teacher,1,157160.69
U22411,JC200041,Interim Principal,Teacher,1,173079
U25291,JC000041,Principal,Teacher,1,163282
U24231,JC000041,Principal,Teacher,1,187063
U23251,JC990101,School Counselor,Teacher,1,120009.73
U24961,JC000065,IB Coordinator,Teacher,1,114508.77
U23991,JC000065,IB Coordinator,Teacher,2,227901.73
U46401,JC990101,School Counselor,Teacher,1,118997.36
U24781,JC000042,Assistant Principal,Teacher,1,139724
U25121,JC000042,Assistant Principal,Teacher,1,139329.18
U25361,JC000042,Assistant Principal,Teacher,1,134714.26
U25451,JC000042,Assistant Principal,Teacher,1,139724
U25591,JC000042,Assistant Principal,Teacher,1,132522
U10872,JC502074,"ED, Sustainable Community Sch",ESP,1,140000
U24471,JC000071,English Learner Prg Teacher,Teacher,1,83089.96
U22541,JC000071,English Learner Prg Teacher,Teacher,1,83089.96
U23491,JC000071,English Learner Prg Teacher,Teacher,1,83089.96
U26821,JC600755,Lead Coach,Teacher,1,90807.62
U23411,JC000467,School Clerk Assistant,ESP,1,58698.9
U31141,JC000041,Principal,Teacher,1,149350
U25661,JC000041,Principal,Teacher,1,162036
U24891,JC000041,Principal,Teacher,1,185365
U25731,JC000041,Principal,Teacher,1,157160.69
U22181,JC000041,Principal,Teacher,1,168281.67
U25841,JC000041,Principal,Teacher,1,172412.07
U23441,JC000041,Principal,Teacher,1,148401.72
U25141,JC000042,Assistant Principal,Teacher,1,135565.8
U41111,JC990101,School Counselor,Teacher,2,226841.6
U31301,JC600755,Lead Coach,Teacher,1,132604.64
U29051,JC600755,Lead Coach,Teacher,1,137399.83
U23291,JC600755,Lead Coach,Teacher,1,116015.99
U22941,JC000071,English Learner Prg Teacher,Teacher,1,83089.96
U25781,JC000071,English Learner Prg Teacher,Teacher,1,83089.96
U25211,JC000071,English Learner Prg Teacher,Teacher,1,83089.96
U22831,JC000071,English Learner Prg Teacher,Teacher,1,83089.96
U24461,JC003015,Youth Intervention Specialist,ESP,1,73729.27
U23671,JC000041,Principal,Teacher,1,168854
U22801,JC000041,Principal,Teacher,1,164329
U22231,JC000041,Principal,Teacher,1,157435.02
U22541,JC000041,Principal,Teacher,1,174542.09
U23051,JC000041,Principal,Teacher,1,171056
U25381,JC000041,Principal,Teacher,1,169976
U25121,JC200041,Interim Principal,Teacher,1,153518
U11385,JC500951,Application Data Specialist,ESP,2,124120.88
U46201,JC000042,Assistant Principal,Teacher,3,415674
U26351,JC000049,Regular Teacher,Teacher,19,1858673.46
U12610,JC504976,Chief Budget Officer,ESP,1,195868.66
U24081,JC000049,Regular Teacher,Teacher,16,1594331.35
U26791,JC500629,Special Education Teacher,Teacher,10,947736.33
U24231,JC500629,Special Education Teacher,Teacher,16,1529323.73
U23621,JC000464,Special Ed Classroom Assist,ESP,25,1166501.2
U46341,JC000701,School Community Representive,ESP,3,142516.01
U26391,JC000049,Regular Teacher,Teacher,24,2242461.45
U23901,JC000049,Regular Teacher,Teacher,15,1349672
U25571,JC000464,Special Ed Classroom Assist,ESP,24,1119322.09
U25351,JC000049,Regular Teacher,Teacher,16,1538034.03
U22181,JC000049,Regular Teacher,Teacher,29,2880221.63
U22701,JC000463,Teacher Assistant,ESP,1,57050.37
U25931,JC000049,Regular Teacher,Teacher,20,1702944.46
U26781,JC000042,Assistant Principal,Teacher,1,143520
U22321,JC000055,Bilingual Teacher,Teacher,6,641331.02
U22931,JC000049,Regular Teacher,Teacher,24,2140639.51
U25471,JC000055,Bilingual Teacher,Teacher,13,1273151.97
U46201,JC000049,Regular Teacher,Teacher,78,7854698.21
U47091,JC000049,Regular Teacher,Teacher,32.9,3472307.17
U26721,JC000055,Bilingual Teacher,Teacher,29,2840251.73
U26921,JC000464,Special Ed Classroom Assist,ESP,18,862171.63
U22581,JC000049,Regular Teacher,Teacher,33,3323802.8
U12510,JC504956,Information Security Team Lead,ESP,1,121344.3
U10430,JC501288,Data Strategist,ESP,2,130000
U49081,JC500629,Special Education Teacher,Teacher,23,2381078.08
U26391,JC000464,Special Ed Classroom Assist,ESP,13,574719.51
U46311,JC500629,Special Education Teacher,Teacher,55,5713874.75
U10450,JC505121,Senior Advisor to the CEO,ESP,2,320000
U26861,JC000049,Regular Teacher,Teacher,15,1327183.36
U26331,JC000049,Regular Teacher,Teacher,25,2403911.12
U45221,JC000042,Assistant Principal,Teacher,2,289598
U11940,JC002533,School Bus Aide,ESP,683,20643670.88
U31301,JC000464,Special Ed Classroom Assist,ESP,19,899003.75
U25571,JC000049,Regular Teacher,Teacher,24,2312195.7
U31281,JC000055,Bilingual Teacher,Teacher,3,260431.44
U25621,JC500629,Special Education Teacher,Teacher,4,447959.58
U26821,JC000464,Special Ed Classroom Assist,ESP,12,577936.06
U24771,JC000464,Special Ed Classroom Assist,ESP,10,524898.25
U23541,JC000469,Bilingual Sp Educ Classrm Asst,ESP,13,612762.77
U46171,JC000480,School Security Officer,ESP,7,343161.08
U46021,JC000049,Regular Teacher,Teacher,56.5,5814600.48
U29131,JC000049,Regular Teacher,Teacher,31.5,3247735.12
U22901,JC000464,Special Ed Classroom Assist,ESP,19,1016903.14
U26201,JC000464,Special Ed Classroom Assist,ESP,28,1361129.73
U53061,JC501043,Attendance Coordinator,ESP,1,81890.72
U24791,JC000464,Special Ed Classroom Assist,ESP,27,1346243.16
U24471,JC000464,Special Ed Classroom Assist,ESP,40,1968474.72
U22891,JC000469,Bilingual Sp Educ Classrm Asst,ESP,2,102542.97
U22431,JC000464,Special Ed Classroom Assist,ESP,21,985784.98
U23031,JC000042,Assistant Principal,Teacher,1,140019.37
U29281,JC000049,Regular Teacher,Teacher,54,5368943.06
U22341,JC000049,Regular Teacher,Teacher,26,2671431.23
U24821,JC000049,Regular Teacher,Teacher,34,3537755.85
U23501,JC000049,Regular Teacher,Teacher,23,2266192.93
U25441,JC000049,Regular Teacher,Teacher,26,2522292.55
U46021,JC002741,Cook II,ESP,1,34063.49
U22551,JC990101,School Counselor,Teacher,1,125832
U25911,JC990101,School Counselor,Teacher,1,99296.87
U53021,JC000480,School Security Officer,ESP,6,281682.23
U55171,JC000049,Regular Teacher,Teacher,18.5,1876171.87
U11010,JC502090,Associate HR Business Partner,ESP,2,150136
U29011,JC000049,Regular Teacher,Teacher,14,1424339.1
U26291,JC000049,Regular Teacher,Teacher,29,2873756.57
U46331,JC000480,School Security Officer,ESP,11,520304.2
U29401,JC000480,School Security Officer,ESP,3,143006.92
U02491,JC601270,Instructional Support Leader,Teacher,5,593525.07
U02421,JC601270,Instructional Support Leader,Teacher,3,379325.34
U02411,JC601270,Instructional Support Leader,Teacher,6,717997
U10872,JC500764,Program Coordinator,ESP,2,136372
U46311,JC000468,School Clerk,ESP,12,911264.82
U23591,JC000049,Regular Teacher,Teacher,33,3325606.44
U02441,JC601266,Chief of Schools,Teacher,1,175000
U02451,JC601266,Chief of Schools,Teacher,1,185000
U02471,JC601266,Chief of Schools,Teacher,1,180000
U23151,JC000049,Regular Teacher,Teacher,42,4360320.69
U23501,JC990101,School Counselor,Teacher,1,121057.2
U25031,JC000049,Regular Teacher,Teacher,33,3412146.48
U26921,JC000049,Regular Teacher,Teacher,62,6134132.26
U31301,JC500629,Special Education Teacher,Teacher,10,1050656.8
U22341,JC000464,Special Ed Classroom Assist,ESP,7,376889.28
U25711,JC000464,Special Ed Classroom Assist,ESP,13,617614.84
U22291,JC002762,Associate Lunchroom Mgr II,ESP,1,34063.49
U46101,JC000049,Regular Teacher,Teacher,65,6351037.8
U22771,JC000463,Teacher Assistant,ESP,1,42020.68
U12410,JC502086,Grants Accounting Team Lead,ESP,1,90444.73
U11880,JC004224,Factor Custodial Worker,ESP,26,2050859.2
U22681,JC000049,Regular Teacher,Teacher,25,2509045.56
U13737,JC504821,Athletic Program Administrator,ESP,10,827897.97
U25441,JC000463,Teacher Assistant,ESP,3,156357.71
U28151,JC500629,Special Education Teacher,Teacher,7,682980.9
U28151,JC200041,Interim Principal,Teacher,1,157655
U26091,JC000041,Principal,Teacher,1,154508.69
U26091,JC000049,Regular Teacher,Teacher,20,1879169.56
U26421,JC000049,Regular Teacher,Teacher,11,938550.48
U10910,JC504880,LSC Relations Specialist,ESP,11,932861.13
U26351,JC500629,Special Education Teacher,Teacher,5,510865.48
U22691,JC000049,Regular Teacher,Teacher,26,2908162.48
U22331,JC000049,Regular Teacher,Teacher,15,1444461.32
U30121,JC000464,Special Ed Classroom Assist,ESP,38,1844732.87
U22271,JC000049,Regular Teacher,Teacher,31,2957666.45
U24671,JC000049,Regular Teacher,Teacher,32,3348672.02
U46221,JC000531,School Library Assistant,ESP,1,55524.93
U23011,JC000049,Regular Teacher,Teacher,17,1715476.94
U46551,JC000480,School Security Officer,ESP,5,242943.39
U23031,JC000480,School Security Officer,ESP,2,107345.7
U46491,JC000480,School Security Officer,ESP,4,197497.7
U24341,JC000049,Regular Teacher,Teacher,45,3954950.79
U29071,JC000055,Bilingual Teacher,Teacher,10,1090596.45
U23851,JC990101,School Counselor,Teacher,1,104241.92
U20071,JC990101,School Counselor,Teacher,2,194460.71
U26141,JC000041,Principal,Teacher,1,179031
U22081,JC500629,Special Education Teacher,Teacher,17,1697901.11
U25841,JC500629,Special Education Teacher,Teacher,7,671699.13
U25351,JC000464,Special Ed Classroom Assist,ESP,12,590847.01
U26751,JC000049,Regular Teacher,Teacher,15,1559105.26
U23461,JC000049,Regular Teacher,Teacher,21.5,2133964.13
U25331,JC500629,Special Education Teacher,Teacher,10,912937.51
U24731,JC002795,Porter,ESP,3,87460.04
U22271,JC000055,Bilingual Teacher,Teacher,10,1059539.44
U22591,JC000049,Regular Teacher,Teacher,23,2315091.21
U24681,JC000049,Regular Teacher,Teacher,23,2262444.48
U22691,JC500629,Special Education Teacher,Teacher,13,1342393.5
U23501,JC000480,School Security Officer,ESP,1,53597.67
U22601,JC000049,Regular Teacher,Teacher,16,1450758.06
U23751,JC000049,Regular Teacher,Teacher,40,3901634.28
U23371,JC000049,Regular Teacher,Teacher,29,2980191.43
U24381,JC990101,School Counselor,Teacher,1,121334.95
U53011,JC002795,Porter,ESP,1,29773.63
U22341,JC000480,School Security Officer,ESP,1,48965.46
U10615,JC002986,Climate Team Officer,ESP,23,1364113.62
U29151,JC000049,Regular Teacher,Teacher,40,3880724.49
U25141,JC000049,Regular Teacher,Teacher,33,3347362.31
U24711,JC500629,Special Education Teacher,Teacher,5,561463.97
U23021,JC000049,Regular Teacher,Teacher,18,1829011.02
U10110,JC500065,Chief Of Staff to the BOE,ESP,1,180000
U10710,JC500522,"Director, Board Relations",ESP,1,122533.95
U22521,JC500629,Special Education Teacher,Teacher,11,1068375.29
U24571,JC000049,Regular Teacher,Teacher,30,2929834.08
U25291,JC000049,Regular Teacher,Teacher,24,2387869.11
U25881,JC000049,Regular Teacher,Teacher,25,2481823.59
U11870,JC501200,Sr Transportation Rtg Spclst,ESP,4,299839.28
U55011,JC002983,Senior Security Officer,ESP,1,53665.5
U22591,JC000531,School Library Assistant,ESP,1,61371.54
U24941,JC009907,Parent Worker - Other,ESP,1,15996.4
U53061,JC000531,School Library Assistant,ESP,1,56355.85
U46461,JC002501,School Clerk (Bilin Spanish),ESP,1,69336.92
U24021,JC000464,Special Ed Classroom Assist,ESP,23,1138132.29
U25681,JC000480,School Security Officer,ESP,2,109661.57
U24221,JC500629,Special Education Teacher,Teacher,10,986291.35
U25791,JC000049,Regular Teacher,Teacher,16,1573025.91
U23491,JC000055,Bilingual Teacher,Teacher,6,622639.92
U24771,JC002795,Porter,ESP,1,26051.93
U66691,JC002741,Cook II,ESP,1,34063.49
U22531,JC002741,Cook II,ESP,1,21212.3
U22371,JC002770,Lunchroom Attendant,ESP,2,49495.38
U23131,JC000042,Assistant Principal,Teacher,1,139526.59
U23591,JC002983,Senior Security Officer,ESP,1,55871.25
U02501,JC601270,Instructional Support Leader,Teacher,5,621741.97
U25631,JC000464,Special Ed Classroom Assist,ESP,7,378790.98
U12610,JC505129,Fiscal Monitoring Specialist,ESP,2,126825.45
U12610,JC500183,Financial Systems Analyst,ESP,1,88981.7
U41051,JC000049,Regular Teacher,Teacher,26,2437663.62
U25041,JC003917,Instructor Assistant,ESP,1,60639.59
U24201,JC000049,Regular Teacher,Teacher,19,1941821.02
U46261,JC200041,Interim Principal,Teacher,1,163393
U23551,JC000463,Teacher Assistant,ESP,1,48982.74
U22741,JC000055,Bilingual Teacher,Teacher,6,573240.62
U22931,JC000042,Assistant Principal,Teacher,1,134440
U25471,JC000463,Teacher Assistant,ESP,1,48982.74
U46431,JC002983,Senior Security Officer,ESP,2,132245.06
U26051,JC000049,Regular Teacher,Teacher,18.5,1557705.2
U24871,JC000463,Teacher Assistant,ESP,8,370307.44
U22871,JC000463,Teacher Assistant,ESP,5,237850.15
U46401,JC000464,Special Ed Classroom Assist,ESP,8,437921.31
U67021,JC002501,School Clerk (Bilin Spanish),ESP,2,179663.53
U23561,JC000049,Regular Teacher,Teacher,19,1870562.1
U23791,JC000049,Regular Teacher,Teacher,15,1576748.29
U29151,JC000055,Bilingual Teacher,Teacher,14,1452169.58
U23021,JC990101,School Counselor,Teacher,1,93845.92
U24981,JC000469,Bilingual Sp Educ Classrm Asst,ESP,6,262132.23
U22411,JC000464,Special Ed Classroom Assist,ESP,10,488680.8
U46681,JC000041,Principal,Teacher,1,156490.07
U22871,JC000464,Special Ed Classroom Assist,ESP,14,703447.67
U15500,JC501483,Senior Data Strategist,ESP,4,374222.8
U30081,JC000464,Special Ed Classroom Assist,ESP,13,683053.17
U31201,JC000049,Regular Teacher,Teacher,17,1593226.74
U30031,JC500629,Special Education Teacher,Teacher,18,2012851.1
U22951,JC002795,Porter,ESP,1,26051.93
U25361,JC500629,Special Education Teacher,Teacher,7,828157.82
U23821,JC500629,Special Education Teacher,Teacher,7,614878.02
U25381,JC003917,Instructor Assistant,ESP,1,60078.11
U25301,JC000049,Regular Teacher,Teacher,17,1772319.1
U23161,JC000468,School Clerk,ESP,1,69336.92
U20071,JC500629,Special Education Teacher,Teacher,13,1160334.51
U30051,JC500629,Special Education Teacher,Teacher,22,2205220.68
U22091,JC000480,School Security Officer,ESP,3,132912.82
U24231,JC002770,Lunchroom Attendant,ESP,6,107829.23
U26891,JC002795,Porter,ESP,1,22330.22
U46041,JC500629,Special Education Teacher,Teacher,13,1504316.02
U29201,JC000049,Regular Teacher,Teacher,27,2787329.73
U22541,JC000055,Bilingual Teacher,Teacher,2,207794.79
U46171,JC000042,Assistant Principal,Teacher,2,281652.26
U26291,JC002770,Lunchroom Attendant,ESP,1,20338.51
U22521,JC002770,Lunchroom Attendant,ESP,3,57678.48
U22101,JC990101,School Counselor,Teacher,1,114418.32
U22601,JC000480,School Security Officer,ESP,2,95555.96
U23251,JC000468,School Clerk,ESP,1,69336.92
U24171,JC002738,Elementary Lunchroom Manager,ESP,1,40210.95
U25231,JC000480,School Security Officer,ESP,2,95873.35
U23351,JC002795,Porter,ESP,1,24191.07
U23671,JC002795,Porter,ESP,1,29773.63
U25491,JC000041,Principal,Teacher,1,178020
U25521,JC500629,Special Education Teacher,Teacher,10,846963.94
U46181,JC002983,Senior Security Officer,ESP,3,191194.59
U25871,JC000468,School Clerk,ESP,1,80571.8
U26351,JC000468,School Clerk,ESP,2,159107.89
U22791,JC000480,School Security Officer,ESP,1,56063.9
U46421,JC002770,Lunchroom Attendant,ESP,4,97971.32
U46211,JC000042,Assistant Principal,Teacher,3,391814.25
U23881,JC500629,Special Education Teacher,Teacher,4,444935.2
U24201,JC000468,School Clerk,ESP,1,74190.5
U24871,JC000468,School Clerk,ESP,3,219196.95
U24311,JC000468,School Clerk,ESP,2,148707.96
U24471,JC000468,School Clerk,ESP,1,72896.06
U24721,JC002741,Cook II,ESP,1,34063.49
U46041,JC000480,School Security Officer,ESP,5,237048.38
U23281,JC000042,Assistant Principal,Teacher,1,142005.63
U53011,JC983600,Military Instructor,Teacher,2,183283.87
U11673,JC990100,Teacher-Citywide,Teacher,57,6086686.33
U29341,JC000041,Principal,Teacher,1,169003.64
U22601,JC000041,Principal,Teacher,1,183218
U22071,JC000041,Principal,Teacher,1,172395
U46361,JC002795,Porter,ESP,1,29773.63
U25841,JC002501,School Clerk (Bilin Spanish),ESP,2,174376.4
U22741,JC500629,Special Education Teacher,Teacher,16,1615832.5
U26631,JC500629,Special Education Teacher,Teacher,13,1304988.78
U46321,JC500629,Special Education Teacher,Teacher,16,1613036.19
U55151,JC000041,Principal,Teacher,1,163282
U23011,JC500629,Special Education Teacher,Teacher,8,775067.95
U41061,JC002795,Porter,ESP,1,26051.93
U25291,JC003917,Instructor Assistant,ESP,1,64884.36
U29401,JC002740,Cook I,ESP,1,37587.29
U24671,JC000468,School Clerk,ESP,1,74190.5
U41041,JC000041,Principal,Teacher,1,169248
U26251,JC000041,Principal,Teacher,1,157496
U23431,JC000041,Principal,Teacher,1,178020
U46321,JC002770,Lunchroom Attendant,ESP,2,49495.38
U41061,JC000480,School Security Officer,ESP,3,132979.84
U31121,JC000480,School Security Officer,ESP,2,95393.74
U29151,JC000041,Principal,Teacher,1,179031
U22231,JC000042,Assistant Principal,Teacher,2,257884.46
U53101,JC002740,Cook I,ESP,1,37587.29
U23971,JC000468,School Clerk,ESP,1,91462.13
U23231,JC000480,School Security Officer,ESP,1,56063.9
U26321,JC500629,Special Education Teacher,Teacher,4,380794.54
U30141,JC000480,School Security Officer,ESP,2,102492.18
U23651,JC000042,Assistant Principal,Teacher,1,143520
U46611,JC000041,Principal,Teacher,1,170808.77
U26521,JC000468,School Clerk,ESP,1,88798.19
U46631,JC000042,Assistant Principal,Teacher,2,264016.7
U30101,JC500629,Special Education Teacher,Teacher,3,275440.92
U22071,JC500629,Special Education Teacher,Teacher,10.5,1111343.36
U23081,JC000048,Head Teacher,Teacher,1,127579.6
U22861,JC000049,Regular Teacher,Teacher,19,1889946.57
U47081,JC990101,School Counselor,Teacher,7,782614.22
U53071,JC990101,School Counselor,Teacher,6,579973.81
U23721,JC000042,Assistant Principal,Teacher,1,149409
U23161,JC000049,Regular Teacher,Teacher,26,2791815.03
U49101,JC990101,School Counselor,Teacher,1,102288.26
U23071,JC000480,School Security Officer,ESP,2,95393.74
U25491,JC002763,Associate Lunchroom Mgr III,ESP,1,30369.44
U24071,JC002741,Cook II,ESP,1,34063.49
U46241,JC500629,Special Education Teacher,Teacher,18,2006507.17
U23911,JC990101,School Counselor,Teacher,2,239602.92
U51021,JC500629,Special Education Teacher,Teacher,6,615029.71
U22061,JC000469,Bilingual Sp Educ Classrm Asst,ESP,2,111052.42
U23721,JC000464,Special Ed Classroom Assist,ESP,11,513977.15
U47091,JC000469,Bilingual Sp Educ Classrm Asst,ESP,3,164202.5
U29041,JC000049,Regular Teacher,Teacher,14,1573110.16
U25341,JC000463,Teacher Assistant,ESP,1,46277.03
U24591,JC002770,Lunchroom Attendant,ESP,1,14141.54
U10210,JC500383,Senior Asst General Counsel,ESP,14,1638991.59
U11010,JC501183,"Director, Talent Acquisition",ESP,1,123278
U26541,JC002795,Porter,ESP,1,29773.63
U11880,JC502052,"Dir, Facilities Management Ops",ESP,1,124020
U55171,JC002795,Porter,ESP,1,29773.63
U26231,JC000464,Special Ed Classroom Assist,ESP,7,319545.45
U11010,JC505061,Reflect & Learn Manager,ESP,1,80915
U23611,JC000464,Special Ed Classroom Assist,ESP,18,820765.11
U10610,JC504438,Background Check Specialist,ESP,1,50399.65
U26651,JC000042,Assistant Principal,Teacher,1,136829
U25671,JC000041,Principal,Teacher,1,151749.72
U25151,JC000478,Teacher Assistant Bilingual,ESP,3,142109.15
U23101,JC000480,School Security Officer,ESP,2,96656.86
U23151,JC000480,School Security Officer,ESP,3,153844.93
U46181,JC002770,Lunchroom Attendant,ESP,5,106061.51
U23251,JC000041,Principal,Teacher,1,172395
U23041,JC000463,Teacher Assistant,ESP,4,184839.29
U24461,JC009907,Parent Worker - Other,ESP,1,15996.4
U26701,JC500629,Special Education Teacher,Teacher,8.5,724711.56
U53101,JC000480,School Security Officer,ESP,11,497053.16
U22251,JC002738,Elementary Lunchroom Manager,ESP,1,40210.95
U22141,JC000464,Special Ed Classroom Assist,ESP,17,789074.93
U25681,JC003917,Instructor Assistant,ESP,1,58873.38
U22221,JC000463,Teacher Assistant,ESP,2,103327.4
U12610,JC504928,"Deputy Chief, OBGM",ESP,1,164850
U29401,JC002795,Porter,ESP,2,59547.26
U22931,JC002738,Elementary Lunchroom Manager,ESP,1,42233.21
U23061,JC002770,Lunchroom Attendant,ESP,3,68940
U23061,JC002741,Cook II,ESP,1,29805.55
U46261,JC000480,School Security Officer,ESP,5,249238.67
U46641,JC000041,Principal,Teacher,1,158335.38
U26731,JC000049,Regular Teacher,Teacher,14,1363245.99
U29281,JC500629,Special Education Teacher,Teacher,8,789140.33
U26731,JC500629,Special Education Teacher,Teacher,18,1839639.34
U25911,JC000042,Assistant Principal,Teacher,1,127507.21
U25111,JC002762,Associate Lunchroom Mgr II,ESP,1,34063.49
U25191,JC002742,Cook III,ESP,1,26573.26
U22091,JC000464,Special Ed Classroom Assist,ESP,8,375828.07
U46271,JC002741,Cook II,ESP,1,34063.49
U24661,JC000480,School Security Officer,ESP,1,53597.67
U24471,JC002738,Elementary Lunchroom Manager,ESP,1,46400.71
U30101,JC002501,School Clerk (Bilin Spanish),ESP,1,69336.92
U22191,JC000049,Regular Teacher,Teacher,14,1308012.61
U25991,JC500629,Special Education Teacher,Teacher,12,1093530.65
U25141,JC000480,School Security Officer,ESP,1,56063.9
U23921,JC500629,Special Education Teacher,Teacher,10,910328.25
U22341,JC000463,Teacher Assistant,ESP,6,305471.85
U46641,JC002501,School Clerk (Bilin Spanish),ESP,1,72896.06
U46361,JC002763,Associate Lunchroom Mgr III,ESP,1,30369.44
U24771,JC002738,Elementary Lunchroom Manager,ESP,1,40210.95
U47021,JC000042,Assistant Principal,Teacher,3,373657.37
U52011,JC500629,Special Education Teacher,Teacher,8,947177.97
U22571,JC002738,Elementary Lunchroom Manager,ESP,1,42233.21
U22571,JC000042,Assistant Principal,Teacher,1,144695.32
U24451,JC002795,Porter,ESP,1,29773.63
U23461,JC002763,Associate Lunchroom Mgr III,ESP,2,56942.7
U26351,JC002742,Cook III,ESP,1,30369.44
U46371,JC002983,Senior Security Officer,ESP,1,67616.19
U23411,JC000055,Bilingual Teacher,Teacher,9,942213.06
U24841,JC000464,Special Ed Classroom Assist,ESP,12,541314.47
U24641,JC002501,School Clerk (Bilin Spanish),ESP,1,85478.63
U51091,JC002501,School Clerk (Bilin Spanish),ESP,1,88023.27
U23641,JC500629,Special Education Teacher,Teacher,9,805253.05
U23281,JC990101,School Counselor,Teacher,1,117119.37
U23281,JC002501,School Clerk (Bilin Spanish),ESP,1,80571.8
U24771,JC000480,School Security Officer,ESP,2,97930.92
U25401,JC000480,School Security Officer,ESP,2,96357.8
U22581,JC000464,Special Ed Classroom Assist,ESP,4,206408.13
U22031,JC000464,Special Ed Classroom Assist,ESP,11,551367.16
U23681,JC500629,Special Education Teacher,Teacher,8,772618.63
U24531,JC000463,Teacher Assistant,ESP,1,51497.08
U22821,JC000691,Technology Coordinator,ESP,1,80633.76
U22181,JC000463,Teacher Assistant,ESP,2,88885.11
U45231,JC990101,School Counselor,Teacher,2,221759.03
U22761,JC002770,Lunchroom Attendant,ESP,1,26515.38
U23771,JC505148,Safety & Security Coordinator,ESP,1,49633.9
U25731,JC000049,Regular Teacher,Teacher,10,1127434.54
U53101,JC000691,Technology Coordinator,ESP,4,454359.32
U23621,JC002738,Elementary Lunchroom Manager,ESP,1,46400.71
U30101,JC002738,Elementary Lunchroom Manager,ESP,1,40210.95
U25101,JC002770,Lunchroom Attendant,ESP,3,70707.68
U22101,JC000480,School Security Officer,ESP,2,90858.45
U41121,JC500629,Special Education Teacher,Teacher,8,783697.54
U25671,JC990101,School Counselor,Teacher,2,182724.66
U26421,JC000041,Principal,Teacher,1,178020
U26631,JC002770,Lunchroom Attendant,ESP,1,22980
U12510,JC504349,"Mgr, Technology Change Mgmt",ESP,1,115818.14
U12510,JC501967,"Dir, IT Ops & Service Mgmt",ESP,1,134543.75
U12510,JC504436,Software Engineer,ESP,1,98308.35
U30141,JC990101,School Counselor,Teacher,1,95129.07
U12510,JC504818,Platform Lead,ESP,4,466217.61
U22531,JC000055,Bilingual Teacher,Teacher,12,1082371.89
U24451,JC000469,Bilingual Sp Educ Classrm Asst,ESP,1,56494.11
U45211,JC000464,Special Ed Classroom Assist,ESP,6,297783.01
U23051,JC500629,Special Education Teacher,Teacher,10,1058343.04
U11070,JC504762,Evaluation Manager,ESP,1,102454.51
U25861,JC000049,Regular Teacher,Teacher,9,801606.89
U26281,JC500629,Special Education Teacher,Teacher,6.5,751794.92
U31121,JC002795,Porter,ESP,1,26051.93
U12510,JC504852,"Deputy Chief, ITS",ESP,1,190398.66
U22211,JC002770,Lunchroom Attendant,ESP,1,21212.3
U24801,JC002770,Lunchroom Attendant,ESP,1,21212.3
U24221,JC000041,Principal,Teacher,1,171056
U47031,JC990101,School Counselor,Teacher,1,78973.4
U45211,JC003917,Instructor Assistant,ESP,1,64884.36
U26721,JC002501,School Clerk (Bilin Spanish),ESP,2,166896.55
U24961,JC500629,Special Education Teacher,Teacher,7,736340.21
U26021,JC000480,School Security Officer,ESP,1,53597.67
U46131,JC000464,Special Ed Classroom Assist,ESP,7,371936.13
U24131,JC500629,Special Education Teacher,Teacher,11,1107369.15
U24991,JC000044,Curriculum And Instruct Coach,Teacher,1,137723.76
U24911,JC000463,Teacher Assistant,ESP,2,103382.84
U22711,JC002770,Lunchroom Attendant,ESP,1,21212.3
U23361,JC002770,Lunchroom Attendant,ESP,1,28283.07
U46361,JC000464,Special Ed Classroom Assist,ESP,10,534347.35
U23041,JC000468,School Clerk,ESP,2,167791.38
U23071,JC990101,School Counselor,Teacher,1,80377.41
U29391,JC000468,School Clerk,ESP,1,69336.92
U11910,JC001675,"Director, Real Estate",ESP,1,146999.95
U25431,JC000463,Teacher Assistant,ESP,4,213624.5
U22571,JC000480,School Security Officer,ESP,3,160793.01
U31181,JC009907,Parent Worker - Other,ESP,1,15996.4
U22681,JC000463,Teacher Assistant,ESP,2,94929.51
U12510,JC500764,Program Coordinator,ESP,1,83914
U46241,JC002777,Lunchroom Manager,ESP,1,58192.47
U24651,JC002770,Lunchroom Attendant,ESP,1,22980
U24691,JC000042,Assistant Principal,Teacher,1,142207
U24171,JC500629,Special Education Teacher,Teacher,6,541894.56
U22951,JC000468,School Clerk,ESP,2,155850.81
U46171,JC500629,Special Education Teacher,Teacher,13,1348990.79
U24511,JC000480,School Security Officer,ESP,1,45076
U24401,JC000468,School Clerk,ESP,2,159669.13
U12510,JC504355,"Dir, Enterprise Solution Deliv",ESP,1,160000
U25241,JC000468,School Clerk,ESP,1,88798.19
U23341,JC000055,Bilingual Teacher,Teacher,10,917833.63
U26231,JC000042,Assistant Principal,Teacher,1,144799
U22921,JC002770,Lunchroom Attendant,ESP,2,54798.45
U63081,JC002795,Porter,ESP,1,26051.93
U23141,JC000480,School Security Officer,ESP,1,53597.67
U23271,JC000463,Teacher Assistant,ESP,2,100081.35
U24971,JC000464,Special Ed Classroom Assist,ESP,5,234455.92
U26091,JC000464,Special Ed Classroom Assist,ESP,9,404725.34
U26521,JC000464,Special Ed Classroom Assist,ESP,11,495708.77
U24381,JC500629,Special Education Teacher,Teacher,8.5,826037.32
U51021,JC002742,Cook III,ESP,1,26573.26
U23221,JC000480,School Security Officer,ESP,1,46428.28
U31181,JC002741,Cook II,ESP,1,34063.49
U46301,JC002777,Lunchroom Manager,ESP,1,55748.03
U25791,JC002738,Elementary Lunchroom Manager,ESP,1,40210.95
U26321,JC002738,Elementary Lunchroom Manager,ESP,1,40210.95
U23211,JC000468,School Clerk,ESP,1,68589.61
U24371,JC000468,School Clerk,ESP,1,72896.06
U47031,JC000049,Regular Teacher,Teacher,10,981724.72
U25071,JC000463,Teacher Assistant,ESP,3,137508.15
U20071,JC000042,Assistant Principal,Teacher,2,298864
U46281,JC000691,Technology Coordinator,ESP,2,184947.92
U02521,JC601270,Instructional Support Leader,Teacher,5,569104.05
U26441,JC000042,Assistant Principal,Teacher,1,148080
U27091,JC990101,School Counselor,Teacher,1,100091.2
U27091,JC002738,Elementary Lunchroom Manager,ESP,1,42233.21
U46551,JC000468,School Clerk,ESP,2,147086.56
U47021,JC000464,Special Ed Classroom Assist,ESP,20,969420
U22281,JC990101,School Counselor,Teacher,1,78973.4
U25021,JC002738,Elementary Lunchroom Manager,ESP,1,40210.95
U29151,JC002795,Porter,ESP,2,52103.85
U23991,JC002795,Porter,ESP,1,26051.93
U24871,JC000480,School Security Officer,ESP,1,48965.46
U31041,JC000041,Principal,Teacher,1,169003.64
U22441,JC000042,Assistant Principal,Teacher,2,278834.63
U22991,JC990101,School Counselor,Teacher,1,80377.39
U25231,JC000464,Special Ed Classroom Assist,ESP,9,486666.56
U25411,JC000464,Special Ed Classroom Assist,ESP,17,857661.88
U23041,JC000464,Special Ed Classroom Assist,ESP,8,410626.47
U25661,JC000042,Assistant Principal,Teacher,1,131969.39
U12625,JC504631,"Manager, Non-Public Programs",ESP,1,102958.08
U25831,JC000464,Special Ed Classroom Assist,ESP,20,872760.41
U53071,JC000464,Special Ed Classroom Assist,ESP,19,932699.24
U29281,JC990101,School Counselor,Teacher,2,242707.47
U24371,JC000480,School Security Officer,ESP,1,53597.67
U25431,JC500629,Special Education Teacher,Teacher,13,1234558.91
U46681,JC000049,Regular Teacher,Teacher,28,2543181.91
U53051,JC000049,Regular Teacher,Teacher,21,1833538.68
U46401,JC000042,Assistant Principal,Teacher,1,133032.48
U46131,JC983600,Military Instructor,Teacher,3,293333.19
U22131,JC000464,Special Ed Classroom Assist,ESP,7,357175.1
U23801,JC000469,Bilingual Sp Educ Classrm Asst,ESP,2,112748.47
U26421,JC002795,Porter,ESP,1,29773.63
U23791,JC002770,Lunchroom Attendant,ESP,2,45959.99
U46341,JC000464,Special Ed Classroom Assist,ESP,4,199495.34
U22581,JC000041,Principal,Teacher,1,162036
U22341,JC990101,School Counselor,Teacher,2,178715.64
U24551,JC000464,Special Ed Classroom Assist,ESP,17,749519.08
U29041,JC002795,Porter,ESP,1,26051.93
U46211,JC002983,Senior Security Officer,ESP,1,64628.87
U46481,JC200041,Interim Principal,Teacher,1,160387
U29311,JC002763,Associate Lunchroom Mgr III,ESP,1,26573.26
U46421,JC000042,Assistant Principal,Teacher,3,429813.59
U11860,JC500105,Database Specialist,ESP,1,68597.79
U11880,JC504551,Quality Assurance Specialist,ESP,1,90982.95
U11880,JC504412,Staffing Specialist,ESP,3,172812.13
U23631,JC500629,Special Education Teacher,Teacher,2,220971.37
U11010,JC501962,"ED, Training & Leadership Devl",ESP,1,159600
U11870,JC501203,Transportation CS Rep.,ESP,4,178491.43
U25121,JC500629,Special Education Teacher,Teacher,4,354926.68
U26621,JC000463,Teacher Assistant,ESP,1,46591.16
U29071,JC000041,Principal,Teacher,1,160387
U66351,JC002742,Cook III,ESP,1,30369.44
U02541,JC505097,"Dir, Schl Leadership Pipeline",ESP,1,133583.53
U47051,JC500629,Special Education Teacher,Teacher,6,666495.12
U22751,JC002501,School Clerk (Bilin Spanish),ESP,1,69336.92
U23001,JC002795,Porter,ESP,2,48382.15
U22321,JC002795,Porter,ESP,1,22330.22
U24531,JC002770,Lunchroom Attendant,ESP,3,67172.29
U55011,JC002795,Porter,ESP,1,29773.63
U12510,JC504875,Service Management Team Lead,ESP,1,87385.2
U24531,JC002501,School Clerk (Bilin Spanish),ESP,1,86308.52
U22241,JC002763,Associate Lunchroom Mgr III,ESP,1,26573.26
U23411,JC002741,Cook II,ESP,1,34063.49
U46381,JC002983,Senior Security Officer,ESP,2,126418.07
U26591,JC002742,Cook III,ESP,1,24675.17
U25681,JC002762,Associate Lunchroom Mgr II,ESP,1,34063.49
U24511,JC000468,School Clerk,ESP,1,88897.77
U22241,JC002795,Porter,ESP,1,24191.07
U23801,JC002738,Elementary Lunchroom Manager,ESP,1,46400.71
U24361,JC990101,School Counselor,Teacher,2,196840.65
U22481,JC000041,Principal,Teacher,1,161872.99
U23921,JC002795,Porter,ESP,1,26051.93
U23001,JC002770,Lunchroom Attendant,ESP,1,19444.61
U41121,JC002741,Cook II,ESP,1,29805.55
U29311,JC000464,Special Ed Classroom Assist,ESP,6,331352.65
U24381,JC000464,Special Ed Classroom Assist,ESP,9,463799.1
U25861,JC000480,School Security Officer,ESP,1,41117.49
U47081,JC002795,Porter,ESP,1,29773.63
U67021,JC200041,Interim Principal,Teacher,1,153518
U53071,JC000041,Principal,Teacher,1,177082
U12510,JC500730,Information Security Engineer,ESP,1,96557.74
U12510,JC501214,Business Operations Specialist,ESP,1,85000
U12510,JC500896,Telecom Infrastructure Manager,ESP,1,127621
U23921,JC002738,Elementary Lunchroom Manager,ESP,1,40210.95
U26141,JC002795,Porter,ESP,1,29773.63
U26141,JC002770,Lunchroom Attendant,ESP,2,46781.07
U26231,JC002763,Associate Lunchroom Mgr III,ESP,2,56942.7
U13737,JC007808,Head Stadium Attendant,ESP,1,73078.38
U22591,JC002738,Elementary Lunchroom Manager,ESP,1,40210.95
U22041,JC000041,Principal,Teacher,1,164543.77
U29041,JC500629,Special Education Teacher,Teacher,3,362365.24
U31101,JC000480,School Security Officer,ESP,2,112127.8
U12510,JC501485,"Director, Web Services",ESP,1,154438.2
U25381,JC000468,School Clerk,ESP,1,75811.9
U23461,JC003917,Instructor Assistant,ESP,1,51713.36
U26201,JC000480,School Security Officer,ESP,4,201237.27
U24661,JC990101,School Counselor,Teacher,1,109090.03
U22321,JC002770,Lunchroom Attendant,ESP,2,42424.6
U14060,JC504555,Program Manager,ESP,1,96557.74
U46521,JC990101,School Counselor,Teacher,1,118861.44
U23881,JC990101,School Counselor,Teacher,1,118722.21
U23341,JC002795,Porter,ESP,1,27912.78
U31161,JC002795,Porter,ESP,1,29773.63
U25191,JC002770,Lunchroom Attendant,ESP,1,19444.61
U26601,JC002795,Porter,ESP,1,29773.63
U25061,JC990101,School Counselor,Teacher,1,80158.29
U23321,JC000468,School Clerk,ESP,1,85478.63
U45211,JC002777,Lunchroom Manager,ESP,1,55748.03
U29171,JC000041,Principal,Teacher,1,157496
U47091,JC002770,Lunchroom Attendant,ESP,2,45960
U24741,JC000480,School Security Officer,ESP,2,100247.26
U25361,JC002795,Porter,ESP,2,59547.26
U22661,JC002741,Cook II,ESP,1,31934.52
U23201,JC002795,Porter,ESP,1,26051.93
U25731,JC002738,Elementary Lunchroom Manager,ESP,1,40210.95
U22861,JC002795,Porter,ESP,1,29773.63
U23581,JC002795,Porter,ESP,1,27912.78
U23551,JC000042,Assistant Principal,Teacher,1,148080
U22331,JC000480,School Security Officer,ESP,1,51281.8
U47021,JC000691,Technology Coordinator,ESP,1,116831.44
U22391,JC002795,Porter,ESP,1,29773.63
U24661,JC000468,School Clerk,ESP,1,70568.16
U24771,JC000468,School Clerk,ESP,1,75811.9
U24941,JC002501,School Clerk (Bilin Spanish),ESP,1,75811.9
U12510,JC501759,Business Analyst,ESP,3,271369.98
U24051,JC000041,Principal,Teacher,1,189714
U25671,JC500629,Special Education Teacher,Teacher,6,538028.22
U23811,JC002795,Porter,ESP,1,29773.63
U25621,JC000468,School Clerk,ESP,1,85478.63
U25581,JC000042,Assistant Principal,Teacher,1,126470.6
U24311,JC500629,Special Education Teacher,Teacher,4,445713.59
U24891,JC000055,Bilingual Teacher,Teacher,1,99421.11
U23421,JC002738,Elementary Lunchroom Manager,ESP,1,42233.21
U25771,JC002770,Lunchroom Attendant,ESP,1,22980
U26331,JC002740,Cook I,ESP,1,37587.29
U23541,JC600063,Case Manager,Teacher,1,87472.03
U23621,JC600063,Case Manager,Teacher,1.5,158280.47
U24131,JC600063,Case Manager,Teacher,1,94272.65
U46271,JC505051,Restorative Justice Coord,ESP,1,56872.5
U31261,JC000065,IB Coordinator,Teacher,1,118163.45
U41121,JC505051,Restorative Justice Coord,ESP,1,69095.44
U24341,JC600063,Case Manager,Teacher,1.5,150789.02
U22751,JC000042,Assistant Principal,Teacher,2,296138
U22631,JC505051,Restorative Justice Coord,ESP,1,80291.2
U46191,JC000468,School Clerk,ESP,2,125816.88
U46251,JC000480,School Security Officer,ESP,12,564453
U02551,JC500164,Executive Assistant,ESP,1,66250
U11540,JC000468,School Clerk,ESP,1,65240.73
U23151,JC000464,Special Ed Classroom Assist,ESP,16,772589.72
U11672,JC600063,Case Manager,Teacher,4,430526.85
U24811,JC000042,Assistant Principal,Teacher,1,143520
U26201,JC000044,Curriculum And Instruct Coach,Teacher,1,62924.52
U24221,JC000464,Special Ed Classroom Assist,ESP,10,465126.44
U12610,JC500842,Grant Writer,ESP,1,68900
U12430,JC500970,Senior Accountant,ESP,1,74327.24
U25681,JC505051,Restorative Justice Coord,ESP,1,76370.99
U25841,JC505051,Restorative Justice Coord,ESP,1,75038.51
U26061,JC500629,Special Education Teacher,Teacher,4,379556.33
U46691,JC505151,School Operations Manager,ESP,1,102648
U23721,JC000071,English Learner Prg Teacher,Teacher,1,83089.96
U25441,JC000467,School Clerk Assistant,ESP,2,97411
U23731,JC600063,Case Manager,Teacher,0.5,50709.39
U25111,JC600063,Case Manager,Teacher,1.5,181996.91
U23421,JC600063,Case Manager,Teacher,0.5,54845.51
U22271,JC600063,Case Manager,Teacher,1,104407.64
U26831,JC600063,Case Manager,Teacher,1,121372.2
U23141,JC000464,Special Ed Classroom Assist,ESP,3,147037.38
U26891,JC000042,Assistant Principal,Teacher,1,125810
U26931,JC990101,School Counselor,Teacher,2,225299.39
U23041,JC000462,School Assistant,ESP,1,49947.97
U22691,JC000044,Curriculum And Instruct Coach,Teacher,1,124105.25
U26821,JC505051,Restorative Justice Coord,ESP,1,75038.51
U23311,JC505051,Restorative Justice Coord,ESP,1,76370.99
U22441,JC505051,Restorative Justice Coord,ESP,1,56872.5
U24471,JC000478,Teacher Assistant Bilingual,ESP,2,92693.49
U24311,JC600063,Case Manager,Teacher,0.5,41544.98
U22381,JC600063,Case Manager,Teacher,1,84467.48
U23641,JC600063,Case Manager,Teacher,1,98279.99
U25451,JC600063,Case Manager,Teacher,0.5,41544.98
U11540,JC000478,Teacher Assistant Bilingual,ESP,20,833328.01
U30101,JC000071,English Learner Prg Teacher,Teacher,1,83089.96
U23851,JC000071,English Learner Prg Teacher,Teacher,1,83089.96
U26301,JC000071,English Learner Prg Teacher,Teacher,1,83089.96
U26791,JC000071,English Learner Prg Teacher,Teacher,2,166179.92
U24051,JC000071,English Learner Prg Teacher,Teacher,2,166179.92
U22631,JC000071,English Learner Prg Teacher,Teacher,2,166179.92
U24071,JC000467,School Clerk Assistant,ESP,1,45956.12
U25351,JC000467,School Clerk Assistant,ESP,1,41578.07
U29281,JC600755,Lead Coach,Teacher,1,90807.62
U22511,JC600063,Case Manager,Teacher,1,83089.96
U22531,JC600063,Case Manager,Teacher,1,83089.96
U22751,JC600063,Case Manager,Teacher,1,100104.65
U53051,JC990101,School Counselor,Teacher,2,175799.92
U31141,JC600063,Case Manager,Teacher,0.5,41544.98
U41051,JC600063,Case Manager,Teacher,1,101088.16
U22891,JC600063,Case Manager,Teacher,1,86310.25
U29401,JC990101,School Counselor,Teacher,3,275000.47
U11610,JC601827,Mgr Deaf/Hard of Hearing Prog.,Teacher,1,116931.78
U23361,JC000071,English Learner Prg Teacher,Teacher,1,83089.96
U23031,JC000071,English Learner Prg Teacher,Teacher,1,83089.96
U55181,JC000071,English Learner Prg Teacher,Teacher,1,83089.96
U25911,JC000071,English Learner Prg Teacher,Teacher,1,83089.96
U32021,JC000464,Special Ed Classroom Assist,ESP,12,603005.76
U46301,JC000691,Technology Coordinator,ESP,1,79094.24
U22811,JC000463,Teacher Assistant,ESP,1,36874.24
U24101,JC600063,Case Manager,Teacher,1,90096.23
U26251,JC600063,Case Manager,Teacher,0.5,41544.98
U25141,JC000467,School Clerk Assistant,ESP,1,50513.96
U11673,JC601813,"RSP Mgr, Speech & Audiology",Teacher,1,94000
U29271,JC000464,Special Ed Classroom Assist,ESP,13,598514.01
U23001,JC990101,School Counselor,Teacher,1,111263.81
U23521,JC000464,Special Ed Classroom Assist,ESP,6,275380.62
U25151,JC000042,Assistant Principal,Teacher,2,280114.36
U47061,JC000065,IB Coordinator,Teacher,3,375983.87
U25621,JC000071,English Learner Prg Teacher,Teacher,0.5,41544.98
U22211,JC000071,English Learner Prg Teacher,Teacher,0.5,41544.98
U24911,JC000071,English Learner Prg Teacher,Teacher,0.5,41544.98
U25351,JC000071,English Learner Prg Teacher,Teacher,0.5,41544.98
U46621,JC000071,English Learner Prg Teacher,Teacher,0.5,41544.98
U26181,JC000049,Regular Teacher,Teacher,22,2256820.22
U46301,JC600063,Case Manager,Teacher,1.5,136467.38
U26931,JC600063,Case Manager,Teacher,2.5,284530.06
U46391,JC600063,Case Manager,Teacher,1.5,136026.82
U29201,JC000478,Teacher Assistant Bilingual,ESP,2,91003.42
U22521,JC000071,English Learner Prg Teacher,Teacher,2,166179.92
U25571,JC000071,English Learner Prg Teacher,Teacher,2,166179.92
U23611,JC000071,English Learner Prg Teacher,Teacher,2,166179.92
U24331,JC000071,English Learner Prg Teacher,Teacher,0.5,41544.98
U22311,JC000462,School Assistant,ESP,1,44401.18
U24191,JC990101,School Counselor,Teacher,2,186717.96
U25631,JC990101,School Counselor,Teacher,2,221877.09
U53091,JC983600,Military Instructor,Teacher,3,227623.48
U24691,JC990101,School Counselor,Teacher,2,194796.5
U29141,JC600446,School Culture Coordinator,Teacher,1,78914
U26331,JC000462,School Assistant,ESP,1,36546.64
U26701,JC000049,Regular Teacher,Teacher,14,1134497.05
U13725,JC501847,Education for Employment Mgr,ESP,1,88000
U22061,JC000044,Curriculum And Instruct Coach,Teacher,1,62924.52
U25361,JC000691,Technology Coordinator,ESP,0.5,41032.8
U10842,JC502062,Research Operations Lead,ESP,1,87698.84
U25381,JC000691,Technology Coordinator,ESP,1,88666.17
U45221,JC002777,Lunchroom Manager,ESP,1,51869.08
U22161,JC500629,Special Education Teacher,Teacher,7,693654.43
U49051,JC000466,School Counseling Office Asst,ESP,1,54268.6
U26181,JC002795,Porter,ESP,1,22330.22
U66617,JC002795,Porter,ESP,1,26051.93
U66627,JC002763,Associate Lunchroom Mgr III,ESP,1,30369.44
U26321,JC990101,School Counselor,Teacher,1,125725.73
U70020,JC000039,Part-Time Teacher,Teacher,1,115082.04
U22501,JC002770,Lunchroom Attendant,ESP,1,21212.3
U23001,JC002738,Elementary Lunchroom Manager,ESP,2,82444.16
U25361,JC002742,Cook III,ESP,2,53146.52
U23971,JC002770,Lunchroom Attendant,ESP,1,24747.69
U23271,JC002770,Lunchroom Attendant,ESP,1,14141.54
U23101,JC600063,Case Manager,Teacher,1,115301.99
U66631,JC002795,Porter,ESP,1,29773.63
U23211,JC500629,Special Education Teacher,Teacher,3,245086.61
U23251,JC500629,Special Education Teacher,Teacher,2,226322.21
U23871,JC000463,Teacher Assistant,ESP,1,44193.92
U12210,JC501898,Vendor Performance Specialist,ESP,1,85000
U46511,JC000469,Bilingual Sp Educ Classrm Asst,ESP,1,45119.94
U46101,JC000044,Curriculum And Instruct Coach,Teacher,1,125251.17
U24871,JC000044,Curriculum And Instruct Coach,Teacher,1,130150.42
U20071,JC000044,Curriculum And Instruct Coach,Teacher,1,119350.59
U29011,JC500629,Special Education Teacher,Teacher,4,390438.33
U23001,JC000480,School Security Officer,ESP,3,137827.56
U25731,JC000469,Bilingual Sp Educ Classrm Asst,ESP,4,181968.02
U25841,JC000464,Special Ed Classroom Assist,ESP,2,113382.59
U46141,JC505150,School Bus Ops Administrator,ESP,1,79053.58
U22541,JC002741,Cook II,ESP,1,29805.55
U13727,JC502089,"Mgr, Career Connected Pathwys",ESP,1,95000
U22151,JC003429,Ed Sign Language Interpreter,ESP,1,60521.04
U26701,JC000071,English Learner Prg Teacher,Teacher,2,166179.92
U22141,JC000071,English Learner Prg Teacher,Teacher,2,166179.92
U46241,JC000071,English Learner Prg Teacher,Teacher,3,249269.88
U23591,JC000071,English Learner Prg Teacher,Teacher,3,249269.88
U24201,JC000072,Dual Language Coordinator,Teacher,1,83089.96
U22881,JC000072,Dual Language Coordinator,Teacher,1,83089.96
U25581,JC000072,Dual Language Coordinator,Teacher,1,83089.96
U24221,JC500992,STLS Advocate,ESP,1,58478.98
U55151,JC000464,Special Ed Classroom Assist,ESP,4,182277.75
U23081,JC000042,Assistant Principal,Teacher,2,266080
U23731,JC000071,English Learner Prg Teacher,Teacher,1,83089.96
U46691,JC000042,Assistant Principal,Teacher,2,259749.08
U23521,JC000463,Teacher Assistant,ESP,3,145969.6
U29241,JC000463,Teacher Assistant,ESP,1,52824.42
U12510,JC504571,Facilities Automation Arch,ESP,1,127621
U11540,JC501985,Support Coordinator,ESP,1,54600
U23451,JC002983,Senior Security Officer,ESP,1,41934.55
U23211,JC000463,Teacher Assistant,ESP,1,36874.24
U24191,JC000691,Technology Coordinator,ESP,1,95400.96
U29171,JC000042,Assistant Principal,Teacher,1,143314.67
U22321,JC000071,English Learner Prg Teacher,Teacher,2,166179.92
U24951,JC003015,Youth Intervention Specialist,ESP,1,72012.93
U22231,JC000691,Technology Coordinator,ESP,1,93217.5
U23381,JC600063,Case Manager,Teacher,1,97022.76
U46691,JC000464,Special Ed Classroom Assist,ESP,7,314753.81
U12510,JC502119,Master Data Management Spec,ESP,2,201836.02
U46191,JC000691,Technology Coordinator,ESP,1,61113.2
U25331,JC000691,Technology Coordinator,ESP,1,94872.8
U25941,JC000480,School Security Officer,ESP,2,96357.8
U12010,JC504932,Program Assistant,ESP,1,61200
U25681,JC000071,English Learner Prg Teacher,Teacher,3,249269.88
U26281,JC000067,Personalized Learning Coordinator,Teacher,1,126955.09
U24631,JC000042,Assistant Principal,Teacher,1,129796.61
U02551,JC504547,Network Operations Manager,ESP,1,117000
U46171,JC990101,School Counselor,Teacher,3,343167.14
U25191,JC990101,School Counselor,Teacher,2,208705.69
U26381,JC990101,School Counselor,Teacher,1,104128.22
U10406,JC502116,Lead FOIA Officer,ESP,1,75000
U29051,JC000464,Special Ed Classroom Assist,ESP,5,235591.2
U26431,JC003917,Instructor Assistant,ESP,1,52064.39
U11210,JC500019,Assessment Manager,ESP,3,355935.62
U23241,JC505051,Restorative Justice Coord,ESP,1,84412.64
U25121,JC000464,Special Ed Classroom Assist,ESP,6,264937.99
U12010,JC501792,Staffing Analyst,ESP,1,68000
U23441,JC000042,Assistant Principal,Teacher,1,124780
U29411,JC000065,IB Coordinator,Teacher,1,112878.02
U22521,JC000467,School Clerk Assistant,ESP,1,52534.51
U24781,JC600063,Case Manager,Teacher,1,114418.32
U23561,JC600063,Case Manager,Teacher,0.5,53766.07
U26031,JC600063,Case Manager,Teacher,1,99634.7
U22941,JC000055,Bilingual Teacher,Teacher,2,224012.44
U24431,JC003015,Youth Intervention Specialist,ESP,1,72642.19
U29041,JC003917,Instructor Assistant,ESP,1,62994.52
U02441,JC990100,Teacher-Citywide,Teacher,1,138259.78
U25091,JC600063,Case Manager,Teacher,1,98331.76
U11545,JC601849,Inclusive Responsive Educ Mgr,Teacher,1,120500
U23081,JC000468,School Clerk,ESP,2,164709.67
U23611,JC000468,School Clerk,ESP,1,77158.12
U26291,JC000055,Bilingual Teacher,Teacher,1,72715.57
U11010,JC500073,"Director, Benefits",ESP,1,126700.56
U29121,JC000480,School Security Officer,ESP,3,120166.84
U25011,JC000710,Student Special Svc Advocate,ESP,1,86455.66
U51091,JC000466,School Counseling Office Asst,ESP,1,69475.56
U46421,JC600063,Case Manager,Teacher,2,204308.81
U25911,JC600063,Case Manager,Teacher,1,92802.47
U26721,JC600063,Case Manager,Teacher,1,83089.96
U24611,JC000042,Assistant Principal,Teacher,1,143520
U46491,JC505150,School Bus Ops Administrator,ESP,1,83000.46
U11890,JC500006,Administrative Assistant,ESP,1,57750
U10615,JC502004,"Saf & Security Mgr, Safety Ops",ESP,1,102542.44
U25471,JC000480,School Security Officer,ESP,3,148920.46
U47041,JC500446,School Culture Coordinator,ESP,1,78280
U25761,JC002770,Lunchroom Attendant,ESP,1,23728.26
U22511,JC003501,School Social Svc Assistant,ESP,1,46680.35
U46181,JC002501,School Clerk (Bilin Spanish),ESP,1,88897.77
U29371,JC500629,Special Education Teacher,Teacher,4,391663.52
U23021,JC002520,Teacher Asst-Montessori Prm,ESP,17,826344.5
U22871,JC002770,Lunchroom Attendant,ESP,3,62763.11
U46491,JC000702,Parent Advocate,ESP,2,114123.36
U32081,JC000710,Student Special Svc Advocate,ESP,1,70129.44
U25991,JC000467,School Clerk Assistant,ESP,1,53106.9
U46691,JC002501,School Clerk (Bilin Spanish),ESP,1,63845.42
U02541,JC500390,Sr Communications Specialist,ESP,1,96500
U11540,JC600011,World Language Education Spec,Teacher,2,218892.66
U23221,JC600063,Case Manager,Teacher,0.5,41544.98
U23721,JC000480,School Security Officer,ESP,2,95393.74
U46291,JC500992,STLS Advocate,ESP,1,68314.6
U25471,JC000462,School Assistant,ESP,2,85591.9
U22551,JC000065,IB Coordinator,Teacher,1,124098.77
U29131,JC000067,Personalized Learning Coordinator,Teacher,1,121927.81
U24371,JC000065,IB Coordinator,Teacher,1,119170.29
U25241,JC000042,Assistant Principal,Teacher,1,143520
U28151,JC000042,Assistant Principal,Teacher,1,131693.08
U29301,JC000042,Assistant Principal,Teacher,2,280810
U53061,JC000462,School Assistant,ESP,2,90918.75
U23081,JC000703,Parent Advocate-Bilingual,ESP,1,52785.2
U55161,JC000691,Technology Coordinator,ESP,0.5,47436.4
U26381,JC003015,Youth Intervention Specialist,ESP,1,71374.76
U25621,JC600755,Lead Coach,Teacher,1,128001.54
U24991,JC600755,Lead Coach,Teacher,1,104923.38
U14051,JC003621,Part-Time Hosp Lic Prac Nurse,ESP,5,124443.5
U26081,JC000042,Assistant Principal,Teacher,1,137290
U26281,JC600063,Case Manager,Teacher,0.5,60293.88
U23231,JC000072,Dual Language Coordinator,Teacher,1,83089.96
U25561,JC600063,Case Manager,Teacher,1,87450.25
U24761,JC000480,School Security Officer,ESP,1,45076
U30051,JC000480,School Security Officer,ESP,2.5,107963.03
U22201,JC600063,Case Manager,Teacher,1.5,152124.12
U23511,JC500992,STLS Advocate,ESP,1,68314.6
U22971,JC000691,Technology Coordinator,ESP,0.5,40316.88
U25871,JC990101,School Counselor,Teacher,2,200308.44
U26231,JC000466,School Counseling Office Asst,ESP,2,117657.34
U29091,JC600063,Case Manager,Teacher,1,100827.04
U29341,JC600063,Case Manager,Teacher,0.5,41544.98
U02651,JC501923,High School Transition Spec,ESP,1,63300
U70070,JC990101,School Counselor,Teacher,1,94783.94
U29341,JC502099,Full Srv Community Schl Coord,ESP,1,65000
U22431,JC003015,Youth Intervention Specialist,ESP,1,56872.5
U46471,JC000710,Student Special Svc Advocate,ESP,1,72012.93
U11551,JC601850,Lead Distributed Leadrshp Spec,Teacher,2,224245.79
U26891,JC000071,English Learner Prg Teacher,Teacher,1,83089.96
U26721,JC990101,School Counselor,Teacher,2,150835.89
U32031,JC500629,Special Education Teacher,Teacher,10,977801.06
U22211,JC000055,Bilingual Teacher,Teacher,1,88187.37
U25601,JC600063,Case Manager,Teacher,1,119438.28
U22711,JC000044,Curriculum And Instruct Coach,Teacher,1,133523.68
U24301,JC000042,Assistant Principal,Teacher,1,125549.54
U53111,JC000042,Assistant Principal,Teacher,1,124780
U22871,JC600063,Case Manager,Teacher,1,118219.6
U11010,JC502009,Teacher Res Recruitment Mgr,ESP,1,90901.63
U29411,JC002795,Porter,ESP,1,26051.93
U29411,JC002738,Elementary Lunchroom Manager,ESP,1,40210.95
U24231,JC003917,Instructor Assistant,ESP,1,63065.17
U26791,JC000467,School Clerk Assistant,ESP,1,49960.89
U46551,JC000463,Teacher Assistant,ESP,1,42974.13
U46511,JC000039,Part-Time Teacher,Teacher,0.5,44071.09
U24601,JC000067,Personalized Learning Coordinator,Teacher,1,106058.21
U25341,JC000067,Personalized Learning Coordinator,Teacher,1,127579.6
U51091,JC000462,School Assistant,ESP,1,44401.18
U46261,JC990101,School Counselor,Teacher,1,108263.35
U23381,JC000468,School Clerk,ESP,1,76637.9
U11371,JC501984,Data Quality Mgmt Team Lead,ESP,1,88000
U49101,JC000480,School Security Officer,ESP,1,53597.67
U29201,JC000480,School Security Officer,ESP,1,48965.46
U12210,JC501884,Sr Bus Diversity Compl Spec,ESP,1,78000
U11010,JC504771,"Manager, Substitute Services",ESP,1,93766.05
U53091,JC000469,Bilingual Sp Educ Classrm Asst,ESP,3,162235.16
U25921,JC003917,Instructor Assistant,ESP,2,124293.49
U02671,JC601266,Chief of Schools,Teacher,1,180000
U29181,JC000480,School Security Officer,ESP,1,46428.28
U23051,JC000042,Assistant Principal,Teacher,1,127787.7
U46271,JC000691,Technology Coordinator,ESP,1,93217.5
U11880,JC504553,"Sr Mgr, Facilities Operations",ESP,1,105000
U63181,JC002770,Lunchroom Attendant,ESP,1,21212.3
U26231,JC000463,Teacher Assistant,ESP,1,57050.37
U10814,JC501264,Program Director,ESP,1,132375.6
U10890,JC602005,Arts Program Support Spec,Teacher,3,329985.44
U12410,JC501843,Assistant Deputy Controller,ESP,2,289381.7
U46281,JC000468,School Clerk,ESP,2,176940.76
U24871,JC009907,Parent Worker - Other,ESP,1,15996.4
U29341,JC500629,Special Education Teacher,Teacher,4,433525.95
U10560,JC504444,"Director, Marketing",ESP,1,133673.4
U25331,JC000480,School Security Officer,ESP,2,105029.36
U53121,JC000042,Assistant Principal,Teacher,1,129039.11
U24881,JC000468,School Clerk,ESP,1,69336.92
U12625,JC501914,Special Education Coordinator,ESP,1,63981.54
U23771,JC002738,Elementary Lunchroom Manager,ESP,1,46400.71
U24191,JC000464,Special Ed Classroom Assist,ESP,5,227335.6
U46311,JC600063,Case Manager,Teacher,4,458956.34
U25951,JC000469,Bilingual Sp Educ Classrm Asst,ESP,2,98845.87
U22671,JC000042,Assistant Principal,Teacher,1,142207
U29121,JC000469,Bilingual Sp Educ Classrm Asst,ESP,5,236237.71
U46111,JC000464,Special Ed Classroom Assist,ESP,3,137257.4
U02441,JC504492,Family Engagement Coordinator,ESP,1,72570.25
U02471,JC504492,Family Engagement Coordinator,ESP,1,96004.92
U02511,JC504492,Family Engagement Coordinator,ESP,2,180975.59
U25991,JC000042,Assistant Principal,Teacher,1,139526.59
U22731,JC100048,Acting Head Teacher,Teacher,1,114085.42
U29021,JC000468,School Clerk,ESP,2,156193.05
U46181,JC000671,Computer Technician,ESP,1,94769.09
U53051,JC003015,Youth Intervention Specialist,ESP,1,82939.85
U13725,JC504809,"ED, Early College & Career Ed",ESP,1,142000
U22581,JC000463,Teacher Assistant,ESP,2,97956.85
U29191,JC002770,Lunchroom Attendant,ESP,1,24747.69
U11672,JC601810,"RSP Manager, Social Work",Teacher,1,108907.05
U25761,JC990101,School Counselor,Teacher,1,100458.21
U22651,JC990101,School Counselor,Teacher,1,112038.84
U24711,JC002795,Porter,ESP,1,26051.93
U24331,JC000480,School Security Officer,ESP,1,48965.46
U10860,JC601428,"Manager, Social Science",Teacher,2,229963.98
U22671,JC000044,Curriculum And Instruct Coach,Teacher,1,109441.39
U24221,JC600755,Lead Coach,Teacher,1,90807.62
U47031,JC500446,School Culture Coordinator,ESP,1,68040
U46211,JC501853,School Athletic Director,ESP,1,90720
U46311,JC501853,School Athletic Director,ESP,1,90720
U46321,JC501853,School Athletic Director,ESP,1,91800
U22831,JC000464,Special Ed Classroom Assist,ESP,5,250257.18
U13725,JC504629,CTE Director,ESP,1,120098
U31121,JC003015,Youth Intervention Specialist,ESP,1,72934.62
U14050,JC501261,Chief Health Officer,ESP,1,215373
U55181,JC600755,Lead Coach,Teacher,1,135881.05
U22721,JC000071,English Learner Prg Teacher,Teacher,1,83089.96
U26201,JC000071,English Learner Prg Teacher,Teacher,1,83089.96
U24251,JC000071,English Learner Prg Teacher,Teacher,1,83089.96
U22801,JC000071,English Learner Prg Teacher,Teacher,1,83089.96
U45211,JC505051,Restorative Justice Coord,ESP,1,56872.5
U27091,JC000478,Teacher Assistant Bilingual,ESP,1,36874.24
U31151,JC000463,Teacher Assistant,ESP,2,92262.95
U10560,JC501981,Sr Program Operations Admin,ESP,1,105000
U53051,JC000711,Community Relations Rep,ESP,1,67426.77
U12120,JC601865,"Deputy Chief, Portfolio Mgmt",Teacher,1,184800
U46181,JC000462,School Assistant,ESP,3,132024.9
U25951,JC600755,Lead Coach,Teacher,1,117915.48
U26141,JC600755,Lead Coach,Teacher,1,104387.7
U10872,JC501288,Data Strategist,ESP,1,68575
U26371,JC000710,Student Special Svc Advocate,ESP,1,55880.22
U46421,JC002983,Senior Security Officer,ESP,1,58950.49
U67021,JC000480,School Security Officer,ESP,4,190414.69
U46291,JC002501,School Clerk (Bilin Spanish),ESP,2,162285.05
U26861,JC000044,Curriculum And Instruct Coach,Teacher,1,125082.64
U25811,JC600063,Case Manager,Teacher,1,123636.02
U46521,JC000480,School Security Officer,ESP,2,89667.55
U22661,JC500992,STLS Advocate,ESP,1,63845.42
U24201,JC002770,Lunchroom Attendant,ESP,2,53030.76
U46141,JC600755,Lead Coach,Teacher,1,107903.05
U46191,JC600755,Lead Coach,Teacher,1,90807.62
U41121,JC600755,Lead Coach,Teacher,1,90807.62
U25601,JC505051,Restorative Justice Coord,ESP,1,89813.16
U26391,JC000701,School Community Representive,ESP,1,51713.36
U53071,JC002983,Senior Security Officer,ESP,1,67616.19
U46271,JC002983,Senior Security Officer,ESP,1,58950.49
U22941,JC002795,Porter,ESP,1,22330.22
U25561,JC002770,Lunchroom Attendant,ESP,1,28283.07
U22541,JC002795,Porter,ESP,1,29773.63
U11110,JC500593,Social & Emotional Lrng Spec,ESP,1,90000
U10870,JC602029,"Chief,College & Career Success",Teacher,1,216816.34
U29401,JC000691,Technology Coordinator,ESP,1,99815.55
U24881,JC003015,Youth Intervention Specialist,ESP,1,76370.99
U55181,JC500446,School Culture Coordinator,ESP,1,81000
U24941,JC000475,School Assistant-Bilingual,ESP,1,44401.18
U25681,JC000462,School Assistant,ESP,1,43352.59
U32031,JC000462,School Assistant,ESP,1,44401.18
U26191,JC600755,Lead Coach,Teacher,1,90807.62
U24941,JC002741,Cook II,ESP,1,34063.49
U24871,JC000701,School Community Representive,ESP,1,50061.91
U26791,JC500446,School Culture Coordinator,ESP,1,68074.02
U26451,JC600755,Lead Coach,Teacher,1,128573.14
U02661,JC601270,Instructional Support Leader,Teacher,5,593998.33
U12010,JC502068,Business Ops Administrator,ESP,1,90000
U22581,JC002983,Senior Security Officer,ESP,1,54243.95
U14050,JC505093,CFBU Team Lead,ESP,2,143223.34
U29251,JC600063,Case Manager,Teacher,1,105239.77
U46631,JC002983,Senior Security Officer,ESP,1,67616.19
U11210,JC504555,Program Manager,ESP,1,102756.56
U10898,JC501941,"Mgr, Behav Health & Ment Ptnr",ESP,1,103000
U02471,JC500593,Social & Emotional Lrng Spec,ESP,1,100000
U23251,JC600755,Lead Coach,Teacher,1,103836.33
U25471,JC002742,Cook III,ESP,1,26573.26
U30141,JC000024,CPC Program Lead Teacher,Teacher,1,90807.62
U10891,JC504980,"Dir, Health & Physical Edu",ESP,1,126000
U26861,JC000042,Assistant Principal,Teacher,1,129117
U29311,JC000042,Assistant Principal,Teacher,1,132842.74
U10871,JC600583,"Manager, Mathematics",Teacher,2,216118.56
U70020,JC600063,Case Manager,Teacher,1.5,155124.56
U41111,JC000055,Bilingual Teacher,Teacher,1,91283.22
U22171,JC000691,Technology Coordinator,ESP,1,76696.82
U24801,JC000463,Teacher Assistant,ESP,2,94844.15
U41041,JC600755,Lead Coach,Teacher,1,133332.05
U23221,JC000024,CPC Program Lead Teacher,Teacher,1,90807.62
U26631,JC500992,STLS Advocate,ESP,1,74190.5
U24921,JC002983,Senior Security Officer,ESP,1,61789.2
U26631,JC000071,English Learner Prg Teacher,Teacher,0.5,41544.98
U24441,JC000071,English Learner Prg Teacher,Teacher,0.5,41544.98
U46431,JC600063,Case Manager,Teacher,1.5,167350.9
U30151,JC000042,Assistant Principal,Teacher,1,140019.37
U10895,JC505132,Restorative Practices Spec,ESP,3,245686.73
U13610,JC501868,I&I School Data Strategist,ESP,1,90456.66
U46251,JC505151,School Operations Manager,ESP,1,102648
U22261,JC002983,Senior Security Officer,ESP,1,67616.19
U23901,JC600755,Lead Coach,Teacher,1,86897.61
U22321,JC990101,School Counselor,Teacher,2,219093.48
U24691,JC002983,Senior Security Officer,ESP,1,64628.87
U26421,JC000466,School Counseling Office Asst,ESP,1,69475.56
U24961,JC000702,Parent Advocate,ESP,1,60267.96
U02661,JC500593,Social & Emotional Lrng Spec,ESP,1,93450
U24471,JC000042,Assistant Principal,Teacher,1,128848.7
U13727,JC600000,Unevaluated Non-union Role,Teacher,1,101669.19
U02471,JC601269,Deputy Chief of Schools,Teacher,1,170000
U10760,JC504667,Policy Advisor,ESP,1,98700
U53121,JC000467,School Clerk Assistant,ESP,1,54858.78
U23621,JC000042,Assistant Principal,Teacher,1,130864.16
U24221,JC000691,Technology Coordinator,ESP,1,98002.46
U70241,JC002983,Senior Security Officer,ESP,1,67616.19
U24431,JC000042,Assistant Principal,Teacher,1,128312.1
U46361,JC501854,Athletic Program Coordinator,ESP,1,69888
U22181,JC600755,Lead Coach,Teacher,1,119038.66
U24741,JC600755,Lead Coach,Teacher,1,116130.03
U24801,JC600755,Lead Coach,Teacher,1,128001.54
U24011,JC000042,Assistant Principal,Teacher,1,132653
U46381,JC000711,Community Relations Rep,ESP,1,69371.78
U23991,JC003015,Youth Intervention Specialist,ESP,1,76370.99
U10872,JC504755,Grants Manager,ESP,1,93113.07
U23581,JC600755,Lead Coach,Teacher,1,118900.04
U25121,JC600755,Lead Coach,Teacher,1,135218.2
U26631,JC600755,Lead Coach,Teacher,1,90807.62
U24281,JC000469,Bilingual Sp Educ Classrm Asst,ESP,1,40952
U10842,JC505136,"Manager, Insights & Research",ESP,1,126708.54
U05261,JC504315,"Manager, Business Operations",ESP,1,96902.01
U22731,JC000071,English Learner Prg Teacher,Teacher,1,83089.96
U23071,JC000071,English Learner Prg Teacher,Teacher,1,83089.96
U23521,JC000071,English Learner Prg Teacher,Teacher,1,83089.96
U22071,JC000071,English Learner Prg Teacher,Teacher,1,83089.96
U55181,JC000055,Bilingual Teacher,Teacher,4,361933.46
U31181,JC000042,Assistant Principal,Teacher,1,139131.77
U29291,JC000463,Teacher Assistant,ESP,2,98330.83
U22391,JC003015,Youth Intervention Specialist,ESP,1,75038.51
U46251,JC501854,Athletic Program Coordinator,ESP,1,66612
U10890,JC501264,Program Director,ESP,1,116388
U13725,JC501984,Data Quality Mgmt Team Lead,ESP,1,93280
U22271,JC000468,School Clerk,ESP,2,162030.29
U22631,JC000467,School Clerk Assistant,ESP,1,49632.61
U31101,JC000042,Assistant Principal,Teacher,1,137096.47
U10760,JC500295,Office Manager,ESP,1,67000
U46191,JC000055,Bilingual Teacher,Teacher,1,72715.57
U49021,JC000691,Technology Coordinator,ESP,1,93217.5
U24941,JC505051,Restorative Justice Coord,ESP,1,82939.85
U12210,JC500046,Business Diversity Manager,ESP,1,76875
U26881,JC000042,Assistant Principal,Teacher,1,128952.56
U25711,JC600063,Case Manager,Teacher,0.5,40369.77
U25931,JC500992,STLS Advocate,ESP,1,71821.26
U10465,JC600071,Chief Equity Officer,Teacher,1,197292.17
U10510,JC501609,"ED, Media Relations",ESP,1,161410.63
U22351,JC000042,Assistant Principal,Teacher,1,143520
U46041,JC983600,Military Instructor,Teacher,2,184431.8
U55011,JC000042,Assistant Principal,Teacher,1,139277
U53071,JC000691,Technology Coordinator,ESP,1,90306.53
U70241,JC000041,Principal,Teacher,1,170843
U10842,JC502036,Reporting Manager,ESP,1,117159
U41051,JC501853,School Athletic Director,ESP,1,72360
U24651,JC000468,School Clerk,ESP,2,139905.08
U25211,JC000480,School Security Officer,ESP,2,105029.36
U22711,JC000071,English Learner Prg Teacher,Teacher,1,83089.96
U26191,JC000071,English Learner Prg Teacher,Teacher,1,83089.96
U55011,JC000071,English Learner Prg Teacher,Teacher,1,83089.96
U24921,JC000710,Student Special Svc Advocate,ESP,1,55880.22
U22371,JC000467,School Clerk Assistant,ESP,1,41578.07
U51021,JC200041,Interim Principal,Teacher,1,157160.69
U22991,JC200041,Interim Principal,Teacher,1,166349
U22851,JC000041,Principal,Teacher,1,160387
U23421,JC990101,School Counselor,Teacher,1,106930.02
U23391,JC000042,Assistant Principal,Teacher,1,132245.69
U14050,JC501932,"Mgr, Health Promotion",ESP,1,87000
U55171,JC000710,Student Special Svc Advocate,ESP,1,55880.22
U53041,JC983600,Military Instructor,Teacher,3,298882.19
U22271,JC000041,Principal,Teacher,1,160997.7
U32081,JC000041,Principal,Teacher,1,160387
U25951,JC000042,Assistant Principal,Teacher,1,125028.62
U46241,JC000041,Principal,Teacher,1,173915
U23911,JC000041,Principal,Teacher,1,174166
U22531,JC000042,Assistant Principal,Teacher,1,143520
U24661,JC000041,Principal,Teacher,1,162036
U25591,JC000041,Principal,Teacher,1,157160.69
U47031,JC200041,Interim Principal,Teacher,1,157496
U31141,JC002770,Lunchroom Attendant,ESP,1,21212.3
U23511,JC002738,Elementary Lunchroom Manager,ESP,2,80421.9
U31301,JC002770,Lunchroom Attendant,ESP,1,21212.3
U25951,JC002770,Lunchroom Attendant,ESP,2,49495.38
U22271,JC002741,Cook II,ESP,1,34063.49
U29311,JC990101,School Counselor,Teacher,1,109244.04
U47061,JC002777,Lunchroom Manager,ESP,1,58192.47
U46371,JC002795,Porter,ESP,1,29773.63
U24961,JC002738,Elementary Lunchroom Manager,ESP,1,42233.21
U29121,JC002741,Cook II,ESP,1,34063.49
U26381,JC000041,Principal,Teacher,1,178020
U22551,JC000042,Assistant Principal,Teacher,1,139724
U25101,JC002741,Cook II,ESP,1,34063.49
U26331,JC990101,School Counselor,Teacher,1,126022.62
U23451,JC000468,School Clerk,ESP,1,82988.96
U25841,JC000467,School Clerk Assistant,ESP,1,64327.94
U11010,JC502095,"Dir, Talent Training & Develop",ESP,1,130200
U22211,JC002795,Porter,ESP,1,26051.93
U22491,JC002741,Cook II,ESP,1,34063.49
U22491,JC002770,Lunchroom Attendant,ESP,1,21212.3
U31161,JC990101,School Counselor,Teacher,1,81876.33
U24021,JC002501,School Clerk (Bilin Spanish),ESP,1,70568.16
U22171,JC002740,Cook I,ESP,1,37587.29
U23811,JC000042,Assistant Principal,Teacher,1,134524.52
U10320,JC500296,Inspector General,ESP,1,179000
U22951,JC000463,Teacher Assistant,ESP,1,52982.57
U23031,JC002770,Lunchroom Attendant,ESP,2,49495.38
U29321,JC002763,Associate Lunchroom Mgr III,ESP,1,26573.26
U46061,JC002741,Cook II,ESP,1,31934.52
U26461,JC990101,School Counselor,Teacher,1,118861.44
U28151,JC002777,Lunchroom Manager,ESP,1,58192.47
U28151,JC002740,Cook I,ESP,1,37587.29
U22481,JC002738,Elementary Lunchroom Manager,ESP,1,42233.21
U23751,JC002763,Associate Lunchroom Mgr III,ESP,1,26573.26
U46021,JC002770,Lunchroom Attendant,ESP,2,55401.08
U26701,JC002795,Porter,ESP,1,29773.63
U24231,JC000480,School Security Officer,ESP,1,48965.46
U13610,JC505010,"ED, Innovation & Incubation",ESP,1,153724.41
U46681,JC000468,School Clerk,ESP,1,91462.13
U53061,JC002777,Lunchroom Manager,ESP,1,51869.08
U10210,JC505055,Investigation Specialist,ESP,1,57000
U11220,JC504884,Records Manager,ESP,1,110975
U10210,JC501934,Managing Deputy General Counsl,ESP,2,372036
U29131,JC002795,Porter,ESP,1,26051.93
U25111,JC002770,Lunchroom Attendant,ESP,2,56566.14
U24021,JC000480,School Security Officer,ESP,2,101139.9
U23361,JC990101,School Counselor,Teacher,1,101953.31
U22551,JC002795,Porter,ESP,1,29773.63
U24571,JC002770,Lunchroom Attendant,ESP,2,47456.52
U22421,JC002770,Lunchroom Attendant,ESP,1,14141.54
U26461,JC000042,Assistant Principal,Teacher,1,148742
U53101,JC505151,School Operations Manager,ESP,1,110975
U24811,JC002795,Porter,ESP,1,29773.63
U24991,JC002770,Lunchroom Attendant,ESP,1,24747.69
U23931,JC002741,Cook II,ESP,1,34063.49
U25541,JC990101,School Counselor,Teacher,1,121814.31
U46201,JC002983,Senior Security Officer,ESP,1,49427.18
U51021,JC000480,School Security Officer,ESP,2,94041.46
U26321,JC000468,School Clerk,ESP,1,69336.92
U25671,JC002742,Cook III,ESP,1,26573.26
U23351,JC002763,Associate Lunchroom Mgr III,ESP,1,28471.35
U22301,JC000042,Assistant Principal,Teacher,1,146091
U24451,JC003917,Instructor Assistant,ESP,1,64884.36
U22771,JC002742,Cook III,ESP,1,30369.44
U46281,JC002777,Lunchroom Manager,ESP,1,58192.47
U22641,JC000463,Teacher Assistant,ESP,2,79746.1
U24651,JC002738,Elementary Lunchroom Manager,ESP,1,40210.95
U25541,JC002770,Lunchroom Attendant,ESP,1,20338.51
U24771,JC000042,Assistant Principal,Teacher,1,134714.26
U25291,JC002740,Cook I,ESP,1,37587.29
U22241,JC000468,School Clerk,ESP,1,86211.83
U23991,JC000468,School Clerk,ESP,1,76637.9
U24331,JC000468,School Clerk,ESP,1,85478.63
U29181,JC000468,School Clerk,ESP,1,82988.96
U46401,JC002777,Lunchroom Manager,ESP,1,55748.03
U29221,JC000468,School Clerk,ESP,1,77998.78
U22061,JC000480,School Security Officer,ESP,2,102563.13
U24591,JC000480,School Security Officer,ESP,1,51281.8
U23831,JC000468,School Clerk,ESP,1,88798.19
U29241,JC000468,School Clerk,ESP,1,86308.52
U25301,JC000468,School Clerk,ESP,1,76637.9
U49131,JC002795,Porter,ESP,1,29773.63
U22341,JC002795,Porter,ESP,1,29773.63
U45231,JC002763,Associate Lunchroom Mgr III,ESP,1,26573.26
U10110,JC501514,Board Office Production Spec,ESP,1,72968
U26461,JC002501,School Clerk (Bilin Spanish),ESP,1,85478.63
U22541,JC002770,Lunchroom Attendant,ESP,1,24747.69
U24601,JC002763,Associate Lunchroom Mgr III,ESP,1,30369.44
U45211,JC002795,Porter,ESP,1,29773.63
U22141,JC002501,School Clerk (Bilin Spanish),ESP,1,77998.78
U23421,JC002741,Cook II,ESP,1,34063.49
U11010,JC505006,"Director, Human Resources",ESP,1,157500
U46481,JC000042,Assistant Principal,Teacher,1,133765.56
U24971,JC000480,School Security Officer,ESP,1,56063.9
U24071,JC000468,School Clerk,ESP,1,88798.19
U30031,JC002770,Lunchroom Attendant,ESP,1,20338.51
U25771,JC000480,School Security Officer,ESP,2,100247.26
U11870,JC500555,"Manager, Vendor Operations",ESP,1,102243.75
U26541,JC990101,School Counselor,Teacher,1,112038.81
U22721,JC000468,School Clerk,ESP,1,77998.78
U23301,JC000480,School Security Officer,ESP,1,44591.55
U23881,JC002738,Elementary Lunchroom Manager,ESP,1,40210.95
U23821,JC002741,Cook II,ESP,1,31934.52
U45231,JC505114,Military Property Coordinator,ESP,1,46808.32
U22421,JC990101,School Counselor,Teacher,1,80377.41
U22931,JC000468,School Clerk,ESP,1,72896.06
U25921,JC002738,Elementary Lunchroom Manager,ESP,1,46400.71
U23131,JC002742,Cook III,ESP,1,26573.26
U24331,JC002795,Porter,ESP,1,29773.63
U12510,JC504581,Enterprise Server Architect,ESP,1,110975
U26351,JC000463,Teacher Assistant,ESP,1,43368.55
U25301,JC002795,Porter,ESP,1,29773.63
U25921,JC000480,School Security Officer,ESP,1,51281.8
U30031,JC000480,School Security Officer,ESP,1,51281.8
U23731,JC990101,School Counselor,Teacher,1,82683.21
U31261,JC000042,Assistant Principal,Teacher,1,136128.8
U24571,JC002795,Porter,ESP,1,29773.63
U23311,JC000463,Teacher Assistant,ESP,1,53195.86
U24881,JC990101,School Counselor,Teacher,1,123338.67
U41091,JC002795,Porter,ESP,1,29773.63
U29101,JC002770,Lunchroom Attendant,ESP,1,20338.51
U11870,JC501718,Field Manager,ESP,1,106562.36
U24051,JC000463,Teacher Assistant,ESP,1,57050.37
U23141,JC990101,School Counselor,Teacher,1,87729.48
U24611,JC002795,Porter,ESP,1,29773.63
U23831,JC002795,Porter,ESP,1,22330.22
U24691,JC002741,Cook II,ESP,1,34063.49
U22771,JC002795,Porter,ESP,1,26051.93
U23671,JC000042,Assistant Principal,Teacher,1,144487.97
U25381,JC002795,Porter,ESP,1,29773.63
U46101,JC002741,Cook II,ESP,1,34063.49
U24101,JC990101,School Counselor,Teacher,1,82683.21
U24921,JC000468,School Clerk,ESP,1,85478.63
U25181,JC000468,School Clerk,ESP,1,74190.5
U25711,JC000468,School Clerk,ESP,1,80571.8
U22171,JC000042,Assistant Principal,Teacher,1,146091
U10872,JC505146,CSI Compliance Coordinator,ESP,1,75654.37
U23681,JC000701,School Community Representive,ESP,1,60639.59
U10610,JC501214,Business Operations Specialist,ESP,1,66562.65
U25841,JC002738,Elementary Lunchroom Manager,ESP,1,46400.71
U31041,JC000468,School Clerk,ESP,1,70568.16
U22791,JC002770,Lunchroom Attendant,ESP,1,21212.3
U23961,JC990101,School Counselor,Teacher,1,94824.11
U23581,JC000468,School Clerk,ESP,1,66399.23
U32011,JC002501,School Clerk (Bilin Spanish),ESP,1,69336.92
U31121,JC002738,Elementary Lunchroom Manager,ESP,1,40210.95
U23721,JC000468,School Clerk,ESP,1,83794.68
U23821,JC002795,Porter,ESP,1,29773.63
U23391,JC990101,School Counselor,Teacher,1,104128.22
U12610,JC504803,Financial Systems Manager,ESP,1,127621
U23421,JC000468,School Clerk,ESP,1,79383.84
U14060,JC505167,Parent University Coordinator,ESP,1,59370.46
U29091,JC000468,School Clerk,ESP,1,76637.9
U29091,JC990101,School Counselor,Teacher,1,104271.9
U22181,JC000055,Bilingual Teacher,Teacher,1,83089.96
U46241,JC000030,CTE Teacher,Teacher,1,78176.86
U53071,JC000071,English Learner Prg Teacher,Teacher,1,83089.96
U24871,JC000041,Principal,Teacher,1,183218
U26601,JC000041,Principal,Teacher,1,163168.37
U25301,JC000065,IB Coordinator,Teacher,1,135114.48
U22291,JC000042,Assistant Principal,Teacher,1,139724
U25661,JC000071,English Learner Prg Teacher,Teacher,1,83089.96
U51021,JC600063,Case Manager,Teacher,0.5,41544.98
U53021,JC200041,Interim Principal,Teacher,1,149500
U25881,JC000041,Principal,Teacher,1,162353.33
U24851,JC000041,Principal,Teacher,1,182352
U23351,JC000041,Principal,Teacher,1,169862.67
U31081,JC000041,Principal,Teacher,1,169003.64
U25411,JC000041,Principal,Teacher,1,165755.89
U22701,JC000041,Principal,Teacher,1,157496
U55011,JC990101,School Counselor,Teacher,1,118564.11
U26051,JC600063,Case Manager,Teacher,0.5,46665.63
U46281,JC000041,Principal,Teacher,1,167711
U29221,JC000041,Principal,Teacher,1,156825.38
U23311,JC000041,Principal,Teacher,1,189714
U23201,JC000041,Principal,Teacher,1,177989
U46131,JC200041,Interim Principal,Teacher,1,152711.77
U23031,JC000041,Principal,Teacher,1,163047.16
U22331,JC000041,Principal,Teacher,1,177181
U25541,JC000041,Principal,Teacher,1,166235
U46431,JC990101,School Counselor,Teacher,4,360173.11
U46031,JC000049,Regular Teacher,Teacher,65,6697274.83
U11201,JC504714,Student Application Manager,ESP,2,176875
U11385,JC504415,Data Analyst,ESP,1,83914
U22291,JC000049,Regular Teacher,Teacher,30,2760833.49
U25661,JC000049,Regular Teacher,Teacher,41,4469464.03
U46181,JC000049,Regular Teacher,Teacher,74,7769341.01
U11385,JC504315,"Manager, Business Operations",ESP,1,124749.2
U23671,JC000049,Regular Teacher,Teacher,14,1314971.98
U46641,JC000049,Regular Teacher,Teacher,21,1967949.78
U24511,JC000049,Regular Teacher,Teacher,24.5,2401838.95
U24471,JC000055,Bilingual Teacher,Teacher,6,576275.34
U24751,JC000049,Regular Teacher,Teacher,31,2680822.2
U22041,JC000480,School Security Officer,ESP,2,100025.95
U22751,JC000049,Regular Teacher,Teacher,52,5352629.53
U46211,JC000049,Regular Teacher,Teacher,71,7107421.24
U46631,JC000480,School Security Officer,ESP,5,236614.96
U70020,JC000049,Regular Teacher,Teacher,67,7140119.54
U24461,JC000055,Bilingual Teacher,Teacher,23,2509489.97
U25071,JC500629,Special Education Teacher,Teacher,8,786039.88
U26301,JC000042,Assistant Principal,Teacher,1,143417.33
U46221,JC990101,School Counselor,Teacher,13,1398773.32
U25151,JC000469,Bilingual Sp Educ Classrm Asst,ESP,3,169876.7
U25711,JC000049,Regular Teacher,Teacher,27,2713978.26
U22771,JC000049,Regular Teacher,Teacher,16,1675381.89
U23811,JC000049,Regular Teacher,Teacher,23,2386930.85
U25541,JC000049,Regular Teacher,Teacher,25,2620157.8
U25581,JC000049,Regular Teacher,Teacher,13,1260370.67
U29381,JC000464,Special Ed Classroom Assist,ESP,8,396643.96
U24661,JC000049,Regular Teacher,Teacher,33,3467784.06
U10430,JC500295,Office Manager,ESP,1,80850
U70241,JC000049,Regular Teacher,Teacher,21,2011523.21
U24711,JC000049,Regular Teacher,Teacher,17,1777722.4
U25841,JC000469,Bilingual Sp Educ Classrm Asst,ESP,3,156382.26
U22391,JC000464,Special Ed Classroom Assist,ESP,17,833468.81
U46101,JC000464,Special Ed Classroom Assist,ESP,12,596494.48
U29101,JC500629,Special Education Teacher,Teacher,10,932513.07
U22261,JC000463,Teacher Assistant,ESP,6,277939.98
U31061,JC000042,Assistant Principal,Teacher,1,134334.78
U26541,JC000464,Special Ed Classroom Assist,ESP,14,677203.96
U26861,JC000464,Special Ed Classroom Assist,ESP,25,1204457.5
U51091,JC000049,Regular Teacher,Teacher,37,3413816.58
U53101,JC500629,Special Education Teacher,Teacher,27.5,3037025.82
U26621,JC000464,Special Ed Classroom Assist,ESP,11,510643.52
U66691,JC002770,Lunchroom Attendant,ESP,2,35353.84
U22901,JC000049,Regular Teacher,Teacher,47,4923409.44
U31211,JC000469,Bilingual Sp Educ Classrm Asst,ESP,5,245324.21
U29241,JC002795,Porter,ESP,1,22330.22
U24971,JC500629,Special Education Teacher,Teacher,5,466934.71
U23651,JC000055,Bilingual Teacher,Teacher,8,943598.79
U26841,JC500629,Special Education Teacher,Teacher,8,781987.86
U45231,JC983600,Military Instructor,Teacher,2,214625
U22411,JC500629,Special Education Teacher,Teacher,6,603935.94
U12450,JC504815,Payroll Specialist,ESP,19,1117895.12
U31141,JC500629,Special Education Teacher,Teacher,7,733075.97
U23911,JC000049,Regular Teacher,Teacher,26,2633929.42
U49131,JC501043,Attendance Coordinator,ESP,1,71362.53
U10415,JC502008,Chief of Staff to the COO,ESP,1,165635
U12210,JC501264,Program Director,ESP,1,123700.94
U23521,JC000041,Principal,Teacher,1,169613.33
U02471,JC601270,Instructional Support Leader,Teacher,3,377343.32
U22031,JC500629,Special Education Teacher,Teacher,10,989194.95
U25521,JC000055,Bilingual Teacher,Teacher,11,976168.26
U23031,JC000049,Regular Teacher,Teacher,18,1610057.43
U10710,JC501523,Special Assistant to the CEO,ESP,1,94500
U24131,JC000464,Special Ed Classroom Assist,ESP,20,958204.93
U22171,JC000463,Teacher Assistant,ESP,3,144655.43
U29221,JC000464,Special Ed Classroom Assist,ESP,14,668499.57
U24021,JC000049,Regular Teacher,Teacher,38,3836073.02
U02411,JC601266,Chief of Schools,Teacher,1,185000
U02461,JC601266,Chief of Schools,Teacher,1,175000
U02511,JC601269,Deputy Chief of Schools,Teacher,1,170000
U23731,JC002501,School Clerk (Bilin Spanish),ESP,1,74190.5
U23731,JC000055,Bilingual Teacher,Teacher,7,769566.58
U41041,JC990101,School Counselor,Teacher,1,77677.38
U12050,JC002763,Associate Lunchroom Mgr III,ESP,11,311286.76
U22221,JC000055,Bilingual Teacher,Teacher,10,1042276.53
U22341,JC500629,Special Education Teacher,Teacher,11,1105393.01
U22291,JC002770,Lunchroom Attendant,ESP,1,28283.07
U29021,JC000049,Regular Teacher,Teacher,15,1693073.58
U46101,JC990101,School Counselor,Teacher,5,483520.32
U26331,JC002501,School Clerk (Bilin Spanish),ESP,2,170957.26
U24361,JC000463,Teacher Assistant,ESP,1,49516.42
U23291,JC000480,School Security Officer,ESP,2,102563.6
U46031,JC000480,School Security Officer,ESP,7,361145.16
U31121,JC000049,Regular Teacher,Teacher,16,1534130.35
U24431,JC000055,Bilingual Teacher,Teacher,10,1096161.45
U22451,JC000049,Regular Teacher,Teacher,20.5,2232599.1
U23631,JC990101,School Counselor,Teacher,1,111253.53
U12430,JC504813,Sr Accounts Payable Specialist,ESP,1,63067.52
U31081,JC000049,Regular Teacher,Teacher,20,2077119.11
U23411,JC500629,Special Education Teacher,Teacher,9,885973.92
U46191,JC000464,Special Ed Classroom Assist,ESP,11,523184.41
U24341,JC002795,Porter,ESP,2,59547.26
U22931,JC002983,Senior Security Officer,ESP,1,58950.49
U26631,JC000049,Regular Teacher,Teacher,25.5,2575467.06
U23101,JC000049,Regular Teacher,Teacher,27,2625518.59
U22181,JC500629,Special Education Teacher,Teacher,7,732202.64
U26291,JC500629,Special Education Teacher,Teacher,10,958357.14
U46551,JC990101,School Counselor,Teacher,4,403541.14
U26291,JC990101,School Counselor,Teacher,1,122132.13
U46491,JC000464,Special Ed Classroom Assist,ESP,8,424315.35
U46491,JC002983,Senior Security Officer,ESP,2,126566.68
U23551,JC000049,Regular Teacher,Teacher,21,2205474.77
U26141,JC000049,Regular Teacher,Teacher,37,3382106.24
U23541,JC500629,Special Education Teacher,Teacher,12,1138409.3
U23401,JC000049,Regular Teacher,Teacher,42,4641260.78
U24421,JC500629,Special Education Teacher,Teacher,11,959552.65
U31151,JC500629,Special Education Teacher,Teacher,9,869563.01
U22321,JC500629,Special Education Teacher,Teacher,12,1216233.63
U22441,JC500629,Special Education Teacher,Teacher,7,725040.09
U26431,JC500629,Special Education Teacher,Teacher,2,208913.43
U02541,JC605160,"Dir, School Leader Development",Teacher,1,168780
U22301,JC000049,Regular Teacher,Teacher,24,2546348.34
U24911,JC000469,Bilingual Sp Educ Classrm Asst,ESP,1,52798.23
U53101,JC000464,Special Ed Classroom Assist,ESP,16,885039.92
U22221,JC000049,Regular Teacher,Teacher,22,2095422.47
U47081,JC000042,Assistant Principal,Teacher,3,407283.13
U22581,JC000468,School Clerk,ESP,2,159669.13
U23451,JC002738,Elementary Lunchroom Manager,ESP,1,40210.95
U26721,JC000049,Regular Teacher,Teacher,11,1104693.44
U11220,JC501445,Policy & Procedure Specialist,ESP,1,82290
U22291,JC500629,Special Education Teacher,Teacher,9,741931.81
U46491,JC983600,Military Instructor,Teacher,3,300572.16
U23641,JC002738,Elementary Lunchroom Manager,ESP,1,40210.95
U53011,JC002741,Cook II,ESP,1,34063.49
U24781,JC002770,Lunchroom Attendant,ESP,3,65404.6
U53121,JC002777,Lunchroom Manager,ESP,1,51869.08
U46401,JC000480,School Security Officer,ESP,5,254389.69
U22381,JC000480,School Security Officer,ESP,1,41826.45
U46181,JC000055,Bilingual Teacher,Teacher,12,1312064.43
U22751,JC000055,Bilingual Teacher,Teacher,5,524160.71
U29411,JC000049,Regular Teacher,Teacher,13,1145430.77
U32081,JC000049,Regular Teacher,Teacher,17,1836716.47
U10841,JC504555,Program Manager,ESP,1,104507.45
U22321,JC000464,Special Ed Classroom Assist,ESP,20,959529.15
U26601,JC000049,Regular Teacher,Teacher,14,1460482.21
U47091,JC500629,Special Education Teacher,Teacher,21,2207623.55
U25111,JC000464,Special Ed Classroom Assist,ESP,29,1397625.24
U23681,JC000469,Bilingual Sp Educ Classrm Asst,ESP,1,60584.36
U11540,JC604965,"Dir, EL Program Equity",Teacher,1,134002.05
U22741,JC000464,Special Ed Classroom Assist,ESP,17,898178.9
U25541,JC000464,Special Ed Classroom Assist,ESP,25,1179008.67
U02481,JC500164,Executive Assistant,ESP,1,72968
U26031,JC000049,Regular Teacher,Teacher,17,1420644.71
U24191,JC000480,School Security Officer,ESP,3,133917.66
U26821,JC002742,Cook III,ESP,1,30369.44
U25211,JC000464,Special Ed Classroom Assist,ESP,7,350806.24
U13737,JC500134,"Director, Sports Admin",ESP,2,242980.69
U12610,JC504823,"Director, Medicaid",ESP,1,125000
U12430,JC504812,Accounts Payable Specialist,ESP,7,378400.02
U10842,JC504977,School CIWP Specialist,ESP,1,105000
U12430,JC502072,Reimbursement Processing Lead,ESP,1,73500
U11010,JC504660,Talent Recruiter,ESP,2,144000
U46421,JC000702,Parent Advocate,ESP,2,133504.76
U11540,JC000711,Community Relations Rep,ESP,4,266366.9
U25631,JC000049,Regular Teacher,Teacher,33,3540922.47
U22371,JC000463,Teacher Assistant,ESP,4,210182.26
U30071,JC000464,Special Ed Classroom Assist,ESP,43,2168475.11
U26731,JC000042,Assistant Principal,Teacher,2,272231
U25861,JC000055,Bilingual Teacher,Teacher,5,439963.08
U22241,JC000464,Special Ed Classroom Assist,ESP,6,292933.2
U31101,JC000464,Special Ed Classroom Assist,ESP,11,533022.15
U30051,JC000463,Teacher Assistant,ESP,6,288262.08
U24981,JC000049,Regular Teacher,Teacher,13,1159726.26
U24451,JC000464,Special Ed Classroom Assist,ESP,11,579402.59
U24341,JC000055,Bilingual Teacher,Teacher,8,743293.1
U23641,JC000463,Teacher Assistant,ESP,5,207237.92
U29131,JC500629,Special Education Teacher,Teacher,7,739742.01
U22991,JC000049,Regular Teacher,Teacher,19,1761690.35
U25991,JC000469,Bilingual Sp Educ Classrm Asst,ESP,1,42982.11
U22371,JC000464,Special Ed Classroom Assist,ESP,25,1186126
U22201,JC000464,Special Ed Classroom Assist,ESP,21,1068523.08
U22361,JC000049,Regular Teacher,Teacher,12,1069538.38
U53121,JC000049,Regular Teacher,Teacher,15,1414776.19
U25561,JC000480,School Security Officer,ESP,2,97930.92
U22871,JC500629,Special Education Teacher,Teacher,11,1072291.92
U24681,JC500629,Special Education Teacher,Teacher,8,770555.71
U30011,JC500629,Special Education Teacher,Teacher,19,2560457.18
U30081,JC002763,Associate Lunchroom Mgr III,ESP,1,22777.08
U10814,JC504910,"Mgr, Digital Media Solutions",ESP,1,107956.04
U22401,JC000469,Bilingual Sp Educ Classrm Asst,ESP,1,43662.3
U22271,JC002770,Lunchroom Attendant,ESP,3,61869.22
U29081,JC000468,School Clerk,ESP,1,88897.77
U25091,JC000049,Regular Teacher,Teacher,19,1718571.76
U24221,JC003917,Instructor Assistant,ESP,2,127949.53
U47081,JC002740,Cook I,ESP,1,37587.29
U46371,JC002742,Cook III,ESP,1,30369.44
U24421,JC002742,Cook III,ESP,1,28471.35
U23421,JC000480,School Security Officer,ESP,1,56063.9
U23631,JC000041,Principal,Teacher,1,149350
U24421,JC000480,School Security Officer,ESP,1,43993.57
U70070,JC000480,School Security Officer,ESP,2,99399.76
U26391,JC000480,School Security Officer,ESP,3,144536.85
U24371,JC002795,Porter,ESP,1,26051.93
U53111,JC200041,Interim Principal,Teacher,1,176377
U53091,JC990101,School Counselor,Teacher,2,199760.14
U23351,JC002983,Senior Security Officer,ESP,1,55871.25
U46361,JC002741,Cook II,ESP,1,34063.49
U24601,JC002770,Lunchroom Attendant,ESP,1,24747.69
U55191,JC000464,Special Ed Classroom Assist,ESP,5,236255.2
U49101,JC500629,Special Education Teacher,Teacher,34,3282570.64
U28151,JC000468,School Clerk,ESP,2,164625.51
U25811,JC000041,Principal,Teacher,1,158335.38
U26651,JC000049,Regular Teacher,Teacher,18,1847237.21
U29091,JC000055,Bilingual Teacher,Teacher,5,495407.65
U26821,JC500629,Special Education Teacher,Teacher,10,1005998.47
U46191,JC000480,School Security Officer,ESP,6,297255.84
U41051,JC000468,School Clerk,ESP,1,82988.96
U29231,JC002742,Cook III,ESP,1,30369.44
U46461,JC002983,Senior Security Officer,ESP,1,61789.2
U26861,JC000041,Principal,Teacher,1,170843
U25871,JC500629,Special Education Teacher,Teacher,6,571273.37
U23131,JC000463,Teacher Assistant,ESP,2,89698.66
U26881,JC000041,Principal,Teacher,1,166235
U22811,JC990101,School Counselor,Teacher,2,197623.63
U70241,JC000468,School Clerk,ESP,1,85478.63
U24451,JC002770,Lunchroom Attendant,ESP,2,49495.38
U25811,JC002741,Cook II,ESP,1,31934.52
U26701,JC002770,Lunchroom Attendant,ESP,1,20338.51
U25761,JC002738,Elementary Lunchroom Manager,ESP,1,40210.95
U29381,JC002738,Elementary Lunchroom Manager,ESP,1,40210.95
U23151,JC002795,Porter,ESP,1,27912.78
U24051,JC002742,Cook III,ESP,1,30369.44
U24821,JC000466,School Counseling Office Asst,ESP,1,62289.96
U22801,JC000464,Special Ed Classroom Assist,ESP,11,532854.91
U30121,JC500629,Special Education Teacher,Teacher,13,1338898.48
U23421,JC000041,Principal,Teacher,1,163282
U26621,JC000041,Principal,Teacher,1,178020
U22741,JC990101,School Counselor,Teacher,1,126022.62
U26591,JC000042,Assistant Principal,Teacher,1,143520
U47081,JC002770,Lunchroom Attendant,ESP,4,94581.57
U70020,JC000480,School Security Officer,ESP,4,214691.4
U22421,JC002763,Associate Lunchroom Mgr III,ESP,1,22777.08
U26731,JC000468,School Clerk,ESP,4,296612.37
U25361,JC000464,Special Ed Classroom Assist,ESP,6,319256.87
U31211,JC000463,Teacher Assistant,ESP,2,107999.96
U23081,JC002501,School Clerk (Bilin Spanish),ESP,1,97291.87
U25661,JC000055,Bilingual Teacher,Teacher,3,326640.09
U24951,JC000041,Principal,Teacher,1,174279.92
U22221,JC000042,Assistant Principal,Teacher,1,130600.41
U23561,JC500629,Special Education Teacher,Teacher,8,770986.6
U22731,JC002770,Lunchroom Attendant,ESP,2,47727.69
U11672,JC989100,Teacher-Speech Pathologist,Teacher,9,1003136.12
U24731,JC000468,School Clerk,ESP,5,391284.57
U47061,JC002770,Lunchroom Attendant,ESP,4,92741.06
U25291,JC000055,Bilingual Teacher,Teacher,11,1166272.94
U55191,JC200041,Interim Principal,Teacher,1,166235
U12410,JC500980,Accounting Technician,ESP,2,118721.61
U31281,JC002795,Porter,ESP,1,27912.78
U31181,JC002770,Lunchroom Attendant,ESP,3,80221.58
U23391,JC000480,School Security Officer,ESP,2,97930.92
U31211,JC000480,School Security Officer,ESP,2,90525.23
U49041,JC000049,Regular Teacher,Teacher,38,4927112.46
U25951,JC990101,School Counselor,Teacher,2,232072.53
U49041,JC990101,School Counselor,Teacher,1,136577.56
U29301,JC000041,Principal,Teacher,1,182352
U22701,JC990101,School Counselor,Teacher,1,93922.12
U25361,JC000463,Teacher Assistant,ESP,1,57050.37
U29261,JC000480,School Security Officer,ESP,1,51281.8
U26351,JC000480,School Security Officer,ESP,3,158627.5
U29091,JC002770,Lunchroom Attendant,ESP,3,68814.46
U25011,JC000042,Assistant Principal,Teacher,1,132245.69
U45221,JC000041,Principal,Teacher,1,178020
U31251,JC000464,Special Ed Classroom Assist,ESP,11,509592.52
U23281,JC500629,Special Education Teacher,Teacher,7,708245.89
U22251,JC000464,Special Ed Classroom Assist,ESP,22,1092241.53
U10610,JC504678,"Saf & Security Mgr, Safety Tec",ESP,1,110313
U53041,JC003429,Ed Sign Language Interpreter,ESP,5,412854.1
U13610,JC504979,Dir School Quality & Support,ESP,1,125454
U25151,JC505149,School Support Coordinator,ESP,1,69847.6
U10871,JC601845,"Mgr, STEM Implement & Supports",Teacher,1,110313
U26521,JC000049,Regular Teacher,Teacher,23,2097812.49
U26891,JC000464,Special Ed Classroom Assist,ESP,12,634604.49
U52011,JC990101,School Counselor,Teacher,2,170709.8
U23961,JC500629,Special Education Teacher,Teacher,14,1397424.83
U23641,JC000464,Special Ed Classroom Assist,ESP,19,877414.95
U47031,JC500629,Special Education Teacher,Teacher,4,433130.84
U23731,JC000042,Assistant Principal,Teacher,1,127251.1
U23371,JC000041,Principal,Teacher,1,163282
U46221,JC002770,Lunchroom Attendant,ESP,5,113152.39
U47061,JC000480,School Security Officer,ESP,7,312369.56
U23391,JC002795,Porter,ESP,1,26051.93
U24281,JC000055,Bilingual Teacher,Teacher,20,1990642.17
U25441,JC002741,Cook II,ESP,1,31934.52
U23101,JC500629,Special Education Teacher,Teacher,13,1309676.27
U11510,JC601801,"Chief, OMME",Teacher,1,201030.25
U24231,JC000463,Teacher Assistant,ESP,2,99251.06
U23771,JC000048,Head Teacher,Teacher,1,106113.6
U46061,JC000480,School Security Officer,ESP,4,178192.83
U29271,JC500629,Special Education Teacher,Teacher,9,944278.34
U22451,JC000464,Special Ed Classroom Assist,ESP,21,1096220.21
U47061,JC000469,Bilingual Sp Educ Classrm Asst,ESP,3,165873.36
U46241,JC000480,School Security Officer,ESP,7,314622.99
U31081,JC000463,Teacher Assistant,ESP,2,105784.41
U23851,JC000049,Regular Teacher,Teacher,22,2024781.33
U22871,JC000042,Assistant Principal,Teacher,2,292002.98
U25341,JC000049,Regular Teacher,Teacher,14,1252978.61
U47021,JC002741,Cook II,ESP,1,34063.49
U26021,JC002742,Cook III,ESP,1,26573.26
U22991,JC002742,Cook III,ESP,1,26573.26
U24621,JC500629,Special Education Teacher,Teacher,13,1313982.28
U41051,JC505149,School Support Coordinator,ESP,1,83118.64
U46421,JC000476,Teacher Asst Bil Spanish,ESP,1,46277.03
U24011,JC000049,Regular Teacher,Teacher,20,1772696.82
U23561,JC000042,Assistant Principal,Teacher,1,132245.69
U26441,JC000468,School Clerk,ESP,1,72221.1
U46331,JC002770,Lunchroom Attendant,ESP,4,91919.98
U22701,JC000042,Assistant Principal,Teacher,1,142005.63
U25351,JC990101,School Counselor,Teacher,2,199463.61
U24551,JC990101,School Counselor,Teacher,1,106925.42
U25751,JC002795,Porter,ESP,1,27912.78
U26031,JC002795,Porter,ESP,1,29773.63
U26321,JC002770,Lunchroom Attendant,ESP,1,21212.3
U24311,JC002742,Cook III,ESP,1,30369.44
U05261,JC600677,"Manager, Logistics JROTC",Teacher,1,127621
U10850,JC601346,School Counseling Specialist,Teacher,3,339394.98
U29401,JC000464,Special Ed Classroom Assist,ESP,11,493634.94
U25771,JC000463,Teacher Assistant,ESP,4,214087.51
U22511,JC000463,Teacher Assistant,ESP,2,86778.29
U24811,JC003917,Instructor Assistant,ESP,1,62994.52
U25471,JC002770,Lunchroom Attendant,ESP,5,134344.59
U25121,JC002770,Lunchroom Attendant,ESP,2,45086.2
U46401,JC500629,Special Education Teacher,Teacher,10,1144544.92
U22931,JC002795,Porter,ESP,1,26051.93
U22931,JC002770,Lunchroom Attendant,ESP,1,21212.3
U47041,JC002795,Porter,ESP,1,29773.63
U22291,JC000480,School Security Officer,ESP,2,109661.57
U46281,JC000464,Special Ed Classroom Assist,ESP,21,1074242.9
U23591,JC000463,Teacher Assistant,ESP,2,98374.89
U24621,JC000055,Bilingual Teacher,Teacher,2,240833.66
U25811,JC990101,School Counselor,Teacher,2,230158.27
U25761,JC000480,School Security Officer,ESP,2,105029.36
U32081,JC002763,Associate Lunchroom Mgr III,ESP,1,30369.44
U22761,JC000480,School Security Officer,ESP,2,94041.46
U31181,JC000480,School Security Officer,ESP,3,158627.5
U31201,JC000464,Special Ed Classroom Assist,ESP,10,437409.47
U31061,JC000464,Special Ed Classroom Assist,ESP,10,454427.12
U12510,JC500457,"Manager, Web Development",ESP,1,134581.86
U49131,JC500629,Special Education Teacher,Teacher,6,617983.22
U25671,JC000464,Special Ed Classroom Assist,ESP,9,446077.61
U25861,JC000464,Special Ed Classroom Assist,ESP,6,284201.45
U22411,JC009907,Parent Worker - Other,ESP,1,19995.5
U29321,JC002770,Lunchroom Attendant,ESP,6,133616.43
U46621,JC002777,Lunchroom Manager,ESP,1,51869.08
U12510,JC504708,IT Training Manager,ESP,1,95960.93
U46341,JC505151,School Operations Manager,ESP,1,110975
U70241,JC000464,Special Ed Classroom Assist,ESP,13,632789.39
U46371,JC990101,School Counselor,Teacher,3,343594.65
U10610,JC501487,Network Safety Manager,ESP,5,434639.36
U41091,JC990101,School Counselor,Teacher,1,126022.62
U23621,JC000055,Bilingual Teacher,Teacher,6,621675.38
U22081,JC002740,Cook I,ESP,1,37587.29
U23611,JC002770,Lunchroom Attendant,ESP,5,112258.5
U24441,JC002738,Elementary Lunchroom Manager,ESP,1,40210.95
U31151,JC990101,School Counselor,Teacher,1,104828.36
U25491,JC000042,Assistant Principal,Teacher,1,137776.82
U25371,JC500629,Special Education Teacher,Teacher,5,478517.54
U23321,JC500629,Special Education Teacher,Teacher,8,772055.14
U23501,JC000464,Special Ed Classroom Assist,ESP,10,477924.92
U23291,JC990101,School Counselor,Teacher,2,162841.47
U23391,JC002742,Cook III,ESP,1,26573.26
U46061,JC500656,College/Career Coach,ESP,1,81009.09
U24531,JC500629,Special Education Teacher,Teacher,15,1355603.01
U22941,JC000480,School Security Officer,ESP,3,137932.56
U47021,JC000480,School Security Officer,ESP,9,423538.09
U24981,JC000480,School Security Officer,ESP,2,91504.28
U23101,JC000464,Special Ed Classroom Assist,ESP,27,1236317.98
U32011,JC002983,Senior Security Officer,ESP,1,67616.19
U29081,JC500629,Special Education Teacher,Teacher,7,677113.8
U29211,JC990101,School Counselor,Teacher,1,103598.59
U22931,JC003917,Instructor Assistant,ESP,1,63065.17
U46551,JC000055,Bilingual Teacher,Teacher,3,262506.06
U22021,JC000469,Bilingual Sp Educ Classrm Asst,ESP,2,111351.89
U23871,JC000464,Special Ed Classroom Assist,ESP,7,319632.19
U53041,JC000042,Assistant Principal,Teacher,2,279102.1
U26051,JC990101,School Counselor,Teacher,1,80415.19
U24231,JC000042,Assistant Principal,Teacher,3,443046
U31101,JC500629,Special Education Teacher,Teacher,6,584294.9
U32081,JC000468,School Clerk,ESP,1,82988.96
U25731,JC002983,Senior Security Officer,ESP,1,55871.25
U47091,JC000041,Principal,Teacher,1,189714
U47101,JC002741,Cook II,ESP,1,34063.49
U51091,JC002770,Lunchroom Attendant,ESP,3,76091.11
U29361,JC000463,Teacher Assistant,ESP,2,93783.67
U11870,JC504941,Timekeeping Assistant,ESP,3,157883.23
U25601,JC500629,Special Education Teacher,Teacher,12,1140308.21
U46331,JC003440,Lifeguard,ESP,1,29458.45
U23441,JC000049,Regular Teacher,Teacher,16,1522928.61
U26301,JC000480,School Security Officer,ESP,1,44591.55
U29151,JC000469,Bilingual Sp Educ Classrm Asst,ESP,6,312253.7
U24201,JC500629,Special Education Teacher,Teacher,6,658125.81
U66255,JC002795,Porter,ESP,1,29773.63
U26921,JC002742,Cook III,ESP,1,30369.44
U47051,JC002795,Porter,ESP,1,26051.93
U22601,JC002738,Elementary Lunchroom Manager,ESP,2,92801.42
U12010,JC500006,Administrative Assistant,ESP,1,61018.39
U23241,JC990101,School Counselor,Teacher,1,125832
U26441,JC000041,Principal,Teacher,1,178020
U29091,JC000480,School Security Officer,ESP,2,112127.8
U31161,JC000480,School Security Officer,ESP,2,95393.74
U30081,JC000468,School Clerk,ESP,1,72896.06
U22771,JC500629,Special Education Teacher,Teacher,6,609834.35
U25931,JC000464,Special Ed Classroom Assist,ESP,8,343852.72
U66261,JC002770,Lunchroom Attendant,ESP,1,23728.26
U22041,JC002795,Porter,ESP,2,55825.56
U10875,JC501553,Re-Engagement Program Coord,ESP,2,139213.07
U22821,JC990101,School Counselor,Teacher,2,174503.6
U22861,JC000464,Special Ed Classroom Assist,ESP,5,243390.97
U29131,JC000464,Special Ed Classroom Assist,ESP,8,393093.34
U25751,JC000464,Special Ed Classroom Assist,ESP,7,338856.61
U25861,JC500629,Special Education Teacher,Teacher,3,336512.08
U12510,JC501944,"Director, Telecommunications",ESP,1,163263.24
U12510,JC504882,Web & Digital Content Spec,ESP,1,81631.62
U23371,JC002738,Elementary Lunchroom Manager,ESP,1,46400.71
U31101,JC990101,School Counselor,Teacher,1,82858.31
U49021,JC000478,Teacher Assistant Bilingual,ESP,1,57050.37
U46281,JC000480,School Security Officer,ESP,7,320773.74
U41121,JC002983,Senior Security Officer,ESP,1,61789.2
U11880,JC004245,Custodial Worker Assistant,ESP,1,45267.9
U29311,JC000041,Principal,Teacher,1,157496
U26281,JC002742,Cook III,ESP,1,26573.26
U23041,JC002770,Lunchroom Attendant,ESP,7,156377.99
U46061,JC000701,School Community Representive,ESP,1,51713.36
U12510,JC504739,State Data Compliance Manager,ESP,1,99498
U11610,JC601817,Program Coordinator,Teacher,1,63036
U12510,JC504722,SIS Engagement Specialist,ESP,1,80528.49
U41111,JC500629,Special Education Teacher,Teacher,10,996643.21
U23361,JC000055,Bilingual Teacher,Teacher,1,123636.24
U46251,JC500629,Special Education Teacher,Teacher,12.5,1441634.02
U23231,JC500629,Special Education Teacher,Teacher,6,621273.27
U12510,JC501950,Technology Asset Mgmt Lead,ESP,1,80528.49
U24011,JC000468,School Clerk,ESP,1,63845.42
U24691,JC002770,Lunchroom Attendant,ESP,2,55401.08
U22611,JC002770,Lunchroom Attendant,ESP,2,50316.45
U53091,JC000042,Assistant Principal,Teacher,2,287120
U22971,JC000464,Special Ed Classroom Assist,ESP,3,132373.79
U24781,JC000463,Teacher Assistant,ESP,1,61043.9
U11201,JC501781,Project Manager,ESP,1,92452.8
U11210,JC600719,Student Testing Manager,Teacher,1,115040.84
U26421,JC002763,Associate Lunchroom Mgr III,ESP,1,30369.44
U53061,JC002741,Cook II,ESP,1,29805.55
U23721,JC002795,Porter,ESP,1,22330.22
U31281,JC002738,Elementary Lunchroom Manager,ESP,1,42233.21
U29271,JC002795,Porter,ESP,1,26051.93
U24931,JC500629,Special Education Teacher,Teacher,14,1308774.07
U22621,JC500629,Special Education Teacher,Teacher,6,545367.45
U31181,JC000463,Teacher Assistant,ESP,3,162718.21
U12410,JC504814,Dir Fin Transaction Processing,ESP,1,134777.11
U12510,JC505125,Sr Insights & Research Analyst,ESP,2,183301
U46111,JC000049,Regular Teacher,Teacher,12,1130337.48
U02541,JC601814,"ED, Principal Quality",Teacher,1,193972.87
U26591,JC000049,Regular Teacher,Teacher,17,1663957.65
U29101,JC000468,School Clerk,ESP,2,128639.6
U24341,JC000468,School Clerk,ESP,1,72896.06
U23201,JC000464,Special Ed Classroom Assist,ESP,6,271836.59
U11675,JC601809,"RSP Mgr, Occ & Phys Therapies",Teacher,4,442621
U25411,JC000463,Teacher Assistant,ESP,2,92734.32
U22451,JC002983,Senior Security Officer,ESP,1,61789.2
U26451,JC990101,School Counselor,Teacher,1,94640.29
U24711,JC000464,Special Ed Classroom Assist,ESP,5,229582.93
U23771,JC000464,Special Ed Classroom Assist,ESP,21,994991.34
U24201,JC002795,Porter,ESP,1,29773.63
U47101,JC000480,School Security Officer,ESP,6,269265.17
U22021,JC002795,Porter,ESP,1,29773.63
U23551,JC002741,Cook II,ESP,1,34063.49
U24611,JC500629,Special Education Teacher,Teacher,9,875854.27
U23001,JC003917,Instructor Assistant,ESP,1,60639.59
U46311,JC000464,Special Ed Classroom Assist,ESP,22,1085655.58
U29151,JC000042,Assistant Principal,Teacher,2,255210.31
U23561,JC990101,School Counselor,Teacher,1,120536.67
U12410,JC502049,Accounts Receivable Team Lead,ESP,1,88000
U46201,JC000468,School Clerk,ESP,3,241263.41
U26441,JC000464,Special Ed Classroom Assist,ESP,2,98805.92
U23591,JC002795,Porter,ESP,1,26051.93
U24591,JC002763,Associate Lunchroom Mgr III,ESP,1,26573.26
U23241,JC000468,School Clerk,ESP,1,76637.9
U29111,JC990101,School Counselor,Teacher,1,125725.78
U23591,JC000041,Principal,Teacher,1,183218
U22551,JC000041,Principal,Teacher,1,153363
U46291,JC000055,Bilingual Teacher,Teacher,12,1215631.44
U14051,JC601812,Nurse Manager,Teacher,3,317100
U26301,JC000041,Principal,Teacher,1,172395
U26051,JC000041,Principal,Teacher,1,166349
U14060,JC500071,Community Coordinator,ESP,2,98668.56
U23831,JC000463,Teacher Assistant,ESP,1,57050.37
U24751,JC200041,Interim Principal,Teacher,1,169364
U11610,JC504415,Data Analyst,ESP,3,198672.88
U10210,JC504760,Senior Legal Assistant,ESP,1,67172.65
U24681,JC000469,Bilingual Sp Educ Classrm Asst,ESP,7,330911.41
U46131,JC000691,Technology Coordinator,ESP,1,115397.98
U53061,JC990101,School Counselor,Teacher,4,392219.92
U11371,JC501288,Data Strategist,ESP,1,81900
U70070,JC000042,Assistant Principal,Teacher,1,148742
U22161,JC000468,School Clerk,ESP,2,142232.98
U46551,JC000042,Assistant Principal,Teacher,2,282753.39
U24081,JC000464,Special Ed Classroom Assist,ESP,5,247161.19
U22441,JC000041,Principal,Teacher,1,157930
U29221,JC002795,Porter,ESP,1,29773.63
U24241,JC000480,School Security Officer,ESP,2,95393.74
U25681,JC000042,Assistant Principal,Teacher,1,125934
U46141,JC500629,Special Education Teacher,Teacher,7,666403.28
U46031,JC000055,Bilingual Teacher,Teacher,2,223738.52
U24961,JC990101,School Counselor,Teacher,1,106297.19
U25351,JC000671,Computer Technician,ESP,1,90743.02
U22671,JC000464,Special Ed Classroom Assist,ESP,10,479763.54
U11870,JC500105,Database Specialist,ESP,1,77219.1
U26841,JC000469,Bilingual Sp Educ Classrm Asst,ESP,2,107998.93
U11870,JC501202,Transportation CS Team Lead,ESP,1,66187.8
U51071,JC000464,Special Ed Classroom Assist,ESP,4,184990.51
U24151,JC000468,School Clerk,ESP,2,155885.02
U66351,JC002795,Porter,ESP,1,29773.63
U55171,JC002741,Cook II,ESP,1,34063.49
U46291,JC000464,Special Ed Classroom Assist,ESP,5,229124.49
U28151,JC000464,Special Ed Classroom Assist,ESP,3,154364.51
U26231,JC990101,School Counselor,Teacher,1,108972
U70020,JC000041,Principal,Teacher,1,187953
U25921,JC000041,Principal,Teacher,1,166235
U24991,JC000468,School Clerk,ESP,1,85478.63
U55011,JC002770,Lunchroom Attendant,ESP,2,56566.14
U12510,JC500893,"Director, Network Services",ESP,1,135000
U12510,JC501997,"Mgr, Ent IT Device Sys & Suppt",ESP,1,132300
U26231,JC000480,School Security Officer,ESP,2,94041.46
U22021,JC000468,School Clerk,ESP,2,168467.59
U22161,JC000042,Assistant Principal,Teacher,1,143417.33
U46171,JC983600,Military Instructor,Teacher,2,167626.4
U22601,JC002770,Lunchroom Attendant,ESP,3,68066.2
U24021,JC002795,Porter,ESP,1,29773.63
U26771,JC000463,Teacher Assistant,ESP,3,170597.23
U23251,JC002770,Lunchroom Attendant,ESP,1,24747.69
U23441,JC002738,Elementary Lunchroom Manager,ESP,1,40210.95
U29291,JC002763,Associate Lunchroom Mgr III,ESP,1,30369.44
U29031,JC000049,Regular Teacher,Teacher,17,1631827.87
U23131,JC990101,School Counselor,Teacher,1,109720.9
U23231,JC990101,School Counselor,Teacher,1,119437.85
U24841,JC000480,School Security Officer,ESP,1,44591.55
U23261,JC002795,Porter,ESP,1,26051.93
U53011,JC000480,School Security Officer,ESP,8,394144.7
U25331,JC002770,Lunchroom Attendant,ESP,2,42424.6
U12410,JC504869,Grants Accounting Specialist,ESP,1,73000
U23371,JC000468,School Clerk,ESP,1,70568.16
U51091,JC000480,School Security Officer,ESP,6,298875.93
U32021,JC000042,Assistant Principal,Teacher,1,137096.47
U26291,JC000480,School Security Officer,ESP,2,104879.47
U22581,JC000469,Bilingual Sp Educ Classrm Asst,ESP,9,458134.48
U12510,JC504753,ITIL Change Manager,ESP,1,107956.04
U24611,JC000480,School Security Officer,ESP,2,97930.92
U66151,JC002763,Associate Lunchroom Mgr III,ESP,1,30369.44
U22381,JC000468,School Clerk,ESP,1,85478.63
U22791,JC000463,Teacher Assistant,ESP,2,88993.11
U22641,JC000041,Principal,Teacher,1,157496
U22151,JC990101,School Counselor,Teacher,2,249642.02
U25921,JC500629,Special Education Teacher,Teacher,6,687489.04
U23311,JC002770,Lunchroom Attendant,ESP,3,74243.07
U12510,JC504416,Service Ops Center Engineer,ESP,2,154514.32
U12510,JC504338,"Mgr, Enterprise Tech Support",ESP,1,110975
U12510,JC504347,Network Ops Team Lead,ESP,1,123944.6
U12510,JC504877,Senior HRIT Analyst,ESP,4,481725.73
U63081,JC002763,Associate Lunchroom Mgr III,ESP,1,26573.26
U46111,JC002795,Porter,ESP,1,29773.63
U23081,JC002763,Associate Lunchroom Mgr III,ESP,1,30369.44
U26231,JC002795,Porter,ESP,1,26051.93
U24191,JC000041,Principal,Teacher,1,153303.79
U29131,JC990101,School Counselor,Teacher,2,247384.38
U12410,JC501917,Sr Grant Accounting Specialist,ESP,2,164119.75
U46211,JC002777,Lunchroom Manager,ESP,1,58192.47
U31041,JC002738,Elementary Lunchroom Manager,ESP,1,40210.95
U22101,JC002763,Associate Lunchroom Mgr III,ESP,1,30369.44
U26321,JC002795,Porter,ESP,1,24191.07
U24461,JC002738,Elementary Lunchroom Manager,ESP,1,46400.71
U25591,JC000055,Bilingual Teacher,Teacher,5,572408.44
U29371,JC002738,Elementary Lunchroom Manager,ESP,1,42233.21
U22021,JC002762,Associate Lunchroom Mgr II,ESP,1,34063.49
U24641,JC002738,Elementary Lunchroom Manager,ESP,1,40210.95
U22491,JC002738,Elementary Lunchroom Manager,ESP,1,42233.21
U22291,JC000041,Principal,Teacher,1,153363
U41111,JC000468,School Clerk,ESP,1,80571.8
U24251,JC002770,Lunchroom Attendant,ESP,2,48475.95
U46341,JC000042,Assistant Principal,Teacher,3,431820.74
U29371,JC002501,School Clerk (Bilin Spanish),ESP,1,72896.06
U30101,JC002983,Senior Security Officer,ESP,1,61789.2
U22091,JC000041,Principal,Teacher,1,172395
U22751,JC000041,Principal,Teacher,1,185365
U22361,JC000041,Principal,Teacher,1,165995.44
U23931,JC000041,Principal,Teacher,1,165019
U23811,JC990101,School Counselor,Teacher,1,109720.19
U26381,JC000480,School Security Officer,ESP,1,48965.46
U24681,JC000468,School Clerk,ESP,1,70568.16
U55161,JC990101,School Counselor,Teacher,1,91157.43
U26091,JC990101,School Counselor,Teacher,1,102288.26
U26601,JC990101,School Counselor,Teacher,1,125725.26
U26461,JC000480,School Security Officer,ESP,1,48965.46
U23461,JC000042,Assistant Principal,Teacher,1,143520
U26321,JC000042,Assistant Principal,Teacher,1,139526.59
U31111,JC002983,Senior Security Officer,ESP,1,67616.19
U46321,JC002763,Associate Lunchroom Mgr III,ESP,1,30369.44
U24631,JC002763,Associate Lunchroom Mgr III,ESP,1,30369.44
U25011,JC000468,School Clerk,ESP,2,155997.56
U25211,JC000468,School Clerk,ESP,1,82988.96
U25581,JC000468,School Clerk,ESP,1,77158.12
U25871,JC000480,School Security Officer,ESP,1,53597.67
U23521,JC600063,Case Manager,Teacher,0.5,41544.98
U23711,JC600063,Case Manager,Teacher,0.5,41544.98
U22921,JC000462,School Assistant,ESP,1,36546.64
U29321,JC000462,School Assistant,ESP,2,86494.61
U22501,JC000462,School Assistant,ESP,1,36546.64
U41051,JC000065,IB Coordinator,Teacher,1,111533
U41111,JC505051,Restorative Justice Coord,ESP,1,56872.5
U24451,JC505051,Restorative Justice Coord,ESP,1,89813.16
U25631,JC505051,Restorative Justice Coord,ESP,1,76370.99
U24431,JC600063,Case Manager,Teacher,1,82886.58
U24611,JC600063,Case Manager,Teacher,1.5,163677.12
U24681,JC600063,Case Manager,Teacher,1,99520.26
U53061,JC505051,Restorative Justice Coord,ESP,1,80291.2
U46101,JC505051,Restorative Justice Coord,ESP,1,69095.44
U26771,JC000042,Assistant Principal,Teacher,1,130349.23
U46381,JC500629,Special Education Teacher,Teacher,6,660448.72
U11540,JC984100,School Social Worker,Teacher,1,132859.42
U23371,JC000071,English Learner Prg Teacher,Teacher,1,83089.96
U25991,JC000071,English Learner Prg Teacher,Teacher,1,83089.96
U24371,JC600063,Case Manager,Teacher,0.5,41544.98
U29171,JC000071,English Learner Prg Teacher,Teacher,1,83089.96
U25771,JC600063,Case Manager,Teacher,1,101052.34
U70020,JC000042,Assistant Principal,Teacher,3,401029.69
U46261,JC000462,School Assistant,ESP,1,36546.64
U22101,JC000469,Bilingual Sp Educ Classrm Asst,ESP,1,47375.94
U24851,JC000478,Teacher Assistant Bilingual,ESP,2,105542.95
U26931,JC000464,Special Ed Classroom Assist,ESP,31,1576530.49
U26181,JC000464,Special Ed Classroom Assist,ESP,5,262565.05
U47091,JC600063,Case Manager,Teacher,2,215455.96
U46021,JC500629,Special Education Teacher,Teacher,8,762408.98
U46311,JC500939,Conflict Resolution Specialist,ESP,1,73710
U12210,JC504950,Vendor Support Svs Lead,ESP,1,83914
U10895,JC501943,"Mgr, Restorative Pract Support",ESP,1,108150
U26081,JC600063,Case Manager,Teacher,1,108936.34
U22061,JC000071,English Learner Prg Teacher,Teacher,1,83089.96
U23541,JC000071,English Learner Prg Teacher,Teacher,1,83089.96
U26701,JC000476,Teacher Asst Bil Spanish,ESP,3,110622.72
U46371,JC000466,School Counseling Office Asst,ESP,1,44905.21
U24731,JC600063,Case Manager,Teacher,1.5,139954.08
U11010,JC502033,HR School Partner,ESP,5,399415.91
U12460,JC504552,Risk and Insurance Analyst,ESP,3,226011.46
U46061,JC000462,School Assistant,ESP,2,89007.09
U10560,JC501781,Project Manager,ESP,2,189787.5
U46291,JC000462,School Assistant,ESP,4,165972.4
U23001,JC000055,Bilingual Teacher,Teacher,6,610052.53
U26771,JC600063,Case Manager,Teacher,1,106297.14
U23241,JC600063,Case Manager,Teacher,1,101071.32
U26081,JC500629,Special Education Teacher,Teacher,6,529906.9
U22791,JC000464,Special Ed Classroom Assist,ESP,3,132532.26
U24891,JC000462,School Assistant,ESP,1,46177.23
U29081,JC000464,Special Ed Classroom Assist,ESP,7,349965.19
U22311,JC990101,School Counselor,Teacher,2,191228.19
U23041,JC505051,Restorative Justice Coord,ESP,1,69095.44
U46551,JC505051,Restorative Justice Coord,ESP,1,69095.44
U46691,JC505051,Restorative Justice Coord,ESP,1,76370.99
U24221,JC505051,Restorative Justice Coord,ESP,1,72642.19
U24811,JC000464,Special Ed Classroom Assist,ESP,12,577514.01
U29111,JC600063,Case Manager,Teacher,1,114190.54
U22341,JC000071,English Learner Prg Teacher,Teacher,2,166179.92
U26821,JC000071,English Learner Prg Teacher,Teacher,2,166179.92
U25631,JC000071,English Learner Prg Teacher,Teacher,2,166179.92
U24021,JC000071,English Learner Prg Teacher,Teacher,2,166179.92
U29191,JC000071,English Learner Prg Teacher,Teacher,1,83089.96
U22821,JC000071,English Learner Prg Teacher,Teacher,0.5,41544.98
U22261,JC600063,Case Manager,Teacher,1,104511.84
U22341,JC600063,Case Manager,Teacher,1,104407.63
U22611,JC600063,Case Manager,Teacher,1,83089.96
U25151,JC000468,School Clerk,ESP,4,295826.7
U22071,JC000475,School Assistant-Bilingual,ESP,1,42891.77
U31301,JC600063,Case Manager,Teacher,1,96746.3
U22771,JC990101,School Counselor,Teacher,1,123636.02
U24981,JC500629,Special Education Teacher,Teacher,5,464113.02
U22211,JC000464,Special Ed Classroom Assist,ESP,3,123844.71
U25921,JC000464,Special Ed Classroom Assist,ESP,7,347816.6
U29171,JC600063,Case Manager,Teacher,1,98966.96
U22151,JC600063,Case Manager,Teacher,1,79983.3
U24941,JC000042,Assistant Principal,Teacher,1,133765.56
U23281,JC600063,Case Manager,Teacher,0.5,41544.98
U23051,JC990101,School Counselor,Teacher,2,179584.83
U47041,JC003015,Youth Intervention Specialist,ESP,1,72642.19
U24471,JC600063,Case Manager,Teacher,2,219057.82
U26771,JC500629,Special Education Teacher,Teacher,11,1019954.91
U10510,JC501901,Assistant Press Secretary,ESP,1,71500
U24601,JC500629,Special Education Teacher,Teacher,4,451028.28
U10841,JC500764,Program Coordinator,ESP,2,142257.68
U26201,JC600063,Case Manager,Teacher,1.5,147325.96
U29151,JC600063,Case Manager,Teacher,2,187259.36
U24171,JC000055,Bilingual Teacher,Teacher,2,166179.92
U46341,JC600063,Case Manager,Teacher,2,215493.85
U41121,JC000071,English Learner Prg Teacher,Teacher,2,166179.92
U22161,JC000071,English Learner Prg Teacher,Teacher,0.5,41544.98
U22031,JC000071,English Learner Prg Teacher,Teacher,0.5,41544.98
U22951,JC000071,English Learner Prg Teacher,Teacher,0.5,41544.98
U23391,JC500992,STLS Advocate,ESP,1,64979.14
U46241,JC500992,STLS Advocate,ESP,1,69807.58
U24731,JC500992,STLS Advocate,ESP,1,70568.16
U25911,JC000055,Bilingual Teacher,Teacher,7,720364.6
U47091,JC000042,Assistant Principal,Teacher,1,148768
U25671,JC000467,School Clerk Assistant,ESP,1,53402.54
U22291,JC000071,English Learner Prg Teacher,Teacher,1,83089.96
U23521,JC000044,Curriculum And Instruct Coach,Teacher,1,62924.52
U46691,JC002770,Lunchroom Attendant,ESP,2,41550.81
U22851,JC500629,Special Education Teacher,Teacher,10,965019.63
U24691,JC000463,Teacher Assistant,ESP,2,104479.65
U23871,JC000042,Assistant Principal,Teacher,1,143520
U29271,JC000042,Assistant Principal,Teacher,1,143520
U25341,JC000042,Assistant Principal,Teacher,1,134524.52
U66623,JC002763,Associate Lunchroom Mgr III,ESP,1,26573.26
U10850,JC601405,ED School Cnslng & PS Advising,Teacher,1,161935.78
U23521,JC000467,School Clerk Assistant,ESP,1,49632.61
U23341,JC000042,Assistant Principal,Teacher,1,134524.52
U25031,JC002741,Cook II,ESP,1,34063.49
U29101,JC600063,Case Manager,Teacher,1,119700.15
U31151,JC600063,Case Manager,Teacher,1,95311.05
U22901,JC984100,School Social Worker,Teacher,1,87651.59
U10810,JC504110,"Director, Business Operations",ESP,1,135000
U22191,JC500629,Special Education Teacher,Teacher,3,329315.53
U26891,JC000469,Bilingual Sp Educ Classrm Asst,ESP,1,49744.74
U10845,JC602023,STEM Program Support Spec,Teacher,1,114985.2
U46681,JC000464,Special Ed Classroom Assist,ESP,4,205542.48
U10841,JC504287,School Scheduling Manager,ESP,2,209772.25
U30151,JC000464,Special Ed Classroom Assist,ESP,7,322674.52
U26731,JC002738,Elementary Lunchroom Manager,ESP,1,40210.95
U02541,JC501955,LSC Principal Supports Coord,ESP,1,60000
U02411,JC990100,Teacher-Citywide,Teacher,1,127616.53
U26921,JC002795,Porter,ESP,2,52103.85
U22811,JC000071,English Learner Prg Teacher,Teacher,2,166179.92
U23081,JC000071,English Learner Prg Teacher,Teacher,3,249269.88
U30101,JC000072,Dual Language Coordinator,Teacher,1,83089.96
U46181,JC500992,STLS Advocate,ESP,1,58478.98
U10872,JC504857,Community Partnership Spec,ESP,1,78914
U02541,JC504415,Data Analyst,ESP,1,71703.45
U24551,JC000071,English Learner Prg Teacher,Teacher,1,83089.96
U23931,JC000071,English Learner Prg Teacher,Teacher,2,166179.92
U46341,JC000071,English Learner Prg Teacher,Teacher,2,166179.92
U46201,JC000071,English Learner Prg Teacher,Teacher,2,166179.92
U46331,JC000071,English Learner Prg Teacher,Teacher,2,166179.92
U46691,JC000468,School Clerk,ESP,1,72110.39
U29071,JC000463,Teacher Assistant,ESP,2,109661.62
U66441,JC002742,Cook III,ESP,1,30369.44
U13727,JC501974,Early College Netwk Suppt Spec,ESP,4,217620
U70241,JC505150,School Bus Ops Administrator,ESP,1,109168.15
U23491,JC600063,Case Manager,Teacher,1,125977.51
U46271,JC000468,School Clerk,ESP,3,264037.42
U46271,JC002501,School Clerk (Bilin Spanish),ESP,1,72896.06
U29021,JC000463,Teacher Assistant,ESP,1,48982.74
U70070,JC000464,Special Ed Classroom Assist,ESP,6,253117.77
U11610,JC504651,Sr Business Operations Spec,ESP,1,78000
U24471,JC000066,Regional Gifted Coordinator,Teacher,1,132477.07
U10850,JC501483,Senior Data Strategist,ESP,1,98000
U23791,JC990101,School Counselor,Teacher,2,241945.98
U12210,JC501288,Data Strategist,ESP,1,71691.73
U22571,JC000463,Teacher Assistant,ESP,2,88401.16
U12510,JC502111,ERP Bus Process Support Mgr,ESP,3,281630.8
U23911,JC000703,Parent Advocate-Bilingual,ESP,1,57325.38
U29031,JC002983,Senior Security Officer,ESP,1,55871.25
U46431,JC000710,Student Special Svc Advocate,ESP,1,72934.62
U22301,JC500992,STLS Advocate,ESP,1,85478.63
U22541,JC000468,School Clerk,ESP,2,147206.06
U22161,JC600063,Case Manager,Teacher,0.5,41291.38
U22481,JC600063,Case Manager,Teacher,0.5,41544.98
U24011,JC600063,Case Manager,Teacher,0.5,52303.41
U46481,JC600063,Case Manager,Teacher,1,101635.26
U24821,JC600063,Case Manager,Teacher,1,126022.62
U12010,JC504651,Sr Business Operations Spec,ESP,1,83965.81
U12010,JC504412,Staffing Specialist,ESP,1,53984.77
U02461,JC990100,Teacher-Citywide,Teacher,1,140125.67
U02511,JC990100,Teacher-Citywide,Teacher,1,124581.02
U02521,JC990100,Teacher-Citywide,Teacher,1,104945
U23511,JC000468,School Clerk,ESP,1,70568.16
U29281,JC000468,School Clerk,ESP,2,157179.46
U24381,JC000467,School Clerk Assistant,ESP,1,55231.17
U25141,JC600063,Case Manager,Teacher,1.5,157831.93
U25521,JC600063,Case Manager,Teacher,1,122082.76
U25571,JC600063,Case Manager,Teacher,1,84306.69
U22691,JC000691,Technology Coordinator,ESP,1,88958.97
U49131,JC505051,Restorative Justice Coord,ESP,1,84412.64
U47101,JC000467,School Clerk Assistant,ESP,1,57053.14
U28081,JC600063,Case Manager,Teacher,1,119086.35
U29151,JC000480,School Security Officer,ESP,2,81541.88
U25041,JC000462,School Assistant,ESP,1,36546.64
U53061,JC000466,School Counseling Office Asst,ESP,1,44905.21
U25381,JC000463,Teacher Assistant,ESP,2,92369.42
U24741,JC003015,Youth Intervention Specialist,ESP,1,77053.83
U24741,JC000466,School Counseling Office Asst,ESP,1,44905.21
U52011,JC000462,School Assistant,ESP,1,36546.64
U13725,JC600000,Unevaluated Non-union Role,Teacher,2,188926.54
U29241,JC000464,Special Ed Classroom Assist,ESP,5,252757.26
U12510,JC500164,Executive Assistant,ESP,1,66836.7
U25381,JC000480,School Security Officer,ESP,2,97710.08
U11110,JC501861,Network Leader Developmnt Spec,ESP,1,110313
U11540,JC604963,EL Program Equity Manager,Teacher,1,122000
U11405,JC500764,Program Coordinator,ESP,2,136289
U46241,JC002983,Senior Security Officer,ESP,4,241147.89
U11610,JC500390,Sr Communications Specialist,ESP,1,72000
U46031,JC003429,Ed Sign Language Interpreter,ESP,1,67740.4
U24921,JC501186,At-Risk Student Coordinator,ESP,1,68621
U14050,JC504824,Healthy CPS Hotline Coord,ESP,4,205277.22
U49051,JC000464,Special Ed Classroom Assist,ESP,3,135686.91
U25451,JC000464,Special Ed Classroom Assist,ESP,8,361179.47
U26781,JC600755,Lead Coach,Teacher,1,90807.62
U11610,JC600092,"Chief, OSD",Teacher,1,216275
U23541,JC000464,Special Ed Classroom Assist,ESP,7,324642.81
U10855,JC504555,Program Manager,ESP,4,391389.44
U10890,JC601846,Fine & Performing Arts Manager,Teacher,1,115818.14
U46681,JC500629,Special Education Teacher,Teacher,8,773765.78
U22021,JC000067,Personalized Learning Coordinator,Teacher,1,91406.56
U49021,JC000480,School Security Officer,ESP,1,48965.46
U23161,JC000480,School Security Officer,ESP,1,46428.28
U23361,JC000480,School Security Officer,ESP,2,95393.74
U23081,JC000065,IB Coordinator,Teacher,1,128355.63
U24361,JC000065,IB Coordinator,Teacher,1,116530.96
U22371,JC000065,IB Coordinator,Teacher,2,265959.78
U10760,JC504563,Title IX Officer,ESP,1,185000
U47051,JC501853,School Athletic Director,ESP,1,79380
U55011,JC501853,School Athletic Director,ESP,1,78840
U02541,JC501948,Administrative Coordinator,ESP,3,184095.28
U25681,JC600755,Lead Coach,Teacher,1,132216.53
U24721,JC600755,Lead Coach,Teacher,1,133069.32
U51021,JC000691,Technology Coordinator,ESP,1,98002.46
U24241,JC000464,Special Ed Classroom Assist,ESP,4,192981.62
U10810,JC502054,T&L Business Ops Admin,ESP,1,109166.61
U25431,JC600063,Case Manager,Teacher,1,96435.54
U53121,JC600063,Case Manager,Teacher,0.5,53428.8
U25951,JC500629,Special Education Teacher,Teacher,4,434598.03
U29241,JC000480,School Security Officer,ESP,2,93557.01
U22341,JC000042,Assistant Principal,Teacher,1,143520
U25921,JC600755,Lead Coach,Teacher,1,132505.14
U10870,JC504110,"Director, Business Operations",ESP,1,132265.29
U25041,JC000067,Personalized Learning Coordinator,Teacher,1,131158.44
U30051,JC000467,School Clerk Assistant,ESP,1,53106.9
U23891,JC600063,Case Manager,Teacher,0.5,41544.98
U22891,JC000691,Technology Coordinator,ESP,1,61113.2
U29191,JC600063,Case Manager,Teacher,1,95852.85
U26351,JC502099,Full Srv Community Schl Coord,ESP,1,65000
U11210,JC504412,Staffing Specialist,ESP,1,55702.81
U46101,JC000466,School Counseling Office Asst,ESP,1,59650.85
U12410,JC504808,Accounting Manager,ESP,3,332908.39
U24331,JC000042,Assistant Principal,Teacher,1,131693.08
U25861,JC000071,English Learner Prg Teacher,Teacher,1,83089.96
U25561,JC990101,School Counselor,Teacher,2,209654.23
U31301,JC000044,Curriculum And Instruct Coach,Teacher,1,128241.08
U46491,JC000042,Assistant Principal,Teacher,1,118000
U25231,JC000071,English Learner Prg Teacher,Teacher,2,166179.92
U23621,JC000071,English Learner Prg Teacher,Teacher,2,166179.92
U25241,JC000467,School Clerk Assistant,ESP,1,48315.1
U24451,JC000042,Assistant Principal,Teacher,2,288960.59
U11880,JC502078,Substitute Custodian Coord,ESP,2,98000
U23891,JC500629,Special Education Teacher,Teacher,4,397974.12
U23581,JC000042,Assistant Principal,Teacher,1,125810
U55151,JC000042,Assistant Principal,Teacher,1,139526.59
U24311,JC000042,Assistant Principal,Teacher,1,149409
U23611,JC600063,Case Manager,Teacher,1,111263.81
U23911,JC002741,Cook II,ESP,1,34063.49
U25401,JC003015,Youth Intervention Specialist,ESP,1,69095.44
U23821,JC600063,Case Manager,Teacher,0.5,50439.92
U26181,JC990101,School Counselor,Teacher,1,111263.81
U25291,JC000475,School Assistant-Bilingual,ESP,1,36546.64
U11673,JC504590,Citywide Bilingual Translator,ESP,9,503886.8
U22071,JC000463,Teacher Assistant,ESP,3,157328.29
U29191,JC000480,School Security Officer,ESP,2,93557.01
U11860,JC504894,Business Operations Coord,ESP,1,70234.26
U51071,JC000042,Assistant Principal,Teacher,1,127551
U13737,JC504526,"ED, Sports Administration",ESP,1,165000
U10871,JC602023,STEM Program Support Spec,Teacher,3,309899.36
U10320,JC502046,Investigation Suppt Team Lead,ESP,1,77520
U41091,JC000467,School Clerk Assistant,ESP,1,53106.9
U29091,JC000469,Bilingual Sp Educ Classrm Asst,ESP,4,218121.55
U11673,JC505156,Braille Transcriber,ESP,2,99971.94
U22941,JC000464,Special Ed Classroom Assist,ESP,5,268889.08
U11880,JC504554,"Sr Mgr, Engineering Support",ESP,1,127874.83
U23081,JC002770,Lunchroom Attendant,ESP,6,143660.15
U25521,JC002741,Cook II,ESP,1,34063.49
U22621,JC500939,Conflict Resolution Specialist,ESP,1,88473.4
U22811,JC000042,Assistant Principal,Teacher,1,132245.69
U24791,JC000469,Bilingual Sp Educ Classrm Asst,ESP,1,45119.94
U23751,JC000463,Teacher Assistant,ESP,3,129880.32
U46171,JC500446,School Culture Coordinator,ESP,1,75600
U23381,JC000041,Principal,Teacher,1,181753.8
U13610,JC505018,School Compliance Analyst,ESP,1,95960.93
U10560,JC501894,Design Director,ESP,1,126859.95
U24241,JC000042,Assistant Principal,Teacher,1,139724
U46301,JC003015,Youth Intervention Specialist,ESP,1,65721.86
U55181,JC000464,Special Ed Classroom Assist,ESP,5,249603.2
U53061,JC000042,Assistant Principal,Teacher,2,279053.18
U30151,JC000463,Teacher Assistant,ESP,3,141464.97
U70241,JC000042,Assistant Principal,Teacher,1,139131.77
U23771,JC000466,School Counseling Office Asst,ESP,2,115604.51
U46341,JC000531,School Library Assistant,ESP,2,118910.84
U46281,JC000042,Assistant Principal,Teacher,2,288960.59
U24461,JC000469,Bilingual Sp Educ Classrm Asst,ESP,1,54321.26
U12470,JC002533,School Bus Aide,ESP,1,29938.44
U22041,JC000468,School Clerk,ESP,2,142232.98
U10814,JC504850,"ED, CIDL",ESP,1,155952.3
U02451,JC504492,Family Engagement Coordinator,ESP,2,168869.46
U23001,JC000468,School Clerk,ESP,2,143527.42
U24891,JC000468,School Clerk,ESP,2,186205.91
U23751,JC002795,Porter,ESP,2,55314.74
U46631,JC500656,College/Career Coach,ESP,1,83681.42
U25231,JC000463,Teacher Assistant,ESP,1,57050.37
U29181,JC002770,Lunchroom Attendant,ESP,1,24747.69
U26251,JC990101,School Counselor,Teacher,1,76833.87
U24601,JC990101,School Counselor,Teacher,1,122082.87
U25471,JC000476,Teacher Asst Bil Spanish,ESP,1,48128.11
U47041,JC000042,Assistant Principal,Teacher,1,142005.63
U23621,JC000462,School Assistant,ESP,1,46680.35
U66931,JC002795,Porter,ESP,2,59547.26
U29301,JC003429,Ed Sign Language Interpreter,ESP,1,59868.75
U02551,JC504482,Fiscal Perf & Acctability Mgr,ESP,1,99750
U23621,JC000480,School Security Officer,ESP,1,42448.09
U22371,JC000710,Student Special Svc Advocate,ESP,1,76678.44
U26251,JC600755,Lead Coach,Teacher,1,125004.38
U25471,JC003015,Youth Intervention Specialist,ESP,1,87197.24
U41111,JC000042,Assistant Principal,Teacher,1,143520
U23431,JC000071,English Learner Prg Teacher,Teacher,1,83089.96
U23281,JC000071,English Learner Prg Teacher,Teacher,1,83089.96
U14060,JC504940,"Chief, Family & Community Eng",ESP,1,180000
U11010,JC500840,Senior Compensation Analyst,ESP,1,105000
U25071,JC600063,Case Manager,Teacher,1,103214.31
U25991,JC600063,Case Manager,Teacher,1,105084.41
U22171,JC600063,Case Manager,Teacher,1,96989.6
U10842,JC504990,Communications Specialist,ESP,1,68621
U53091,JC003015,Youth Intervention Specialist,ESP,1,75038.51
U46431,JC500656,College/Career Coach,ESP,2,162221.21
U24431,JC000691,Technology Coordinator,ESP,1,98002.46
U26781,JC600063,Case Manager,Teacher,0.5,56789.79
U22031,JC600063,Case Manager,Teacher,0.5,55626.78
U30151,JC000468,School Clerk,ESP,1,63254.26
U23051,JC600063,Case Manager,Teacher,1,111263.82
U46681,JC000042,Assistant Principal,Teacher,1,129796.61
U02541,JC601855,"Dir, LSC Principal Supports",Teacher,1,168780
U53091,JC002501,School Clerk (Bilin Spanish),ESP,1,77998.78
U26841,JC600755,Lead Coach,Teacher,1,90807.62
U23651,JC000462,School Assistant,ESP,2,88802.36
U46461,JC600755,Lead Coach,Teacher,1,90807.62
U66921,JC002770,Lunchroom Attendant,ESP,1,21212.3
U46221,JC000462,School Assistant,ESP,2,91869.98
U55161,JC000042,Assistant Principal,Teacher,1,139724
U46461,JC500939,Conflict Resolution Specialist,ESP,1,77760
U23061,JC003015,Youth Intervention Specialist,ESP,1,72642.19
U46291,JC000042,Assistant Principal,Teacher,3,399933.7
U46041,JC000463,Teacher Assistant,ESP,2,88196.54
U25011,JC000462,School Assistant,ESP,1,44401.18
U25111,JC000462,School Assistant,ESP,1,44401.18
U25631,JC000462,School Assistant,ESP,1,48547.56
U26141,JC000462,School Assistant,ESP,1,44401.18
U26721,JC000462,School Assistant,ESP,1,39799.31
U46171,JC000462,School Assistant,ESP,1,41786.94
U22101,JC600755,Lead Coach,Teacher,1,90807.62
U25391,JC505051,Restorative Justice Coord,ESP,1,78040.05
U46341,JC000462,School Assistant,ESP,4,182163.06
U51021,JC500446,School Culture Coordinator,ESP,1,73942.47
U46061,JC600063,Case Manager,Teacher,1.5,137075.18
U51091,JC600755,Lead Coach,Teacher,1,107031.05
U02551,JC601269,Deputy Chief of Schools,Teacher,1,170000
U26191,JC003015,Youth Intervention Specialist,ESP,1,69095.44
U53091,JC500656,College/Career Coach,ESP,1,83681.42
U22681,JC000039,Part-Time Teacher,Teacher,0.5,57225.98
U25351,JC600063,Case Manager,Teacher,1.5,124634.94
U22301,JC000710,Student Special Svc Advocate,ESP,1,55880.22
U24251,JC000467,School Clerk Assistant,ESP,1,52180.31
U26881,JC500446,School Culture Coordinator,ESP,1,76680
U25181,JC000055,Bilingual Teacher,Teacher,1,83089.96
U25751,JC000478,Teacher Assistant Bilingual,ESP,2,73748.48
U26831,JC002741,Cook II,ESP,1,29805.55
U46491,JC600063,Case Manager,Teacher,0.5,61669.37
U20071,JC600063,Case Manager,Teacher,1,104225.66
U11610,JC501536,Fellow,ESP,1,68858.45
U46361,JC000671,Computer Technician,ESP,1,84953.99
U02481,JC500593,Social & Emotional Lrng Spec,ESP,1,90000
U24381,JC600755,Lead Coach,Teacher,1,135881.05
U46491,JC600755,Lead Coach,Teacher,1,90807.62
U24311,JC000024,CPC Program Lead Teacher,Teacher,1,90807.62
U67021,JC500992,STLS Advocate,ESP,1,64979.14
U24781,JC002983,Senior Security Officer,ESP,2,126418.07
U24791,JC002983,Senior Security Officer,ESP,1,58950.49
U14050,JC501935,Disease Prev & Respn Manager,ESP,1,104660
U11371,JC504831,Senior Program Manager,ESP,1,104000
U25881,JC000071,English Learner Prg Teacher,Teacher,0.5,41544.98
U25671,JC000071,English Learner Prg Teacher,Teacher,0.5,41544.98
U25091,JC000071,English Learner Prg Teacher,Teacher,0.5,41544.98
U31061,JC000071,English Learner Prg Teacher,Teacher,0.5,41544.98
U31121,JC600063,Case Manager,Teacher,0.5,40369.77
U23511,JC600755,Lead Coach,Teacher,1,131983.91
U32021,JC505051,Restorative Justice Coord,ESP,1,75038.51
U22751,JC990101,School Counselor,Teacher,2,234693.49
U24891,JC990101,School Counselor,Teacher,2,202121.14
U11010,JC504514,Teacher Recruitment Coord,ESP,1,56218.69
U26321,JC002983,Senior Security Officer,ESP,1,58950.49
U24171,JC000478,Teacher Assistant Bilingual,ESP,1,46591.16
U10760,JC504559,Student Protections Coord,ESP,3,233655.36
U23561,JC600755,Lead Coach,Teacher,1,114040.32
U26301,JC003501,School Social Svc Assistant,ESP,1,50695.43
U31161,JC000710,Student Special Svc Advocate,ESP,1,76678.44
U46461,JC003015,Youth Intervention Specialist,ESP,1,72934.62
U11610,JC502115,OSD Resource Data Analyst,ESP,1,65000
U24451,JC000055,Bilingual Teacher,Teacher,1,122014.39
U11405,JC504455,"Director, Computer Science",ESP,1,126859.95
U12510,JC502066,"Mgr, Enterprise Generative AI",ESP,1,120000
U02461,JC500593,Social & Emotional Lrng Spec,ESP,1,98262
U23851,JC600755,Lead Coach,Teacher,1,113858.85
U26291,JC600755,Lead Coach,Teacher,1,135009.49
U22141,JC600755,Lead Coach,Teacher,1,90807.62
U53011,JC000071,English Learner Prg Teacher,Teacher,1,83089.96
U41051,JC000044,Curriculum And Instruct Coach,Teacher,1,101647.02
U24931,JC000042,Assistant Principal,Teacher,1,148742
U32081,JC000042,Assistant Principal,Teacher,1,140998.77
U46551,JC500656,College/Career Coach,ESP,2,162018.18
U23221,JC003015,Youth Intervention Specialist,ESP,1,71374.76
U46641,JC002770,Lunchroom Attendant,ESP,1,21212.3
U23401,JC990101,School Counselor,Teacher,2,237402.9
U26771,JC002741,Cook II,ESP,1,34063.49
U70020,JC003015,Youth Intervention Specialist,ESP,1,87976.88
U26591,JC000463,Teacher Assistant,ESP,3,149288.45
U46201,JC600755,Lead Coach,Teacher,1,97300.37
U29291,JC000071,English Learner Prg Teacher,Teacher,1,83089.96
U29141,JC000071,English Learner Prg Teacher,Teacher,1,83089.96
U26141,JC003015,Youth Intervention Specialist,ESP,1,66087.74
U31301,JC000071,English Learner Prg Teacher,Teacher,1,83089.96
U31081,JC000042,Assistant Principal,Teacher,1,139329.18
U13725,JC600332,Program Manager,Teacher,1,109014.43
U26181,JC000042,Assistant Principal,Teacher,1,139724
U22081,JC000462,School Assistant,ESP,2,90538.69
U22271,JC000462,School Assistant,ESP,1,46680.35
U22441,JC000462,School Assistant,ESP,1,46177.23
U24441,JC600755,Lead Coach,Teacher,1,90807.62
U13725,JC504651,Sr Business Operations Spec,ESP,1,80850
U13727,JC501803,Mgr STEM Initiatives,ESP,1,113353.84
U45211,JC000463,Teacher Assistant,ESP,2,101197.16
U46101,JC009907,Parent Worker - Other,ESP,1,19995.5
U22601,JC000467,School Clerk Assistant,ESP,2,98507.23
U41121,JC000042,Assistant Principal,Teacher,1,143520
U22181,JC500992,STLS Advocate,ESP,2,170825.96
U26921,JC002777,Lunchroom Manager,ESP,1,51869.08
U26431,JC002795,Porter,ESP,1,29773.63
U22551,JC600063,Case Manager,Teacher,0.5,58255.79
U46691,JC000041,Principal,Teacher,1,153363
U29021,JC000042,Assistant Principal,Teacher,1,143520
U23491,JC000042,Assistant Principal,Teacher,1,143520
U46101,JC002770,Lunchroom Attendant,ESP,4,97971.33
U24021,JC002741,Cook II,ESP,1,34063.49
U25941,JC000042,Assistant Principal,Teacher,1,134714.26
U41051,JC505051,Restorative Justice Coord,ESP,1,75038.51
U26631,JC505051,Restorative Justice Coord,ESP,1,76370.99
U25011,JC000480,School Security Officer,ESP,1,45076
U26521,JC000071,English Learner Prg Teacher,Teacher,1,83089.96
U52011,JC000071,English Learner Prg Teacher,Teacher,1,83089.96
U23791,JC000071,English Learner Prg Teacher,Teacher,1,83089.96
U25831,JC990101,School Counselor,Teacher,1,100421.57
U25771,JC000055,Bilingual Teacher,Teacher,2,248222.73
U22061,JC990101,School Counselor,Teacher,1,98860.67
U25471,JC000042,Assistant Principal,Teacher,1,140412.96
U22401,JC000042,Assistant Principal,Teacher,1,134904
U23621,JC000041,Principal,Teacher,1,168008
U24921,JC200041,Interim Principal,Teacher,1,149500
U29041,JC000041,Principal,Teacher,1,153363
U22731,JC000041,Principal,Teacher,1,175547
U22371,JC000041,Principal,Teacher,1,175418.54
U47021,JC000041,Principal,Teacher,1,166992.16
U26541,JC000480,School Security Officer,ESP,2,107345.7
U23221,JC002738,Elementary Lunchroom Manager,ESP,1,40210.95
U26281,JC002738,Elementary Lunchroom Manager,ESP,1,40210.95
U46251,JC002777,Lunchroom Manager,ESP,1,51869.08
U53121,JC000055,Bilingual Teacher,Teacher,1,83089.96
U25731,JC000055,Bilingual Teacher,Teacher,4,394825.5
U24101,JC000041,Principal,Teacher,1,157496
U22731,JC000042,Assistant Principal,Teacher,1,150106
U24311,JC000041,Principal,Teacher,1,172455
U23831,JC000041,Principal,Teacher,1,178020
U22511,JC000041,Principal,Teacher,1,177989
U25371,JC000041,Principal,Teacher,1,157496
U25711,JC000042,Assistant Principal,Teacher,1,143520
U41111,JC002770,Lunchroom Attendant,ESP,1,24747.69
U23371,JC002795,Porter,ESP,1,29773.63
U22741,JC002762,Associate Lunchroom Mgr II,ESP,1,34063.49
U51021,JC002795,Porter,ESP,1,27912.78
U25241,JC002795,Porter,ESP,1,29773.63
U32011,JC990101,School Counselor,Teacher,1,118218.75
U55151,JC505151,School Operations Manager,ESP,1,110975
U22381,JC000041,Principal,Teacher,1,183218
U32081,JC990101,School Counselor,Teacher,1,97015.23
U23011,JC002738,Elementary Lunchroom Manager,ESP,1,40210.95
U26061,JC002738,Elementary Lunchroom Manager,ESP,1,40210.95
U32081,JC002795,Porter,ESP,1,26051.93
U29131,JC000041,Principal,Teacher,1,169732.33
U30101,JC000041,Principal,Teacher,1,178020
U26881,JC002763,Associate Lunchroom Mgr III,ESP,1,30369.44
U23051,JC002795,Porter,ESP,1,26051.93
U22221,JC000468,School Clerk,ESP,1,72221.1
U29081,JC002738,Elementary Lunchroom Manager,ESP,1,40210.95
U23671,JC002983,Senior Security Officer,ESP,1,67616.19
U23041,JC000480,School Security Officer,ESP,2,97930.92
U26621,JC002763,Associate Lunchroom Mgr III,ESP,1,30369.44
U24671,JC002501,School Clerk (Bilin Spanish),ESP,1,77998.78
U51071,JC000710,Student Special Svc Advocate,ESP,1,84752.46
U10610,JC504923,"Director, Safety Services",ESP,1,122729.73
U30011,JC000041,Principal,Teacher,1,189714
U22181,JC000042,Assistant Principal,Teacher,1,143520
U22831,JC000468,School Clerk,ESP,1,72896.06
U23151,JC002770,Lunchroom Attendant,ESP,4,98990.76
U23491,JC002738,Elementary Lunchroom Manager,ESP,1,46400.71
U11010,JC501264,Program Director,ESP,1,147000
U11010,JC504306,"ED, Healthcare & Benefits",ESP,1,182278.72
U11010,JC500705,Employee Records Processor,ESP,3,150187.91
U11010,JC500464,Benefits Analyst,ESP,2,138797.19
U29051,JC002795,Porter,ESP,1,26051.93
U23031,JC002795,Porter,ESP,1,22330.22
U29291,JC000042,Assistant Principal,Teacher,1,139724
U22411,JC000055,Bilingual Teacher,Teacher,1,75206.34
U25811,JC000480,School Security Officer,ESP,2,96357.8
U23031,JC000044,Curriculum And Instruct Coach,Teacher,1,116816.7
U25711,JC000044,Curriculum And Instruct Coach,Teacher,1,135114.48
U23461,JC000041,Principal,Teacher,1,163282
U29381,JC000041,Principal,Teacher,1,172395
U12510,JC504636,Cloud Software Architect,ESP,1,125616.23
U26451,JC002738,Elementary Lunchroom Manager,ESP,1,40210.95
U29271,JC002738,Elementary Lunchroom Manager,ESP,1,40210.95
U29011,JC000480,School Security Officer,ESP,1,51281.8
U23281,JC002795,Porter,ESP,1,26051.93
U25831,JC002983,Senior Security Officer,ESP,1,58950.49
U23791,JC002741,Cook II,ESP,1,31934.52
U53071,JC002795,Porter,ESP,1,29773.63
U22581,JC002738,Elementary Lunchroom Manager,ESP,1,46400.71
U22381,JC000042,Assistant Principal,Teacher,1,143520
U24791,JC000041,Principal,Teacher,1,152711.77
U30051,JC000041,Principal,Teacher,1,188815
U30071,JC000041,Principal,Teacher,1,181091.86
U26721,JC002738,Elementary Lunchroom Manager,ESP,1,46400.71
U31221,JC002795,Porter,ESP,1,29773.63
U24821,JC002738,Elementary Lunchroom Manager,ESP,1,42233.21
U22551,JC002770,Lunchroom Attendant,ESP,1,27118.01
U49031,JC002795,Porter,ESP,1,26051.93
U26451,JC000469,Bilingual Sp Educ Classrm Asst,ESP,1,60584.36
U25871,JC002738,Elementary Lunchroom Manager,ESP,1,42233.21
U29321,JC002741,Cook II,ESP,1,34063.49
U46421,JC000041,Principal,Teacher,1,189714
U26831,JC002770,Lunchroom Attendant,ESP,1,21212.3
U23621,JC002795,Porter,ESP,1,29773.63
U29121,JC000476,Teacher Asst Bil Spanish,ESP,2,103555.23
U24811,JC002742,Cook III,ESP,1,30369.44
U29251,JC002738,Elementary Lunchroom Manager,ESP,1,42233.21
U29251,JC002741,Cook II,ESP,1,29805.55
U66112,JC002770,Lunchroom Attendant,ESP,1,27118.01
U22251,JC002742,Cook III,ESP,1,26573.26
U23321,JC000480,School Security Officer,ESP,1,53597.67
U22511,JC002738,Elementary Lunchroom Manager,ESP,1,40210.95
U53101,JC002777,Lunchroom Manager,ESP,1,61548.71
U46401,JC002741,Cook II,ESP,1,34063.49
U46141,JC002777,Lunchroom Manager,ESP,1,55748.03
U24721,JC002501,School Clerk (Bilin Spanish),ESP,1,74190.5
U31181,JC000048,Head Teacher,Teacher,1,133476.18
U23931,JC000042,Assistant Principal,Teacher,1,142207
U23101,JC990101,School Counselor,Teacher,1,114177.25
U31101,JC000468,School Clerk,ESP,1,62057.85
U24011,JC000041,Principal,Teacher,1,153363
U24511,JC003917,Instructor Assistant,ESP,1,56542.57
U22831,JC002795,Porter,ESP,2,52103.86
U23831,JC000480,School Security Officer,ESP,1,48965.46
U22181,JC000468,School Clerk,ESP,1,80571.8
U22641,JC000468,School Clerk,ESP,1,70568.16
U23221,JC000468,School Clerk,ESP,1,91462.13
U24961,JC000468,School Clerk,ESP,1,69336.92
U26591,JC002738,Elementary Lunchroom Manager,ESP,1,40210.95
U10615,JC501487,Network Safety Manager,ESP,2,194635.79
U10615,JC500551,Transportation Security Spclst,ESP,2,117374.6
U11201,JC504749,"Director, Data Management",ESP,1,132697.37
U25371,JC002795,Porter,ESP,1,29773.63
U23481,JC000469,Bilingual Sp Educ Classrm Asst,ESP,1,58254.19
U22321,JC002762,Associate Lunchroom Mgr II,ESP,1,34063.49
U22521,JC000042,Assistant Principal,Teacher,1,148742
U46471,JC000042,Assistant Principal,Teacher,1,139526.59
U10210,JC500190,General Counsel,ESP,1,266011.92
U26351,JC002795,Porter,ESP,1,26051.93
U24991,JC000463,Teacher Assistant,ESP,1,49516.42
U23821,JC000480,School Security Officer,ESP,1,51281.8
U10210,JC502096,Legal Specialist,ESP,1,81866.66
U25581,JC002795,Porter,ESP,1,29773.63
U23551,JC002795,Porter,ESP,1,29773.63
U22141,JC002762,Associate Lunchroom Mgr II,ESP,1,34063.49
U22741,JC002795,Porter,ESP,1,26051.93
U23211,JC002738,Elementary Lunchroom Manager,ESP,1,40210.95
U25011,JC000691,Technology Coordinator,ESP,1,78058.76
U22741,JC000468,School Clerk,ESP,1,72896.06
U26391,JC000468,School Clerk,ESP,1,63845.42
U23911,JC003917,Instructor Assistant,ESP,1,63065.17
U26651,JC000480,School Security Officer,ESP,1,56063.9
U22351,JC002795,Porter,ESP,1,29773.63
U25441,JC000480,School Security Officer,ESP,2,100247.26
U24651,JC990101,School Counselor,Teacher,1,102572.15
U22201,JC002770,Lunchroom Attendant,ESP,1,23728.26
U25471,JC002501,School Clerk (Bilin Spanish),ESP,1,85478.63
U22851,JC002795,Porter,ESP,1,26051.93
U29051,JC990101,School Counselor,Teacher,1,70923.5
U12510,JC505111,Business Intelligence Dev,ESP,1,81923.63
U12210,JC504723,"ED, Business Diversity",ESP,1,140569.25
U12510,JC500014,App Systems & Development Mgr,ESP,1,146763
U25841,JC002983,Senior Security Officer,ESP,1,58950.49
U25951,JC002795,Porter,ESP,1,29773.63
U46511,JC002770,Lunchroom Attendant,ESP,2,43025.76
U24511,JC990101,School Counselor,Teacher,1,74458.53
U22791,JC990101,School Counselor,Teacher,1,118219.61
U31281,JC000468,School Clerk,ESP,1,85478.63
U45211,JC000055,Bilingual Teacher,Teacher,1,77721.4
U22071,JC990101,School Counselor,Teacher,1,91854.14
U31141,JC002795,Porter,ESP,1,22330.22
U24621,JC002763,Associate Lunchroom Mgr III,ESP,1,30369.44
U29041,JC000468,School Clerk,ESP,1,85478.63
U24951,JC002738,Elementary Lunchroom Manager,ESP,1,40210.95
U29371,JC000042,Assistant Principal,Teacher,1,139329.18
U46631,JC002770,Lunchroom Attendant,ESP,1,24747.69
U23271,JC000468,School Clerk,ESP,1,86211.83
U24361,JC000691,Technology Coordinator,ESP,1,76696.82
U46481,JC000468,School Clerk,ESP,1,82988.96
U26191,JC002795,Porter,ESP,1,26051.93
U53041,JC002741,Cook II,ESP,1,34063.49
U23531,JC002795,Porter,ESP,1,26051.93
U51091,JC002741,Cook II,ESP,1,34063.49
U47031,JC002795,Porter,ESP,1,29773.63
U29021,JC002795,Porter,ESP,1,26051.93
U29021,JC002770,Lunchroom Attendant,ESP,1,21212.3
U24301,JC002795,Porter,ESP,1,22330.22
U29211,JC002983,Senior Security Officer,ESP,1,67616.19
U31221,JC990101,School Counselor,Teacher,1,80168.16
U25231,JC002738,Elementary Lunchroom Manager,ESP,1,46400.71
U26821,JC002795,Porter,ESP,1,29773.63
U26821,JC002738,Elementary Lunchroom Manager,ESP,1,46400.71
U11360,JC504110,"Director, Business Operations",ESP,1,146763
U25071,JC000468,School Clerk,ESP,1,70568.16
U25331,JC000468,School Clerk,ESP,1,79383.84
U46201,JC002777,Lunchroom Manager,ESP,1,58192.47
U22261,JC990101,School Counselor,Teacher,1,99296.84
U23061,JC000042,Assistant Principal,Teacher,1,143417.33
U41091,JC002501,School Clerk (Bilin Spanish),ESP,1,69336.92
U23061,JC003917,Instructor Assistant,ESP,1,64884.36
U23501,JC002770,Lunchroom Attendant,ESP,1,14141.54
U22641,JC002770,Lunchroom Attendant,ESP,1,24747.69
U46141,JC000468,School Clerk,ESP,1,85478.63
U26371,JC002983,Senior Security Officer,ESP,1,54243.95
U23531,JC000468,School Clerk,ESP,1,64979.14
U22861,JC000041,Principal,Teacher,1,175547
U22871,JC000041,Principal,Teacher,1,171056
U11870,JC501715,Transportation Manager,ESP,1,116100.36
U23291,JC000468,School Clerk,ESP,1,85478.63
U23231,JC002501,School Clerk (Bilin Spanish),ESP,1,88897.77
U53091,JC000065,IB Coordinator,Teacher,2,242172.89
U46181,JC000065,IB Coordinator,Teacher,1,120734.62
U46171,JC000065,IB Coordinator,Teacher,2,257610.71
U30101,JC003015,Youth Intervention Specialist,ESP,1,56872.5
U24891,JC000071,English Learner Prg Teacher,Teacher,1,83089.96
U22201,JC000071,English Learner Prg Teacher,Teacher,1,83089.96
U46381,JC000467,School Clerk Assistant,ESP,1,46116.65
U22751,JC000067,Personalized Learning Coordinator,Teacher,1,90807.62
U25331,JC000041,Principal,Teacher,1,152711.77
U24021,JC000042,Assistant Principal,Teacher,1,134904
U22421,JC000041,Principal,Teacher,1,167765.58
U25021,JC000042,Assistant Principal,Teacher,1,132522
U22731,JC990101,School Counselor,Teacher,1,86222.96
U29381,JC990101,School Counselor,Teacher,1,113580.36
U23391,JC000041,Principal,Teacher,1,157496
U22401,JC000041,Principal,Teacher,1,171056
U46031,JC000041,Principal,Teacher,1,177082
U24171,JC000042,Assistant Principal,Teacher,1,142005.63
U23051,JC000065,IB Coordinator,Teacher,2,260263.7
U24741,JC000042,Assistant Principal,Teacher,1,125810
U26701,JC000710,Student Special Svc Advocate,ESP,1,71374.76
U10814,JC500857,Systems Analyst,ESP,1,90456.66
U22901,JC000071,English Learner Prg Teacher,Teacher,1,83089.96
U24191,JC000071,English Learner Prg Teacher,Teacher,1,83089.96
U25141,JC000071,English Learner Prg Teacher,Teacher,1,83089.96
U22391,JC000071,English Learner Prg Teacher,Teacher,1,83089.96
U55171,JC600063,Case Manager,Teacher,0.5,41544.98
U41091,JC000042,Assistant Principal,Teacher,1,149409
U22491,JC000041,Principal,Teacher,1,178020
U23011,JC000041,Principal,Teacher,1,166235
U46041,JC000041,Principal,Teacher,1,181554
U22031,JC000041,Principal,Teacher,1,178020
U22321,JC000041,Principal,Teacher,1,175540.99
U46381,JC000042,Assistant Principal,Teacher,1,143520
U23991,JC000041,Principal,Teacher,1,169248
U22311,JC000041,Principal,Teacher,1,180665
U49041,JC600755,Lead Coach,Teacher,0.5,52018.65
U24441,JC000042,Assistant Principal,Teacher,1,125810
U47031,JC003015,Youth Intervention Specialist,ESP,1,56872.5
U25921,JC600063,Case Manager,Teacher,0.5,41544.98
U23001,JC000071,English Learner Prg Teacher,Teacher,1,83089.96
U46691,JC000071,English Learner Prg Teacher,Teacher,1,83089.96
U25441,JC000071,English Learner Prg Teacher,Teacher,1,83089.96
U41061,JC002983,Senior Security Officer,ESP,1,58950.49
U25781,JC000041,Principal,Teacher,1,166235
U46181,JC000041,Principal,Teacher,1,183684
U53091,JC000041,Principal,Teacher,1,161872.99
U41061,JC990101,School Counselor,Teacher,1,124337
U25451,JC990101,School Counselor,Teacher,1,78780.25
U23671,JC000469,Bilingual Sp Educ Classrm Asst,ESP,2,105088.79
U46331,JC000691,Technology Coordinator,ESP,1,109763.69
U23221,JC000049,Regular Teacher,Teacher,22,2192957.05
U53041,JC000691,Technology Coordinator,ESP,1,115704.76
U11360,JC501214,Business Operations Specialist,ESP,1,63000
U26301,JC002738,Elementary Lunchroom Manager,ESP,1,42233.21
U10610,JC504951,Safety Tech Regional Spec,ESP,5,404828
U10610,JC504894,Business Operations Coord,ESP,1,66829.26
U51091,JC000464,Special Ed Classroom Assist,ESP,13,641267.55
U22541,JC000464,Special Ed Classroom Assist,ESP,20,991248.95
U25061,JC000464,Special Ed Classroom Assist,ESP,12,585771.21
U26731,JC000464,Special Ed Classroom Assist,ESP,30,1445055.88
U26281,JC000464,Special Ed Classroom Assist,ESP,12,612785.63
U25101,JC000055,Bilingual Teacher,Teacher,15,1674745.6
U47101,JC000049,Regular Teacher,Teacher,108.5,11590536.49
U46461,JC000049,Regular Teacher,Teacher,9,805973.61
U23911,JC000042,Assistant Principal,Teacher,1,145986.23
U23561,JC000464,Special Ed Classroom Assist,ESP,11,538925.93
U23421,JC000463,Teacher Assistant,ESP,2,94197.56
U26321,JC000049,Regular Teacher,Teacher,17,1556320.06
U29251,JC500629,Special Education Teacher,Teacher,7,740214.49
U41111,JC000049,Regular Teacher,Teacher,31,3210069.6
U49131,JC990101,School Counselor,Teacher,1,121057.2
U22551,JC000049,Regular Teacher,Teacher,23,2412944.82
U24691,JC000049,Regular Teacher,Teacher,26,2460701.47
U24641,JC500629,Special Education Teacher,Teacher,8,788766.23
U41091,JC000055,Bilingual Teacher,Teacher,5,568880.46
U25881,JC500629,Special Education Teacher,Teacher,6,679287.31
U29291,JC000464,Special Ed Classroom Assist,ESP,11,550850.52
U46131,JC500629,Special Education Teacher,Teacher,11,1224215.65
U29161,JC000049,Regular Teacher,Teacher,25.5,2605699.76
U46281,JC000472,Special Education Support Clrk,ESP,1,69336.92
U47101,JC000464,Special Ed Classroom Assist,ESP,35,1755020.5
U46221,JC000464,Special Ed Classroom Assist,ESP,31,1560334.9
U22631,JC000480,School Security Officer,ESP,2,92856.56
U24471,JC000049,Regular Teacher,Teacher,32,3136577.48
U24051,JC000055,Bilingual Teacher,Teacher,12,1311767.02
U29361,JC000464,Special Ed Classroom Assist,ESP,7,334623.17
U25041,JC000480,School Security Officer,ESP,1,51281.8
U31061,JC000049,Regular Teacher,Teacher,20,1949140.75
U02491,JC601266,Chief of Schools,Teacher,1,180000
U29321,JC002983,Senior Security Officer,ESP,4,232722.72
U47021,JC000049,Regular Teacher,Teacher,95,9774387.36
U24891,JC000464,Special Ed Classroom Assist,ESP,23,1099960.34
U26751,JC000464,Special Ed Classroom Assist,ESP,8,382214.14
U22511,JC000480,School Security Officer,ESP,1,51281.8
U22921,JC000049,Regular Teacher,Teacher,23,2227263.39
U49031,JC000464,Special Ed Classroom Assist,ESP,63,3199352.27
U24421,JC000464,Special Ed Classroom Assist,ESP,34,1651743.66
U66623,JC002795,Porter,ESP,1,14886.82
U22631,JC000049,Regular Teacher,Teacher,21,2070519.21
U24101,JC000464,Special Ed Classroom Assist,ESP,14,686210.95
U22441,JC000464,Special Ed Classroom Assist,ESP,3,161238.71
U22411,JC000049,Regular Teacher,Teacher,18,1641089.14
U24071,JC000049,Regular Teacher,Teacher,29,3123172.11
U10110,JC501948,Administrative Coordinator,ESP,3,192505.4
U14050,JC003150,Audio And Vision Screen Tech,ESP,45,3233657.17
U29071,JC000469,Bilingual Sp Educ Classrm Asst,ESP,1,58819.77
U46431,JC600447,Dir- School Culture & Climate,Teacher,1,119853
U25111,JC000049,Regular Teacher,Teacher,26.5,2731992.45
U24891,JC500629,Special Education Teacher,Teacher,17,1571659.37
U41091,JC000049,Regular Teacher,Teacher,21,2345134
U24051,JC500629,Special Education Teacher,Teacher,12,1178954.58
U23921,JC000049,Regular Teacher,Teacher,21,2039796.47
U31221,JC000049,Regular Teacher,Teacher,15,1427677.35
U24621,JC000469,Bilingual Sp Educ Classrm Asst,ESP,1,50767.53
U26791,JC003917,Instructor Assistant,ESP,1,51713.36
U27091,JC000476,Teacher Asst Bil Spanish,ESP,1,43368.55
U46401,JC505150,School Bus Ops Administrator,ESP,1,93289.24
U10872,JC504995,Sustnble Community Schls Coord,ESP,6,415713
U23611,JC500629,Special Education Teacher,Teacher,11,1014217.07
U25871,JC000464,Special Ed Classroom Assist,ESP,10,502913.98
U46611,JC000049,Regular Teacher,Teacher,51,4992435.86
U22611,JC500629,Special Education Teacher,Teacher,5,444725.4
U26321,JC000464,Special Ed Classroom Assist,ESP,7,365426.92
U22101,JC000049,Regular Teacher,Teacher,14,1383161.79
U02521,JC601266,Chief of Schools,Teacher,1,185000
U45221,JC000049,Regular Teacher,Teacher,27,2677457.15
U31251,JC500629,Special Education Teacher,Teacher,5,515444.54
U24221,JC000055,Bilingual Teacher,Teacher,15,1554994.59
U23251,JC000049,Regular Teacher,Teacher,15,1535096.92
U23551,JC500629,Special Education Teacher,Teacher,12,1107662.47
U20071,JC000049,Regular Teacher,Teacher,33,3216751.27
U22391,JC000463,Teacher Assistant,ESP,3,135631.85
U23301,JC000464,Special Ed Classroom Assist,ESP,6,324153.89
U26251,JC000049,Regular Teacher,Teacher,14,1342169.6
U30071,JC000049,Regular Teacher,Teacher,6,623955.16
U53111,JC000480,School Security Officer,ESP,3,142257.39
U25391,JC000480,School Security Officer,ESP,2,90152
U24471,JC500629,Special Education Teacher,Teacher,21,2135642.44
U26621,JC000049,Regular Teacher,Teacher,15,1549097.93
U23711,JC003917,Instructor Assistant,ESP,1,63065.17
U26371,JC000049,Regular Teacher,Teacher,15,1293790.98
U49021,JC500629,Special Education Teacher,Teacher,34.5,3396837.5
U24931,JC000464,Special Ed Classroom Assist,ESP,22,1083410.61
U26291,JC002762,Associate Lunchroom Mgr II,ESP,1,34063.49
U22381,JC000055,Bilingual Teacher,Teacher,5,573366.32
U22401,JC000049,Regular Teacher,Teacher,32,3248279.88
U24231,JC000464,Special Ed Classroom Assist,ESP,17,867141.33
U23391,JC000049,Regular Teacher,Teacher,23,2170294.48
U22641,JC000049,Regular Teacher,Teacher,16,1449994.94
U25581,JC000480,School Security Officer,ESP,2,107345.7
U24551,JC500629,Special Education Teacher,Teacher,10,969869.58
U55151,JC500629,Special Education Teacher,Teacher,8,748576.23
U46331,JC000049,Regular Teacher,Teacher,77,7178899.31
U49101,JC000049,Regular Teacher,Teacher,2,179976.18
U46491,JC002770,Lunchroom Attendant,ESP,2,56566.14
U55171,JC500629,Special Education Teacher,Teacher,5,564781.51
U22751,JC500629,Special Education Teacher,Teacher,11,1191527.03
U31221,JC000464,Special Ed Classroom Assist,ESP,11,520767.26
U46371,JC000049,Regular Teacher,Teacher,43.5,4025182.96
U20071,JC000055,Bilingual Teacher,Teacher,6,600834.11
U22071,JC000055,Bilingual Teacher,Teacher,5,585397.39
U02541,JC605161,Dir School Leader Engagement,Teacher,1,168780
U24671,JC500629,Special Education Teacher,Teacher,9,1015170.21
U22581,JC000055,Bilingual Teacher,Teacher,10,976513.64
U25941,JC000049,Regular Teacher,Teacher,15,1510999.46
U24851,JC000049,Regular Teacher,Teacher,21,2193343.21
U26781,JC000049,Regular Teacher,Teacher,14.5,1339233.86
U24371,JC002742,Cook III,ESP,1,26573.26
U11220,JC501918,"Dir, Policy, Ethics, & Records",ESP,1,111381.63
U23581,JC500629,Special Education Teacher,Teacher,9,849172.95
U24341,JC002770,Lunchroom Attendant,ESP,7,163250.4
U13725,JC504831,Senior Program Manager,ESP,1,119951.16
U26381,JC000049,Regular Teacher,Teacher,22,2130690.87
U22141,JC000055,Bilingual Teacher,Teacher,11,1072660.88
U31261,JC000049,Regular Teacher,Teacher,21.5,2185990.12
U22501,JC000049,Regular Teacher,Teacher,30,3015773.74
U22631,JC500629,Special Education Teacher,Teacher,18,1665458.14
U25841,JC000055,Bilingual Teacher,Teacher,14,1467100.02
U29291,JC500629,Special Education Teacher,Teacher,10,961624.19
U29271,JC000049,Regular Teacher,Teacher,23,2264692.2
U22491,JC000049,Regular Teacher,Teacher,25,2469382.96
U22891,JC000055,Bilingual Teacher,Teacher,18,1729560.2
U23161,JC500629,Special Education Teacher,Teacher,14,1510285.06
U24781,JC002795,Porter,ESP,1,29773.63
U41061,JC000049,Regular Teacher,Teacher,8,756868.49
U24531,JC000042,Assistant Principal,Teacher,1,148080
U29181,JC000464,Special Ed Classroom Assist,ESP,2,91652.53
U24591,JC000464,Special Ed Classroom Assist,ESP,29,1433903.95
U45231,JC000464,Special Ed Classroom Assist,ESP,5,231691.45
U25631,JC002501,School Clerk (Bilin Spanish),ESP,2,154815.55
U46251,JC000464,Special Ed Classroom Assist,ESP,10,532186.25
U53021,JC000464,Special Ed Classroom Assist,ESP,6,329341.48
U25401,JC000464,Special Ed Classroom Assist,ESP,16,808276.09
U53091,JC000464,Special Ed Classroom Assist,ESP,4,220378.43
U46311,JC000691,Technology Coordinator,ESP,3,300065.5
U02411,JC500164,Executive Assistant,ESP,1,56100
U02491,JC500164,Executive Assistant,ESP,1,80000
U02531,JC500164,Executive Assistant,ESP,1,67622.46
U25591,JC000049,Regular Teacher,Teacher,16,1589832.68
U25121,JC000049,Regular Teacher,Teacher,14,1265876.19
U23261,JC000049,Regular Teacher,Teacher,20,1913207.87
U46201,JC500629,Special Education Teacher,Teacher,23,2424527.92
U22301,JC000463,Teacher Assistant,ESP,1,50395.7
U10210,JC504677,Administrative Hearing Officer,ESP,4,406053.74
U11385,JC601836,"Manager, Professional Learning",Teacher,1,123000
U23811,JC000464,Special Ed Classroom Assist,ESP,11,533435.48
U12510,JC501989,"Director, Information Security",ESP,1,159600
U26891,JC000055,Bilingual Teacher,Teacher,5,494147.56
U22841,JC003917,Instructor Assistant,ESP,1,63065.17
U24101,JC003917,Instructor Assistant,ESP,1,60639.59
U23301,JC500629,Special Education Teacher,Teacher,9,957562.94
U53061,JC000480,School Security Officer,ESP,8,367603.87
U67021,JC002763,Associate Lunchroom Mgr III,ESP,2,56942.7
U22671,JC000463,Teacher Assistant,ESP,2,96179.11
U46641,JC000480,School Security Officer,ESP,4,189085.92
U26921,JC000463,Teacher Assistant,ESP,3,154811.71
U23241,JC000464,Special Ed Classroom Assist,ESP,16,749143.33
U25711,JC003917,Instructor Assistant,ESP,1,55333.29
U24651,JC500629,Special Education Teacher,Teacher,11,1066551.05
U30101,JC000464,Special Ed Classroom Assist,ESP,5,223978.26
U23791,JC000463,Teacher Assistant,ESP,2,106971.31
U11385,JC990100,Teacher-Citywide,Teacher,15,1897246.52
U25411,JC000042,Assistant Principal,Teacher,1,142005.63
U22581,JC002770,Lunchroom Attendant,ESP,3,72475.38
U25041,JC000468,School Clerk,ESP,1,69336.92
U22431,JC002770,Lunchroom Attendant,ESP,2,49495.38
U25361,JC000055,Bilingual Teacher,Teacher,10,1039249.13
U23821,JC000464,Special Ed Classroom Assist,ESP,9,464409.42
U53041,JC000468,School Clerk,ESP,1,70568.16
U24221,JC002770,Lunchroom Attendant,ESP,6,138628.24
U23401,JC002795,Porter,ESP,1,29773.63
U47101,JC002983,Senior Security Officer,ESP,3,185368.56
U29201,JC000468,School Clerk,ESP,1,74603.52
U23611,JC000055,Bilingual Teacher,Teacher,21,2302550.23
U24571,JC990101,School Counselor,Teacher,2,206880.5
U23681,JC000041,Principal,Teacher,1,170843
U22231,JC500629,Special Education Teacher,Teacher,15,1493150.93
U47051,JC002741,Cook II,ESP,1,34063.49
U25951,JC002501,School Clerk (Bilin Spanish),ESP,1,69807.58
U25381,JC990101,School Counselor,Teacher,1,89703.28
U46331,JC002795,Porter,ESP,1,29773.63
U55191,JC500629,Special Education Teacher,Teacher,6,666681.64
U55161,JC500629,Special Education Teacher,Teacher,2,242155.04
U24511,JC000041,Principal,Teacher,1,173708.78
U46211,JC000041,Principal,Teacher,1,183684
U26771,JC000041,Principal,Teacher,1,170843
U24961,JC002983,Senior Security Officer,ESP,1,61789.2
U25921,JC000468,School Clerk,ESP,1,72896.06
U26791,JC000049,Regular Teacher,Teacher,25,2307916.98
U46291,JC002983,Senior Security Officer,ESP,5,282923.26
U47091,JC500932,Landscape Maintenance Tech,ESP,1,49501.21
U46131,JC000055,Bilingual Teacher,Teacher,8,857223.71
U23411,JC000049,Regular Teacher,Teacher,13,1378042.72
U22261,JC500629,Special Education Teacher,Teacher,12,1213482.22
U25881,JC000468,School Clerk,ESP,1,70568.16
U22231,JC002738,Elementary Lunchroom Manager,ESP,1,40210.95
U46301,JC990101,School Counselor,Teacher,3,250116.8
U46181,JC500629,Special Education Teacher,Teacher,28.5,3027049.63
U32021,JC500629,Special Education Teacher,Teacher,8,843935.31
U25181,JC000042,Assistant Principal,Teacher,1,137290
U25231,JC000702,Parent Advocate,ESP,1,67872.93
U25591,JC500629,Special Education Teacher,Teacher,8,831208.43
U26831,JC000042,Assistant Principal,Teacher,1,139724
U31221,JC000041,Principal,Teacher,1,159951
U22171,JC500629,Special Education Teacher,Teacher,12,1146991.29
U23671,JC002770,Lunchroom Attendant,ESP,1,28283.07
U53091,JC002770,Lunchroom Attendant,ESP,4,94581.58
U24461,JC000468,School Clerk,ESP,2,170957.26
U25581,JC002738,Elementary Lunchroom Manager,ESP,1,42233.21
U24721,JC000055,Bilingual Teacher,Teacher,5,405402.61
U22451,JC000042,Assistant Principal,Teacher,1,147396
U25771,JC000049,Regular Teacher,Teacher,31,3309305.78
U55151,JC000468,School Clerk,ESP,2,154815.55
U26451,JC002742,Cook III,ESP,1,30369.44
U23911,JC000468,School Clerk,ESP,1,72896.06
U49051,JC000468,School Clerk,ESP,1,72896.06
U46511,JC983600,Military Instructor,Teacher,4,374515.28
U22471,JC990101,School Counselor,Teacher,1,107152.18
U25231,JC500629,Special Education Teacher,Teacher,8,743380.15
U47101,JC000468,School Clerk,ESP,4,330408.62
U23341,JC002741,Cook II,ESP,1,34063.49
U46361,JC002770,Lunchroom Attendant,ESP,3,74243.06
U31041,JC500629,Special Education Teacher,Teacher,3,256687.9
U23881,JC000480,School Security Officer,ESP,2,102492.18
U47091,JC002777,Lunchroom Manager,ESP,1,51869.08
U29281,JC000480,School Security Officer,ESP,2,93547.13
U25361,JC000480,School Security Officer,ESP,2,104879.47
U24921,JC002738,Elementary Lunchroom Manager,ESP,1,40210.95
U23131,JC000049,Regular Teacher,Teacher,14,1308800.4
U46311,JC990101,School Counselor,Teacher,11,1181647.26
U25241,JC000055,Bilingual Teacher,Teacher,9,941153.07
U26451,JC000042,Assistant Principal,Teacher,1,132245.69
U46361,JC990101,School Counselor,Teacher,5,535577.37
U24991,JC000049,Regular Teacher,Teacher,16,1571407.72
U25471,JC000691,Technology Coordinator,ESP,1,80633.76
U25091,JC002770,Lunchroom Attendant,ESP,1,17676.92
U26251,JC002983,Senior Security Officer,ESP,2,129405.39
U24551,JC002983,Senior Security Officer,ESP,1,58950.49
U24791,JC000480,School Security Officer,ESP,1,42582.46
U25681,JC002770,Lunchroom Attendant,ESP,3,68939.99
U24171,JC002742,Cook III,ESP,1,26573.26
U25811,JC000042,Assistant Principal,Teacher,1,128848.7
U26351,JC003917,Instructor Assistant,ESP,1,52631.65
U10610,JC504433,Event Safety Supervisor,ESP,1,56700
U24851,JC000463,Teacher Assistant,ESP,3,155239.48
U24401,JC002520,Teacher Asst-Montessori Prm,ESP,16,834873.79
U25151,JC000055,Bilingual Teacher,Teacher,26,2611035.99
U12610,JC504840,Charter Grant Programs Lead,ESP,1,90551.36
U63021,JC002763,Associate Lunchroom Mgr III,ESP,1,26573.26
U63021,JC002795,Porter,ESP,1,22330.22
U66091,JC002795,Porter,ESP,1,26051.93
U25151,JC002763,Associate Lunchroom Mgr III,ESP,2,51248.43
U31141,JC000463,Teacher Assistant,ESP,1,48128.11
U11870,JC501717,Transportation Supervisor,ESP,5,394990.55
U13737,JC007807,Stadium Attendant,ESP,6,298870.92
U53121,JC500629,Special Education Teacher,Teacher,9,920851.93
U53121,JC000468,School Clerk,ESP,1,85478.63
U29091,JC002501,School Clerk (Bilin Spanish),ESP,1,72896.06
U26891,JC500629,Special Education Teacher,Teacher,8,817499.63
U25731,JC990101,School Counselor,Teacher,1,108462.93
U29171,JC990101,School Counselor,Teacher,1,103978.56
U46291,JC000469,Bilingual Sp Educ Classrm Asst,ESP,1,62331.98
U23401,JC002740,Cook I,ESP,1,37587.29
U41091,JC000480,School Security Officer,ESP,1,56063.9
U12510,JC501760,Oracle Applications Developer,ESP,1,110871.33
U11010,JC501226,Human Resources Specialist,ESP,6,385729.13
U47091,JC002742,Cook III,ESP,1,30369.44
U22921,JC990101,School Counselor,Teacher,2,201625.78
U29121,JC500629,Special Education Teacher,Teacher,10,1021003.5
U25101,JC500629,Special Education Teacher,Teacher,10,1032343.47
U23751,JC002983,Senior Security Officer,ESP,1,55871.25
U26841,JC000049,Regular Teacher,Teacher,9,823734.1
U46211,JC990101,School Counselor,Teacher,6,584741.62
U22191,JC002770,Lunchroom Attendant,ESP,1,17676.92
U26391,JC002770,Lunchroom Attendant,ESP,2,42424.6
U22401,JC000055,Bilingual Teacher,Teacher,8,854910.62
U23771,JC002795,Porter,ESP,1,29773.63
U27091,JC000041,Principal,Teacher,1,160387
U24921,JC500629,Special Education Teacher,Teacher,4,394456.96
U23201,JC000463,Teacher Assistant,ESP,1,42611.88
U24051,JC000464,Special Ed Classroom Assist,ESP,15,765638.78
U22601,JC002741,Cook II,ESP,2,61740.07
U26701,JC000041,Principal,Teacher,1,175547
U46191,JC002770,Lunchroom Attendant,ESP,1,24747.69
U29081,JC000480,School Security Officer,ESP,1,48965.46
U26191,JC990101,School Counselor,Teacher,1,87645.02
U46341,JC500629,Special Education Teacher,Teacher,14,1551527.63
U46171,JC000464,Special Ed Classroom Assist,ESP,11,501348.47
U23251,JC002738,Elementary Lunchroom Manager,ESP,1,40210.95
U24811,JC002738,Elementary Lunchroom Manager,ESP,1,40210.95
U63051,JC002795,Porter,ESP,1,26051.93
U70241,JC002795,Porter,ESP,1,22330.22
U25241,JC003917,Instructor Assistant,ESP,1,58173.61
U24621,JC000463,Teacher Assistant,ESP,2,92092.59
U31261,JC000464,Special Ed Classroom Assist,ESP,28,1351015.68
U29281,JC000464,Special Ed Classroom Assist,ESP,18,918338.91
U46041,JC000464,Special Ed Classroom Assist,ESP,14,701548.09
U31201,JC000463,Teacher Assistant,ESP,2,90266.46
U26091,JC002742,Cook III,ESP,1,26573.26
U23061,JC000480,School Security Officer,ESP,2,93396.76
U22801,JC500629,Special Education Teacher,Teacher,7,675639.25
U24881,JC500629,Special Education Teacher,Teacher,7,670455.67
U25361,JC002738,Elementary Lunchroom Manager,ESP,1,46400.71
U22821,JC000480,School Security Officer,ESP,2,96357.8
U22211,JC002742,Cook III,ESP,1,26573.26
U25151,JC002795,Porter,ESP,2,57686.41
U25401,JC002795,Porter,ESP,1,29773.63
U26791,JC990101,School Counselor,Teacher,2,195179.3
U45221,JC500629,Special Education Teacher,Teacher,6,663528.78
U22651,JC000480,School Security Officer,ESP,1,56063.9
U22161,JC000480,School Security Officer,ESP,2,95393.74
U22501,JC000042,Assistant Principal,Teacher,1,150784
U23391,JC000464,Special Ed Classroom Assist,ESP,12,556120.55
U24311,JC000049,Regular Teacher,Teacher,17,1701342.88
U46241,JC002770,Lunchroom Attendant,ESP,5,141415.35
U11880,JC501080,Chief Facilities Officer,ESP,1,206491.75
U46211,JC000464,Special Ed Classroom Assist,ESP,6,310474.13
U23911,JC000055,Bilingual Teacher,Teacher,15,1535846.4
U25631,JC000042,Assistant Principal,Teacher,1,139724
U26771,JC000055,Bilingual Teacher,Teacher,9,863057.95
U24451,JC002741,Cook II,ESP,1,34063.49
U46241,JC002740,Cook I,ESP,1,37587.29
U30031,JC002738,Elementary Lunchroom Manager,ESP,1,40210.95
U25431,JC002795,Porter,ESP,1,26051.93
U29281,JC000463,Teacher Assistant,ESP,2,114721.1
U24631,JC002795,Porter,ESP,1,24191.07
U23151,JC002740,Cook I,ESP,1,37587.29
U46211,JC002770,Lunchroom Attendant,ESP,3,83684.15
U22281,JC500629,Special Education Teacher,Teacher,4,411996
U22831,JC000480,School Security Officer,ESP,1,51281.8
U23371,JC000042,Assistant Principal,Teacher,1,143520
U25401,JC000468,School Clerk,ESP,2,161705.96
U24591,JC500629,Special Education Teacher,Teacher,11,1105415.73
U46271,JC983600,Military Instructor,Teacher,3,306206.1
U23821,JC000463,Teacher Assistant,ESP,2,114590.1
U23991,JC990101,School Counselor,Teacher,1,101651.32
U24841,JC000049,Regular Teacher,Teacher,18,1771789.31
U53011,JC003429,Ed Sign Language Interpreter,ESP,3,229669.88
U26331,JC000701,School Community Representive,ESP,1,60639.59
U30121,JC000469,Bilingual Sp Educ Classrm Asst,ESP,1,60584.36
U25231,JC002795,Porter,ESP,2,59547.26
U51091,JC990101,School Counselor,Teacher,2,204268.8
U22721,JC002795,Porter,ESP,1,26051.93
U12050,JC002770,Lunchroom Attendant,ESP,12,273839.53
U31041,JC990101,School Counselor,Teacher,1,105780.92
U24821,JC000041,Principal,Teacher,1,177412
U22501,JC990101,School Counselor,Teacher,2,184508.79
U25041,JC500629,Special Education Teacher,Teacher,5,507907.25
U23531,JC000464,Special Ed Classroom Assist,ESP,7,327838.45
U70020,JC002795,Porter,ESP,1,29773.63
U70070,JC002795,Porter,ESP,1,29773.63
U22441,JC002983,Senior Security Officer,ESP,1,67616.19
U46261,JC000464,Special Ed Classroom Assist,ESP,5,258222.46
U24741,JC003917,Instructor Assistant,ESP,1,63065.17
U22891,JC000049,Regular Teacher,Teacher,12,1225676.59
U47081,JC000468,School Clerk,ESP,1,83794.68
U23451,JC000480,School Security Officer,ESP,2,95393.74
U24251,JC000464,Special Ed Classroom Assist,ESP,22,1034723.81
U53071,JC002770,Lunchroom Attendant,ESP,2,47456.52
U29271,JC000055,Bilingual Teacher,Teacher,1,113125.86
U46641,JC002777,Lunchroom Manager,ESP,1,51869.08
U29051,JC000463,Teacher Assistant,ESP,3,146358.38
U26751,JC000463,Teacher Assistant,ESP,1,57604.26
U24371,JC000463,Teacher Assistant,ESP,1,48128.11
U22191,JC000478,Teacher Assistant Bilingual,ESP,1,43980.08
U24431,JC002795,Porter,ESP,1,29773.63
U29151,JC002740,Cook I,ESP,1,37587.29
U12010,JC501222,Equipment Coordinator,ESP,1,80528.49
U29171,JC000480,School Security Officer,ESP,1,44591.55
U24971,JC002770,Lunchroom Attendant,ESP,1,21212.3
U29291,JC000480,School Security Officer,ESP,1,53597.67
U24071,JC000480,School Security Officer,ESP,1,46428.28
U46371,JC000480,School Security Officer,ESP,5,244474.24
U31121,JC000468,School Clerk,ESP,1,63845.42
U11675,JC601810,"RSP Manager, Social Work",Teacher,11,1270766.75
U23931,JC000464,Special Ed Classroom Assist,ESP,21,1027803.54
U55171,JC990101,School Counselor,Teacher,2,202142.65
U29161,JC002795,Porter,ESP,1,26051.93
U23351,JC003917,Instructor Assistant,ESP,1,63065.17
U46301,JC000042,Assistant Principal,Teacher,2,259884.32
U24721,JC500629,Special Education Teacher,Teacher,9,811754.84
U22571,JC002795,Porter,ESP,2,55825.56
U67021,JC000042,Assistant Principal,Teacher,2,257526.59
U23441,JC500629,Special Education Teacher,Teacher,7,669450.33
U46041,JC002983,Senior Security Officer,ESP,1,61789.2
U29381,JC002795,Porter,ESP,2,55825.56
U25331,JC002738,Elementary Lunchroom Manager,ESP,1,42233.21
U46631,JC990101,School Counselor,Teacher,3,360901.01
U12510,JC505064,Parent Tech Suppt Hotline Lead,ESP,1,78022.5
U23271,JC002742,Cook III,ESP,1,30369.44
U25931,JC000463,Teacher Assistant,ESP,2,84341.77
U47041,JC002742,Cook III,ESP,1,30369.44
U29401,JC000042,Assistant Principal,Teacher,4,536091.15
U29101,JC000464,Special Ed Classroom Assist,ESP,15,785452.97
U24771,JC990101,School Counselor,Teacher,1,111263.81
U12440,JC504715,Deputy CFO & Treasurer,ESP,1,206778.55
U25601,JC002741,Cook II,ESP,1,34063.49
U23321,JC002741,Cook II,ESP,1,29805.55
U46331,JC000042,Assistant Principal,Teacher,2,261639
U23591,JC990101,School Counselor,Teacher,2,223659.86
U24871,JC990101,School Counselor,Teacher,1,95297.39
U23481,JC500629,Special Education Teacher,Teacher,6,540500.3
U10210,JC500408,Senior Legal Secretary,ESP,6,397945.13
U10450,JC501915,State Legisl Affairs Liaison,ESP,1,99807
U45211,JC000041,Principal,Teacher,1,163282
U45231,JC000041,Principal,Teacher,1,178020
U46141,JC000049,Regular Teacher,Teacher,23,2092279.17
U24341,JC000531,School Library Assistant,ESP,1,56355.85
U30101,JC000049,Regular Teacher,Teacher,12,1097802.67
U24151,JC500629,Special Education Teacher,Teacher,9,807574.08
U24221,JC000469,Bilingual Sp Educ Classrm Asst,ESP,2,105677.69
U24961,JC000055,Bilingual Teacher,Teacher,2,235032.62
U22261,JC000468,School Clerk,ESP,2,160001.33
U10875,JC504430,Juvenile Justice Manager,ESP,1,113197.5
U23991,JC000049,Regular Teacher,Teacher,15,1452465.06
U29171,JC500629,Special Education Teacher,Teacher,5,473186.75
U10406,JC504624,Managing FOIA Officer,ESP,1,113953.6
U22951,JC000464,Special Ed Classroom Assist,ESP,11,482747.22
U26631,JC000464,Special Ed Classroom Assist,ESP,23,1162257.08
U25811,JC000464,Special Ed Classroom Assist,ESP,16,785572.79
U26891,JC000480,School Security Officer,ESP,1,48965.46
U30101,JC002795,Porter,ESP,1,27912.78
U51071,JC000480,School Security Officer,ESP,4,190399.26
U25101,JC000468,School Clerk,ESP,2,141844.2
U23921,JC000468,School Clerk,ESP,1,76841.63
U22661,JC000468,School Clerk,ESP,2,160082.15
U25831,JC000463,Teacher Assistant,ESP,1,48128.11
U22831,JC000042,Assistant Principal,Teacher,1,139526.59
U52011,JC002501,School Clerk (Bilin Spanish),ESP,1,82988.96
U26091,JC000463,Teacher Assistant,ESP,2,98000.59
U25031,JC000464,Special Ed Classroom Assist,ESP,9,449106.29
U51021,JC000464,Special Ed Classroom Assist,ESP,11,505680.46
U22301,JC000464,Special Ed Classroom Assist,ESP,18,854453.72
U25941,JC500629,Special Education Teacher,Teacher,8,772801.39
U46511,JC500656,College/Career Coach,ESP,1,71045.35
U23491,JC002795,Porter,ESP,1,26051.93
U12610,JC504969,School Budget Manager,ESP,2,209444
U10430,JC502106,"Dir, Internal Audit & Adv Svcs",ESP,1,120000
U22621,JC002795,Porter,ESP,1,26051.93
U23141,JC000055,Bilingual Teacher,Teacher,4,381799.85
U22451,JC990101,School Counselor,Teacher,1,123538.89
U22681,JC500629,Special Education Teacher,Teacher,12,1070196.33
U46291,JC983600,Military Instructor,Teacher,3,289624.74
U29181,JC000049,Regular Teacher,Teacher,13,1158833.7
U32011,JC000041,Principal,Teacher,1,172269.15
U51091,JC000041,Principal,Teacher,1,163447
U22321,JC000042,Assistant Principal,Teacher,2,264146.2
U12430,JC504811,Accounts Payable Manager,ESP,2,206850
U12510,JC501765,Apple Device Mgmt Admin,ESP,1,96500
U46461,JC500629,Special Education Teacher,Teacher,4,412421.09
U29181,JC990101,School Counselor,Teacher,1,80743.99
U24771,JC000055,Bilingual Teacher,Teacher,1,99588.47
U29091,JC000464,Special Ed Classroom Assist,ESP,5,259326.87
U49131,JC000041,Principal,Teacher,1,170902
U24731,JC002742,Cook III,ESP,1,26573.26
U29031,JC002795,Porter,ESP,1,26051.93
U66031,JC002795,Porter,ESP,3,80016.64
U30141,JC000049,Regular Teacher,Teacher,16,1626424.43
U26251,JC000464,Special Ed Classroom Assist,ESP,8,365469.41
U46391,JC501043,Attendance Coordinator,ESP,1,77276.42
U46421,JC000464,Special Ed Classroom Assist,ESP,3,132606.81
U10842,JC504907,"Director, External Research",ESP,1,121093.55
U23351,JC000468,School Clerk,ESP,2,150109.17
U29221,JC002738,Elementary Lunchroom Manager,ESP,1,40210.95
U24551,JC002795,Porter,ESP,1,29773.63
U24671,JC002740,Cook I,ESP,1,37587.29
U45221,JC000480,School Security Officer,ESP,3,141433.8
U23721,JC200041,Interim Principal,Teacher,1,178020
U22401,JC002738,Elementary Lunchroom Manager,ESP,1,46400.71
U23301,JC002763,Associate Lunchroom Mgr III,ESP,1,30369.44
U24801,JC000480,School Security Officer,ESP,2,105029.36
U23551,JC002738,Elementary Lunchroom Manager,ESP,1,46400.71
U23431,JC990101,School Counselor,Teacher,1,119015.33
U24631,JC000464,Special Ed Classroom Assist,ESP,9,467897.17
U11880,JC502057,Fac & Custodial Field Lead,ESP,51,3465753.78
U22891,JC000048,Head Teacher,Teacher,1,137399.83
U25631,JC000048,Head Teacher,Teacher,1,116392.75
U51091,JC000691,Technology Coordinator,ESP,1,111571.5
U46551,JC505151,School Operations Manager,ESP,1,110975
U22601,JC000466,School Counseling Office Asst,ESP,1,56355.85
U25711,JC009907,Parent Worker - Other,ESP,1,15996.4
U24361,JC000041,Principal,Teacher,1,168008
U66321,JC002741,Cook II,ESP,1,34063.49
U22181,JC990101,School Counselor,Teacher,2,191208.67
U22381,JC990101,School Counselor,Teacher,2,200209.29
U26141,JC002983,Senior Security Officer,ESP,3,174983.64
U22451,JC002795,Porter,ESP,1,26051.93
U26391,JC500629,Special Education Teacher,Teacher,7,726506.56
U29141,JC002501,School Clerk (Bilin Spanish),ESP,1,85478.63
U24741,JC002762,Associate Lunchroom Mgr II,ESP,1,29805.55
U11910,JC500404,Guest Relations Specialist,ESP,1,66625
U46341,JC000691,Technology Coordinator,ESP,2,188243.11
U22411,JC002763,Associate Lunchroom Mgr III,ESP,1,30369.44
U24441,JC500629,Special Education Teacher,Teacher,6,614962.72
U24871,JC002741,Cook II,ESP,1,34063.49
U22131,JC002795,Porter,ESP,1,29773.63
U22641,JC002763,Associate Lunchroom Mgr III,ESP,1,28471.35
U23681,JC002983,Senior Security Officer,ESP,1,58950.49
U23551,JC000055,Bilingual Teacher,Teacher,7,734288.57
U25401,JC500629,Special Education Teacher,Teacher,11,1161479.94
U25761,JC500629,Special Education Teacher,Teacher,4,419665.81
U23591,JC002762,Associate Lunchroom Mgr II,ESP,1,34063.49
U26191,JC002738,Elementary Lunchroom Manager,ESP,1,42233.21
U22811,JC000469,Bilingual Sp Educ Classrm Asst,ESP,1,49744.74
U25871,JC000463,Teacher Assistant,ESP,1,53195.86
U25141,JC002770,Lunchroom Attendant,ESP,3,67172.3
U25031,JC002770,Lunchroom Attendant,ESP,2,42424.6
U46131,JC002795,Porter,ESP,1,29773.63
U25181,JC000041,Principal,Teacher,1,166072.72
U22391,JC990101,School Counselor,Teacher,2,163060.62
U22201,JC002501,School Clerk (Bilin Spanish),ESP,1,67496.35
U12510,JC500439,Telecom Customer Svc Spclst,ESP,1,110975
U12510,JC500063,Chief Info Technology Officer,ESP,1,238302.35
U22591,JC002795,Porter,ESP,1,22330.22
U22891,JC000041,Principal,Teacher,1,157160.69
U24281,JC990101,School Counselor,Teacher,2,159350.81
U22861,JC990101,School Counselor,Teacher,1,115892.15
U24101,JC002795,Porter,ESP,1,26051.93
U23541,JC002795,Porter,ESP,1,29773.63
U31151,JC002795,Porter,ESP,1,29773.63
U26191,JC000468,School Clerk,ESP,1,77998.78
U22361,JC002795,Porter,ESP,1,26051.93
U29091,JC002795,Porter,ESP,1,29773.63
U23871,JC002763,Associate Lunchroom Mgr III,ESP,1,28471.35
U23901,JC002738,Elementary Lunchroom Manager,ESP,1,40210.95
U23851,JC000041,Principal,Teacher,1,157496
U23931,JC002738,Elementary Lunchroom Manager,ESP,1,46400.71
U25341,JC000468,School Clerk,ESP,1,72896.06
U25341,JC990101,School Counselor,Teacher,1,104225.66
U23731,JC002983,Senior Security Officer,ESP,1,67616.19
U24421,JC000041,Principal,Teacher,1,157496
U23501,JC000042,Assistant Principal,Teacher,1,141410.67
U25391,JC000468,School Clerk,ESP,1,61066.25
U25181,JC000463,Teacher Assistant,ESP,2,96986.86
U24791,JC000042,Assistant Principal,Teacher,1,134904
U46061,JC500629,Special Education Teacher,Teacher,12,1085991.28
U25031,JC990101,School Counselor,Teacher,2,211196.63
U23771,JC000480,School Security Officer,ESP,3,145101.95
U23481,JC000480,School Security Officer,ESP,1,56063.9
U12150,JC504628,"Director, Planning & Design",ESP,1,144427.5
U11860,JC501165,Senior Systems Analyst,ESP,1,110975
U29191,JC000463,Teacher Assistant,ESP,3,146348.05
U22681,JC000480,School Security Officer,ESP,2,98189.22
U29271,JC002983,Senior Security Officer,ESP,1,58950.49
U25141,JC000468,School Clerk,ESP,2,148381
U24431,JC000480,School Security Officer,ESP,2,104879.47
U24461,JC002770,Lunchroom Attendant,ESP,3,60101.53
U23481,JC000041,Principal,Teacher,1,175547
U53111,JC000049,Regular Teacher,Teacher,10,833828.12
U23791,JC600063,Case Manager,Teacher,1,83089.96
U24641,JC600063,Case Manager,Teacher,1,93103.82
U25881,JC000065,IB Coordinator,Teacher,2,249854.69
U24281,JC505051,Restorative Justice Coord,ESP,1,75038.51
U24201,JC600063,Case Manager,Teacher,1,87030.59
U46191,JC000042,Assistant Principal,Teacher,2,269618.26
U24641,JC000464,Special Ed Classroom Assist,ESP,21,948528.05
U26291,JC505051,Restorative Justice Coord,ESP,1,76370.99
U53041,JC505051,Restorative Justice Coord,ESP,1,75038.51
U26721,JC505051,Restorative Justice Coord,ESP,1,69095.44
U46301,JC505051,Restorative Justice Coord,ESP,1,72642.19
U46311,JC500446,School Culture Coordinator,ESP,1,78914
U47091,JC000466,School Counseling Office Asst,ESP,1,64521.81
U24931,JC000071,English Learner Prg Teacher,Teacher,1,83089.96
U24571,JC600063,Case Manager,Teacher,1,81914.75
U24341,JC000042,Assistant Principal,Teacher,2,243810
U26931,JC000469,Bilingual Sp Educ Classrm Asst,ESP,12,597821.78
U24751,JC000464,Special Ed Classroom Assist,ESP,13,641778.65
U25911,JC000467,School Clerk Assistant,ESP,2,94684.97
U46251,JC000468,School Clerk,ESP,4,294346.94
U55171,JC000071,English Learner Prg Teacher,Teacher,1,83089.96
U31111,JC000071,English Learner Prg Teacher,Teacher,1,83089.96
U24101,JC000071,English Learner Prg Teacher,Teacher,1,83089.96
U49081,JC000071,English Learner Prg Teacher,Teacher,1,83089.96
U24911,JC000039,Part-Time Teacher,Teacher,0.5,41544.98
U23621,JC000691,Technology Coordinator,ESP,1,90240.65
U11010,JC501764,Claims Analyst,ESP,4,313701.5
U46181,JC000042,Assistant Principal,Teacher,4,573909.93
U24551,JC000065,IB Coordinator,Teacher,2,233667.84
U24231,JC000475,School Assistant-Bilingual,ESP,1,45865.89
U25211,JC000462,School Assistant,ESP,1,43817.46
U46211,JC000710,Student Special Svc Advocate,ESP,2,148181.09
U25781,JC600063,Case Manager,Teacher,1,95246.48
U22091,JC600063,Case Manager,Teacher,0.5,48313.29
U22521,JC000464,Special Ed Classroom Assist,ESP,1,43687.78
U49101,JC000468,School Clerk,ESP,2,186912.2
U23511,JC990101,School Counselor,Teacher,2,168775.39
U25411,JC000065,IB Coordinator,Teacher,2,240425.72
U22401,JC500629,Special Education Teacher,Teacher,10,1017611.87
U46461,JC000691,Technology Coordinator,ESP,1,78058.76
U22531,JC000467,School Clerk Assistant,ESP,1,47471.75
U52011,JC000042,Assistant Principal,Teacher,1,139724
U22691,JC505051,Restorative Justice Coord,ESP,1,61422.3
U26331,JC505051,Restorative Justice Coord,ESP,1,80291.2
U23921,JC000071,English Learner Prg Teacher,Teacher,1,83089.96
U53041,JC600063,Case Manager,Teacher,1.5,143808.06
U25371,JC600063,Case Manager,Teacher,1,100161.7
U26391,JC000071,English Learner Prg Teacher,Teacher,1,83089.96
U23391,JC000071,English Learner Prg Teacher,Teacher,1,83089.96
U46301,JC501043,Attendance Coordinator,ESP,1,71076.4
U25151,JC000071,English Learner Prg Teacher,Teacher,2,166179.92
U22581,JC000071,English Learner Prg Teacher,Teacher,2,166179.92
U22531,JC000071,English Learner Prg Teacher,Teacher,2,166179.92
U22841,JC000467,School Clerk Assistant,ESP,1,41578.07
U45221,JC002983,Senior Security Officer,ESP,1,49986.64
U46511,JC000071,English Learner Prg Teacher,Teacher,0.5,41544.98
U46061,JC000071,English Learner Prg Teacher,Teacher,0.5,41544.98
U22251,JC600063,Case Manager,Teacher,1,78831.29
U22541,JC600063,Case Manager,Teacher,1.5,162792.26
U22591,JC600063,Case Manager,Teacher,0.5,41544.98
U22711,JC600063,Case Manager,Teacher,0.5,41544.98
U22731,JC600063,Case Manager,Teacher,1,83089.96
U25931,JC600063,Case Manager,Teacher,1,83089.96
U24731,JC000044,Curriculum And Instruct Coach,Teacher,1,118623.39
U46191,JC990101,School Counselor,Teacher,2,173215.9
U24171,JC990101,School Counselor,Teacher,2,195128.75
U25521,JC990101,School Counselor,Teacher,2,174247.34
U31221,JC600063,Case Manager,Teacher,0.5,41544.98
U53011,JC600063,Case Manager,Teacher,2,249748.98
U22931,JC600063,Case Manager,Teacher,1,90002.36
U25661,JC000464,Special Ed Classroom Assist,ESP,17,804815.15
U24611,JC000055,Bilingual Teacher,Teacher,9,953176.81
U28151,JC000071,English Learner Prg Teacher,Teacher,1,83089.96
U27091,JC600063,Case Manager,Teacher,1,104669.5
U46361,JC000042,Assistant Principal,Teacher,5,663012.66
U52011,JC000467,School Clerk Assistant,ESP,1,41578.07
U22611,JC000464,Special Ed Classroom Assist,ESP,9,384823.55
U23151,JC600063,Case Manager,Teacher,2,216217.79
U27091,JC000691,Technology Coordinator,ESP,0.5,40212
U41121,JC600063,Case Manager,Teacher,1,103314.42
U31221,JC500629,Special Education Teacher,Teacher,6,595515.01
U23301,JC990101,School Counselor,Teacher,2,198785.94
U29371,JC000039,Part-Time Teacher,Teacher,0.5,33141.82
U14051,JC500006,Administrative Assistant,ESP,1,56700
U46241,JC000055,Bilingual Teacher,Teacher,6,689999.85
U26441,JC500629,Special Education Teacher,Teacher,3,302151.17
U55191,JC000042,Assistant Principal,Teacher,1,148742
U22841,JC000071,English Learner Prg Teacher,Teacher,1,83089.96
U30121,JC000071,English Learner Prg Teacher,Teacher,0.5,41544.98
U46041,JC600063,Case Manager,Teacher,1.5,167342.68
U29311,JC600063,Case Manager,Teacher,1,83089.96
U23931,JC600063,Case Manager,Teacher,1.5,151265.19
U46371,JC600063,Case Manager,Teacher,1,83089.96
U46611,JC600063,Case Manager,Teacher,1.5,151326.09
U23511,JC000071,English Learner Prg Teacher,Teacher,2,166179.92
U51071,JC000468,School Clerk,ESP,1,63845.42
U24711,JC000071,English Learner Prg Teacher,Teacher,0.5,41544.98
U22771,JC000071,English Learner Prg Teacher,Teacher,0.5,41544.98
U22281,JC000071,English Learner Prg Teacher,Teacher,0.5,41544.98
U23311,JC600063,Case Manager,Teacher,1.5,146629.42
U24591,JC600063,Case Manager,Teacher,1.5,160597.67
U23651,JC990101,School Counselor,Teacher,2,224170.75
U24021,JC990101,School Counselor,Teacher,2,242860.83
U22521,JC990101,School Counselor,Teacher,2,194464.89
U46341,JC500992,STLS Advocate,ESP,1,82002.55
U24151,JC500992,STLS Advocate,ESP,1,70568.16
U25541,JC000691,Technology Coordinator,ESP,0.5,40316.88
U25591,JC000462,School Assistant,ESP,1,44401.18
U26351,JC000464,Special Ed Classroom Assist,ESP,10,494763.38
U24761,JC990101,School Counselor,Teacher,2,200115.01
U22251,JC990200,Part-Time School Counselor,Teacher,0.5,41544.98
U23801,JC600446,School Culture Coordinator,Teacher,1,78914
U46101,JC000711,Community Relations Rep,ESP,2,105376.88
U23451,JC003015,Youth Intervention Specialist,ESP,1,56872.5
U14050,JC504415,Data Analyst,ESP,3,221036.97
U55191,JC003501,School Social Svc Assistant,ESP,1,36546.64
U23901,JC600063,Case Manager,Teacher,0.5,41544.98
U23521,JC002770,Lunchroom Attendant,ESP,2,49495.38
U24821,JC002741,Cook II,ESP,1,34063.49
U53011,JC000469,Bilingual Sp Educ Classrm Asst,ESP,2,85888.09
U10810,JC501288,Data Strategist,ESP,5,376090.42
U26891,JC990101,School Counselor,Teacher,1,105051.96
U47061,JC000691,Technology Coordinator,ESP,2,204636.49
U22701,JC003429,Ed Sign Language Interpreter,ESP,5,371461.74
U11910,JC504593,Building Operations Team Lead,ESP,1,46015.55
U11910,JC504592,Building Operations Specialist,ESP,2,78570.24
U70241,JC000480,School Security Officer,ESP,1,44581.67
U26281,JC000042,Assistant Principal,Teacher,1,142207
U24841,JC600063,Case Manager,Teacher,0.5,45965.7
U22421,JC000039,Part-Time Teacher,Teacher,0.5,57949.8
U49131,JC000464,Special Ed Classroom Assist,ESP,6,277007.34
U46691,JC002742,Cook III,ESP,1,26573.26
U46691,JC002777,Lunchroom Manager,ESP,1,51869.08
U26441,JC000044,Curriculum And Instruct Coach,Teacher,1,129572.95
U47091,JC990101,School Counselor,Teacher,2,223624.4
U14050,JC504860,Health Data Surveillance Spec,ESP,1,60000
U49031,JC003429,Ed Sign Language Interpreter,ESP,2,113530.78
U66442,JC002738,Elementary Lunchroom Manager,ESP,1,40210.95
U02421,JC990100,Teacher-Citywide,Teacher,1,127499.33
U25301,JC600755,Lead Coach,Teacher,1,122782.07
U53051,JC000710,Student Special Svc Advocate,ESP,1,72934.62
U10872,JC501996,Full Srv Community Schools Mgr,ESP,1,85200
U10860,JC602020,Reading Program Support Spec,Teacher,1,104752.21
U11371,JC500393,Senior Training Specialist,ESP,1,90785.25
U47051,JC000710,Student Special Svc Advocate,ESP,1,80291.2
U23341,JC000072,Dual Language Coordinator,Teacher,1,83089.96
U24551,JC000072,Dual Language Coordinator,Teacher,1,83089.96
U22831,JC000072,Dual Language Coordinator,Teacher,1,83089.96
U46421,JC501853,School Athletic Director,ESP,1,70000
U29051,JC000042,Assistant Principal,Teacher,1,125810
U10320,JC504562,Investigation Assistant,ESP,1,54570
U23161,JC000042,Assistant Principal,Teacher,1,121090
U24311,JC000464,Special Ed Classroom Assist,ESP,11,536886.15
U24101,JC000463,Teacher Assistant,ESP,1,55388.71
U29391,JC000463,Teacher Assistant,ESP,1,44799.19
U31161,JC000701,School Community Representive,ESP,1,39194.12
U23381,JC000710,Student Special Svc Advocate,ESP,1,55880.22
U24191,JC000042,Assistant Principal,Teacher,2,260409
U11010,JC501531,Workforce Analyst,ESP,1,78246
U26461,JC000044,Curriculum And Instruct Coach,Teacher,1,62924.52
U22231,JC000463,Teacher Assistant,ESP,1,36874.24
U11010,JC500822,Training Specialist,ESP,2,138876.85
U26921,JC000071,English Learner Prg Teacher,Teacher,2,166179.92
U46551,JC000071,English Learner Prg Teacher,Teacher,2,166179.92
U29151,JC000071,English Learner Prg Teacher,Teacher,2,166179.92
U53061,JC600063,Case Manager,Teacher,1.5,155124.55
U22901,JC600063,Case Manager,Teacher,1.5,173541.13
U30121,JC600063,Case Manager,Teacher,1,123546.66
U23631,JC000464,Special Ed Classroom Assist,ESP,3,154176.37
U10465,JC505046,"ED, Equity Office",ESP,1,158245.66
U11673,JC504710,Transition Grant Assistant,ESP,1,48500
U24761,JC000042,Assistant Principal,Teacher,1,143417.33
U26021,JC000042,Assistant Principal,Teacher,1,143212
U22161,JC600755,Lead Coach,Teacher,1,90807.62
U26601,JC600755,Lead Coach,Teacher,1,90807.62
U11385,JC602031,"Director, P-2 Education",Teacher,1,120017
U46181,JC990101,School Counselor,Teacher,8,761228.3
U25811,JC000467,School Clerk Assistant,ESP,1,50513.96
U55171,JC000042,Assistant Principal,Teacher,1,129117
U22201,JC000066,Regional Gifted Coordinator,Teacher,1,112848.12
U29321,JC000066,Regional Gifted Coordinator,Teacher,1,132565.87
U24721,JC990101,School Counselor,Teacher,2,161077.56
U12510,JC502043,Chrome & Android Device Eng,ESP,1,93000
U26301,JC000711,Community Relations Rep,ESP,1,70996.69
U14050,JC504522,CFBU Coordinator,ESP,9,488151.3
U13727,JC504776,Work Based Learning Specialist,ESP,5,414809.98
U26351,JC600063,Case Manager,Teacher,0.5,32039.37
U29271,JC000065,IB Coordinator,Teacher,1,119914.35
U53051,JC500992,STLS Advocate,ESP,1,71821.26
U25621,JC500992,STLS Advocate,ESP,1,69336.92
U22371,JC500992,STLS Advocate,ESP,1,67122.67
U22731,JC000468,School Clerk,ESP,2,159955.64
U25631,JC600063,Case Manager,Teacher,1,126023.04
U22991,JC600063,Case Manager,Teacher,1,87197.6
U02671,JC504547,Network Operations Manager,ESP,1,127621
U22081,JC600063,Case Manager,Teacher,2,202527.16
U46181,JC003440,Lifeguard,ESP,1,35000
U02421,JC500593,Social & Emotional Lrng Spec,ESP,1,85000
U12010,JC504615,Staffing Manager,ESP,1,99281.7
U24961,JC600063,Case Manager,Teacher,0.5,40369.77
U25811,JC000710,Student Special Svc Advocate,ESP,1,84412.64
U46031,JC000701,School Community Representive,ESP,1,58873.38
U10810,JC501874,Operations Coordinator,ESP,1,80528.49
U26201,JC000468,School Clerk,ESP,1,71821.26
U24791,JC000055,Bilingual Teacher,Teacher,5,479472.2
U22321,JC000463,Teacher Assistant,ESP,2,96206.63
U55171,JC000464,Special Ed Classroom Assist,ESP,2,112016.73
U24371,JC600755,Lead Coach,Teacher,0.5,44119.45
U10870,JC600491,"Deputy Chief, OCCS",Teacher,2,398620.84
U23001,JC000463,Teacher Assistant,ESP,2,99573.73
U46511,JC505051,Restorative Justice Coord,ESP,1,75038.51
U30081,JC000463,Teacher Assistant,ESP,4,220667.53
U22631,JC000691,Technology Coordinator,ESP,1,104314.16
U22851,JC003015,Youth Intervention Specialist,ESP,1,76370.99
U25471,JC000710,Student Special Svc Advocate,ESP,1,76370.99
U53101,JC000071,English Learner Prg Teacher,Teacher,4,332359.84
U26301,JC600063,Case Manager,Teacher,1,91740.27
U26331,JC600063,Case Manager,Teacher,1,102154.4
U26451,JC600063,Case Manager,Teacher,0.5,41544.98
U31221,JC000463,Teacher Assistant,ESP,1,36874.24
U26521,JC000042,Assistant Principal,Teacher,1,132245.69
U31281,JC000467,School Clerk Assistant,ESP,1,44009.04
U12510,JC504766,IT Training Specialist,ESP,1,83914
U12510,JC504822,IT Training & Comms Lead,ESP,1,96500
U11860,JC500902,Construction Manager,ESP,1,94950
U30101,JC000463,Teacher Assistant,ESP,3,140063.48
U10871,JC504555,Program Manager,ESP,2,206415.9
U46621,JC505051,Restorative Justice Coord,ESP,1,72642.19
U24461,JC600755,Lead Coach,Teacher,1,90807.62
U10615,JC504905,Sr Background Check Specialist,ESP,4,213131.17
U25301,JC000464,Special Ed Classroom Assist,ESP,2,92538.05
U11675,JC601795,RSP Director,Teacher,4,532148.14
U26601,JC003917,Instructor Assistant,ESP,1,60639.59
U22951,JC505051,Restorative Justice Coord,ESP,1,74229.75
U53041,JC003015,Youth Intervention Specialist,ESP,1,75038.51
U23721,JC600063,Case Manager,Teacher,0.5,57652.71
U22741,JC000480,School Security Officer,ESP,1,41403.07
U51091,JC500992,STLS Advocate,ESP,2,137690.83
U29011,JC000066,Regional Gifted Coordinator,Teacher,1,111747.42
U22761,JC000065,IB Coordinator,Teacher,1,125467.65
U11070,JC500506,"Director, Early Learning",ESP,1,126000
U29211,JC000042,Assistant Principal,Teacher,1,144799
U22151,JC000042,Assistant Principal,Teacher,1,142207
U53011,JC501853,School Athletic Director,ESP,1,79380
U53061,JC501853,School Athletic Director,ESP,1,82782
U25411,JC600755,Lead Coach,Teacher,1,116816.7
U55171,JC600755,Lead Coach,Teacher,1,140235.84
U25451,JC600755,Lead Coach,Teacher,1,105736.3
U26841,JC000480,School Security Officer,ESP,1,45076
U23141,JC500629,Special Education Teacher,Teacher,4,382597.77
U26701,JC600063,Case Manager,Teacher,0.5,37477.94
U22291,JC600063,Case Manager,Teacher,0.5,51415.06
U46691,JC000462,School Assistant,ESP,1,49076.5
U25451,JC000072,Dual Language Coordinator,Teacher,1,83089.96
U47021,JC000071,English Learner Prg Teacher,Teacher,1,83089.96
U31181,JC600063,Case Manager,Teacher,0.5,41544.98
U22431,JC600063,Case Manager,Teacher,1,80750.39
U46641,JC600063,Case Manager,Teacher,0.5,41544.98
U41051,JC000469,Bilingual Sp Educ Classrm Asst,ESP,1,46047.64
U11371,JC502040,Enrollment Compliance Manager,ESP,1,105000
U46551,JC000462,School Assistant,ESP,2,82922.37
U23801,JC000462,School Assistant,ESP,1,43394.05
U22131,JC600063,Case Manager,Teacher,0.5,41544.98
U11385,JC502067,Grant Fiscal Monitoring Mgr,ESP,1,100000
U11010,JC504280,HR Business Partner,ESP,5,478908.3
U53101,JC003429,Ed Sign Language Interpreter,ESP,3,191957
U11010,JC504680,Distributed Leadership Coord,ESP,1,68250
U11010,JC501214,Business Operations Specialist,ESP,1,68250
U26771,JC000468,School Clerk,ESP,1,63845.42
U46241,JC501043,Attendance Coordinator,ESP,1,77650.17
U23651,JC000468,School Clerk,ESP,3,214672.31
U70070,JC600063,Case Manager,Teacher,0.5,41544.98
U23071,JC600063,Case Manager,Teacher,0.5,41544.98
U49051,JC990101,School Counselor,Teacher,2,188765.8
U24871,JC600755,Lead Coach,Teacher,1,100634.17
U26621,JC600063,Case Manager,Teacher,0.5,41544.98
U25211,JC600063,Case Manager,Teacher,1,88233.17
U29121,JC600063,Case Manager,Teacher,1,88068.62
U29141,JC600063,Case Manager,Teacher,1,99140.42
U31061,JC600063,Case Manager,Teacher,0.5,41544.98
U10810,JC501781,Project Manager,ESP,1,90000
U23231,JC000071,English Learner Prg Teacher,Teacher,1,83089.96
U26461,JC000071,English Learner Prg Teacher,Teacher,1,83089.96
U29151,JC990101,School Counselor,Teacher,2,167649.93
U49041,JC600063,Case Manager,Teacher,1,144715.68
U31121,JC000042,Assistant Principal,Teacher,1,139526.59
U23831,JC000042,Assistant Principal,Teacher,1,125810
U26421,JC000042,Assistant Principal,Teacher,1,133213.59
U26091,JC000042,Assistant Principal,Teacher,1,125810
U26021,JC600063,Case Manager,Teacher,1,91854.12
U23261,JC600063,Case Manager,Teacher,1,94272.65
U23341,JC600063,Case Manager,Teacher,1,89796.58
U29161,JC600063,Case Manager,Teacher,0.5,41544.98
U23131,JC002770,Lunchroom Attendant,ESP,1,21212.3
U10821,JC602013,Instruct Core Prof Lrning Spec,Teacher,2,199922.35
U26771,JC000469,Bilingual Sp Educ Classrm Asst,ESP,1,43217.91
U22531,JC000480,School Security Officer,ESP,1,42582.46
U26061,JC000464,Special Ed Classroom Assist,ESP,2,97257.94
U24401,JC000064,Montessori Coordinator,Teacher,1,133332.05
U51071,JC990101,School Counselor,Teacher,1,105084.44
U47091,JC000711,Community Relations Rep,ESP,1,57838.18
U13727,JC502093,College & Career Pathway Lead,ESP,2,166989.68
U11540,JC501483,Senior Data Strategist,ESP,1,110975
U29301,JC000691,Technology Coordinator,ESP,1,84615.56
U25671,JC000042,Assistant Principal,Teacher,1,132522
U10814,JC601824,"Manager, UX",Teacher,1,127621
U13610,JC505016,Campus Governance Manager,ESP,1,90956.25
U46401,JC000691,Technology Coordinator,ESP,1,96135.63
U11371,JC501931,"Dir, Stu Transition & Stabiliz",ESP,1,131250
U10872,JC501214,Business Operations Specialist,ESP,1,66836.7
U23801,JC000476,Teacher Asst Bil Spanish,ESP,3,139328.17
U24671,JC000463,Teacher Assistant,ESP,3,136747.98
U10615,JC504647,Student Safety Center Manager,ESP,1,91927.5
U46021,JC002501,School Clerk (Bilin Spanish),ESP,1,86211.83
U12410,JC504404,"Director, Revenue",ESP,1,139750.4
U26181,JC000041,Principal,Teacher,1,169732.33
U13737,JC504826,Athletic Compliance Manager,ESP,1,84083.41
U11610,JC600575,"Deputy Chief, OSD",Teacher,2,392580
U20071,JC000691,Technology Coordinator,ESP,1,84615.56
U46111,JC002983,Senior Security Officer,ESP,3,173772.23
U46371,JC983600,Military Instructor,Teacher,3,278459.25
U24241,JC500629,Special Education Teacher,Teacher,4,478542.39
U25791,JC003917,Instructor Assistant,ESP,1,55333.29
U23081,JC009907,Parent Worker - Other,ESP,1,15996.4
U10510,JC504661,"Dir, Digital Communications",ESP,1,139243.13
U27091,JC000469,Bilingual Sp Educ Classrm Asst,ESP,1,43687.78
U10760,JC504703,Student Protections Specialist,ESP,5,396010.08
U02521,JC504492,Family Engagement Coordinator,ESP,2,180521.11
U11010,JC501958,"ED, Teacher Pathways",ESP,1,162225
U46181,JC000468,School Clerk,ESP,3,247242.58
U25091,JC000463,Teacher Assistant,ESP,2,106033.11
U25881,JC000463,Teacher Assistant,ESP,2,100791.4
U12410,JC504802,School Internal Accounts Mgr,ESP,1,98725.5
U24081,JC500629,Special Education Teacher,Teacher,4,402663.24
U22601,JC002501,School Clerk (Bilin Spanish),ESP,3,222571.5
U24131,JC990101,School Counselor,Teacher,1,126022.62
U24641,JC990101,School Counselor,Teacher,1,88448.87
U24811,JC990101,School Counselor,Teacher,1,112038.85
U28081,JC990101,School Counselor,Teacher,1,104828.36
U23871,JC990101,School Counselor,Teacher,1,84251.34
U10910,JC505011,"Senior Manager, LSC Relations",ESP,1,111719.21
U24681,JC000467,School Clerk Assistant,ESP,1,64327.94
U23001,JC000462,School Assistant,ESP,1,41496.43
U23081,JC000462,School Assistant,ESP,2,88802.36
U23301,JC000462,School Assistant,ESP,1,42983.25
U22041,JC002738,Elementary Lunchroom Manager,ESP,2,80421.9
U12010,JC501165,Senior Systems Analyst,ESP,1,105040.04
U12010,JC504110,"Director, Business Operations",ESP,1,133239.86
U46261,JC501853,School Athletic Director,ESP,1,77396.04
U23711,JC003015,Youth Intervention Specialist,ESP,1,75038.51
U23061,JC002983,Senior Security Officer,ESP,1,55871.25
U24571,JC600755,Lead Coach,Teacher,1,124128.31
U24841,JC000071,English Learner Prg Teacher,Teacher,1,83089.96
U53051,JC000071,English Learner Prg Teacher,Teacher,1,83089.96
U10320,JC505055,Investigation Specialist,ESP,4,218870
U24751,JC990101,School Counselor,Teacher,1,118563.89
U24531,JC600063,Case Manager,Teacher,1,115892.15
U10845,JC602126,"Director, Advanced Learning",Teacher,1,120017
U11371,JC504415,Data Analyst,ESP,1,68621
U11385,JC602030,"Mgr, Early Childhood Inst Sppt",Teacher,1,104363
U26051,JC600755,Lead Coach,Teacher,1,116789.26
U24101,JC000042,Assistant Principal,Teacher,1,125810
U31261,JC000480,School Security Officer,ESP,2,75575.29
U22091,JC000071,English Learner Prg Teacher,Teacher,0.5,41544.98
U26781,JC000701,School Community Representive,ESP,1,51713.36
U46481,JC990101,School Counselor,Teacher,2,173498.72
U11675,JC600063,Case Manager,Teacher,5,415449.8
U46361,JC500992,STLS Advocate,ESP,1,79383.84
U53071,JC000710,Student Special Svc Advocate,ESP,1,67889.89
U46241,JC501853,School Athletic Director,ESP,1,78840
U46511,JC501853,School Athletic Director,ESP,1,67000
U23221,JC600755,Lead Coach,Teacher,1,135938.86
U23321,JC600755,Lead Coach,Teacher,1,127268.66
U23931,JC000462,School Assistant,ESP,1,45189.63
U46371,JC000691,Technology Coordinator,ESP,1,78058.76
U29151,JC002983,Senior Security Officer,ESP,1,58950.49
U23211,JC600755,Lead Coach,Teacher,1,90807.62
U24101,JC600755,Lead Coach,Teacher,1,90807.62
U24741,JC500629,Special Education Teacher,Teacher,3,249212.97
U10814,JC601418,Library & Digital Media Spec,Teacher,1,107740.29
U11201,JC500909,Sr Student Application Spec,ESP,1,76439.46
U10855,JC504651,Sr Business Operations Spec,ESP,1,75672.67
U25141,JC003917,Instructor Assistant,ESP,1,50061.91
U23531,JC000042,Assistant Principal,Teacher,1,143687
U31081,JC505051,Restorative Justice Coord,ESP,1,69095.44
U12010,JC504264,"Manager, Nutrition Support Ops",ESP,1,104797.35
U12610,JC501878,"Manager, Grants Development",ESP,1,97602.8
U46691,JC003015,Youth Intervention Specialist,ESP,2,139224.88
U49121,JC000463,Teacher Assistant,ESP,1,43341.55
U02651,JC500593,Social & Emotional Lrng Spec,ESP,1,89250
U24821,JC000462,School Assistant,ESP,1,44401.18
U46101,JC000462,School Assistant,ESP,2,89462.46
U30031,JC600755,Lead Coach,Teacher,1,90807.62
U46421,JC000462,School Assistant,ESP,3,125842.84
U47101,JC000462,School Assistant,ESP,2,96628.32
U10860,JC600732,"Manager, Literacy",Teacher,2,229916.18
U23521,JC000055,Bilingual Teacher,Teacher,2,182815.14
U46021,JC500446,School Culture Coordinator,ESP,1,81000
U22211,JC000466,School Counseling Office Asst,ESP,1,60300.76
U26091,JC000480,School Security Officer,ESP,2,86751.3
U22491,JC000691,Technology Coordinator,ESP,1,101275.88
U26051,JC003015,Youth Intervention Specialist,ESP,1,72642.19
U11675,JC501960,RSP Assistant,ESP,2,111000
U29141,JC000055,Bilingual Teacher,Teacher,1,126022.62
U46521,JC500629,Special Education Teacher,Teacher,1,111253.56
U46381,JC002501,School Clerk (Bilin Spanish),ESP,1,72110.39
U10110,JC504872,Special Asst to the Board Pres,ESP,1,94500
U66191,JC002738,Elementary Lunchroom Manager,ESP,1,40210.95
U24781,JC000710,Student Special Svc Advocate,ESP,1,72934.62
U25581,JC000476,Teacher Asst Bil Spanish,ESP,1,36874.24
U25671,JC000463,Teacher Assistant,ESP,1,36874.24
U23791,JC600755,Lead Coach,Teacher,1,129572.95
U55181,JC000701,School Community Representive,ESP,1,43423.45
U10510,JC501895,Senior Press Secretary,ESP,1,120000
U31301,JC000042,Assistant Principal,Teacher,1,134334.78
U22041,JC600063,Case Manager,Teacher,1,116484.81
U22751,JC505051,Restorative Justice Coord,ESP,2,119056
U25401,JC000466,School Counseling Office Asst,ESP,1,67452
U10610,JC500000,Unevaluated Non-union Role,ESP,4,395000
U10610,JC500551,Transportation Security Spclst,ESP,1,49416
U47031,JC600755,Lead Coach,Teacher,1,90807.62
U31081,JC600755,Lead Coach,Teacher,1,90807.62
U24011,JC000464,Special Ed Classroom Assist,ESP,3,146985.78
U63131,JC002770,Lunchroom Attendant,ESP,2,45959.99
U11201,JC501983,Hotline Support Specialist,ESP,2,99390
U10610,JC501949,Crisis Response Specialist,ESP,1,74460
U22471,JC000071,English Learner Prg Teacher,Teacher,0.5,41544.98
U23581,JC000071,English Learner Prg Teacher,Teacher,0.5,41544.98
U29231,JC600063,Case Manager,Teacher,0.5,50865.29
U55151,JC600063,Case Manager,Teacher,0.5,40554.81
U22581,JC600063,Case Manager,Teacher,1,116736.36
U24051,JC600063,Case Manager,Teacher,1,109250.71
U53061,JC000691,Technology Coordinator,ESP,1,93217.5
U46621,JC600755,Lead Coach,Teacher,1,111855.05
U22681,JC000042,Assistant Principal,Teacher,1,132098
U23441,JC000478,Teacher Assistant Bilingual,ESP,1,59265.92
U22511,JC000702,Parent Advocate,ESP,1,53722.53
U02501,JC500593,Social & Emotional Lrng Spec,ESP,1,104357.51
U24081,JC000067,Personalized Learning Coordinator,Teacher,1,114746.74
U24171,JC002983,Senior Security Officer,ESP,1,58950.49
U10760,JC505144,Alternative Resoln Pthwys Spec,ESP,1,83346.99
U22211,JC003501,School Social Svc Assistant,ESP,1,42573.23
U25351,JC000463,Teacher Assistant,ESP,1,36874.24
U10610,JC501842,Dir Studt Supt & Violence Prev,ESP,1,118034.91
U46331,JC500656,College/Career Coach,ESP,1,73291.69
U10210,JC502104,"Deputy Chief, Labor Relations",ESP,1,90000
U24221,JC000467,School Clerk Assistant,ESP,1,54858.78
U25111,JC002501,School Clerk (Bilin Spanish),ESP,1,72110.39
U23101,JC003501,School Social Svc Assistant,ESP,1,36546.64
U24641,JC600755,Lead Coach,Teacher,1,128001.54
U28151,JC600755,Lead Coach,Teacher,1,128408.76
U23831,JC000710,Student Special Svc Advocate,ESP,1,72934.62
U26721,JC600755,Lead Coach,Teacher,1,121564.43
U25411,JC003015,Youth Intervention Specialist,ESP,1,76370.99
U22681,JC000071,English Learner Prg Teacher,Teacher,1,83089.96
U12610,JC504971,Medicaid Operations Analyst,ESP,1,80181.79
U22651,JC000042,Assistant Principal,Teacher,1,148742
U26771,JC002770,Lunchroom Attendant,ESP,2,48475.95
U24471,JC990101,School Counselor,Teacher,2,228323.19
U11540,JC604960,"ED, EL Instructional Develpmt",Teacher,1,140000
U22221,JC000467,School Clerk Assistant,ESP,1,53106.9
U46491,JC000055,Bilingual Teacher,Teacher,1,88906.26
U10842,JC501883,Insights & Research Team Lead,ESP,1,110313
U25061,JC000071,English Learner Prg Teacher,Teacher,1,83089.96
U22401,JC000462,School Assistant,ESP,1,43597.57
U22581,JC000462,School Assistant,ESP,1,43222.54
U11540,JC601869,Dual Language Manager,Teacher,1,116374.96
U22501,JC000463,Teacher Assistant,ESP,1,41586.29
U13727,JC504555,Program Manager,ESP,1,85630.47
U47061,JC500656,College/Career Coach,ESP,1,81009.09
U25191,JC000463,Teacher Assistant,ESP,2,108848.81
U53051,JC000042,Assistant Principal,Teacher,1,147396
U32081,JC000463,Teacher Assistant,ESP,1,51497.08
U14040,JC505030,CFF Financial Manager,ESP,1,87000
U11220,JC505031,Student Records Processor,ESP,1,50000
U47081,JC000469,Bilingual Sp Educ Classrm Asst,ESP,1,52798.23
U24801,JC500629,Special Education Teacher,Teacher,4,414420.59
U46201,JC500656,College/Career Coach,ESP,1,87976.88
U24361,JC000480,School Security Officer,ESP,1,41755.32
U22821,JC000467,School Clerk Assistant,ESP,1,52534.51
U23011,JC002770,Lunchroom Attendant,ESP,1,20338.51
U46691,JC000691,Technology Coordinator,ESP,1,78058.76
U25591,JC600063,Case Manager,Teacher,0.5,53576.09
U22191,JC003015,Youth Intervention Specialist,ESP,1,76370.99
U11010,JC501781,Project Manager,ESP,1,80000
U23411,JC000480,School Security Officer,ESP,1,48965.46
U10842,JC602027,"Dir, School Cont Improvement",Teacher,1,136500
U10860,JC601274,"Director, Social Science",Teacher,1,130169.34
U11510,JC502121,EL Program Support Specialist,ESP,1,101421.09
U46261,JC000691,Technology Coordinator,ESP,1,124961.14
U11385,JC500100,Data Manager,ESP,1,103011.33
U11673,JC600799,Special Edu Administrator,Teacher,1,72470.08
U23811,JC000055,Bilingual Teacher,Teacher,1,119152.8
U51091,JC505151,School Operations Manager,ESP,1,110975
U30051,JC002795,Porter,ESP,1,22330.22
U11010,JC605156,"ED, Education Policy",Teacher,1,175531.65
U30051,JC000071,English Learner Prg Teacher,Teacher,1,83089.96
U29071,JC000071,English Learner Prg Teacher,Teacher,1,83089.96
U29111,JC000071,English Learner Prg Teacher,Teacher,1,83089.96
U24791,JC000071,English Learner Prg Teacher,Teacher,1,83089.96
U31201,JC000041,Principal,Teacher,1,153363
U22201,JC000042,Assistant Principal,Teacher,1,130060.36
U25361,JC000041,Principal,Teacher,1,179031
U29321,JC000048,Head Teacher,Teacher,1,130150.26
U53061,JC000041,Principal,Teacher,1,160172.28
U23261,JC000042,Assistant Principal,Teacher,1,142207
U22971,JC000041,Principal,Teacher,1,166349
U24631,JC000041,Principal,Teacher,1,173963
U23011,JC000042,Assistant Principal,Teacher,1,140998.77
U23401,JC000041,Principal,Teacher,1,173915
U29081,JC000041,Principal,Teacher,1,166235
U26651,JC200041,Interim Principal,Teacher,1,164351.22
U23991,JC002738,Elementary Lunchroom Manager,ESP,1,40210.95
U25771,JC002738,Elementary Lunchroom Manager,ESP,1,42233.21
U22551,JC002738,Elementary Lunchroom Manager,ESP,1,42233.21
U22641,JC000480,School Security Officer,ESP,2,102492.18
U22811,JC000480,School Security Officer,ESP,1,45076
U46551,JC000041,Principal,Teacher,1,189714
U26191,JC000041,Principal,Teacher,1,164329
U23541,JC990101,School Counselor,Teacher,1,96119.21
U24981,JC000041,Principal,Teacher,1,178020
U25571,JC000041,Principal,Teacher,1,160156.72
U24911,JC000042,Assistant Principal,Teacher,1,139526.59
U23831,JC990101,School Counselor,Teacher,1,121057.2
U41051,JC002795,Porter,ESP,1,29773.63
U24251,JC002795,Porter,ESP,1,29773.63
U24911,JC990101,School Counselor,Teacher,1,77677.38
U26201,JC990101,School Counselor,Teacher,1,105933.8
U53021,JC002742,Cook III,ESP,1,30369.44
U31211,JC002795,Porter,ESP,1,29773.63
U23511,JC002742,Cook III,ESP,1,28471.35
U23081,JC002983,Senior Security Officer,ESP,1,67616.19
U22141,JC990101,School Counselor,Teacher,1,126022.62
U24301,JC990101,School Counselor,Teacher,1,108235.8
U23651,JC000041,Principal,Teacher,1,180312
U23901,JC002795,Porter,ESP,1,26051.93
U22301,JC002770,Lunchroom Attendant,ESP,3,74243.07
U24871,JC002738,Elementary Lunchroom Manager,ESP,1,42233.21
U46281,JC002740,Cook I,ESP,1,37587.29
U53111,JC983600,Military Instructor,Teacher,1,112967
U29011,JC000468,School Clerk,ESP,1,82988.96
U46131,JC002983,Senior Security Officer,ESP,2,129405.39
U23621,JC002983,Senior Security Officer,ESP,1,64628.87
U47101,JC000671,Computer Technician,ESP,1,99742.73
U23041,JC002795,Porter,ESP,1,29773.63
U23911,JC002738,Elementary Lunchroom Manager,ESP,1,46400.71
U25391,JC002763,Associate Lunchroom Mgr III,ESP,1,30369.44
U46021,JC002777,Lunchroom Manager,ESP,1,55748.03
U46291,JC002777,Lunchroom Manager,ESP,1,55748.03
U23311,JC002738,Elementary Lunchroom Manager,ESP,1,46400.71
U41041,JC002738,Elementary Lunchroom Manager,ESP,1,40210.95
U24941,JC990101,School Counselor,Teacher,2,197426.85
U24201,JC003917,Instructor Assistant,ESP,1,60639.59
U23411,JC002770,Lunchroom Attendant,ESP,2,45960
U23541,JC002501,School Clerk (Bilin Spanish),ESP,1,70568.16
U24431,JC002740,Cook I,ESP,1,37587.29
U53021,JC002983,Senior Security Officer,ESP,1,67616.19
U26351,JC002770,Lunchroom Attendant,ESP,2,35353.84
U22721,JC000041,Principal,Teacher,1,177181
U29391,JC000041,Principal,Teacher,1,178020
U11010,JC500295,Office Manager,ESP,1,90067.03
U22371,JC002762,Associate Lunchroom Mgr II,ESP,1,34063.49
U24281,JC002770,Lunchroom Attendant,ESP,4,81313.83
U22241,JC000041,Principal,Teacher,1,177923.51
U23281,JC002770,Lunchroom Attendant,ESP,1,24747.69
U22061,JC002501,School Clerk (Bilin Spanish),ESP,1,72110.39
U24381,JC002738,Elementary Lunchroom Manager,ESP,1,46400.71
U26061,JC990101,School Counselor,Teacher,1,115128.37
U25951,JC002738,Elementary Lunchroom Manager,ESP,1,42233.21
U41041,JC002795,Porter,ESP,1,22330.22
U22651,JC002770,Lunchroom Attendant,ESP,1,22980
U41041,JC002742,Cook III,ESP,1,30369.44
U22971,JC002738,Elementary Lunchroom Manager,ESP,1,42233.21
U25521,JC002770,Lunchroom Attendant,ESP,2,45959.99
U12150,JC500902,Construction Manager,ESP,1,105839.26
U22631,JC000042,Assistant Principal,Teacher,1,144799
U10850,JC501031,"Dir, Postsecondary Intrvntions",ESP,1,121024.39
U22631,JC990101,School Counselor,Teacher,1,95665.23
U11510,JC600089,Dir World Language Education,Teacher,1,136954.43
U12410,JC500078,Financial Compliance Manager,ESP,1,107829.88
U12510,JC504829,Sr SIS Specialist,ESP,1,110975
U30081,JC000041,Principal,Teacher,1,178020
U49081,JC000041,Principal,Teacher,1,173915
U10210,JC504883,Investigator,ESP,1,75705
U32031,JC000468,School Clerk,ESP,1,91462.13
U10210,JC500025,Deputy General Counsel,ESP,4,684648.13
U41061,JC002777,Lunchroom Manager,ESP,1,51869.08
U24621,JC002770,Lunchroom Attendant,ESP,1,28283.07
U66254,JC002795,Porter,ESP,1,24191.07
U25931,JC002742,Cook III,ESP,1,26573.26
U22551,JC002741,Cook II,ESP,1,34063.49
U22161,JC002770,Lunchroom Attendant,ESP,1,15909.23
U66691,JC002777,Lunchroom Manager,ESP,1,55748.03
U22251,JC002795,Porter,ESP,1,26051.93
U46181,JC002740,Cook I,ESP,1,37587.29
U32021,JC000468,School Clerk,ESP,1,91462.13
U23141,JC002501,School Clerk (Bilin Spanish),ESP,1,70568.16
U29041,JC002738,Elementary Lunchroom Manager,ESP,1,40210.95
U22481,JC002501,School Clerk (Bilin Spanish),ESP,1,85478.63
U30011,JC000055,Bilingual Teacher,Teacher,1,140190.62
U25781,JC000042,Assistant Principal,Teacher,1,134153.67
U22751,JC002795,Porter,ESP,1,29773.63
U23511,JC002770,Lunchroom Attendant,ESP,1,28283.07
U22281,JC000468,School Clerk,ESP,1,82988.96
U29141,JC002742,Cook III,ESP,1,30369.44
U10450,JC502024,City Council Affairs Coord,ESP,1,68621
U26541,JC000468,School Clerk,ESP,1,75811.9
U24871,JC000048,Head Teacher,Teacher,1,129897.28
U23791,JC000469,Bilingual Sp Educ Classrm Asst,ESP,1,56494.11
U26191,JC002983,Senior Security Officer,ESP,1,58950.49
U46201,JC002740,Cook I,ESP,1,37587.29
U23221,JC000042,Assistant Principal,Teacher,1,143520
U25941,JC000041,Principal,Teacher,1,149350
U22971,JC000468,School Clerk,ESP,1,74190.5
U23201,JC000468,School Clerk,ESP,1,67122.67
U26331,JC002983,Senior Security Officer,ESP,1,58950.49
U25411,JC000468,School Clerk,ESP,1,74190.5
U30121,JC000468,School Clerk,ESP,1,85478.63
U22591,JC000468,School Clerk,ESP,1,85478.63
U45231,JC002795,Porter,ESP,1,26051.93
U11010,JC500708,"Manager, ADA & Workplace Accom",ESP,1,105000
U25031,JC000480,School Security Officer,ESP,2,101139.9
U24081,JC000480,School Security Officer,ESP,1,53597.67
U23431,JC000480,School Security Officer,ESP,1,48965.46
U11220,JC504663,Student Records Team Lead,ESP,1,55671
U14050,JC501781,Project Manager,ESP,1,97961.93
U24011,JC002983,Senior Security Officer,ESP,1,61789.2
U24551,JC002501,School Clerk (Bilin Spanish),ESP,1,73390.88
U25861,JC002501,School Clerk (Bilin Spanish),ESP,1,85478.63
U29261,JC002738,Elementary Lunchroom Manager,ESP,1,40210.95
U29241,JC990101,School Counselor,Teacher,1,125977.5
U22071,JC002741,Cook II,ESP,1,34063.49
U23881,JC002795,Porter,ESP,1,26051.93
U22071,JC002983,Senior Security Officer,ESP,1,67616.19
U24231,JC002738,Elementary Lunchroom Manager,ESP,1,46400.71
U25241,JC002762,Associate Lunchroom Mgr II,ESP,1,34063.49
U29041,JC990101,School Counselor,Teacher,1,126023.29
U11870,JC501522,"ED, Transportation",ESP,1,173250
U23201,JC990101,School Counselor,Teacher,1,78973.4
U29261,JC000042,Assistant Principal,Teacher,1,138171.64
U24371,JC002770,Lunchroom Attendant,ESP,1,24747.69
U22701,JC002501,School Clerk (Bilin Spanish),ESP,1,62731.47
U22821,JC000468,School Clerk,ESP,1,85478.63
U46421,JC002742,Cook III,ESP,1,22777.08
U26351,JC000041,Principal,Teacher,1,175547
U22591,JC000041,Principal,Teacher,1,170843
U26651,JC002738,Elementary Lunchroom Manager,ESP,1,40210.95
U24301,JC002763,Associate Lunchroom Mgr III,ESP,1,26573.26
U32021,JC000480,School Security Officer,ESP,1,45076
U24341,JC002983,Senior Security Officer,ESP,1,61789.2
U25791,JC002983,Senior Security Officer,ESP,1,64628.87
U25331,JC002795,Porter,ESP,1,29773.63
U23041,JC000466,School Counseling Office Asst,ESP,1,72173.64
U22711,JC000041,Principal,Teacher,1,177989
U29221,JC002742,Cook III,ESP,1,30369.44
U22081,JC002795,Porter,ESP,1,26051.93
U23871,JC000468,School Clerk,ESP,1,79825.77
U24531,JC002741,Cook II,ESP,1,34063.49
U47031,JC000468,School Clerk,ESP,1,68314.6
U23411,JC000041,Principal,Teacher,1,157496
U29241,JC000041,Principal,Teacher,1,162812.33
U22341,JC000468,School Clerk,ESP,1,74190.5
U46111,JC000468,School Clerk,ESP,1,72896.06
U46111,JC983600,Military Instructor,Teacher,2,186615
U25451,JC002741,Cook II,ESP,1,34063.49
U24221,JC002738,Elementary Lunchroom Manager,ESP,1,46400.71
U22261,JC000055,Bilingual Teacher,Teacher,1,125977.68
U32021,JC990101,School Counselor,Teacher,1,108864.07
U29031,JC002738,Elementary Lunchroom Manager,ESP,1,40210.95
U24881,JC002795,Porter,ESP,1,27912.78
U24531,JC002795,Porter,ESP,1,29773.63
U46101,JC000531,School Library Assistant,ESP,1,59248.66
U46631,JC002777,Lunchroom Manager,ESP,1,51869.08
U29101,JC002738,Elementary Lunchroom Manager,ESP,1,40210.95
U11870,JC504942,Staffing Team Lead,ESP,1,72162.63
U23711,JC002795,Porter,ESP,1,29773.63
U31181,JC002738,Elementary Lunchroom Manager,ESP,1,46400.71
U22281,JC002795,Porter,ESP,1,29773.63
U24651,JC000041,Principal,Teacher,1,177989
U22031,JC990101,School Counselor,Teacher,1,114418.32
U29151,JC002738,Elementary Lunchroom Manager,ESP,1,46400.71
U25941,JC002742,Cook III,ESP,1,28471.35
U26391,JC002795,Porter,ESP,1,26051.93
U22691,JC002741,Cook II,ESP,1,31934.52
U25091,JC000468,School Clerk,ESP,1,72896.06
U25121,JC000468,School Clerk,ESP,1,77998.78
U25191,JC000468,School Clerk,ESP,1,69336.92
U25561,JC000468,School Clerk,ESP,1,79825.77
U25931,JC000468,School Clerk,ESP,1,80571.8
U26651,JC000468,School Clerk,ESP,1,69336.92
U10895,JC500164,Executive Assistant,ESP,1,72968
U22861,JC000055,Bilingual Teacher,Teacher,1,112038.27
U46381,JC002742,Cook III,ESP,1,26573.26
U47061,JC002740,Cook I,ESP,1,37587.29
U22881,JC002738,Elementary Lunchroom Manager,ESP,1,42233.21
U22991,JC000468,School Clerk,ESP,1,69336.92
U22891,JC002741,Cook II,ESP,1,34063.49
U24381,JC000042,Assistant Principal,Teacher,1,150784
U12510,JC504535,"Manager, Data Solutions",ESP,1,140097.51
U11673,JC601805,"Manager, School Assignment",Teacher,1,105000
U12610,JC504383,Sr Financial Systems Analyst,ESP,1,92213.43
U14060,JC504913,Dir Accountability & Engagmnt,ESP,1,116925.39
U29281,JC000071,English Learner Prg Teacher,Teacher,1,83089.96
U22971,JC000467,School Clerk Assistant,ESP,1,47373.76
U23961,JC000041,Principal,Teacher,1,175547
U24971,JC000041,Principal,Teacher,1,157496
U24811,JC000065,IB Coordinator,Teacher,1,121248.03
U26061,JC000042,Assistant Principal,Teacher,1,125810
U25431,JC000042,Assistant Principal,Teacher,1,125810
U53071,JC505051,Restorative Justice Coord,ESP,1,73046.59
U25951,JC000467,School Clerk Assistant,ESP,1,64327.94
U10895,JC501877,"Dir, Restor Pract Stud Discpln",ESP,1,132375.6
U11110,JC605162,"Dir, Professional Learning",Teacher,1,134946.48
U49131,JC600063,Case Manager,Teacher,0.5,41544.98
U53111,JC600063,Case Manager,Teacher,0.5,41544.98
U55011,JC600063,Case Manager,Teacher,0.5,41544.98
U24071,JC990101,School Counselor,Teacher,1,112038.76
U24721,JC000041,Principal,Teacher,1,149350
U46271,JC000041,Principal,Teacher,1,189714
U22131,JC000041,Principal,Teacher,1,171519.79
U53021,JC600755,Lead Coach,Teacher,1,124419.79
U23441,JC600755,Lead Coach,Teacher,1,125714.77
U24201,JC000071,English Learner Prg Teacher,Teacher,1,83089.96
U24661,JC000071,English Learner Prg Teacher,Teacher,1,83089.96
U22501,JC000055,Bilingual Teacher,Teacher,0.5,41544.98
U22161,JC000041,Principal,Teacher,1,177181
U53021,JC990101,School Counselor,Teacher,1,116769.17
U25021,JC000041,Principal,Teacher,1,178020
U32021,JC000041,Principal,Teacher,1,153853.31
U23491,JC000041,Principal,Teacher,1,183218
U24741,JC200041,Interim Principal,Teacher,1,163282
U23041,JC000049,Regular Teacher,Teacher,38,4165033.69
U24781,JC000049,Regular Teacher,Teacher,35,3111741.86
U10510,JC504975,"ED, Stakeholder Communications",ESP,1,161410.63
U46341,JC000480,School Security Officer,ESP,12,603869.22
U10430,JC501540,Senior Auditor,ESP,4,344111.36
U10610,JC501839,Safe Passage Manager,ESP,1,97650
U11870,JC501769,"Vendor Manager, City Region",ESP,5,390765.17
U24671,JC000467,School Clerk Assistant,ESP,1,55832.93
U25191,JC000049,Regular Teacher,Teacher,18,1625042.77
U29341,JC000463,Teacher Assistant,ESP,1,41724.34
U25781,JC000049,Regular Teacher,Teacher,34,3325084.34
U22361,JC000464,Special Ed Classroom Assist,ESP,6,286140.15
U22531,JC500629,Special Education Teacher,Teacher,8,794870.61
U24731,JC500629,Special Education Teacher,Teacher,18,1816875.87
U22231,JC000469,Bilingual Sp Educ Classrm Asst,ESP,1,54321.26
U22531,JC000049,Regular Teacher,Teacher,29,3008165.38
U22811,JC500629,Special Education Teacher,Teacher,15,1391812.14
U25921,JC000049,Regular Teacher,Teacher,25,2870136.17
U23311,JC000055,Bilingual Teacher,Teacher,18,1832323.28
U22321,JC000049,Regular Teacher,Teacher,49,5031509.01
U29071,JC000049,Regular Teacher,Teacher,15,1558488.35
U24281,JC000049,Regular Teacher,Teacher,33,3387720.84
U46421,JC000049,Regular Teacher,Teacher,65,6471653.21
U30051,JC000049,Regular Teacher,Teacher,16,1630748.88
U47061,JC000049,Regular Teacher,Teacher,78,7526305.59
U46621,JC000042,Assistant Principal,Teacher,1,143520
U22631,JC002738,Elementary Lunchroom Manager,ESP,1,42233.21
U22041,JC000049,Regular Teacher,Teacher,32,3311766.57
U26051,JC000042,Assistant Principal,Teacher,1,139526.59
U23671,JC000464,Special Ed Classroom Assist,ESP,22,1062804.95
U23071,JC000049,Regular Teacher,Teacher,29,2905989.78
U23001,JC000049,Regular Teacher,Teacher,33,3533144.26
U26831,JC000049,Regular Teacher,Teacher,36,3584823.75
U29291,JC000049,Regular Teacher,Teacher,29.5,2963233.71
U22791,JC500629,Special Education Teacher,Teacher,4,423941.36
U25071,JC000049,Regular Teacher,Teacher,33,3298865.71
U25751,JC000055,Bilingual Teacher,Teacher,5,562349.26
U25761,JC000049,Regular Teacher,Teacher,18,1651490.66
U29081,JC000049,Regular Teacher,Teacher,19,2051338.28
U22511,JC500629,Special Education Teacher,Teacher,6,546335.71
U25711,JC000048,Head Teacher,Teacher,1,135114.73
U26371,JC000464,Special Ed Classroom Assist,ESP,4,197433.24
U26921,JC000480,School Security Officer,ESP,5,240826.14
U26331,JC000055,Bilingual Teacher,Teacher,6,645286.1
U46101,JC000041,Principal,Teacher,1,167882
U63091,JC002795,Porter,ESP,1,22330.22
U49031,JC000469,Bilingual Sp Educ Classrm Asst,ESP,13,618095.6
U46471,JC000464,Special Ed Classroom Assist,ESP,11,560197.13
U22821,JC000464,Special Ed Classroom Assist,ESP,27,1321288.74
U30141,JC000464,Special Ed Classroom Assist,ESP,24,1209066.81
U53071,JC500629,Special Education Teacher,Teacher,11,1132141.48
U55011,JC000468,School Clerk,ESP,2,151389.66
U23401,JC000463,Teacher Assistant,ESP,4,203289.75
U46251,JC000049,Regular Teacher,Teacher,62,6466457.72
U22811,JC000464,Special Ed Classroom Assist,ESP,20,904943.26
U31211,JC000049,Regular Teacher,Teacher,36,3449391.17
U22521,JC000049,Regular Teacher,Teacher,20,1967758.82
U23341,JC000469,Bilingual Sp Educ Classrm Asst,ESP,2,114748.3
U10110,JC500925,"Dep Chief of Staff, Bd of Ed",ESP,2,276406.9
U30011,JC000049,Regular Teacher,Teacher,29,3721262.82
U46401,JC000049,Regular Teacher,Teacher,24,2516606.64
U22471,JC000464,Special Ed Classroom Assist,ESP,11,514781.55
U24361,JC000055,Bilingual Teacher,Teacher,4,460696.69
U46341,JC000468,School Clerk,ESP,4,333460.22
U46031,JC000464,Special Ed Classroom Assist,ESP,14,706293.92
U23451,JC000049,Regular Teacher,Teacher,20,1719795.25
U22701,JC000464,Special Ed Classroom Assist,ESP,18,863996.5
U24341,JC000701,School Community Representive,ESP,1,49188.46
U22521,JC000469,Bilingual Sp Educ Classrm Asst,ESP,12,583447.05
U23521,JC000468,School Clerk,ESP,1,77998.78
U10845,JC501911,"Mgr, Competency-Based Ed",ESP,1,115818.14
U10875,JC500703,"Dir, Attendance & Enrollment",ESP,1,129780
U22241,JC500629,Special Education Teacher,Teacher,5,528188.96
U11880,JC004223,Custodial Worker,ESP,1118,49604464
U11672,JC500629,Special Education Teacher,Teacher,3,364923.92
U46631,JC000049,Regular Teacher,Teacher,32,3335906.76
U22021,JC990101,School Counselor,Teacher,1,119437.93
U28081,JC000464,Special Ed Classroom Assist,ESP,26,1303205.77
U55151,JC000049,Regular Teacher,Teacher,22,2249556.19
U22921,JC000480,School Security Officer,ESP,2,97930.92
U02531,JC601269,Deputy Chief of Schools,Teacher,1,170000
U26921,JC002763,Associate Lunchroom Mgr III,ESP,1,30369.44
U29111,JC000049,Regular Teacher,Teacher,23,2421250.99
U22851,JC000049,Regular Teacher,Teacher,20,1821298.69
U66107,JC002763,Associate Lunchroom Mgr III,ESP,1,26573.26
U22381,JC500629,Special Education Teacher,Teacher,12.5,1150642.94
U23441,JC990101,School Counselor,Teacher,1,100091.2
U25451,JC000049,Regular Teacher,Teacher,14,1328383.96
U29201,JC000464,Special Ed Classroom Assist,ESP,7,354425.69
U29391,JC000464,Special Ed Classroom Assist,ESP,9,393660
U24361,JC000464,Special Ed Classroom Assist,ESP,30,1365346.29
U23731,JC000480,School Security Officer,ESP,1,48965.46
U53051,JC000480,School Security Officer,ESP,3,139117.46
U24131,JC000049,Regular Teacher,Teacher,15,1617946.44
U13737,JC504836,"Manager, Sports Admin",ESP,2,211925.39
U26321,JC000463,Teacher Assistant,ESP,1,42020.68
U23631,JC000468,School Clerk,ESP,1,82988.96
U12510,JC504853,"ED, Entrprise Data & Analytics",ESP,1,168096
U23631,JC000463,Teacher Assistant,ESP,2,88018.76
U46471,JC000049,Regular Teacher,Teacher,10,989607.81
U24891,JC000049,Regular Teacher,Teacher,52,5100214.01
U29321,JC000049,Regular Teacher,Teacher,60,5999360.87
U55011,JC500629,Special Education Teacher,Teacher,3.5,423030.49
U31161,JC000463,Teacher Assistant,ESP,2,109036.81
U24151,JC000049,Regular Teacher,Teacher,24,2170444.01
U22271,JC000463,Teacher Assistant,ESP,3,162509.39
U24611,JC000463,Teacher Assistant,ESP,2,97793.01
U46221,JC002983,Senior Security Officer,ESP,2,129405.39
U46221,JC002501,School Clerk (Bilin Spanish),ESP,2,152599.47
U22181,JC000464,Special Ed Classroom Assist,ESP,23,999578.6
U47021,JC000468,School Clerk,ESP,5,356432.82
U25671,JC000480,School Security Officer,ESP,2,95393.74
U24731,JC000480,School Security Officer,ESP,8,376307.55
U12510,JC504350,"Mgr, Identity & Access Mgmt",ESP,1,145000.92
U22251,JC000049,Regular Teacher,Teacher,16,1634164.03
U23891,JC990101,School Counselor,Teacher,1,125725.78
U25791,JC990101,School Counselor,Teacher,1,109720.2
U23081,JC500629,Special Education Teacher,Teacher,18,1746565.33
U23491,JC500629,Special Education Teacher,Teacher,8,909919.39
U25771,JC500629,Special Education Teacher,Teacher,6,595212.09
U24671,JC000469,Bilingual Sp Educ Classrm Asst,ESP,5,255868.35
U23891,JC000049,Regular Teacher,Teacher,14,1383061.47
U31101,JC000049,Regular Teacher,Teacher,18,1706614.43
U23341,JC000049,Regular Teacher,Teacher,27,2713980.78
U22871,JC000055,Bilingual Teacher,Teacher,37,3762636.94
U29411,JC990101,School Counselor,Teacher,1,78973.4
U29221,JC000049,Regular Teacher,Teacher,28,2806164.61
U23391,JC000463,Teacher Assistant,ESP,3,141676.23
U22261,JC000464,Special Ed Classroom Assist,ESP,9,502261.89
U26721,JC002795,Porter,ESP,2,55825.56
U26721,JC002770,Lunchroom Attendant,ESP,3,84849.21
U22381,JC000464,Special Ed Classroom Assist,ESP,28,1359295.32
U24761,JC000464,Special Ed Classroom Assist,ESP,11,580803.32
U22171,JC600446,School Culture Coordinator,Teacher,1,104220
U22161,JC000049,Regular Teacher,Teacher,20,1976595.44
U23821,JC000049,Regular Teacher,Teacher,25,2382951.64
U31151,JC000049,Regular Teacher,Teacher,16,1515451.41
U23671,JC500629,Special Education Teacher,Teacher,13,1237138.78
U22471,JC000049,Regular Teacher,Teacher,21,2081270.24
U23401,JC000468,School Clerk,ESP,3,230485.08
U23491,JC000464,Special Ed Classroom Assist,ESP,5,284430.32
U10850,JC505082,Scholarship Manager,ESP,1,88000
U26541,JC500629,Special Education Teacher,Teacher,8,823209.22
U23271,JC002738,Elementary Lunchroom Manager,ESP,1,40210.95
U26521,JC002741,Cook II,ESP,1,29805.55
U53011,JC002770,Lunchroom Attendant,ESP,1,28283.07
U31281,JC000049,Regular Teacher,Teacher,14,1334525.95
U12610,JC501840,Sr School Budget Specialist,ESP,5,426011.57
U25141,JC000055,Bilingual Teacher,Teacher,6,698321.54
U46381,JC000049,Regular Teacher,Teacher,23,2331989.1
U46321,JC000042,Assistant Principal,Teacher,3,406797.69
U29211,JC000041,Principal,Teacher,1,170469
U22141,JC000049,Regular Teacher,Teacher,14,1408355.43
U23641,JC002795,Porter,ESP,1,26051.93
U22881,JC000055,Bilingual Teacher,Teacher,9,857516.2
U22631,JC000464,Special Ed Classroom Assist,ESP,35,1711272.48
U41051,JC500629,Special Education Teacher,Teacher,9,844906.74
U11010,JC500852,Senior Project Manager,ESP,2,235185.13
U23961,JC000464,Special Ed Classroom Assist,ESP,18,899484.66
U29051,JC000049,Regular Teacher,Teacher,21,2135481.14
U46611,JC000480,School Security Officer,ESP,8,390581.27
U46181,JC000480,School Security Officer,ESP,7,314552.02
U23271,JC990101,School Counselor,Teacher,1,121928.55
U25521,JC000463,Teacher Assistant,ESP,1,49516.42
U11010,JC504310,Absence & Disability Manager,ESP,1,101487.96
U25091,JC000464,Special Ed Classroom Assist,ESP,14,687262.53
U26061,JC000463,Teacher Assistant,ESP,3,132135.31
U24601,JC000049,Regular Teacher,Teacher,15,1442073.93
U25041,JC000049,Regular Teacher,Teacher,18.5,1879452.08
U25151,JC990101,School Counselor,Teacher,2,202920.95
U26751,JC500629,Special Education Teacher,Teacher,4,421648.68
U14051,JC003620,Hospital Licensed Prac Nurse,ESP,166,10582265.24
U26881,JC500629,Special Education Teacher,Teacher,6,486057.61
U46281,JC003440,Lifeguard,ESP,1,37905.49
U23231,JC000463,Teacher Assistant,ESP,2,94275.47
U47041,JC000468,School Clerk,ESP,1,87712
U47041,JC500629,Special Education Teacher,Teacher,6,621689.88
U53101,JC990101,School Counselor,Teacher,10,1157780.79
U45221,JC505114,Military Property Coordinator,ESP,1,50000
U46021,JC000480,School Security Officer,ESP,6,297189.09
U55151,JC000469,Bilingual Sp Educ Classrm Asst,ESP,2,92225.47
U25521,JC000049,Regular Teacher,Teacher,25,2240065.76
U23081,JC000464,Special Ed Classroom Assist,ESP,30,1503063.68
U45211,JC000049,Regular Teacher,Teacher,28,2790585.27
U46021,JC000042,Assistant Principal,Teacher,2,273460.18
U22371,JC000466,School Counseling Office Asst,ESP,1,56355.85
U25021,JC000464,Special Ed Classroom Assist,ESP,11,527129.14
U12510,JC504796,Digital Media Specialist,ESP,2,144699.8
U23321,JC000464,Special Ed Classroom Assist,ESP,14,685449.89
U22601,JC003917,Instructor Assistant,ESP,1,61159.73
U25301,JC000463,Teacher Assistant,ESP,1,57604.26
U24431,JC000463,Teacher Assistant,ESP,2,116382.76
U46251,JC002983,Senior Security Officer,ESP,3,194034.26
U22621,JC000468,School Clerk,ESP,2,154815.55
U24791,JC000468,School Clerk,ESP,1,72896.06
U22301,JC002983,Senior Security Officer,ESP,1,61789.2
U51021,JC002983,Senior Security Officer,ESP,2,126566.68
U23151,JC000468,School Clerk,ESP,3,226205.98
U29161,JC000468,School Clerk,ESP,1,72896.06
U23971,JC000464,Special Ed Classroom Assist,ESP,7,381415.32
U22661,JC500629,Special Education Teacher,Teacher,7,793479.43
U24961,JC000049,Regular Teacher,Teacher,18,1698926.47
U24471,JC002795,Porter,ESP,1,29773.63
U22141,JC002770,Lunchroom Attendant,ESP,2,48475.95
U22181,JC002795,Porter,ESP,1,29773.63
U22991,JC000480,School Security Officer,ESP,3,135269.94
U22571,JC002763,Associate Lunchroom Mgr III,ESP,1,26573.26
U24921,JC002742,Cook III,ESP,1,26573.26
U29191,JC500629,Special Education Teacher,Teacher,10,1005771.87
U41121,JC000480,School Security Officer,ESP,1,45076
U24441,JC002795,Porter,ESP,1,26051.93
U29371,JC000480,School Security Officer,ESP,1,51281.8
U25671,JC000468,School Clerk,ESP,1,69336.92
U67021,JC000055,Bilingual Teacher,Teacher,8,684713.35
U24841,JC990101,School Counselor,Teacher,1,105084.41
U22861,JC002738,Elementary Lunchroom Manager,ESP,1,40210.95
U29171,JC000468,School Clerk,ESP,2,149679.48
U22151,JC500629,Special Education Teacher,Teacher,11,1125244.37
U31151,JC000041,Principal,Teacher,1,172395
U29041,JC000042,Assistant Principal,Teacher,1,139526.59
U23541,JC000480,School Security Officer,ESP,2,86525.32
U22761,JC002742,Cook III,ESP,1,30369.44
U23681,JC000480,School Security Officer,ESP,1,51281.8
U32031,JC002741,Cook II,ESP,1,34063.49
U11890,JC007185,Foreman Of Motor Truck Drivers,ESP,1,100734.4
U53121,JC000480,School Security Officer,ESP,4,191751.54
U24051,JC002770,Lunchroom Attendant,ESP,2,49495.38
U31301,JC002983,Senior Security Officer,ESP,2,126418.07
U46311,JC002777,Lunchroom Manager,ESP,2,116384.94
U24071,JC003429,Ed Sign Language Interpreter,ESP,7,516312.97
U22351,JC000480,School Security Officer,ESP,2,96357.8
U25451,JC002795,Porter,ESP,1,29773.63
U23651,JC500629,Special Education Teacher,Teacher,8,881981.22
U26791,JC000464,Special Ed Classroom Assist,ESP,10,529735.89
U24571,JC000055,Bilingual Teacher,Teacher,6,575373.45
U24361,JC000042,Assistant Principal,Teacher,1,127007.2
U22891,JC002742,Cook III,ESP,1,30369.44
U53101,JC000466,School Counseling Office Asst,ESP,5,309019.4
U46321,JC990101,School Counselor,Teacher,6,649667.89
U11010,JC501133,Chief Talent Officer,ESP,1,222763.25
U46361,JC500629,Special Education Teacher,Teacher,11,1168425.49
U46371,JC000041,Principal,Teacher,1,166235
U25191,JC500629,Special Education Teacher,Teacher,13,1367673.55
U45221,JC990101,School Counselor,Teacher,2,241731.12
U24621,JC990101,School Counselor,Teacher,1,124337.43
U24651,JC000049,Regular Teacher,Teacher,16,1581736.3
U47021,JC002983,Senior Security Officer,ESP,2,123487.44
U22801,JC003917,Instructor Assistant,ESP,1,63065.17
U26391,JC990101,School Counselor,Teacher,1,125725.33
U31181,JC002795,Porter,ESP,1,29773.63
U24461,JC000480,School Security Officer,ESP,2,102563.13
U24251,JC002741,Cook II,ESP,1,34063.49
U25631,JC002770,Lunchroom Attendant,ESP,3,68066.2
U24731,JC990101,School Counselor,Teacher,4,438658.9
U29161,JC990101,School Counselor,Teacher,1,91854.15
U25011,JC002795,Porter,ESP,1,27912.78
U22451,JC000468,School Clerk,ESP,1,85478.63
U26831,JC000055,Bilingual Teacher,Teacher,4,446685.17
U55191,JC000468,School Clerk,ESP,1,72110.39
U25151,JC002740,Cook I,ESP,1,37587.29
U26191,JC002741,Cook II,ESP,1,29805.55
U23541,JC002738,Elementary Lunchroom Manager,ESP,1,40210.95
U22391,JC000055,Bilingual Teacher,Teacher,9,967748.34
U46341,JC002795,Porter,ESP,1,26051.93
U25781,JC990101,School Counselor,Teacher,2,233397.35
U23901,JC000480,School Security Officer,ESP,2,89582.34
U25841,JC000480,School Security Officer,ESP,1,48965.46
U24681,JC000480,School Security Officer,ESP,2,101139.9
U24441,JC000468,School Clerk,ESP,1,69336.92
U25931,JC002795,Porter,ESP,1,26051.93
U25991,JC002742,Cook III,ESP,1,26573.26
U26731,JC000041,Principal,Teacher,1,176377
U29361,JC000049,Regular Teacher,Teacher,16,1663562.79
U26781,JC000480,School Security Officer,ESP,2,93374.43
U26781,JC000468,School Clerk,ESP,1,72896.06
U25301,JC000480,School Security Officer,ESP,2,90583.42
U26601,JC000480,School Security Officer,ESP,1,53597.67
U22851,JC000480,School Security Officer,ESP,1,53597.67
U29091,JC500629,Special Education Teacher,Teacher,7,802419.44
U25631,JC000480,School Security Officer,ESP,3,151457.64
U49031,JC000049,Regular Teacher,Teacher,3,283469.62
U49041,JC000042,Assistant Principal,Teacher,2,296618.43
U23801,JC990101,School Counselor,Teacher,2,184221.64
U25661,JC500629,Special Education Teacher,Teacher,11,1101503.58
U22181,JC000480,School Security Officer,ESP,2,97930.92
U25091,JC002795,Porter,ESP,1,26051.93
U25731,JC002795,Porter,ESP,1,29773.63
U25731,JC002742,Cook III,ESP,1,26573.26
U26201,JC000041,Principal,Teacher,1,163632.56
U24821,JC990101,School Counselor,Teacher,2,203700
U22541,JC500629,Special Education Teacher,Teacher,18.5,1941063.97
U22381,JC000463,Teacher Assistant,ESP,4,198492.44
U23771,JC000468,School Clerk,ESP,2,155156.9
U26651,JC002770,Lunchroom Attendant,ESP,1,13559
U22711,JC500629,Special Education Teacher,Teacher,5,486840.08
U41091,JC500629,Special Education Teacher,Teacher,7,758884.68
U22931,JC990101,School Counselor,Teacher,1,114002.39
U10320,JC500006,Administrative Assistant,ESP,1,49350
U24741,JC000464,Special Ed Classroom Assist,ESP,5,231135.48
U24551,JC000049,Regular Teacher,Teacher,24,2314617.02
U29191,JC990101,School Counselor,Teacher,1,103450.2
U24591,JC000041,Principal,Teacher,1,189714
U55161,JC000480,School Security Officer,ESP,4,192677.72
U23011,JC002983,Senior Security Officer,ESP,1,67616.19
U24341,JC000480,School Security Officer,ESP,2,100247.26
U23911,JC000480,School Security Officer,ESP,2,90781.97
U29301,JC002741,Cook II,ESP,1,34063.49
U25011,JC002741,Cook II,ESP,1,31934.52
U22951,JC009907,Parent Worker - Other,ESP,1,15996.4
U24221,JC000042,Assistant Principal,Teacher,2,280707.33
U23881,JC000469,Bilingual Sp Educ Classrm Asst,ESP,1,56494.11
U25011,JC990101,School Counselor,Teacher,2,194796.22
U10450,JC500295,Office Manager,ESP,1,81080.06
U29341,JC000464,Special Ed Classroom Assist,ESP,13,585154.59
U49031,JC000480,School Security Officer,ESP,3,140330.57
U22811,JC000055,Bilingual Teacher,Teacher,4,412857.08
U46041,JC000049,Regular Teacher,Teacher,29,3001691.81
U24071,JC000055,Bilingual Teacher,Teacher,3,332813.37
U53121,JC002795,Porter,ESP,1,29773.63
U23641,JC000041,Principal,Teacher,1,165995.44
U22751,JC000464,Special Ed Classroom Assist,ESP,16,757733.09
U26591,JC000464,Special Ed Classroom Assist,ESP,6,294439.6
U23021,JC500629,Special Education Teacher,Teacher,4,375571.84
U14050,JC504555,Program Manager,ESP,9,816843.53
U51071,JC500629,Special Education Teacher,Teacher,5,613284.9
U25791,JC000042,Assistant Principal,Teacher,1,143520
U29201,JC500629,Special Education Teacher,Teacher,4,457381.67
U24361,JC002741,Cook II,ESP,1,31934.52
U23801,JC000468,School Clerk,ESP,2,168467.59
U24631,JC000049,Regular Teacher,Teacher,16,1620092.65
U46301,JC000049,Regular Teacher,Teacher,32,3020645.94
U22311,JC500629,Special Education Teacher,Teacher,13,1318262.77
U26391,JC000044,Curriculum And Instruct Coach,Teacher,1,130991.21
U53101,JC009907,Parent Worker - Other,ESP,4,111974.8
U05261,JC601857,"Director, Military Instruction",Teacher,1,133000
U11672,JC000049,Regular Teacher,Teacher,4,503957.11
U46271,JC000042,Assistant Principal,Teacher,2,284492.47
U70020,JC000464,Special Ed Classroom Assist,ESP,9,450575.28
U22951,JC002763,Associate Lunchroom Mgr III,ESP,2,56942.7
U12610,JC500386,Senior Budget Analyst,ESP,2,162896.2
U45231,JC500629,Special Education Teacher,Teacher,4,458371.78
U11220,JC500006,Administrative Assistant,ESP,1,55271.61
U46261,JC002742,Cook III,ESP,1,30369.44
U23801,JC002983,Senior Security Officer,ESP,1,53196.55
U22641,JC990101,School Counselor,Teacher,1,78780.25
U22791,JC000055,Bilingual Teacher,Teacher,4,391000.07
U25811,JC500629,Special Education Teacher,Teacher,16,1578187.5
U22151,JC002795,Porter,ESP,1,26051.93
U23591,JC002770,Lunchroom Attendant,ESP,4,97223.07
U22651,JC000049,Regular Teacher,Teacher,20,2069264.51
U23611,JC990101,School Counselor,Teacher,2,206437.81
U31081,JC500629,Special Education Teacher,Teacher,12,1142327.2
U29321,JC990101,School Counselor,Teacher,2,216668.21
U24631,JC000480,School Security Officer,ESP,1,46428.28
U23421,JC002770,Lunchroom Attendant,ESP,2,48330.31
U26621,JC002770,Lunchroom Attendant,ESP,1,26515.38
U25661,JC002770,Lunchroom Attendant,ESP,4,84121.05
U25351,JC500629,Special Education Teacher,Teacher,8,907964.71
U29411,JC000041,Principal,Teacher,1,173963
U22361,JC990101,School Counselor,Teacher,1,89960.44
U24911,JC002795,Porter,ESP,1,26051.93
U25541,JC000480,School Security Officer,ESP,1,48965.46
U46471,JC200041,Interim Principal,Teacher,1,149500
U24571,JC000042,Assistant Principal,Teacher,1,142404.67
U22241,JC000049,Regular Teacher,Teacher,18,1886836.2
U23321,JC000049,Regular Teacher,Teacher,17,1726003.24
U22041,JC500629,Special Education Teacher,Teacher,11,1158019.97
U24011,JC000469,Bilingual Sp Educ Classrm Asst,ESP,1,42697.98
U12510,JC500410,Senior Network Engineer,ESP,3,358849.79
U22621,JC002770,Lunchroom Attendant,ESP,1,15909.23
U25151,JC000049,Regular Teacher,Teacher,18,1775866.94
U25561,JC000464,Special Ed Classroom Assist,ESP,22,1069630.71
U24721,JC000464,Special Ed Classroom Assist,ESP,11,518578.11
U23451,JC500629,Special Education Teacher,Teacher,5,422652.58
U26301,JC000468,School Clerk,ESP,1,69336.92
U23681,JC002795,Porter,ESP,1,29773.63
U46511,JC000468,School Clerk,ESP,2,143940.44
U24931,JC002770,Lunchroom Attendant,ESP,2,46781.07
U29211,JC000468,School Clerk,ESP,1,85478.63
U12510,JC500618,Senior Web Administrator,ESP,1,92452.8
U24961,JC000480,School Security Officer,ESP,2,102563.6
U22231,JC000480,School Security Officer,ESP,2,105029.36
U22501,JC000480,School Security Officer,ESP,2,88926.32
U29301,JC990101,School Counselor,Teacher,2,197710.38
U10615,JC502003,Lead Safety & Security Manager,ESP,1,105000
U25071,JC000464,Special Ed Classroom Assist,ESP,13,697060.67
U29111,JC500629,Special Education Teacher,Teacher,7,628674.82
U25631,JC500629,Special Education Teacher,Teacher,7,765825.28
U23991,JC000463,Teacher Assistant,ESP,1,59265.92
U47101,JC500629,Special Education Teacher,Teacher,17,1808309.12
U26051,JC000468,School Clerk,ESP,1,60728.17
U26051,JC500629,Special Education Teacher,Teacher,4,395124.43
U22101,JC000464,Special Ed Classroom Assist,ESP,6,298664.96
U22371,JC002795,Porter,ESP,2,52103.86
U23251,JC000042,Assistant Principal,Teacher,1,142207
U22391,JC002741,Cook II,ESP,1,34063.49
U25621,JC000041,Principal,Teacher,1,153037.38
U25451,JC002770,Lunchroom Attendant,ESP,2,56566.14
U46391,JC002741,Cook II,ESP,1,34063.49
U12510,JC501007,"Mgr, Enterprise Server Ops",ESP,1,146093.45
U29391,JC000042,Assistant Principal,Teacher,1,144848
U31151,JC000464,Special Ed Classroom Assist,ESP,13,603675.59
U29111,JC000463,Teacher Assistant,ESP,1,53277.53
U23271,JC500629,Special Education Teacher,Teacher,5,474720.32
U26891,JC000463,Teacher Assistant,ESP,1,37529.03
U29231,JC000463,Teacher Assistant,ESP,2,86657.7
U22151,JC000480,School Security Officer,ESP,1,45076
U23441,JC000463,Teacher Assistant,ESP,1,44799.19
U46061,JC990101,School Counselor,Teacher,4,417287.16
U25941,JC000463,Teacher Assistant,ESP,1,59332.39
U30051,JC000042,Assistant Principal,Teacher,1,143520
U49021,JC000049,Regular Teacher,Teacher,2,218504.77
U46551,JC002770,Lunchroom Attendant,ESP,3,74243.07
U46611,JC002770,Lunchroom Attendant,ESP,1,24747.69
U25621,JC000480,School Security Officer,ESP,2,87450.03
U23611,JC002741,Cook II,ESP,1,34063.49
U32021,JC002741,Cook II,ESP,1,34063.49
U23431,JC002770,Lunchroom Attendant,ESP,1,28283.07
U46491,JC002742,Cook III,ESP,1,30369.44
U22951,JC000480,School Security Officer,ESP,1,48965.46
U22611,JC000480,School Security Officer,ESP,2,86525.32
U24151,JC002983,Senior Security Officer,ESP,1,67616.19
U25491,JC000463,Teacher Assistant,ESP,1,50395.7
U26881,JC990101,School Counselor,Teacher,1,98451.56
U46391,JC000464,Special Ed Classroom Assist,ESP,7,346537.09
U53121,JC003015,Youth Intervention Specialist,ESP,2,151409.5
U10810,JC601250,Chief Teaching & Learning Off,Teacher,1,216275
U24761,JC500629,Special Education Teacher,Teacher,9,1002464.79
U12210,JC500146,Business Diversity Compl Spec,ESP,1,68504.37
U12210,JC504707,Vendor Support Services Mgr,ESP,1,108480.42
U10320,JC500503,Assistant Inspector General,ESP,4,406817.83
U12210,JC500369,Chief Procurement Officer,ESP,1,200450
U26371,JC000468,School Clerk,ESP,1,88798.19
U29021,JC002742,Cook III,ESP,1,26573.26
U26751,JC000041,Principal,Teacher,1,178020
U46181,JC002777,Lunchroom Manager,ESP,1,58192.47
U24611,JC002741,Cook II,ESP,1,34063.49
U25591,JC002795,Porter,ESP,1,27912.78
U10465,JC501887,CEO Office Project Assistant,ESP,1,82988.15
U22841,JC500629,Special Education Teacher,Teacher,4,414536.41
U11610,JC504943,"Manager, ATRC",ESP,1,94554
U22671,JC000468,School Clerk,ESP,1,82988.96
U24441,JC200041,Interim Principal,Teacher,1,160496
U12510,JC504900,SIS Application Manager,ESP,1,125660
U46631,JC983600,Military Instructor,Teacher,2,282967
U22711,JC002763,Associate Lunchroom Mgr III,ESP,1,30369.44
U26191,JC000464,Special Ed Classroom Assist,ESP,13,607335.73
U29371,JC000055,Bilingual Teacher,Teacher,6,637183.95
U22331,JC500629,Special Education Teacher,Teacher,9.5,919134.31
U46511,JC000480,School Security Officer,ESP,8,364095.48
U31061,JC002742,Cook III,ESP,1,26573.26
U24531,JC000480,School Security Officer,ESP,2,105029.36
U23281,JC000480,School Security Officer,ESP,2,95555.96
U24661,JC500629,Special Education Teacher,Teacher,10,1022801.04
U46241,JC990101,School Counselor,Teacher,6,661033.17
U23401,JC003917,Instructor Assistant,ESP,1,61159.73
U29401,JC000463,Teacher Assistant,ESP,6,290670.63
U23751,JC500629,Special Education Teacher,Teacher,10,984739.58
U47051,JC000042,Assistant Principal,Teacher,1,132245.69
U25991,JC000464,Special Ed Classroom Assist,ESP,17,805590.05
U22681,JC002741,Cook II,ESP,1,29221.13
U29371,JC000464,Special Ed Classroom Assist,ESP,7,327093.51
U22261,JC000042,Assistant Principal,Teacher,1,132098
U22671,JC200041,Interim Principal,Teacher,1,172395
U12670,JC000042,Assistant Principal,Teacher,20,2719654
U11890,JC505087,"Sr Mgr, Warehouse & Logistics",ESP,1,115261.33
U12625,JC504932,Program Assistant,ESP,1,65163.47
U26331,JC000464,Special Ed Classroom Assist,ESP,7,353783.19
U23351,JC000464,Special Ed Classroom Assist,ESP,16,810670.5
U25881,JC002738,Elementary Lunchroom Manager,ESP,1,40210.95
U12510,JC504362,Mac Management Engineer,ESP,1,105900.48
U49021,JC000469,Bilingual Sp Educ Classrm Asst,ESP,2,105677.69
U25951,JC000049,Regular Teacher,Teacher,30,2842550.35
U22641,JC000464,Special Ed Classroom Assist,ESP,11,530897.06
U55151,JC000055,Bilingual Teacher,Teacher,1,109781.11
U22941,JC000463,Teacher Assistant,ESP,1,54730.36
U25581,JC002770,Lunchroom Attendant,ESP,1,22033.38
U11360,JC500295,Office Manager,ESP,1,69439.51
U24381,JC000041,Principal,Teacher,1,158785.48
U31211,JC000041,Principal,Teacher,1,179031
U25711,JC500629,Special Education Teacher,Teacher,6,564948.81
U25101,JC000469,Bilingual Sp Educ Classrm Asst,ESP,2,112016.73
U53111,JC000464,Special Ed Classroom Assist,ESP,3,136279.49
U10510,JC504796,Digital Media Specialist,ESP,1,68250
U22411,JC000468,School Clerk,ESP,2,158374.69
U24151,JC000041,Principal,Teacher,1,166235
U26191,JC500629,Special Education Teacher,Teacher,5,497799.67
U25241,JC000469,Bilingual Sp Educ Classrm Asst,ESP,1,43854.91
U46031,JC000042,Assistant Principal,Teacher,4,556966
U24201,JC990101,School Counselor,Teacher,2,183350.33
U25141,JC990101,School Counselor,Teacher,2,228221.65
U46241,JC000468,School Clerk,ESP,4,316228.4
U25331,JC990101,School Counselor,Teacher,2,186989.64
U12510,JC502026,"ED, Technology Support",ESP,1,173250
U24551,JC002770,Lunchroom Attendant,ESP,1,21212.3
U29221,JC000480,School Security Officer,ESP,1,42026.09
U25911,JC000480,School Security Officer,ESP,3,137932.56
U41041,JC500629,Special Education Teacher,Teacher,3,281999.02
U26721,JC000041,Principal,Teacher,1,177412
U26451,JC000041,Principal,Teacher,1,175547
U11610,JC504894,Business Operations Coord,ESP,5,299771.43
U31111,JC000464,Special Ed Classroom Assist,ESP,4,204612.68
U25631,JC009907,Parent Worker - Other,ESP,1,15996.4
U46381,JC000691,Technology Coordinator,ESP,1,85897.32
U41111,JC002501,School Clerk (Bilin Spanish),ESP,1,72896.06
U29321,JC009907,Parent Worker - Other,ESP,1,31992.8
U46111,JC000480,School Security Officer,ESP,4,183052.2
U24451,JC000466,School Counseling Office Asst,ESP,1,61618.61
U26791,JC002795,Porter,ESP,1,29773.63
U12410,JC504793,Asset Management Coordinator,ESP,2,119175.87
U53111,JC990101,School Counselor,Teacher,1,108843.78
U24661,JC002795,Porter,ESP,1,22330.22
U24571,JC000469,Bilingual Sp Educ Classrm Asst,ESP,3,160142.87
U25541,JC002795,Porter,ESP,1,29773.63
U23081,JC002740,Cook I,ESP,1,37587.29
U24101,JC000480,School Security Officer,ESP,2,105029.36
U25751,JC002770,Lunchroom Attendant,ESP,1,22980
U24131,JC002742,Cook III,ESP,1,26573.26
U46391,JC002795,Porter,ESP,2,55825.56
U26371,JC990101,School Counselor,Teacher,1,82683.21
U46131,JC002770,Lunchroom Attendant,ESP,1,21212.3
U22201,JC002795,Porter,ESP,1,29773.63
U31081,JC002742,Cook III,ESP,1,26573.26
U45211,JC002741,Cook II,ESP,1,34063.49
U23151,JC000463,Teacher Assistant,ESP,3,150974.98
U23251,JC000480,School Security Officer,ESP,1,51281.8
U46291,JC002741,Cook II,ESP,1,34063.49
U26891,JC000041,Principal,Teacher,1,175547
U12510,JC500895,Telecom Operations Manager,ESP,1,127621
U12510,JC500440,Telecom Infrastructure Engr,ESP,1,96500
U24511,JC002738,Elementary Lunchroom Manager,ESP,1,40210.95
U12510,JC504367,Sr ETL Developer,ESP,3,351898.47
U46291,JC000041,Principal,Teacher,1,173915
U23881,JC000042,Assistant Principal,Teacher,1,142005.63
U25991,JC000480,School Security Officer,ESP,1,56063.9
U22411,JC002795,Porter,ESP,1,29773.63
U24851,JC990101,School Counselor,Teacher,1,109244.07
U12610,JC504868,"Director, Grant Operations",ESP,1,126859.95
U22901,JC002795,Porter,ESP,2,59547.26
U24681,JC002795,Porter,ESP,1,29773.63
U29371,JC002795,Porter,ESP,1,29773.63
U22731,JC002741,Cook II,ESP,1,29805.55
U25491,JC002795,Porter,ESP,1,24191.07
U22871,JC002738,Elementary Lunchroom Manager,ESP,1,42233.21
U53041,JC002777,Lunchroom Manager,ESP,1,55748.03
U25111,JC000041,Principal,Teacher,1,183218
U26381,JC002742,Cook III,ESP,1,26573.26
U23011,JC000468,School Clerk,ESP,1,86308.52
U25441,JC002795,Porter,ESP,1,29773.63
U22571,JC990101,School Counselor,Teacher,1,126022.62
U23131,JC002795,Porter,ESP,1,26051.93
U11540,JC000712,Community Relations Rep II,ESP,1,93605.43
U46251,JC983600,Military Instructor,Teacher,3,292782.86
U46271,JC000055,Bilingual Teacher,Teacher,5,525239.84
U24331,JC990101,School Counselor,Teacher,1,82767.68
U46191,JC983600,Military Instructor,Teacher,2,176179.88
U41061,JC000468,School Clerk,ESP,1,91462.13
U23441,JC002770,Lunchroom Attendant,ESP,1,26515.38
U12430,JC504889,Accounts Payable Team Lead,ESP,1,86920
U23751,JC000041,Principal,Teacher,1,183218
U25241,JC990101,School Counselor,Teacher,1,121928.52
U23261,JC000480,School Security Officer,ESP,2,105029.36
U25661,JC002738,Elementary Lunchroom Manager,ESP,1,46400.71
U11880,JC502053,"Dir, Facilities Field Ops",ESP,1,131250
U12150,JC500990,"Director, New Construction",ESP,1,152850.93
U23851,JC000042,Assistant Principal,Teacher,1,137290
U10842,JC504451,"Manager, Performance Policy",ESP,1,127621
U24681,JC000463,Teacher Assistant,ESP,2,93182.32
U25541,JC000042,Assistant Principal,Teacher,1,135944.07
U23161,JC002763,Associate Lunchroom Mgr III,ESP,1,30369.44
U29301,JC000468,School Clerk,ESP,2,143527.42
U23141,JC002738,Elementary Lunchroom Manager,ESP,1,40210.95
U24461,JC002740,Cook I,ESP,1,37587.29
U24911,JC000480,School Security Officer,ESP,2,92024.65
U22701,JC000480,School Security Officer,ESP,2,98104.01
U49021,JC002795,Porter,ESP,1,29773.63
U22701,JC002742,Cook III,ESP,1,26573.26
U23581,JC600063,Case Manager,Teacher,1,99867.9
U24071,JC600063,Case Manager,Teacher,1.5,148470.41
U25331,JC505051,Restorative Justice Coord,ESP,1,56872.5
U24201,JC505051,Restorative Justice Coord,ESP,1,56872.5
U22751,JC000462,School Assistant,ESP,2,80396.7
U11610,JC601437,"Dir, OSD Instructional Support",Teacher,2,240034
U24891,JC000065,IB Coordinator,Teacher,2,263380.46
U25381,JC500629,Special Education Teacher,Teacher,10,938622.58
U24691,JC505051,Restorative Justice Coord,ESP,1,72642.19
U31121,JC000464,Special Ed Classroom Assist,ESP,12,609396.54
U24231,JC600063,Case Manager,Teacher,2,204251.75
U24651,JC600063,Case Manager,Teacher,1,83089.96
U29151,JC505051,Restorative Justice Coord,ESP,1,72642.19
U25231,JC505051,Restorative Justice Coord,ESP,1,65721.86
U25671,JC600063,Case Manager,Teacher,1,97029.7
U26191,JC600063,Case Manager,Teacher,1,94888.27
U11880,JC501214,Business Operations Specialist,ESP,1,65000
U10465,JC504607,Equity Policy Strategist,ESP,1,80000
U25411,JC600063,Case Manager,Teacher,1,90369.92
U22881,JC000464,Special Ed Classroom Assist,ESP,21,1000245.26
U11540,JC600036,EL Instructional Dev Spec,Teacher,10,995919.13
U46221,JC500656,College/Career Coach,ESP,1,100157.81
U02661,JC500164,Executive Assistant,ESP,1,57086.98
U10465,JC502016,"Director, Equity Achievement",ESP,1,126000
U22381,JC000462,School Assistant,ESP,1,36546.64
U11673,JC003429,Ed Sign Language Interpreter,ESP,1,33141.86
U23711,JC000044,Curriculum And Instruct Coach,Teacher,1,62924.52
U22451,JC000044,Curriculum And Instruct Coach,Teacher,1,62924.52
U45221,JC000464,Special Ed Classroom Assist,ESP,4,166244.57
U11110,JC500006,Administrative Assistant,ESP,1,35600
U25521,JC000464,Special Ed Classroom Assist,ESP,17,789022.85
U22671,JC500629,Special Education Teacher,Teacher,6,540910.95
U46361,JC000710,Student Special Svc Advocate,ESP,1,69095.44
U22631,JC000055,Bilingual Teacher,Teacher,12,1163706.38
U10615,JC504948,Crossing Guard Manager,ESP,1,92600.95
U10891,JC602019,PE Content Specialist,Teacher,2,197371.99
U25771,JC505051,Restorative Justice Coord,ESP,1,67261.28
U14050,JC504412,Staffing Specialist,ESP,2,116672.15
U11405,JC601859,Computer Science Content Spec,Teacher,6,670970.99
U02551,JC501920,Authorization & School Ops Dir,ESP,1,116953.62
U49041,JC000464,Special Ed Classroom Assist,ESP,6,358280.31
U24641,JC000071,English Learner Prg Teacher,Teacher,1,83089.96
U25731,JC000071,English Learner Prg Teacher,Teacher,1,83089.96
U24381,JC000071,English Learner Prg Teacher,Teacher,1,83089.96
U49031,JC600063,Case Manager,Teacher,3,327264.08
U24441,JC000464,Special Ed Classroom Assist,ESP,5,268424.19
U24761,JC000462,School Assistant,ESP,1,44401.18
U24851,JC002741,Cook II,ESP,1,34063.49
U12430,JC500969,Accountant,ESP,1,58000
U46251,JC000462,School Assistant,ESP,2,88175.15
U26931,JC500629,Special Education Teacher,Teacher,23,2512864.26
U29131,JC000462,School Assistant,ESP,1,42983.25
U22141,JC600063,Case Manager,Teacher,1,84467.46
U26821,JC600063,Case Manager,Teacher,1,119014.72
U23291,JC600063,Case Manager,Teacher,1,99961.55
U23991,JC000464,Special Ed Classroom Assist,ESP,14,697010.17
U22761,JC000463,Teacher Assistant,ESP,4,183564.79
U24401,JC500629,Special Education Teacher,Teacher,7,594506.08
U25231,JC000462,School Assistant,ESP,1,46680.35
U26931,JC000468,School Clerk,ESP,2,168970.17
U53071,JC000467,School Clerk Assistant,ESP,1,47471.75
U26301,JC000463,Teacher Assistant,ESP,2,100791.4
U11070,JC600075,Resident Teacher,Teacher,158,6825048.71
U22071,JC600063,Case Manager,Teacher,1,98648.02
U12510,JC502059,BAS Platform Administrator,ESP,3,301979.21
U23961,JC000044,Curriculum And Instruct Coach,Teacher,1,130239.36
U26771,JC990101,School Counselor,Teacher,2,224015.77
U26821,JC990101,School Counselor,Teacher,2,217767.96
U23591,JC000042,Assistant Principal,Teacher,2,260250
U22041,JC000042,Assistant Principal,Teacher,1,148080
U25731,JC000042,Assistant Principal,Teacher,1,139724
U22371,JC505051,Restorative Justice Coord,ESP,1,82939.85
U25151,JC505051,Restorative Justice Coord,ESP,1,80291.2
U46481,JC505051,Restorative Justice Coord,ESP,1,65721.86
U46131,JC505051,Restorative Justice Coord,ESP,1,65721.86
U29121,JC505051,Restorative Justice Coord,ESP,1,92507.55
U46171,JC505051,Restorative Justice Coord,ESP,1,59791.83
U46371,JC505051,Restorative Justice Coord,ESP,1,65721.86
U14050,JC501937,Disease Prev & Respn Spec,ESP,14,912057.96
U24911,JC600063,Case Manager,Teacher,0.5,56019.17
U22201,JC000462,School Assistant,ESP,1,56543.52
U24241,JC000071,English Learner Prg Teacher,Teacher,1,83089.96
U26141,JC600063,Case Manager,Teacher,1.5,124582.67
U25211,JC000467,School Clerk Assistant,ESP,1,41578.07
U24811,JC600063,Case Manager,Teacher,1,99751.12
U22281,JC600063,Case Manager,Teacher,0.5,41544.98
U22311,JC600063,Case Manager,Teacher,1,83089.96
U22571,JC600063,Case Manager,Teacher,1,81914.75
U22651,JC600063,Case Manager,Teacher,1,104407.87
U22721,JC600063,Case Manager,Teacher,1,97564.38
U11610,JC504945,"Manager, Data Analytics",ESP,1,104363
U46141,JC990101,School Counselor,Teacher,2,199040.52
U22861,JC000071,English Learner Prg Teacher,Teacher,1,83089.96
U22661,JC000066,Regional Gifted Coordinator,Teacher,1,111060.82
U31201,JC000042,Assistant Principal,Teacher,1,129117
U24591,JC000463,Teacher Assistant,ESP,4,167536.94
U46101,JC000476,Teacher Asst Bil Spanish,ESP,1,50395.7
U41121,JC000478,Teacher Assistant Bilingual,ESP,1,44186.41
U22221,JC600063,Case Manager,Teacher,1,90096.23
U25751,JC500629,Special Education Teacher,Teacher,6,588255.54
U23041,JC600063,Case Manager,Teacher,1,95121.07
U45211,JC600063,Case Manager,Teacher,1,89223.03
U46241,JC000464,Special Ed Classroom Assist,ESP,10,507046.07
U22601,JC990101,School Counselor,Teacher,2,160360.57
U26631,JC990101,School Counselor,Teacher,2,227331.59
U29121,JC990101,School Counselor,Teacher,2,179096.16
U22531,JC000691,Technology Coordinator,ESP,1,69058.84
U26601,JC500629,Special Education Teacher,Teacher,4,480881.11
U23791,JC000691,Technology Coordinator,ESP,1,61113.2
U29211,JC500629,Special Education Teacher,Teacher,1,112038.82
U51091,JC000065,IB Coordinator,Teacher,2,203903.07
U23711,JC000071,English Learner Prg Teacher,Teacher,0.5,41544.98
U23831,JC000071,English Learner Prg Teacher,Teacher,0.5,41544.98
U46211,JC600063,Case Manager,Teacher,2,212692.75
U24661,JC600063,Case Manager,Teacher,1,96090
U46681,JC600063,Case Manager,Teacher,1,97564.38
U47051,JC600063,Case Manager,Teacher,1,103318.28
U51071,JC500446,School Culture Coordinator,ESP,1,73710
U46191,JC000071,English Learner Prg Teacher,Teacher,2,166179.92
U24421,JC000071,English Learner Prg Teacher,Teacher,0.5,41544.98
U26051,JC000071,English Learner Prg Teacher,Teacher,0.5,41544.98
U26281,JC000071,English Learner Prg Teacher,Teacher,0.5,41544.98
U23391,JC600063,Case Manager,Teacher,1,83089.96
U22951,JC600755,Lead Coach,Teacher,1,119914.35
U24431,JC990101,School Counselor,Teacher,2,195013.45
U46241,JC000691,Technology Coordinator,ESP,1,108365.2
U30151,JC000049,Regular Teacher,Teacher,6,554116.78
U22991,JC500629,Special Education Teacher,Teacher,4,350106.23
U23131,JC500629,Special Education Teacher,Teacher,4,399101.9
U24621,JC000071,English Learner Prg Teacher,Teacher,1,83089.96
U10845,JC602018,Personalized Lrn Prg Sppt Spec,Teacher,4,413630.47
U29091,JC000042,Assistant Principal,Teacher,1,132522
U10845,JC602011,IB Program Support Spec,Teacher,4,446717.64
U26191,JC000463,Teacher Assistant,ESP,2,93722.82
U41111,JC000464,Special Ed Classroom Assist,ESP,4,157610.83
U24551,JC000463,Teacher Assistant,ESP,1,46591.16
U23511,JC000463,Teacher Assistant,ESP,1,47935.13
U46521,JC000042,Assistant Principal,Teacher,1,143520
U23621,JC000710,Student Special Svc Advocate,ESP,1,78040.05
U22831,JC003429,Ed Sign Language Interpreter,ESP,3,218380.8
U66614,JC002763,Associate Lunchroom Mgr III,ESP,1,28471.35
U25661,JC000691,Technology Coordinator,ESP,1,94551.93
U23731,JC000467,School Clerk Assistant,ESP,1,50513.96
U26381,JC000467,School Clerk Assistant,ESP,1,49951.81
U23051,JC002770,Lunchroom Attendant,ESP,2,42424.6
U26921,JC505150,School Bus Ops Administrator,ESP,1,88819.89
U23081,JC000691,Technology Coordinator,ESP,1,80633.76
U22761,JC000464,Special Ed Classroom Assist,ESP,18,895949.49
U23711,JC000464,Special Ed Classroom Assist,ESP,5,260825.16
U22691,JC984100,School Social Worker,Teacher,1,108615.74
U30151,JC600063,Case Manager,Teacher,0.5,54860.3
U22671,JC600063,Case Manager,Teacher,0.5,41544.98
U41061,JC000042,Assistant Principal,Teacher,1,142005.63
U63143,JC002763,Associate Lunchroom Mgr III,ESP,1,26573.26
U46691,JC500629,Special Education Teacher,Teacher,9,854619.15
U10845,JC602016,Magnet Program Support Spec,Teacher,3,349384.68
U47091,JC000480,School Security Officer,ESP,2,100247.26
U25381,JC000044,Curriculum And Instruct Coach,Teacher,1,134789.45
U26541,JC000042,Assistant Principal,Teacher,1,143520
U02431,JC990100,Teacher-Citywide,Teacher,1,119030.53
U25341,JC600755,Lead Coach,Teacher,1,132682.89
U46101,JC003501,School Social Svc Assistant,ESP,1,46680.35
U25121,JC002742,Cook III,ESP,1,30369.44
U11405,JC601858,Computer Science Manager,Teacher,2,218463
U22751,JC000480,School Security Officer,ESP,2,85795.18
U22491,JC600063,Case Manager,Teacher,1,117171.36
U11010,JC502007,Employee Wellness Specialist,ESP,2,152850
U46281,JC000071,English Learner Prg Teacher,Teacher,3,249269.88
U22751,JC000071,English Learner Prg Teacher,Teacher,3,249269.88
U29191,JC000072,Dual Language Coordinator,Teacher,1,83089.96
U29371,JC000072,Dual Language Coordinator,Teacher,1,83089.96
U10872,JC501587,Community Schools Initve Coord,ESP,2,148556.25
U23021,JC000042,Assistant Principal,Teacher,1,147396
U53021,JC000042,Assistant Principal,Teacher,1,125810
U22811,JC500992,STLS Advocate,ESP,1,58478.98
U24721,JC000071,English Learner Prg Teacher,Teacher,1,83089.96
U25361,JC000071,English Learner Prg Teacher,Teacher,1,83089.96
U23221,JC500629,Special Education Teacher,Teacher,8,706879.55
U23651,JC000071,English Learner Prg Teacher,Teacher,2,166179.92
U46691,JC990101,School Counselor,Teacher,3,319251.93
U46691,JC000044,Curriculum And Instruct Coach,Teacher,1,109067.57
U24171,JC000463,Teacher Assistant,ESP,1,45594.71
U32031,JC000463,Teacher Assistant,ESP,4,181216.2
U66442,JC002795,Porter,ESP,1,29773.63
U46181,JC600063,Case Manager,Teacher,2.5,291752.92
U25491,JC000044,Curriculum And Instruct Coach,Teacher,1,62924.52
U46291,JC000044,Curriculum And Instruct Coach,Teacher,1,62924.52
U46261,JC501043,Attendance Coordinator,ESP,1,85826.51
U11545,JC501926,Inclusive Partnerships Spec,ESP,1,78914
U46291,JC000071,English Learner Prg Teacher,Teacher,2,166179.92
U24671,JC000071,English Learner Prg Teacher,Teacher,2,166179.92
U24941,JC000071,English Learner Prg Teacher,Teacher,2,166179.92
U46291,JC000468,School Clerk,ESP,3,205191.54
U46691,JC983600,Military Instructor,Teacher,2,219352
U24791,JC600063,Case Manager,Teacher,1,109244.03
U25241,JC000463,Teacher Assistant,ESP,2,99032.84
U23281,JC600755,Lead Coach,Teacher,1,90807.62
U22811,JC600755,Lead Coach,Teacher,1,90807.62
U24071,JC002770,Lunchroom Attendant,ESP,1,28283.07
U22891,JC002501,School Clerk (Bilin Spanish),ESP,1,69807.58
U70020,JC500656,College/Career Coach,ESP,2,154809.31
U22551,JC000066,Regional Gifted Coordinator,Teacher,1,126558.87
U29291,JC000478,Teacher Assistant Bilingual,ESP,1,59332.39
U25301,JC990101,School Counselor,Teacher,2,192011.72
U26521,JC990101,School Counselor,Teacher,1,115177.73
U24921,JC990101,School Counselor,Teacher,1,126022.62
U10760,JC504557,"Dir, Compliance & Training",ESP,1,110000
U12510,JC505069,Info Sec & Privacy Suppt Coord,ESP,1,72968
U10814,JC504882,Web & Digital Content Spec,ESP,1,71970.69
U46191,JC500629,Special Education Teacher,Teacher,10,943853.97
U53111,JC000691,Technology Coordinator,ESP,0.5,30556.6
U10871,JC601799,Science Manager,Teacher,2,220519.26
U12010,JC501790,Staffing Representative,ESP,4,215010.73
U22201,JC500446,School Culture Coordinator,ESP,1,81000
U46241,JC003015,Youth Intervention Specialist,ESP,2,138190.88
U22451,JC500992,STLS Advocate,ESP,1,74190.5
U24511,JC600063,Case Manager,Teacher,0.5,52542.22
U25541,JC600063,Case Manager,Teacher,1,118430.24
U22411,JC600063,Case Manager,Teacher,1,118232.25
U23851,JC600063,Case Manager,Teacher,0.5,41544.98
U22451,JC600063,Case Manager,Teacher,1.5,157281
U10760,JC504649,Intake Specialist,ESP,5,277266.45
U12010,JC504881,NSS Compliance Specialist,ESP,10,751314.53
U02491,JC990100,Teacher-Citywide,Teacher,1,137627.07
U26921,JC000468,School Clerk,ESP,2,166437.16
U22871,JC000468,School Clerk,ESP,2,142232.98
U52011,JC000468,School Clerk,ESP,1,70568.16
U26731,JC000055,Bilingual Teacher,Teacher,1,91599.16
U24941,JC600063,Case Manager,Teacher,1,97981.64
U46311,JC505149,School Support Coordinator,ESP,1,79040
U25781,JC000463,Teacher Assistant,ESP,4,171025.5
U24671,JC000480,School Security Officer,ESP,3,152421.7
U25071,JC000701,School Community Representive,ESP,1,39194.12
U11010,JC504412,Staffing Specialist,ESP,2,114412.35
U26321,JC600063,Case Manager,Teacher,0.5,41544.98
U26381,JC600063,Case Manager,Teacher,1,103583.59
U26521,JC600063,Case Manager,Teacher,1,94087.18
U31141,JC000467,School Clerk Assistant,ESP,1,55231.17
U30031,JC000467,School Clerk Assistant,ESP,1,52180.31
U12510,JC501781,Project Manager,ESP,2,211271.33
U24421,JC003015,Youth Intervention Specialist,ESP,1,72642.19
U53071,JC000480,School Security Officer,ESP,6,291998.33
U10110,JC500926,Asst Secretary to the Bd of Ed,ESP,2,175341.95
U47061,JC501853,School Athletic Director,ESP,1,82080
U23491,JC000462,School Assistant,ESP,2,83226.99
U22771,JC003501,School Social Svc Assistant,ESP,1,36546.64
U31101,JC000466,School Counseling Office Asst,ESP,1,59650.85
U02421,JC601269,Deputy Chief of Schools,Teacher,1,170000
U23881,JC000464,Special Ed Classroom Assist,ESP,6,310606.97
U22191,JC000055,Bilingual Teacher,Teacher,1,91157.41
U11673,JC604397,"Mgr, OSD Instructional Support",Teacher,1,104363
U23431,JC600755,Lead Coach,Teacher,1,90807.62
U24361,JC600755,Lead Coach,Teacher,1,90807.62
U15500,JC501781,Project Manager,ESP,1,95906.47
U46031,JC000472,Special Education Support Clrk,ESP,1,70568.16
U22481,JC000469,Bilingual Sp Educ Classrm Asst,ESP,4,198304.86
U31151,JC000042,Assistant Principal,Teacher,1,143520
U22621,JC000480,School Security Officer,ESP,2,97930.92
U26541,JC002770,Lunchroom Attendant,ESP,1,24747.69
U10841,JC501850,Grading Practices Coord,ESP,2,169601.5
U10841,JC500857,Systems Analyst,ESP,1,85000
U14060,JC504912,FACE Specialist,ESP,13,1112233.86
U24151,JC990101,School Counselor,Teacher,2,203310.56
U12120,JC601273,Chief Portfolio Officer,Teacher,1,205050.86
U25471,JC000467,School Clerk Assistant,ESP,1,64327.94
U22531,JC990101,School Counselor,Teacher,2,234638.49
U24441,JC600063,Case Manager,Teacher,0.5,54845.51
U41061,JC000691,Technology Coordinator,ESP,1,74247.55
U55011,JC000480,School Security Officer,ESP,3,156311.16
U30101,JC500992,STLS Advocate,ESP,2,134413.58
U24731,JC000055,Bilingual Teacher,Teacher,1,105780.92
U22131,JC000065,IB Coordinator,Teacher,1,114845.08
U41041,JC000065,IB Coordinator,Teacher,1,114523.27
U24401,JC000065,IB Coordinator,Teacher,1,132438.13
U10510,JC500320,Press Secretary,ESP,2,203622.64
U13725,JC500000,Unevaluated Non-union Role,ESP,1,82000
U46631,JC600755,Lead Coach,Teacher,1,124592.82
U25591,JC600755,Lead Coach,Teacher,1,104148.18
U25811,JC600755,Lead Coach,Teacher,1,118687.02
U25301,JC600063,Case Manager,Teacher,1,101088.14
U22391,JC000468,School Clerk,ESP,2,131886.62
U47101,JC000071,English Learner Prg Teacher,Teacher,1,83089.96
U53021,JC000468,School Clerk,ESP,2,166970.06
U53101,JC002501,School Clerk (Bilin Spanish),ESP,2,168375.4
U29151,JC500992,STLS Advocate,ESP,1,68314.6
U22141,JC000468,School Clerk,ESP,1,63845.42
U23381,JC990101,School Counselor,Teacher,2,212015.24
U46211,JC505149,School Support Coordinator,ESP,1,87550
U25491,JC600063,Case Manager,Teacher,0.5,41544.98
U46031,JC000039,Part-Time Teacher,Teacher,1,110387.38
U29241,JC600063,Case Manager,Teacher,0.5,41544.98
U29381,JC600063,Case Manager,Teacher,0.5,41544.98
U25341,JC600063,Case Manager,Teacher,0.5,41544.98
U02641,JC501923,High School Transition Spec,ESP,1,76660.85
U10860,JC601315,"Director, Literacy",Teacher,1,146763
U31111,JC990101,School Counselor,Teacher,2,201544.65
U30081,JC000071,English Learner Prg Teacher,Teacher,1,83089.96
U22351,JC000044,Curriculum And Instruct Coach,Teacher,1,131117.4
U22211,JC000042,Assistant Principal,Teacher,1,125810
U53021,JC600063,Case Manager,Teacher,0.5,56019.4
U29031,JC000042,Assistant Principal,Teacher,1,132245.69
U26841,JC600063,Case Manager,Teacher,1,109917.36
U25441,JC600063,Case Manager,Teacher,0.5,61818.12
U25231,JC600063,Case Manager,Teacher,1,91567.46
U23201,JC000042,Assistant Principal,Teacher,1,124780
U23511,JC600063,Case Manager,Teacher,1,95069.52
U30121,JC002738,Elementary Lunchroom Manager,ESP,1,40210.95
U24071,JC000691,Technology Coordinator,ESP,1,90538.65
U11673,JC500824,Transition Specialist,ESP,2,158914
U22421,JC000691,Technology Coordinator,ESP,1,108321.84
U23021,JC000064,Montessori Coordinator,Teacher,1,106338.11
U26731,JC000480,School Security Officer,ESP,2,77769.83
U22341,JC000067,Personalized Learning Coordinator,Teacher,1,98452.07
U22941,JC000691,Technology Coordinator,ESP,0.5,39029.38
U25401,JC000042,Assistant Principal,Teacher,1,133213.59
U26781,JC990101,School Counselor,Teacher,1,80377.41
U29231,JC000462,School Assistant,ESP,1,36546.64
U23591,JC000691,Technology Coordinator,ESP,0.5,39029.38
U53101,JC002983,Senior Security Officer,ESP,5,320599.98
U31081,JC002983,Senior Security Officer,ESP,1,58950.49
U22661,JC000463,Teacher Assistant,ESP,1,43609.99
U11610,JC504989,Family Resource Specialist,ESP,1,62380.92
U22131,JC000480,School Security Officer,ESP,1,48965.46
U11010,JC504831,Senior Program Manager,ESP,1,100000
U12410,JC500295,Office Manager,ESP,1,73670
U46681,JC505051,Restorative Justice Coord,ESP,1,88745.64
U12410,JC504720,Asset Manager,ESP,1,95387.63
U25141,JC000463,Teacher Assistant,ESP,2,88948.04
U23821,JC000468,School Clerk,ESP,2,131634.41
U11610,JC501991,ODLSS Talent Coordinator,ESP,1,70000
U10845,JC505139,"ED, Adv Learning & Spec Progs",ESP,1,167045.4
U31111,JC000480,School Security Officer,ESP,1,46428.28
U10450,JC505157,City Council Liaison,ESP,1,99500
U10430,JC500499,Staff Auditor,ESP,1,67053
U11010,JC501990,"Manager, Employee Wellness",ESP,1,105000
U53101,JC000469,Bilingual Sp Educ Classrm Asst,ESP,1,49744.74
U31081,JC000480,School Security Officer,ESP,2,97710.08
U29101,JC990101,School Counselor,Teacher,1,110590.68
U29111,JC000042,Assistant Principal,Teacher,1,143520
U25191,JC000042,Assistant Principal,Teacher,1,143520
U25021,JC501536,Fellow,ESP,1,45169.8
U02411,JC504492,Family Engagement Coordinator,ESP,1,90232.09
U25331,JC000463,Teacher Assistant,ESP,2,97189.74
U46061,JC000691,Technology Coordinator,ESP,1,98002.46
U29321,JC000467,School Clerk Assistant,ESP,1,52180.31
U25751,JC990101,School Counselor,Teacher,1,123635.27
U22411,JC990101,School Counselor,Teacher,1,80099.51
U23461,JC990101,School Counselor,Teacher,1,113573.77
U46681,JC990101,School Counselor,Teacher,3,306291.51
U25451,JC000469,Bilingual Sp Educ Classrm Asst,ESP,2,100365.37
U11210,JC501866,Assessment System Specialist,ESP,1,84048
U10814,JC601434,Library Digital Media Manager,Teacher,1,111436.98
U46181,JC500656,College/Career Coach,ESP,2,174706.5
U23341,JC000462,School Assistant,ESP,1,44401.18
U23381,JC000462,School Assistant,ESP,1,40956.55
U66931,JC002740,Cook I,ESP,1,37587.29
U23711,JC000042,Assistant Principal,Teacher,1,142005.63
U10898,JC500823,Training Coordinator,ESP,1,57000
U25601,JC600755,Lead Coach,Teacher,1,90807.62
U46371,JC501853,School Athletic Director,ESP,1,88992
U11610,JC502011,Call Center Coordinator,ESP,2,100000
U46511,JC000691,Technology Coordinator,ESP,1,78950.05
U29241,JC009907,Parent Worker - Other,ESP,1,27993.7
U30031,JC000071,English Learner Prg Teacher,Teacher,1,83089.96
U22481,JC000071,English Learner Prg Teacher,Teacher,1,83089.96
U10510,JC505086,"Dir, Communications Operations",ESP,1,136046.1
U10814,JC601833,Bilingual Curriculum Spec,Teacher,1,94986.6
U10816,JC500164,Executive Assistant,ESP,1,56828
U10850,JC504555,Program Manager,ESP,1,90000
U12510,JC502076,Data Architect,ESP,1,104363
U22891,JC600755,Lead Coach,Teacher,1,116500.97
U23541,JC600755,Lead Coach,Teacher,1,133159.12
U10898,JC600080,Elem School SEL Spprt Manager,Teacher,1,114140.37
U25071,JC000467,School Clerk Assistant,ESP,1,48900.82
U27091,JC003015,Youth Intervention Specialist,ESP,0.5,28436.25
U22341,JC002983,Senior Security Officer,ESP,1,61789.2
U46241,JC500656,College/Career Coach,ESP,1,81009.09
U24661,JC000463,Teacher Assistant,ESP,3,140856.43
U10845,JC602026,Incubation & Cert Support Spec,Teacher,1,108864.38
U46101,JC500656,College/Career Coach,ESP,1,85167.38
U22631,JC000044,Curriculum And Instruct Coach,Teacher,1,99447.23
U25591,JC002983,Senior Security Officer,ESP,1,58950.49
U11385,JC600098,Deputy Chief of ECE,Teacher,1,170000
U22491,JC600755,Lead Coach,Teacher,1,90807.62
U31261,JC600755,Lead Coach,Teacher,1,90807.62
U53051,JC000467,School Clerk Assistant,ESP,1,55832.93
U11610,JC502068,Business Ops Administrator,ESP,2,176916.25
U22361,JC000042,Assistant Principal,Teacher,1,137096.47
U53101,JC502099,Full Srv Community Schl Coord,ESP,1,65000
U26891,JC600063,Case Manager,Teacher,0.5,49794.23
U31181,JC505051,Restorative Justice Coord,ESP,1,69095.44
U24651,JC000701,School Community Representive,ESP,1,49188.46
U25581,JC000691,Technology Coordinator,ESP,1,89227.6
U24461,JC000462,School Assistant,ESP,1,43750.57
U25661,JC000462,School Assistant,ESP,1,46680.35
U26791,JC000462,School Assistant,ESP,1,56543.52
U22331,JC600755,Lead Coach,Teacher,1,90807.62
U02531,JC500593,Social & Emotional Lrng Spec,ESP,1,94500
U46331,JC000462,School Assistant,ESP,2,85595.08
U23481,JC002770,Lunchroom Attendant,ESP,3,60101.52
U10891,JC602010,Health Education Content Spec,Teacher,1,101209.86
U24801,JC600063,Case Manager,Teacher,0.5,41544.98
U24921,JC600063,Case Manager,Teacher,0.5,41544.98
U22411,JC600755,Lead Coach,Teacher,1,129689.35
U10870,JC500100,Data Manager,ESP,1,116953.62
U14060,JC501264,Program Director,ESP,1,116931.78
U26031,JC000710,Student Special Svc Advocate,ESP,1,84752.46
U10760,JC501910,Program Admin Active Bystander,ESP,1,81885
U29161,JC000467,School Clerk Assistant,ESP,1,52534.51
U22831,JC000469,Bilingual Sp Educ Classrm Asst,ESP,2,93738.91
U10710,JC501130,Deputy Chief of Staff,ESP,1,165469.5
U28151,JC000480,School Security Officer,ESP,5,256517.38
U22421,JC000463,Teacher Assistant,ESP,1,52058.15
U25241,JC600063,Case Manager,Teacher,1,83319.05
U53091,JC000711,Community Relations Rep,ESP,1,58865.24
U29041,JC000463,Teacher Assistant,ESP,1,36874.24
U23341,JC000478,Teacher Assistant Bilingual,ESP,1,36874.24
U10890,JC504779,Community Engagement Spec,ESP,1,78914
U10710,JC600060,Chief Executive Officer,Teacher,1,335000
U29131,JC000463,Teacher Assistant,ESP,1,42611.88
U31261,JC600063,Case Manager,Teacher,1,102894.97
U14060,JC501254,"Dir, Faith-Based Initiatives",ESP,1,107956.04
U11860,JC502082,EV Charging Infrastr Spec,ESP,1,75000
U41051,JC003015,Youth Intervention Specialist,ESP,1,87976.88
U10821,JC501988,"ED, T&L Professional Learning",ESP,1,168780
U25671,JC600755,Lead Coach,Teacher,1,116816.7
U31161,JC600755,Lead Coach,Teacher,1,116188.78
U24431,JC600755,Lead Coach,Teacher,1,134789.45
U22951,JC000024,CPC Program Lead Teacher,Teacher,1,90807.62
U23201,JC002983,Senior Security Officer,ESP,1,55871.25
U25011,JC002983,Senior Security Officer,ESP,1,61789.2
U14050,JC501995,Healthy CPS Team Lead,ESP,1,78584.88
U02411,JC601269,Deputy Chief of Schools,Teacher,1,170000
U46381,JC000701,School Community Representive,ESP,1,47617.65
U10845,JC600332,Program Manager,Teacher,1,109431
U12510,JC501971,"Manager, IT Vendor Management",ESP,1,110250
U24591,JC990101,School Counselor,Teacher,2,239445.43
U26081,JC000041,Principal,Teacher,1,163282
U24871,JC002983,Senior Security Officer,ESP,1,58950.49
U22801,JC000463,Teacher Assistant,ESP,3,129586.2
U02511,JC500593,Social & Emotional Lrng Spec,ESP,1,99281.7
U24531,JC000067,Personalized Learning Coordinator,Teacher,1,107828.71
U24931,JC002983,Senior Security Officer,ESP,1,58950.49
U22881,JC002983,Senior Security Officer,ESP,2,123578.4
U24231,JC002983,Senior Security Officer,ESP,1,52283.9
U23361,JC000468,School Clerk,ESP,2,128144.78
U46211,JC000044,Curriculum And Instruct Coach,Teacher,1,100933.67
U25541,JC000463,Teacher Assistant,ESP,1,61043.9
U46281,JC500656,College/Career Coach,ESP,1,89539.12
U10760,JC501880,Coordination Manager,ESP,2,200833.11
U24811,JC000691,Technology Coordinator,ESP,1,88666.17
U25071,JC003015,Youth Intervention Specialist,ESP,1,76370.99
U02551,JC502069,Safe Schools & Transition Mgr,ESP,1,93955
U25951,JC000710,Student Special Svc Advocate,ESP,1,67889.89
U10871,JC604448,"ED, STEM",Teacher,1,154891.4
U23391,JC600755,Lead Coach,Teacher,1,132645.88
U49081,JC000467,School Clerk Assistant,ESP,1,46691.66
U24781,JC600755,Lead Coach,Teacher,1,111374.1
U25181,JC600755,Lead Coach,Teacher,1,108543.37
U29151,JC600755,Lead Coach,Teacher,1,133079.19
U53111,JC600755,Lead Coach,Teacher,1,90807.62
U46421,JC000710,Student Special Svc Advocate,ESP,3,230607.27
U22801,JC000042,Assistant Principal,Teacher,1,132098
U46101,JC000671,Computer Technician,ESP,1,99742.73
U25591,JC000710,Student Special Svc Advocate,ESP,1,80291.2
U46491,JC000691,Technology Coordinator,ESP,1,78058.76
U26771,JC002795,Porter,ESP,1,29773.63
U23671,JC000710,Student Special Svc Advocate,ESP,1,92507.55
U22541,JC003015,Youth Intervention Specialist,ESP,1,75038.51
U32081,JC000467,School Clerk Assistant,ESP,1,53106.9
U25861,JC000710,Student Special Svc Advocate,ESP,1,70129.44
U24751,JC000071,English Learner Prg Teacher,Teacher,1,83089.96
U25101,JC000071,English Learner Prg Teacher,Teacher,1,83089.96
U31261,JC000071,English Learner Prg Teacher,Teacher,1,83089.96
U22291,JC002983,Senior Security Officer,ESP,1,41934.55
U30101,JC000042,Assistant Principal,Teacher,1,143520
U25881,JC500446,School Culture Coordinator,ESP,1,104220
U31251,JC600755,Lead Coach,Teacher,1,90807.62
U23311,JC600755,Lead Coach,Teacher,1,90807.62
U31061,JC600755,Lead Coach,Teacher,1,90807.62
U46041,JC002501,School Clerk (Bilin Spanish),ESP,1,88023.27
U46331,JC003015,Youth Intervention Specialist,ESP,1,69095.44
U14060,JC504761,Parent University Campus Coord,ESP,2,105900.48
U24841,JC000467,School Clerk Assistant,ESP,1,55832.93
U24311,JC003917,Instructor Assistant,ESP,2,123704.76
U47081,JC000712,Community Relations Rep II,ESP,1,70129.44
U22751,JC000468,School Clerk,ESP,1,56755.3
U25681,JC600063,Case Manager,Teacher,0.5,55399.16
U25941,JC600063,Case Manager,Teacher,0.5,47560.4
U26291,JC600063,Case Manager,Teacher,0.5,59109.7
U02661,JC601266,Chief of Schools,Teacher,1,180000
U11860,JC504705,"Sr Manager, Renovations",ESP,1,113400
U12510,JC502091,SQL Server DBA Manager,ESP,1,146024.57
U26421,JC500629,Special Education Teacher,Teacher,2,234058.48
U25241,JC000480,School Security Officer,ESP,2,100247.26
U29051,JC000480,School Security Officer,ESP,2,102492.18
U31141,JC000042,Assistant Principal,Teacher,1,136829
U10814,JC604962,"Dir, Multilingual Dig Curr Itv",Teacher,1,125000
U67021,JC000069,Bilingual Special Ed Teacher,Teacher,1,92361.46
U26771,JC000048,Head Teacher,Teacher,1,123338.68
U25621,JC000044,Curriculum And Instruct Coach,Teacher,1,127278.75
U45211,JC000042,Assistant Principal,Teacher,1,144695.32
U22751,JC000691,Technology Coordinator,ESP,1,94872.8
U12510,JC502112,ERP Data Team Lead,ESP,1,104363
U55191,JC500939,Conflict Resolution Specialist,ESP,1,64552.95
U53011,JC500656,College/Career Coach,ESP,1,75709.43
U22151,JC000071,English Learner Prg Teacher,Teacher,1,83089.96
U70241,JC000071,English Learner Prg Teacher,Teacher,1,83089.96
U29281,JC000041,Principal,Teacher,1,183684
U41111,JC000041,Principal,Teacher,1,174166
U23001,JC000041,Principal,Teacher,1,165019
U25441,JC000041,Principal,Teacher,1,172395
U25581,JC000041,Principal,Teacher,1,152075.33
U31221,JC002983,Senior Security Officer,ESP,1,67616.19
U25711,JC000480,School Security Officer,ESP,2,107345.7
U26791,JC000701,School Community Representive,ESP,1,57158.63
U23611,JC000480,School Security Officer,ESP,1,56063.9
U31251,JC000041,Principal,Teacher,1,157496
U24361,JC000478,Teacher Assistant Bilingual,ESP,1,41019.63
U46621,JC000468,School Clerk,ESP,2,154496.24
U11010,JC504713,"ED, HR Operations",ESP,1,165000
U23211,JC000041,Principal,Teacher,1,173963
U29031,JC000041,Principal,Teacher,1,165048.11
U29361,JC000041,Principal,Teacher,1,151098.48
U29271,JC000041,Principal,Teacher,1,172395
U25871,JC000042,Assistant Principal,Teacher,1,146091
U46341,JC000041,Principal,Teacher,1,179526.07
U41091,JC000041,Principal,Teacher,1,178020
U26651,JC990101,School Counselor,Teacher,1,115177.73
U23151,JC000041,Principal,Teacher,1,188815
U22161,JC990101,School Counselor,Teacher,1,128220.01
U24571,JC000041,Principal,Teacher,1,181753.8
U23801,JC000041,Principal,Teacher,1,176632.64
U29091,JC000041,Principal,Teacher,1,181522
U24251,JC990101,School Counselor,Teacher,1,112687.45
U41111,JC002795,Porter,ESP,1,29773.63
U22831,JC002738,Elementary Lunchroom Manager,ESP,1,42233.21
U32031,JC002795,Porter,ESP,1,29773.63
U10910,JC500928,"Director, LSC Relations",ESP,1,144076.66
U46381,JC002770,Lunchroom Attendant,ESP,1,24747.69
U31301,JC002741,Cook II,ESP,1,29805.55
U23221,JC002770,Lunchroom Attendant,ESP,1,17676.92
U26021,JC002795,Porter,ESP,1,29773.63
U24881,JC000041,Principal,Teacher,1,160156.72
U11880,JC504615,Staffing Manager,ESP,1,101548
U31111,JC002795,Porter,ESP,1,29773.63
U25711,JC002770,Lunchroom Attendant,ESP,2,33586.15
U26431,JC990101,School Counselor,Teacher,1,79189.4
U22341,JC000041,Principal,Teacher,1,183218
U53051,JC002501,School Clerk (Bilin Spanish),ESP,1,82002.55
U26061,JC200041,Interim Principal,Teacher,1,166349
U24251,JC000468,School Clerk,ESP,1,82988.96
U22471,JC000468,School Clerk,ESP,1,69336.92
U23511,JC000480,School Security Officer,ESP,2,105029.36
U23481,JC000042,Assistant Principal,Teacher,1,146091
U25761,JC200041,Interim Principal,Teacher,1,166349
U46211,JC002795,Porter,ESP,1,29773.63
U22621,JC002738,Elementary Lunchroom Manager,ESP,1,42233.21
U46421,JC500656,College/Career Coach,ESP,1,100157.81
U22281,JC000042,Assistant Principal,Teacher,1,142605.33
U11220,JC501858,Ethics Advisor,ESP,1,133116.43
U22081,JC002738,Elementary Lunchroom Manager,ESP,1,46400.71
U23151,JC002738,Elementary Lunchroom Manager,ESP,1,46400.71
U23651,JC002741,Cook II,ESP,2,68126.98
U11010,JC504282,Talent Staffing Manager,ESP,1,115125.96
U31281,JC990101,School Counselor,Teacher,1,84538.94
U25571,JC002741,Cook II,ESP,1,34063.49
U29161,JC000055,Bilingual Teacher,Teacher,0.5,57949.8
U22191,JC990101,School Counselor,Teacher,1,99890.29
U53071,JC002777,Lunchroom Manager,ESP,1,55748.03
U29191,JC000042,Assistant Principal,Teacher,1,148080
U10210,JC501641,"Dir, Administrative Hearings",ESP,1,135187.5
U24971,JC000463,Teacher Assistant,ESP,1,47098.78
U29151,JC003917,Instructor Assistant,ESP,1,51713.36
U25911,JC002738,Elementary Lunchroom Manager,ESP,1,40210.95
U23281,JC002763,Associate Lunchroom Mgr III,ESP,1,30369.44
U22841,JC002795,Porter,ESP,1,26051.93
U26351,JC002738,Elementary Lunchroom Manager,ESP,1,40210.95
U25181,JC002795,Porter,ESP,1,29773.63
U23791,JC002795,Porter,ESP,1,26051.93
U46391,JC200041,Interim Principal,Teacher,1,147613
U10850,JC501017,Mgr Postsecondary Initiatives,ESP,1,78551.89
U25291,JC002795,Porter,ESP,1,27912.78
U10210,JC500164,Executive Assistant,ESP,1,72968
U23081,JC002738,Elementary Lunchroom Manager,ESP,1,48435.98
U25041,JC002795,Porter,ESP,1,26051.93
U31101,JC002795,Porter,ESP,1,29773.63
U22311,JC002763,Associate Lunchroom Mgr III,ESP,1,30369.44
U24821,JC002770,Lunchroom Attendant,ESP,2,49495.38
U22891,JC002738,Elementary Lunchroom Manager,ESP,1,46400.71
U66281,JC002763,Associate Lunchroom Mgr III,ESP,1,30369.44
U31161,JC002738,Elementary Lunchroom Manager,ESP,1,40210.95
U25351,JC002763,Associate Lunchroom Mgr III,ESP,1,30369.44
U25921,JC002795,Porter,ESP,1,29773.63
U22891,JC002770,Lunchroom Attendant,ESP,1,26515.38
U22151,JC002742,Cook III,ESP,1,28471.35
U25751,JC002741,Cook II,ESP,1,29805.55
U10842,JC500420,Senior Research Analyst,ESP,1,110975
U23301,JC002795,Porter,ESP,1,18608.52
U63141,JC002763,Associate Lunchroom Mgr III,ESP,1,26573.26
U22201,JC002983,Senior Security Officer,ESP,1,55871.25
U22481,JC002795,Porter,ESP,1,22330.22
U53111,JC000468,School Clerk,ESP,1,70568.16
U23871,JC002983,Senior Security Officer,ESP,1,67616.19
U31101,JC000041,Principal,Teacher,1,170718.33
U24781,JC200041,Interim Principal,Teacher,1,166349
U46431,JC002501,School Clerk (Bilin Spanish),ESP,1,69336.92
U26601,JC000468,School Clerk,ESP,1,75811.9
U24591,JC000468,School Clerk,ESP,1,82002.55
U24241,JC003917,Instructor Assistant,ESP,1,56315.86
U49041,JC000467,School Clerk Assistant,ESP,1,62915.26
U26321,JC200041,Interim Principal,Teacher,1,153518
U25791,JC000041,Principal,Teacher,1,173963
U25991,JC000041,Principal,Teacher,1,165995.44
U22081,JC000468,School Clerk,ESP,1,88798.19
U26381,JC002795,Porter,ESP,1,26051.93
U25951,JC002741,Cook II,ESP,1,29805.55
U22551,JC000468,School Clerk,ESP,1,70568.16
U23561,JC000468,School Clerk,ESP,1,69336.92
U24081,JC000468,School Clerk,ESP,1,77998.78
U25351,JC000468,School Clerk,ESP,1,60728.17
U23891,JC000041,Principal,Teacher,1,163282
U30101,JC990101,School Counselor,Teacher,1,77274.01
U29081,JC000042,Assistant Principal,Teacher,1,137579.41
U49131,JC002777,Lunchroom Manager,ESP,1,51869.08
U49131,JC002770,Lunchroom Attendant,ESP,1,24747.69
U22341,JC002770,Lunchroom Attendant,ESP,3,63636.9
U22341,JC002741,Cook II,ESP,1,34063.49
U28151,JC002774,Lunchroom Cashier,ESP,1,30131.12
U26521,JC000480,School Security Officer,ESP,1,48965.46
U29071,JC000480,School Security Officer,ESP,1,56063.9
U46611,JC002741,Cook II,ESP,1,34063.49
U22521,JC000480,School Security Officer,ESP,2,99813.3
U26751,JC002770,Lunchroom Attendant,ESP,1,22980
U22391,JC000042,Assistant Principal,Teacher,1,146091
U12510,JC504954,Enterprise Tech Support Lead,ESP,1,101958.48
U22471,JC002795,Porter,ESP,1,29773.63
U22661,JC002795,Porter,ESP,1,26051.93
U25861,JC000463,Teacher Assistant,ESP,1,44799.19
U55011,JC000041,Principal,Teacher,1,178020
U23851,JC002795,Porter,ESP,1,22330.22
U26451,JC002795,Porter,ESP,1,29773.63
U22831,JC002983,Senior Security Officer,ESP,1,64628.87
U23641,JC000468,School Clerk,ESP,1,82002.55
U49131,JC002983,Senior Security Officer,ESP,2,123487.44
U26621,JC990101,School Counselor,Teacher,1,116736.36
U26631,JC002741,Cook II,ESP,1,29805.55
U25411,JC002741,Cook II,ESP,1,29805.55
U22931,JC000041,Principal,Teacher,1,172395
U23651,JC002983,Senior Security Officer,ESP,1,67616.19
U23321,JC002770,Lunchroom Attendant,ESP,1,21212.3
U23321,JC002795,Porter,ESP,1,26051.93
U24461,JC002795,Porter,ESP,1,27912.78
U29291,JC002795,Porter,ESP,1,26051.93
U12510,JC500852,Senior Project Manager,ESP,1,126859.95
U12210,JC501899,Procurement Operations Spec,ESP,1,78022.5
U12510,JC504899,SIS Report Developer,ESP,1,87125
U10890,JC504917,"ED, Arts Education",ESP,1,147000
U23551,JC990101,School Counselor,Teacher,1,77677.38
U32011,JC002742,Cook III,ESP,1,30369.44
U22491,JC000480,School Security Officer,ESP,1,48965.46
U24281,JC002983,Senior Security Officer,ESP,1,64628.87
U31061,JC990101,School Counselor,Teacher,1,80415.19
U46511,JC000041,Principal,Teacher,1,170811
U25451,JC002501,School Clerk (Bilin Spanish),ESP,1,82988.96
U23881,JC002742,Cook III,ESP,1,30369.44
U25301,JC000469,Bilingual Sp Educ Classrm Asst,ESP,1,60584.36
U26331,JC002738,Elementary Lunchroom Manager,ESP,1,46400.71
U46181,JC002774,Lunchroom Cashier,ESP,1,30131.12
U23261,JC002742,Cook III,ESP,1,26573.26
U25471,JC000041,Principal,Teacher,1,168128.89
U46041,JC002795,Porter,ESP,1,29773.63
U20071,JC002738,Elementary Lunchroom Manager,ESP,1,46400.71
U51021,JC000468,School Clerk,ESP,1,69336.92
U23481,JC002741,Cook II,ESP,1,34063.49
U29051,JC002770,Lunchroom Attendant,ESP,1,20338.51
U23431,JC002741,Cook II,ESP,1,34063.49
U46101,JC002777,Lunchroom Manager,ESP,1,58192.47
U22691,JC002770,Lunchroom Attendant,ESP,2,47727.69
U25371,JC000468,School Clerk,ESP,1,83794.68
U31261,JC000048,Head Teacher,Teacher,1,132504.57
U23881,JC000468,School Clerk,ESP,1,85478.63
U24021,JC002738,Elementary Lunchroom Manager,ESP,1,46400.71
U24531,JC002738,Elementary Lunchroom Manager,ESP,1,46400.71
U22801,JC002795,Porter,ESP,1,26051.93
U25541,JC002738,Elementary Lunchroom Manager,ESP,1,42233.21
U24241,JC002738,Elementary Lunchroom Manager,ESP,1,40210.95
U22541,JC002738,Elementary Lunchroom Manager,ESP,1,42233.21
U29081,JC990101,School Counselor,Teacher,1,100646.05
U31041,JC002795,Porter,ESP,1,29773.63
U24791,JC002795,Porter,ESP,1,26051.93
U46061,JC000468,School Clerk,ESP,1,72896.06
U47051,JC000041,Principal,Teacher,1,179031
U24371,JC990101,School Counselor,Teacher,1,125832
U26421,JC002983,Senior Security Officer,ESP,1,64628.87
U46171,JC002770,Lunchroom Attendant,ESP,1,21212.3
U10710,JC501977,Board Relations Coordinator,ESP,1,61190
U22441,JC002738,Elementary Lunchroom Manager,ESP,1,46400.71
U22441,JC002795,Porter,ESP,1,29773.63
U46221,JC002741,Cook II,ESP,1,34063.49
U29201,JC002742,Cook III,ESP,1,30369.44
U22261,JC002795,Porter,ESP,1,29773.63
U22331,JC002795,Porter,ESP,1,26051.93
U26371,JC000480,School Security Officer,ESP,0.5,18779.93
U67021,JC000671,Computer Technician,ESP,1,61113.2
U24941,JC000041,Principal,Teacher,1,167765.58
U22021,JC000041,Principal,Teacher,1,145600
U46311,JC000041,Principal,Teacher,1,163282
U23971,JC000041,Principal,Teacher,1,172395
U25021,JC990101,School Counselor,Teacher,1,99296.86
U23071,JC000041,Principal,Teacher,1,170843
U25091,JC000041,Principal,Teacher,1,160156.72
U29011,JC000041,Principal,Teacher,1,176377
U25601,JC000041,Principal,Teacher,1,173963
U25561,JC000065,IB Coordinator,Teacher,1,116130.03
U55181,JC000042,Assistant Principal,Teacher,1,139724
U25391,JC000042,Assistant Principal,Teacher,1,134904
U22501,JC000071,English Learner Prg Teacher,Teacher,0.5,41544.98
U14050,JC505096,"Executive Director, OSHW",ESP,1,151308.74
U46521,JC000468,School Clerk,ESP,1,67122.67
U46431,JC000691,Technology Coordinator,ESP,1,76696.82
U46431,JC000466,School Counseling Office Asst,ESP,1,54556.15
U23751,JC000071,English Learner Prg Teacher,Teacher,1,83089.96
U22311,JC000071,English Learner Prg Teacher,Teacher,1,83089.96
U25411,JC990101,School Counselor,Teacher,1,125858.91
U25751,JC000041,Principal,Teacher,1,163282
U46331,JC000041,Principal,Teacher,1,158980
U46371,JC600755,Lead Coach,Teacher,1,133348.32
U11010,JC501461,"ED, Talent Acquisition",ESP,1,169229
U46341,JC500656,College/Career Coach,ESP,1,85167.38
U22741,JC000041,Principal,Teacher,1,160387
U46061,JC000041,Principal,Teacher,1,173663.22
U22531,JC000041,Principal,Teacher,1,175547
U23021,JC000041,Principal,Teacher,1,170902
U24611,JC000041,Principal,Teacher,1,169364
U25071,JC000041,Principal,Teacher,1,169003.64
U46241,JC000049,Regular Teacher,Teacher,86,8982848.15
U25141,JC000464,Special Ed Classroom Assist,ESP,27,1270217.24
U22141,JC500629,Special Education Teacher,Teacher,8,773123.12
U22701,JC000055,Bilingual Teacher,Teacher,9,867102.54
U25151,JC000464,Special Ed Classroom Assist,ESP,11,585778.88
U22341,JC000055,Bilingual Teacher,Teacher,9,1034088.59
U22371,JC000049,Regular Teacher,Teacher,35,3421500.92
U24771,JC000049,Regular Teacher,Teacher,32,3298361.8
U23961,JC000049,Regular Teacher,Teacher,16,1638972.04
U24731,JC000049,Regular Teacher,Teacher,77.5,7674328.48
U47041,JC000049,Regular Teacher,Teacher,15,1496620.37
U53061,JC000049,Regular Teacher,Teacher,56,5701607.23
U46321,JC000049,Regular Teacher,Teacher,113,11696944.22
U24721,JC000478,Teacher Assistant Bilingual,ESP,1,57050.37
U22631,JC002795,Porter,ESP,1,26051.93
U23421,JC000049,Regular Teacher,Teacher,24,2338145.74
U26091,JC500629,Special Education Teacher,Teacher,9,764018.45
U10816,JC600638,Chief Education Officer,Teacher,1,278409
U29251,JC000464,Special Ed Classroom Assist,ESP,9,417544.92
U23971,JC000049,Regular Teacher,Teacher,14,1416871.15
U22231,JC000049,Regular Teacher,Teacher,46,4794813.4
U23051,JC000049,Regular Teacher,Teacher,35,3732326.68
U46291,JC000691,Technology Coordinator,ESP,2,189912.6
U22731,JC000049,Regular Teacher,Teacher,24,2448876.97
U46311,JC000049,Regular Teacher,Teacher,205,20818971.12
U29041,JC000464,Special Ed Classroom Assist,ESP,7,324953.1
U51091,JC500656,College/Career Coach,ESP,1,73291.69
U70020,JC505150,School Bus Ops Administrator,ESP,1,96087.92
U24461,JC000464,Special Ed Classroom Assist,ESP,63,3245574.55
U22681,JC000464,Special Ed Classroom Assist,ESP,37,1772173.33
U46681,JC000480,School Security Officer,ESP,7,309577.86
U23461,JC000464,Special Ed Classroom Assist,ESP,7,362540.93
U23931,JC500629,Special Education Teacher,Teacher,14,1311712.28
U25361,JC000049,Regular Teacher,Teacher,15,1651488.99
U49131,JC000049,Regular Teacher,Teacher,17,1663384.04
U10615,JC002991,Flex Team Security Officer,ESP,28,1367367.85
U11675,JC989100,Teacher-Speech Pathologist,Teacher,472,46463968.45
U46421,JC000480,School Security Officer,ESP,8,362495.87
U29071,JC500629,Special Education Teacher,Teacher,6,580242.67
U24171,JC000049,Regular Teacher,Teacher,15,1560817.23
U45231,JC000049,Regular Teacher,Teacher,12,1248102.49
U24731,JC000042,Assistant Principal,Teacher,3,392411.66
U31181,JC000049,Regular Teacher,Teacher,22,2416534.35
U22171,JC000049,Regular Teacher,Teacher,31,3217284.08
U24941,JC000049,Regular Teacher,Teacher,45,4459715.16
U25391,JC000049,Regular Teacher,Teacher,16,1494426.56
U22671,JC505148,Safety & Security Coordinator,ESP,1,47199.81
U24251,JC000049,Regular Teacher,Teacher,13,1263617.91
U46481,JC500629,Special Education Teacher,Teacher,13,1126298.06
U23281,JC000469,Bilingual Sp Educ Classrm Asst,ESP,2,102443.61
U22071,JC000464,Special Ed Classroom Assist,ESP,15,759982.58
U11010,JC504480,Contact Center Specialist,ESP,11,565068.36
U23681,JC000042,Assistant Principal,Teacher,1,136331.13
U24531,JC000468,School Clerk,ESP,1,69336.92
U25041,JC000464,Special Ed Classroom Assist,ESP,10,486793.28
U22711,JC000467,School Clerk Assistant,ESP,1,55832.93
U46481,JC000710,Student Special Svc Advocate,ESP,2,144309.38
U22081,JC000691,Technology Coordinator,ESP,1,93217.5
U26881,JC000464,Special Ed Classroom Assist,ESP,10,520028.97
U26351,JC000467,School Clerk Assistant,ESP,1,64327.94
U23151,JC500629,Special Education Teacher,Teacher,11,1124649.38
U24221,JC000480,School Security Officer,ESP,2,100247.26
U30051,JC000464,Special Ed Classroom Assist,ESP,70,3412321.95
U22841,JC000049,Regular Teacher,Teacher,15,1470995.17
U02421,JC601266,Chief of Schools,Teacher,1,175000
U22151,JC000049,Regular Teacher,Teacher,24,2624266.82
U29121,JC000049,Regular Teacher,Teacher,32,3069214.84
U22591,JC000039,Part-Time Teacher,Teacher,1,103715.99
U23311,JC000049,Regular Teacher,Teacher,21.5,2098059.71
U24691,JC000480,School Security Officer,ESP,1,48965.46
U46211,JC000468,School Clerk,ESP,2,162349.19
U24911,JC000049,Regular Teacher,Teacher,15,1503260.08
U49021,JC000464,Special Ed Classroom Assist,ESP,80,4074418.87
U28151,JC000049,Regular Teacher,Teacher,18,1625705.42
U23231,JC000469,Bilingual Sp Educ Classrm Asst,ESP,4,231984.09
U24331,JC000464,Special Ed Classroom Assist,ESP,3,157642.37
U22371,JC500629,Special Education Teacher,Teacher,13,1229255.94
U23591,JC500629,Special Education Teacher,Teacher,21,2118755.78
U41121,JC000049,Regular Teacher,Teacher,30,2733243.62
U24621,JC000042,Assistant Principal,Teacher,1,132522
U26281,JC000049,Regular Teacher,Teacher,17,1780151.2
U11870,JC501790,Staffing Representative,ESP,2,107080.03
U22721,JC000049,Regular Teacher,Teacher,19,1931721.13
U22721,JC000463,Teacher Assistant,ESP,2,114100.74
U23151,JC990200,Part-Time School Counselor,Teacher,0.5,50829.99
U30121,JC990101,School Counselor,Teacher,1,101659.96
U46551,JC500629,Special Education Teacher,Teacher,9,831011.47
U46551,JC000469,Bilingual Sp Educ Classrm Asst,ESP,1,60584.36
U46221,JC000042,Assistant Principal,Teacher,6,870565.26
U29381,JC000049,Regular Teacher,Teacher,20,2076020.58
U46491,JC990101,School Counselor,Teacher,1,109691.03
U23921,JC000480,School Security Officer,ESP,1,56063.9
U53071,JC000468,School Clerk,ESP,3,214458.37
U24761,JC000049,Regular Teacher,Teacher,33,3548721.41
U22871,JC000049,Regular Teacher,Teacher,25,2507175.25
U55181,JC000049,Regular Teacher,Teacher,12,1203956.5
U22281,JC000049,Regular Teacher,Teacher,19,2047619.31
U29151,JC500629,Special Education Teacher,Teacher,15,1399857.39
U25291,JC500629,Special Education Teacher,Teacher,5,494357.6
U27091,JC500629,Special Education Teacher,Teacher,5,516854.1
U26461,JC500629,Special Education Teacher,Teacher,3,367779.7
U23901,JC500629,Special Education Teacher,Teacher,6,556299.47
U24021,JC500629,Special Education Teacher,Teacher,20,1921137.73
U25111,JC500629,Special Education Teacher,Teacher,21,2139170.72
U25381,JC000049,Regular Teacher,Teacher,28,2736165.52
U25231,JC000055,Bilingual Teacher,Teacher,18,1853601.48
U30031,JC000055,Bilingual Teacher,Teacher,7,683409.96
U24421,JC000049,Regular Teacher,Teacher,16,1617988.04
U25491,JC000049,Regular Teacher,Teacher,14,1487992.6
U25631,JC000055,Bilingual Teacher,Teacher,13,1340031.69
U25401,JC002770,Lunchroom Attendant,ESP,1,14141.54
U24731,JC002777,Lunchroom Manager,ESP,1,51869.08
U30011,JC000464,Special Ed Classroom Assist,ESP,8,511383.43
U23271,JC000049,Regular Teacher,Teacher,18,1630849.29
U24231,JC000055,Bilingual Teacher,Teacher,8,794058.08
U12610,JC501297,"Dir, Training & Quality",ESP,1,122280.74
U46271,JC000049,Regular Teacher,Teacher,61,6189360.75
U24461,JC000049,Regular Teacher,Teacher,40,4334310.8
U23681,JC000049,Regular Teacher,Teacher,17,1519556.59
U25751,JC000049,Regular Teacher,Teacher,24,2537764.69
U26051,JC002742,Cook III,ESP,1,30369.44
U26051,JC002738,Elementary Lunchroom Manager,ESP,1,40210.95
U24401,JC000049,Regular Teacher,Teacher,39,3853796.42
U10895,JC501394,ED Social & Emotional Learning,ESP,1,168780
U12610,JC500822,Training Specialist,ESP,1,79917.46
U10842,JC500800,Senior Data Analyst,ESP,4,402684.8
U26781,JC000464,Special Ed Classroom Assist,ESP,12,579051.47
U24731,JC000464,Special Ed Classroom Assist,ESP,17,855818.38
U24781,JC002741,Cook II,ESP,1,29805.55
U23771,JC002770,Lunchroom Attendant,ESP,3,84849.21
U24011,JC002795,Porter,ESP,1,29773.63
U26751,JC002983,Senior Security Officer,ESP,1,64628.87
U12610,JC504873,School Budget Specialist,ESP,7,471911.07
U22081,JC000055,Bilingual Teacher,Teacher,13,1296382.12
U25441,JC500629,Special Education Teacher,Teacher,7,673406.98
U46481,JC000049,Regular Teacher,Teacher,31,3094765.64
U13725,JC500105,Database Specialist,ESP,1,83914
U10610,JC504921,Dir Community Sfty & Relations,ESP,1,122949.94
U22941,JC000049,Regular Teacher,Teacher,35,3506912.89
U46311,JC000055,Bilingual Teacher,Teacher,2,223389.4
U46311,JC000480,School Security Officer,ESP,19,870775.62
U11210,JC601431,MTSS Manager,Teacher,1,127621
U12210,JC502022,"Deputy Chief, Procurement",ESP,1,150000
U23421,JC000464,Special Ed Classroom Assist,ESP,22,1080194.22
U25911,JC000464,Special Ed Classroom Assist,ESP,17,852890.6
U22151,JC000464,Special Ed Classroom Assist,ESP,19,965130.73
U02421,JC500164,Executive Assistant,ESP,1,54488.47
U24531,JC000055,Bilingual Teacher,Teacher,5,529934.76
U23011,JC000463,Teacher Assistant,ESP,1,39455.44
U23611,JC000049,Regular Teacher,Teacher,12,1107399.02
U26231,JC500629,Special Education Teacher,Teacher,6,535096.8
U23621,JC500629,Special Education Teacher,Teacher,19,1760429.12
U24071,JC000464,Special Ed Classroom Assist,ESP,18,878470.7
U23291,JC002742,Cook III,ESP,1,26573.26
U46251,JC002770,Lunchroom Attendant,ESP,2,51263.07
U25601,JC002770,Lunchroom Attendant,ESP,2,56566.14
U41051,JC000042,Assistant Principal,Teacher,1,126202.3
U25631,JC000691,Technology Coordinator,ESP,1,93217.5
U11010,JC501947,Absence & Disability Lead,ESP,1,93766.05
U46431,JC002770,Lunchroom Attendant,ESP,3,60101.54
U53071,JC002501,School Clerk (Bilin Spanish),ESP,1,60728.17
U12410,JC504807,Business Process Manager,ESP,1,127621
U12670,JC000049,Regular Teacher,Teacher,79,8146313.26
U11540,JC600035,EL Network Specialist,Teacher,16,1714234.66
U26451,JC000049,Regular Teacher,Teacher,17,1645244.92
U26631,JC000463,Teacher Assistant,ESP,2,98523.81
U24101,JC000049,Regular Teacher,Teacher,17,1562888.8
U22651,JC000464,Special Ed Classroom Assist,ESP,15,797487.26
U10615,JC500373,Security Team Leader,ESP,1,62878.41
U22691,JC000041,Principal,Teacher,1,181522
U29191,JC000049,Regular Teacher,Teacher,19,2000066.94
U23561,JC003917,Instructor Assistant,ESP,1,56542.57
U22351,JC500629,Special Education Teacher,Teacher,10,909086.83
U11210,JC601854,"Mgr, Assessment for Learning",Teacher,1,122499.96
U25211,JC000042,Assistant Principal,Teacher,1,130600.41
U02541,JC505072,"Dir, School Leader Transitions",ESP,1,121024.39
U46131,JC000468,School Clerk,ESP,2,172033.93
U24341,JC000476,Teacher Asst Bil Spanish,ESP,1,42020.68
U11870,JC501793,"Dir, Transport Diverse Learner",ESP,1,130742.61
U46261,JC500629,Special Education Teacher,Teacher,7,763783.24
U10842,JC504908,"Manager, Data Quality",ESP,1,118650
U24431,JC000464,Special Ed Classroom Assist,ESP,16,728837.8
U25011,JC000055,Bilingual Teacher,Teacher,5,455028.26
U24421,JC990101,School Counselor,Teacher,1,92010.56
U22731,JC000464,Special Ed Classroom Assist,ESP,18,828525.69
U53121,JC000464,Special Ed Classroom Assist,ESP,8,388388.19
U53021,JC000049,Regular Teacher,Teacher,21,2150492.18
U10510,JC501078,Chief Communications Officer,ESP,1,206778.55
U23721,JC000049,Regular Teacher,Teacher,16,1558145.88
U24051,JC000049,Regular Teacher,Teacher,33,3536322.31
U23641,JC002983,Senior Security Officer,ESP,1,61789.2
U22511,JC000049,Regular Teacher,Teacher,16,1542279.37
U26831,JC000463,Teacher Assistant,ESP,7,353157
U46621,JC002983,Senior Security Officer,ESP,3,176104.09
U23221,JC002795,Porter,ESP,1,29773.63
U23341,JC000468,School Clerk,ESP,1,74190.5
U23441,JC000468,School Clerk,ESP,1,92214.35
U23591,JC000468,School Clerk,ESP,1,85478.63
U23621,JC000468,School Clerk,ESP,2,150894.84
U25471,JC500629,Special Education Teacher,Teacher,19,2101446.68
U22891,JC002795,Porter,ESP,2,59547.26
U23651,JC000464,Special Ed Classroom Assist,ESP,9,431734.84
U22131,JC500629,Special Education Teacher,Teacher,5,506426.66
U23801,JC002741,Cook II,ESP,1,34063.49
U31201,JC002770,Lunchroom Attendant,ESP,1,22980
U24381,JC000468,School Clerk,ESP,1,72896.06
U11890,JC007183,Motor Truck Driver,ESP,23,2155192
U46361,JC002777,Lunchroom Manager,ESP,1,55748.03
U46511,JC500629,Special Education Teacher,Teacher,11,1112320.54
U23291,JC002795,Porter,ESP,1,22330.22
U31281,JC002770,Lunchroom Attendant,ESP,1,24747.69
U29321,JC000464,Special Ed Classroom Assist,ESP,41,1888209.88
U23301,JC000042,Assistant Principal,Teacher,1,134524.52
U22941,JC000041,Principal,Teacher,1,177412
U46421,JC500629,Special Education Teacher,Teacher,15,1708836.76
U25661,JC002795,Porter,ESP,1,29773.63
U46471,JC000480,School Security Officer,ESP,4,178786.4
U31251,JC002738,Elementary Lunchroom Manager,ESP,1,40210.95
U25101,JC000480,School Security Officer,ESP,3,132244.63
U52011,JC000049,Regular Teacher,Teacher,20.5,2107961.81
U55191,JC990101,School Counselor,Teacher,1,103152.09
U67021,JC000049,Regular Teacher,Teacher,12,1119762.83
U46321,JC000480,School Security Officer,ESP,12,592396.4
U24071,JC500629,Special Education Teacher,Teacher,15,1567348.35
U22901,JC990101,School Counselor,Teacher,2,201095
U23821,JC990101,School Counselor,Teacher,1,100008.06
U24891,JC002795,Porter,ESP,1,29773.63
U25791,JC000468,School Clerk,ESP,2,161793.83
U47021,JC002777,Lunchroom Manager,ESP,1,55748.03
U29401,JC002738,Elementary Lunchroom Manager,ESP,1,46400.71
U24621,JC000464,Special Ed Classroom Assist,ESP,12,599686.26
U24821,JC000464,Special Ed Classroom Assist,ESP,16,760525.67
U26821,JC000469,Bilingual Sp Educ Classrm Asst,ESP,3,170181.7
U24371,JC000049,Regular Teacher,Teacher,15,1441409.61
U23681,JC990101,School Counselor,Teacher,2,157835.67
U22811,JC000468,School Clerk,ESP,1,74190.5
U46221,JC500629,Special Education Teacher,Teacher,38.5,3990723.34
U25291,JC002770,Lunchroom Attendant,ESP,3,68066.19
U22021,JC000480,School Security Officer,ESP,2,109661.57
U22281,JC002762,Associate Lunchroom Mgr II,ESP,1,34063.49
U22141,JC002795,Porter,ESP,1,29773.63
U32031,JC002770,Lunchroom Attendant,ESP,3,76759.02
U24851,JC000055,Bilingual Teacher,Teacher,13,1437383.13
U26771,JC000049,Regular Teacher,Teacher,19,1891674.18
U55171,JC200041,Interim Principal,Teacher,1,145600
U25041,JC990101,School Counselor,Teacher,1,116735.49
U25561,JC000042,Assistant Principal,Teacher,1,148742
U46391,JC002770,Lunchroom Attendant,ESP,2,56566.14
U46201,JC000480,School Security Officer,ESP,11,506590.92
U23461,JC000480,School Security Officer,ESP,2,107345.7
U23291,JC000463,Teacher Assistant,ESP,2,103920.13
U49101,JC002763,Associate Lunchroom Mgr III,ESP,1,22777.08
U26061,JC000480,School Security Officer,ESP,1,46428.28
U23801,JC000480,School Security Officer,ESP,1,42092.63
U25141,JC002795,Porter,ESP,1,29773.63
U46421,JC990101,School Counselor,Teacher,6,642183.62
U22811,JC000041,Principal,Teacher,1,170843
U22241,JC990101,School Counselor,Teacher,1,111263.82
U11010,JC501889,Training & Curriculum Coord,ESP,1,55156.5
U23081,JC003917,Instructor Assistant,ESP,1,63065.17
U46021,JC990101,School Counselor,Teacher,4,427656.61
U24801,JC990101,School Counselor,Teacher,2,224184.18
U29151,JC000463,Teacher Assistant,ESP,3,137221.62
U41111,JC002741,Cook II,ESP,1,34063.49
U30121,JC000480,School Security Officer,ESP,1,53597.67
U25291,JC000463,Teacher Assistant,ESP,2,102203.49
U53061,JC002983,Senior Security Officer,ESP,2,117900.98
U25751,JC002738,Elementary Lunchroom Manager,ESP,1,42233.21
U29401,JC000055,Bilingual Teacher,Teacher,6,602458.28
U66112,JC002777,Lunchroom Manager,ESP,1,51869.08
U02541,JC501979,Principal Eligibility Spec,ESP,1,86500
U26201,JC500629,Special Education Teacher,Teacher,15,1409705.4
U23061,JC000464,Special Ed Classroom Assist,ESP,7,352381.92
U12610,JC500196,Grant Analyst,ESP,7,506515.29
U10842,JC504982,"Director, Data Analytics",ESP,1,131250
U46511,JC000466,School Counseling Office Asst,ESP,1,69475.56
U10320,JC504883,Investigator,ESP,14,1058907.59
U29301,JC000480,School Security Officer,ESP,2,102563.13
U22141,JC000480,School Security Officer,ESP,1,42374.03
U22201,JC000463,Teacher Assistant,ESP,2,89415.86
U46191,JC000049,Regular Teacher,Teacher,29,2477078.88
U32011,JC000049,Regular Teacher,Teacher,14,1386750.48
U23881,JC000049,Regular Teacher,Teacher,16,1589838.62
U22971,JC000042,Assistant Principal,Teacher,1,137290
U23511,JC000041,Principal,Teacher,1,160387
U25291,JC990101,School Counselor,Teacher,2,209112.58
U49021,JC000468,School Clerk,ESP,2,186536.06
U25111,JC000480,School Security Officer,ESP,2,95393.74
U45221,JC983600,Military Instructor,Teacher,6,514226.42
U47061,JC990101,School Counselor,Teacher,6,619365.3
U22271,JC000464,Special Ed Classroom Assist,ESP,16,756835.42
U26541,JC000041,Principal,Teacher,1,178020
U11010,JC504515,"ED, Educator Effectiveness",ESP,1,181965.91
U55171,JC002770,Lunchroom Attendant,ESP,4,98990.75
U24931,JC002501,School Clerk (Bilin Spanish),ESP,1,88897.77
U46301,JC002983,Senior Security Officer,ESP,2,113194.44
U22231,JC000464,Special Ed Classroom Assist,ESP,19,937392.27
U25341,JC002742,Cook III,ESP,1,26573.26
U25921,JC990101,School Counselor,Teacher,1,126023.04
U47101,JC003429,Ed Sign Language Interpreter,ESP,7,546325.75
U23641,JC000480,School Security Officer,ESP,1,53597.67
U25931,JC500629,Special Education Teacher,Teacher,8,686242.84
U24461,JC000048,Head Teacher,Teacher,1,128214.65
U24401,JC000464,Special Ed Classroom Assist,ESP,4,195484.16
U05261,JC600693,JROTC Instruction Specialist,Teacher,2,221950
U05261,JC604286,Curriculum and Instruction Mgr,Teacher,1,119951.16
U26831,JC000464,Special Ed Classroom Assist,ESP,10,506806.57
U25141,JC500629,Special Education Teacher,Teacher,17,1569110.13
U23221,JC000464,Special Ed Classroom Assist,ESP,13,605991.98
U22661,JC003917,Instructor Assistant,ESP,1,61228.32
U22391,JC003917,Instructor Assistant,ESP,1,64884.36
U22241,JC000463,Teacher Assistant,ESP,2,85430.01
U25101,JC003917,Instructor Assistant,ESP,1,63065.17
U46021,JC000469,Bilingual Sp Educ Classrm Asst,ESP,1,45374.52
U24751,JC002795,Porter,ESP,1,29773.63
U24751,JC002770,Lunchroom Attendant,ESP,3,73223.64
U26701,JC000463,Teacher Assistant,ESP,2,85526.72
U46261,JC002777,Lunchroom Manager,ESP,1,51869.08
U31141,JC000480,School Security Officer,ESP,2,85795.18
U26201,JC003917,Instructor Assistant,ESP,1,61228.32
U30141,JC500629,Special Education Teacher,Teacher,14,1350086.22
U25841,JC000042,Assistant Principal,Teacher,1,148080
U22941,JC002770,Lunchroom Attendant,ESP,2,40656.92
U25841,JC002770,Lunchroom Attendant,ESP,4,81313.84
U41051,JC002742,Cook III,ESP,1,30369.44
U22721,JC002770,Lunchroom Attendant,ESP,1,21212.3
U46341,JC002777,Lunchroom Manager,ESP,1,58192.47
U22761,JC002520,Teacher Asst-Montessori Prm,ESP,10,510263.85
U31111,JC000049,Regular Teacher,Teacher,16,1649105.84
U30141,JC000468,School Clerk,ESP,2,132718.78
U31281,JC002741,Cook II,ESP,1,31934.52
U46431,JC000468,School Clerk,ESP,1,77998.78
U51071,JC002795,Porter,ESP,1,24191.07
U23401,JC002770,Lunchroom Attendant,ESP,4,87219.54
U46401,JC002770,Lunchroom Attendant,ESP,3,77778.45
U49051,JC200041,Interim Principal,Teacher,1,169364
U25761,JC000468,School Clerk,ESP,1,84687.16
U25811,JC002770,Lunchroom Attendant,ESP,2,49495.38
U24051,JC000480,School Security Officer,ESP,4,203541.35
U31111,JC002770,Lunchroom Attendant,ESP,2,54798.45
U30031,JC000469,Bilingual Sp Educ Classrm Asst,ESP,4,221537.92
U46621,JC002795,Porter,ESP,1,29773.63
U24011,JC500629,Special Education Teacher,Teacher,6,515610.81
U26521,JC000041,Principal,Teacher,1,166235
U23771,JC000041,Principal,Teacher,1,177212
U23911,JC500629,Special Education Teacher,Teacher,9,827573.85
U23151,JC000042,Assistant Principal,Teacher,1,147396
U11910,JC501501,Real Estate Specialist,ESP,1,93014.41
U14060,JC504751,Volunteer Coordinator,ESP,5,232365.52
U10895,JC504934,Student Discipline Suppt Spec,ESP,3,276622.71
U22291,JC000468,School Clerk,ESP,1,82988.96
U23481,JC000468,School Clerk,ESP,2,157179.46
U25141,JC002741,Cook II,ESP,1,34063.49
U23561,JC002795,Porter,ESP,1,29773.63
U25911,JC000041,Principal,Teacher,1,175547
U22171,JC000464,Special Ed Classroom Assist,ESP,21,1010980.93
U52011,JC000041,Principal,Teacher,1,164351.22
U25031,JC000055,Bilingual Teacher,Teacher,1,88884.11
U70070,JC002983,Senior Security Officer,ESP,2,114821.74
U26841,JC000464,Special Ed Classroom Assist,ESP,6,317955.68
U25521,JC000480,School Security Officer,ESP,2,101139.9
U25931,JC990101,School Counselor,Teacher,1,98864.22
U22531,JC000463,Teacher Assistant,ESP,2,92619.26
U23061,JC000049,Regular Teacher,Teacher,20.5,2004325.01
U23431,JC000464,Special Ed Classroom Assist,ESP,10,453801.49
U29111,JC000464,Special Ed Classroom Assist,ESP,14,612367.62
U46481,JC000467,School Clerk Assistant,ESP,2,122554.48
U12610,JC502123,Fiscal Planning Lead,ESP,1,90037.47
U47061,JC000468,School Clerk,ESP,4,341296.88
U22021,JC000042,Assistant Principal,Teacher,1,143417.33
U22201,JC990101,School Counselor,Teacher,2,180839.7
U25381,JC002741,Cook II,ESP,1,34063.49
U29291,JC990101,School Counselor,Teacher,1,106924.32
U23901,JC990101,School Counselor,Teacher,1,122018.53
U31211,JC002770,Lunchroom Attendant,ESP,1,24747.69
U46431,JC002777,Lunchroom Manager,ESP,1,55748.03
U24841,JC002983,Senior Security Officer,ESP,1,51835.89
U12510,JC504340,"Dir, Enterprise Fin Systems",ESP,1,156700.9
U23591,JC003917,Instructor Assistant,ESP,1,64884.36
U11910,JC501123,Building Operations Manager,ESP,1,105502.75
U63051,JC000480,School Security Officer,ESP,1,42297.5
U24911,JC000467,School Clerk Assistant,ESP,1,48900.82
U10710,JC501691,Chf of Staff to Chief Exec Off,ESP,1,190000
U23071,JC500629,Special Education Teacher,Teacher,9.5,1030726.81
U24191,JC500629,Special Education Teacher,Teacher,8,705964.39
U46421,JC000701,School Community Representive,ESP,2,101775.27
U26591,JC990101,School Counselor,Teacher,1,124337.17
U10430,JC000196,Audit Manager,ESP,2,215441.56
U11890,JC504528,Asset Coordinator,ESP,4,233715.44
U46061,JC505150,School Bus Ops Administrator,ESP,1,90134.53
U22661,JC000055,Bilingual Teacher,Teacher,4,387172.01
U46611,JC000469,Bilingual Sp Educ Classrm Asst,ESP,1,52231.98
U66255,JC002777,Lunchroom Manager,ESP,1,51869.08
U22571,JC500629,Special Education Teacher,Teacher,9,946306.62
U22211,JC000463,Teacher Assistant,ESP,1,54140.48
U31251,JC000049,Regular Teacher,Teacher,18,1801139.77
U23251,JC003917,Instructor Assistant,ESP,1,51155.99
U22271,JC002795,Porter,ESP,1,29773.63
U32031,JC000480,School Security Officer,ESP,3,151408.43
U23751,JC000480,School Security Officer,ESP,3,143265.22
U23081,JC990101,School Counselor,Teacher,2,173248.04
U25351,JC000041,Principal,Teacher,1,178020
U24741,JC002770,Lunchroom Attendant,ESP,1,23728.26
U47041,JC000464,Special Ed Classroom Assist,ESP,4,190941.17
U41091,JC000464,Special Ed Classroom Assist,ESP,14,692631.99
U25811,JC000044,Curriculum And Instruct Coach,Teacher,1,127222.06
U22251,JC000480,School Security Officer,ESP,2,94041.46
U26651,JC000463,Teacher Assistant,ESP,2,106885.79
U10760,JC502122,Sports Equity Compliance Spec,ESP,1,85200.57
U47061,JC000042,Assistant Principal,Teacher,3,392527.68
U46401,JC005852,Radio-Tv Engineer,ESP,1,79194.53
U25711,JC990101,School Counselor,Teacher,1,88187.37
U29391,JC990101,School Counselor,Teacher,1,110273.89
U24101,JC000469,Bilingual Sp Educ Classrm Asst,ESP,1,52798.23
U11673,JC601808,"Director, Service Delivery",Teacher,1,133000
U11210,JC501334,Assessment Specialist,ESP,7,573543.98
U23851,JC000463,Teacher Assistant,ESP,2,90961.84
U10320,JC504428,Chief Performance Analyst,ESP,1,124726.36
U11360,JC601569,Program Director,Teacher,1,118635.14
U23961,JC000055,Bilingual Teacher,Teacher,1,88187.37
U23851,JC500629,Special Education Teacher,Teacher,6,570059.43
U22101,JC000463,Teacher Assistant,ESP,3,132204.96
U26701,JC002501,School Clerk (Bilin Spanish),ESP,2,147922.29
U46431,JC000469,Bilingual Sp Educ Classrm Asst,ESP,3,168936.2
U12510,JC505117,Apple Platform Engineer,ESP,1,102048.68
U25451,JC000055,Bilingual Teacher,Teacher,8,776916.32
U46321,JC000039,Part-Time Teacher,Teacher,0.5,57209.16
U67021,JC000464,Special Ed Classroom Assist,ESP,3,142485.93
U22731,JC000480,School Security Officer,ESP,3,147639.13
U24771,JC000463,Teacher Assistant,ESP,5,226079.02
U25541,JC002983,Senior Security Officer,ESP,1,61789.2
U22921,JC002762,Associate Lunchroom Mgr II,ESP,1,34063.49
U22921,JC002795,Porter,ESP,1,27912.78
U49081,JC000480,School Security Officer,ESP,2,93533.3
U23991,JC500629,Special Education Teacher,Teacher,7,689162.05
U25791,JC000480,School Security Officer,ESP,1,56063.9
U22091,JC990101,School Counselor,Teacher,1,110881.34
U25731,JC500629,Special Education Teacher,Teacher,12,1268661.08
U25441,JC990101,School Counselor,Teacher,1,80377.41
U46511,JC002983,Senior Security Officer,ESP,1,64628.87
U24951,JC002795,Porter,ESP,1,26051.93
U24551,JC002742,Cook III,ESP,1,30369.44
U23911,JC002795,Porter,ESP,2,59547.26
U22531,JC002738,Elementary Lunchroom Manager,ESP,1,46400.71
U46141,JC000464,Special Ed Classroom Assist,ESP,7,353480.55
U11360,JC504902,Sr Grant Financial Specialist,ESP,1,88695.38
U02451,JC500164,Executive Assistant,ESP,1,72968
U11610,JC504110,"Director, Business Operations",ESP,1,123291
U10320,JC500108,Deputy Inspector General,ESP,2,289250.27
U23831,JC000049,Regular Teacher,Teacher,13,1280605.9
U13737,JC500295,Office Manager,ESP,1,70679.12
U10842,JC501862,Senior Advisor to the CEdO,ESP,1,177679.53
U24151,JC000464,Special Ed Classroom Assist,ESP,28,1251036.94
U41091,JC000463,Teacher Assistant,ESP,2,114721.1
U23131,JC000464,Special Ed Classroom Assist,ESP,6,327421.95
U46421,JC505151,School Operations Manager,ESP,1,86320
U46481,JC500656,College/Career Coach,ESP,1,100157.81
U46131,JC002777,Lunchroom Manager,ESP,1,55748.03
U23791,JC002738,Elementary Lunchroom Manager,ESP,1,42233.21
U22481,JC002741,Cook II,ESP,1,29805.55
U23551,JC000468,School Clerk,ESP,1,85478.63
U25751,JC000042,Assistant Principal,Teacher,1,139724
U22361,JC500629,Special Education Teacher,Teacher,3,253276.56
U29261,JC000464,Special Ed Classroom Assist,ESP,4,198820.71
U47061,JC002983,Senior Security Officer,ESP,3,174744.07
U22101,JC500629,Special Education Teacher,Teacher,7,602939.47
U12610,JC505140,"Director, Fiscal Planning",ESP,1,146763
U11890,JC502027,Warehouse Lead,ESP,2,139597.1
U46331,JC002983,Senior Security Officer,ESP,1,58950.49
U29141,JC500629,Special Education Teacher,Teacher,10,978169.25
U23211,JC000049,Regular Teacher,Teacher,10,898516.3
U52011,JC000464,Special Ed Classroom Assist,ESP,3,169806.29
U49041,JC000468,School Clerk,ESP,2,188769.43
U24811,JC000480,School Security Officer,ESP,2,97710.08
U05261,JC504604,Sr Inventory Mgmt Ctrl Clerk,ESP,1,69175.98
U53101,JC000468,School Clerk,ESP,1,85478.63
U49041,JC000041,Principal,Teacher,1,188815
U26021,JC000041,Principal,Teacher,1,160387
U29291,JC000041,Principal,Teacher,1,157496
U11675,JC601811,"RSP Manager, School Psychology",Teacher,4,452384
U26301,JC990101,School Counselor,Teacher,1,103739.62
U53011,JC505151,School Operations Manager,ESP,1,110975
U25091,JC500629,Special Education Teacher,Teacher,11,1071336.87
U22251,JC500629,Special Education Teacher,Teacher,10,964942.72
U12150,JC504655,"Dir, Renovation Construction",ESP,1,152231.94
U22611,JC002738,Elementary Lunchroom Manager,ESP,1,40210.95
U22611,JC002795,Porter,ESP,1,29773.63
U22671,JC002763,Associate Lunchroom Mgr III,ESP,1,30369.44
U11201,JC500192,Student Application Specialist,ESP,3,192643.81
U11672,JC500006,Administrative Assistant,ESP,1,61018.39
U11610,JC500164,Executive Assistant,ESP,2,129796
U12510,JC504854,ED Enterprise Application Srvc,ESP,1,176000
U25401,JC002763,Associate Lunchroom Mgr III,ESP,1,24675.17
U25941,JC990101,School Counselor,Teacher,1,121406.37
U29311,JC000049,Regular Teacher,Teacher,15,1524979.41
U25881,JC990101,School Counselor,Teacher,1,119437.98
U22581,JC000042,Assistant Principal,Teacher,1,141410.67
U23341,JC000041,Principal,Teacher,1,165019
U24331,JC000041,Principal,Teacher,1,159926.43
U22811,JC003917,Instructor Assistant,ESP,1,64884.36
U23361,JC000042,Assistant Principal,Teacher,1,143520
U25231,JC002983,Senior Security Officer,ESP,1,64628.87
U10210,JC504236,Chief Labor Relations Officer,ESP,1,192010
U24281,JC000464,Special Ed Classroom Assist,ESP,16,787421.73
U25331,JC000467,School Clerk Assistant,ESP,1,48621.18
U11880,JC504384,ED Facilities Operations,ESP,1,183265.51
U29161,JC000464,Special Ed Classroom Assist,ESP,3,153903.73
U22491,JC000463,Teacher Assistant,ESP,1,45048.59
U25101,JC000464,Special Ed Classroom Assist,ESP,10,498963.51
U29221,JC990101,School Counselor,Teacher,1,126022.62
U66321,JC002738,Elementary Lunchroom Manager,ESP,1,42233.21
U66321,JC002795,Porter,ESP,1,29773.63
U25331,JC000464,Special Ed Classroom Assist,ESP,15,682035.91
U55181,JC990101,School Counselor,Teacher,2,185378.19
U26781,JC002763,Associate Lunchroom Mgr III,ESP,1,30369.44
U46281,JC002501,School Clerk (Bilin Spanish),ESP,1,85478.63
U23531,JC002770,Lunchroom Attendant,ESP,1,22980
U11673,JC504874,Assistive Technology Spec,ESP,2,167321.26
U12510,JC504768,Sr Enterprise Archtct Engineer,ESP,1,109231.5
U12510,JC504863,SIS Support Specialist,ESP,1,80697.44
U24951,JC990101,School Counselor,Teacher,1,80377.41
U26701,JC000480,School Security Officer,ESP,2,95393.74
U46141,JC002795,Porter,ESP,1,29773.63
U11673,JC989200,Occupational Therapist,Teacher,1,101916.28
U22311,JC000480,School Security Officer,ESP,1,48965.46
U24791,JC002738,Elementary Lunchroom Manager,ESP,1,42233.21
U22271,JC002738,Elementary Lunchroom Manager,ESP,1,46400.71
U22431,JC002762,Associate Lunchroom Mgr II,ESP,1,34063.49
U23051,JC000480,School Security Officer,ESP,2,96329.89
U22481,JC000055,Bilingual Teacher,Teacher,5,562868.51
U22751,JC002761,Associate Lunchroom Mgr I,ESP,1,37587.29
U23751,JC000468,School Clerk,ESP,3,217121.22
U70070,JC983620,Commandant,Teacher,1,109462
U25031,JC002738,Elementary Lunchroom Manager,ESP,1,42233.21
U23971,JC990101,School Counselor,Teacher,1,109244.07
U12510,JC500442,Telecom Ops Specialist,ESP,1,83914
U12510,JC501516,AD Architect,ESP,1,120461.8
U22191,JC000041,Principal,Teacher,1,177181
U46221,JC983600,Military Instructor,Teacher,4,373406.97
U23211,JC000480,School Security Officer,ESP,1,48965.46
U24991,JC002795,Porter,ESP,1,26051.93
U12510,JC504360,Chrome Platform Lead Engineer,ESP,1,110355.07
U11860,JC504756,ED Cap Planning & Construction,ESP,1,173423.1
U22531,JC002770,Lunchroom Attendant,ESP,4,90172.4
U23631,JC002738,Elementary Lunchroom Manager,ESP,1,40210.95
U23631,JC002795,Porter,ESP,1,26051.93
U46241,JC002795,Porter,ESP,1,29773.63
U22141,JC002983,Senior Security Officer,ESP,1,67616.19
U32011,JC000464,Special Ed Classroom Assist,ESP,1,54910.16
U22891,JC000480,School Security Officer,ESP,2,91504.28
U29191,JC002738,Elementary Lunchroom Manager,ESP,1,42233.21
U31221,JC002738,Elementary Lunchroom Manager,ESP,1,40210.95
U24851,JC002770,Lunchroom Attendant,ESP,2,42424.6
U24871,JC002770,Lunchroom Attendant,ESP,6,120203.06
U41111,JC002777,Lunchroom Manager,ESP,1,51869.08
U24641,JC000041,Principal,Teacher,1,166837.72
U24981,JC002501,School Clerk (Bilin Spanish),ESP,1,79383.84
U23021,JC000468,School Clerk,ESP,1,91462.13
U26891,JC002763,Associate Lunchroom Mgr III,ESP,1,30369.44
U47101,JC002795,Porter,ESP,1,29773.63
U70070,JC000049,Regular Teacher,Teacher,13,1180407
U24101,JC002501,School Clerk (Bilin Spanish),ESP,1,91462.13
U23391,JC002738,Elementary Lunchroom Manager,ESP,1,40210.95
U24231,JC002741,Cook II,ESP,1,34063.49
U49081,JC002777,Lunchroom Manager,ESP,1,51869.08
U46521,JC002501,School Clerk (Bilin Spanish),ESP,1,74190.5
U25381,JC002770,Lunchroom Attendant,ESP,1,21212.3
U51021,JC002777,Lunchroom Manager,ESP,1,51869.08
U25991,JC002795,Porter,ESP,1,29773.63
U24691,JC000468,School Clerk,ESP,1,77158.12
U22851,JC000469,Bilingual Sp Educ Classrm Asst,ESP,2,100957.8
U22281,JC000041,Principal,Teacher,1,158335.38
U22971,JC003917,Instructor Assistant,ESP,1,63065.17
U29341,JC002795,Porter,ESP,1,26051.93
U25831,JC002763,Associate Lunchroom Mgr III,ESP,1,30369.44
U24981,JC002795,Porter,ESP,1,22330.22
U23771,JC600063,Case Manager,Teacher,1,90513.68
U23911,JC600063,Case Manager,Teacher,1,89699.9
U46191,JC505051,Restorative Justice Coord,ESP,1,56872.5
U46241,JC505051,Restorative Justice Coord,ESP,1,80291.2
U24461,JC600063,Case Manager,Teacher,2.5,269115.85
U24671,JC600063,Case Manager,Teacher,1.5,150585.56
U24691,JC600063,Case Manager,Teacher,1,80750.39
U25911,JC000049,Regular Teacher,Teacher,9,944174.54
U10210,JC500685,Assistant General Counsel,ESP,31,3058253.72
U11860,JC501963,Office Ops Administrator,ESP,1,84068.6
U22731,JC505051,Restorative Justice Coord,ESP,1,56872.5
U22191,JC000042,Assistant Principal,Teacher,1,130060.36
U10871,JC601863,"Director, Science",Teacher,1,128000
U23811,JC000071,English Learner Prg Teacher,Teacher,1,83089.96
U23481,JC000071,English Learner Prg Teacher,Teacher,1,83089.96
U32021,JC000071,English Learner Prg Teacher,Teacher,1,83089.96
U24511,JC000071,English Learner Prg Teacher,Teacher,1,83089.96
U31111,JC600063,Case Manager,Teacher,1,83089.96
U23521,JC000480,School Security Officer,ESP,2,105029.36
U14050,JC501838,"Director, Health Promotion",ESP,1,111924.95
U14051,JC505134,Nurse Manager,ESP,10,1075165
U02651,JC500164,Executive Assistant,ESP,1,71703.45
U11405,JC505054,Technical Support Coordinator,ESP,3,151139.98
U10890,JC602004,Arts Content Spec,Teacher,4,423315.61
U25561,JC000462,School Assistant,ESP,1,42983.25
U23791,JC000055,Bilingual Teacher,Teacher,6,617738.75
U23531,JC000071,English Learner Prg Teacher,Teacher,1,83089.96
U10841,JC601853,"ED, Instr Systems & Supports",Teacher,1,167622
U11070,JC500705,Employee Records Processor,ESP,1,44100
U24401,JC000462,School Assistant,ESP,1,43850.06
U24231,JC000065,IB Coordinator,Teacher,2,249989.15
U24731,JC000065,IB Coordinator,Teacher,4,436506.38
U53021,JC000691,Technology Coordinator,ESP,1,80633.76
U22501,JC600063,Case Manager,Teacher,1,111263.82
U25951,JC600063,Case Manager,Teacher,0.5,55488.84
U23451,JC600063,Case Manager,Teacher,0.5,40369.77
U22821,JC600063,Case Manager,Teacher,1,106269.48
U11371,JC502039,Enrollment Support Specialist,ESP,1,67000
U49051,JC000042,Assistant Principal,Teacher,1,139724
U46311,JC000710,Student Special Svc Advocate,ESP,1,97349.65
U25491,JC000464,Special Ed Classroom Assist,ESP,9,390000.9
U22511,JC000464,Special Ed Classroom Assist,ESP,7,313136.62
U26931,JC000042,Assistant Principal,Teacher,2,269808
U24281,JC000462,School Assistant,ESP,1,49947.97
U30071,JC990200,Part-Time School Counselor,Teacher,0.5,58747.68
U22641,JC500629,Special Education Teacher,Teacher,5,424186.06
U24071,JC000463,Teacher Assistant,ESP,1,41051.97
U25211,JC000463,Teacher Assistant,ESP,2,91292.7
U29321,JC505051,Restorative Justice Coord,ESP,1,92507.55
U24021,JC600063,Case Manager,Teacher,2,176854.78
U46611,JC505051,Restorative Justice Coord,ESP,1,65721.86
U23621,JC505051,Restorative Justice Coord,ESP,1,78890.32
U22521,JC505051,Restorative Justice Coord,ESP,1,65721.86
U13725,JC504643,Career Connected Pathways Spec,ESP,6,496496.48
U24381,JC600063,Case Manager,Teacher,0.5,50953.53
U24841,JC500629,Special Education Teacher,Teacher,6,602987.08
U46621,JC000464,Special Ed Classroom Assist,ESP,2,106608.57
U26351,JC000071,English Learner Prg Teacher,Teacher,1,83089.96
U25111,JC000071,English Learner Prg Teacher,Teacher,2,166179.92
U22441,JC000071,English Learner Prg Teacher,Teacher,2,166179.92
U20071,JC000071,English Learner Prg Teacher,Teacher,2,166179.92
U46301,JC000071,English Learner Prg Teacher,Teacher,2,166179.92
U22381,JC000071,English Learner Prg Teacher,Teacher,2,166179.92
U23971,JC000463,Teacher Assistant,ESP,5,213019.45
U26841,JC002501,School Clerk (Bilin Spanish),ESP,1,67122.67
U24361,JC000071,English Learner Prg Teacher,Teacher,1,83089.96
U46021,JC000071,English Learner Prg Teacher,Teacher,0.5,41544.98
U47091,JC000071,English Learner Prg Teacher,Teacher,0.5,41544.98
U22391,JC600063,Case Manager,Teacher,1,82374.09
U22681,JC600063,Case Manager,Teacher,1,95852.87
U22741,JC600063,Case Manager,Teacher,1.5,155903.79
U24171,JC000466,School Counseling Office Asst,ESP,1,57675.89
U32081,JC600063,Case Manager,Teacher,1,99109.16
U41091,JC600063,Case Manager,Teacher,1,90203.02
U26431,JC000464,Special Ed Classroom Assist,ESP,5,235827.26
U55011,JC983600,Military Instructor,Teacher,5,471107.1
U26461,JC000464,Special Ed Classroom Assist,ESP,5,233353.27
U24171,JC000071,English Learner Prg Teacher,Teacher,1,83089.96
U31151,JC000071,English Learner Prg Teacher,Teacher,1,83089.96
U30141,JC000071,English Learner Prg Teacher,Teacher,1,83089.96
U22791,JC000071,English Learner Prg Teacher,Teacher,1,83089.96
U49101,JC000071,English Learner Prg Teacher,Teacher,1,83089.96
U10898,JC505044,Behavioral Support Coordinator,ESP,9,706168
U31281,JC000066,Regional Gifted Coordinator,Teacher,1,132645.88
U29321,JC000480,School Security Officer,ESP,2,94041.46
U23441,JC000464,Special Ed Classroom Assist,ESP,10,473476.5
U24851,JC000464,Special Ed Classroom Assist,ESP,14,674508.88
U29031,JC000463,Teacher Assistant,ESP,1,36874.24
U22941,JC000468,School Clerk,ESP,2,146300.89
U23291,JC002501,School Clerk (Bilin Spanish),ESP,1,67496.35
U24631,JC600063,Case Manager,Teacher,1,98006.77
U23011,JC600063,Case Manager,Teacher,1,104460.96
U46031,JC990101,School Counselor,Teacher,5,503719.91
U22731,JC500629,Special Education Teacher,Teacher,8,845102.01
U14050,JC505092,Senior CFBU Coordinator,ESP,4,244639.38
U26081,JC000049,Regular Teacher,Teacher,10,921554.65
U22871,JC990101,School Counselor,Teacher,2,195317.87
U25951,JC000478,Teacher Assistant Bilingual,ESP,1,45900.9
U24571,JC000462,School Assistant,ESP,1,44401.18
U31161,JC000071,English Learner Prg Teacher,Teacher,0.5,41544.98
U22191,JC000071,English Learner Prg Teacher,Teacher,0.5,41544.98
U46171,JC600063,Case Manager,Teacher,2,219563.21
U46191,JC600063,Case Manager,Teacher,1,95009.99
U46551,JC600063,Case Manager,Teacher,1,97564.04
U47081,JC600063,Case Manager,Teacher,1.5,155786.75
U41111,JC600063,Case Manager,Teacher,1,95009.99
U24571,JC000071,English Learner Prg Teacher,Teacher,2,166179.92
U25951,JC000071,English Learner Prg Teacher,Teacher,2,166179.92
U23681,JC000071,English Learner Prg Teacher,Teacher,2,166179.92
U26651,JC500629,Special Education Teacher,Teacher,12,1236816.41
U24451,JC500992,STLS Advocate,ESP,1,64979.14
U29391,JC600063,Case Manager,Teacher,0.5,56735.01
U32031,JC990101,School Counselor,Teacher,2,218899.69
U46321,JC000710,Student Special Svc Advocate,ESP,2,134770.54
U22871,JC003015,Youth Intervention Specialist,ESP,1,78890.32
U46171,JC000691,Technology Coordinator,ESP,2,206444.3
U25491,JC500629,Special Education Teacher,Teacher,4,438599.71
U23101,JC000071,English Learner Prg Teacher,Teacher,1,83089.96
U22741,JC000071,English Learner Prg Teacher,Teacher,1,83089.96
U23161,JC000071,English Learner Prg Teacher,Teacher,1,83089.96
U22181,JC000071,English Learner Prg Teacher,Teacher,1,83089.96
U10615,JC504837,Crossing Guard,ESP,386,6365894.13
U24361,JC600063,Case Manager,Teacher,1,120393.22
U11371,JC501401,Academic Competition Coord,ESP,3,219418.37
U46321,JC000468,School Clerk,ESP,3,231499.23
U23911,JC000464,Special Ed Classroom Assist,ESP,17,797319.61
U26591,JC500629,Special Education Teacher,Teacher,6,592903.68
U23721,JC000463,Teacher Assistant,ESP,1,46591.16
U14060,JC501663,Title 1 Manager,ESP,1,80000
U31161,JC000464,Special Ed Classroom Assist,ESP,5,237002.71
U45221,JC002795,Porter,ESP,1,26051.93
U23511,JC000042,Assistant Principal,Teacher,1,142207
U29381,JC000042,Assistant Principal,Teacher,1,138539.54
U11540,JC604967,"Dir, EL Network Support",Teacher,1,134002.05
U10615,JC501927,Crossing Guard Floater,ESP,28,402151.12
U26291,JC000042,Assistant Principal,Teacher,1,137290
U22881,JC600063,Case Manager,Teacher,1,94783.9
U67021,JC003015,Youth Intervention Specialist,ESP,2,159839.43
U46691,JC002795,Porter,ESP,1,26051.93
U24941,JC000044,Curriculum And Instruct Coach,Teacher,1,107925.69
U22731,JC002795,Porter,ESP,2,59547.26
U66641,JC002795,Porter,ESP,1,29773.63
U66641,JC002763,Associate Lunchroom Mgr III,ESP,1,30369.44
U10855,JC500656,College/Career Coach,ESP,17,1358319.74
U29381,JC003015,Youth Intervention Specialist,ESP,1,75038.51
U22341,JC000462,School Assistant,ESP,1,44401.18
U24891,JC002770,Lunchroom Attendant,ESP,3,67046.76
U11010,JC500764,Program Coordinator,ESP,4,283505.01
U10898,JC501985,Support Coordinator,ESP,3,160912.5
U26931,JC000071,English Learner Prg Teacher,Teacher,2,166179.92
U22701,JC000072,Dual Language Coordinator,Teacher,1,83089.96
U10814,JC600099,Curriculum Designer,Teacher,21,2025482.72
U24371,JC000042,Assistant Principal,Teacher,1,146091
U53091,JC000071,English Learner Prg Teacher,Teacher,1,83089.96
U22451,JC000071,English Learner Prg Teacher,Teacher,1,83089.96
U46211,JC000071,English Learner Prg Teacher,Teacher,2,166179.92
U24991,JC000042,Assistant Principal,Teacher,1,143520
U24201,JC000463,Teacher Assistant,ESP,2,96917.87
U26391,JC000467,School Clerk Assistant,ESP,1,41578.07
U22951,JC000469,Bilingual Sp Educ Classrm Asst,ESP,2,77973.7
U02541,JC000075,Resident Principal,Teacher,15,1500000
U22951,JC000042,Assistant Principal,Teacher,1,121090
U55181,JC002501,School Clerk (Bilin Spanish),ESP,1,75811.9
U24721,JC000044,Curriculum And Instruct Coach,Teacher,1,62924.52
U22441,JC000044,Curriculum And Instruct Coach,Teacher,1,62924.52
U11010,JC501240,Recruitment Coordinator,ESP,1,55387.5
U11545,JC601848,Inclusive Responsive Educ Spec,Teacher,2,217154.2
U24281,JC000071,English Learner Prg Teacher,Teacher,2,166179.92
U22231,JC600063,Case Manager,Teacher,1,98469.58
U26921,JC600063,Case Manager,Teacher,1.5,153109.04
U46101,JC600063,Case Manager,Teacher,1,119812.1
U22401,JC600063,Case Manager,Teacher,1.5,154232.13
U22701,JC600063,Case Manager,Teacher,1,95629.57
U12510,JC504584,"Mgr, Enterprise Srvce Delivery",ESP,1,110911.84
U26381,JC600755,Lead Coach,Teacher,1,90807.62
U23731,JC600755,Lead Coach,Teacher,1,90807.62
U30141,JC600755,Lead Coach,Teacher,1,90807.62
U22861,JC000044,Curriculum And Instruct Coach,Teacher,1,93356.17
U11385,JC505129,Fiscal Monitoring Specialist,ESP,2,140000
U22071,JC000702,Parent Advocate,ESP,1,52043.09
U11672,JC501953,School Assignment Enroll Spec,ESP,3,198836.7
U24791,JC000067,Personalized Learning Coordinator,Teacher,1,110230.78
U29361,JC000066,Regional Gifted Coordinator,Teacher,1,102002.97
U22371,JC990101,School Counselor,Teacher,2,215545.22
U26861,JC003015,Youth Intervention Specialist,ESP,1,75038.51
U26631,JC000065,IB Coordinator,Teacher,1,108789.66
U46431,JC984100,School Social Worker,Teacher,1,78780.25
U23411,JC000042,Assistant Principal,Teacher,1,142207
U23241,JC500992,STLS Advocate,ESP,1,91462.13
U24641,JC500992,STLS Advocate,ESP,1,86211.83
U25191,JC500992,STLS Advocate,ESP,1,69336.92
U25811,JC500992,STLS Advocate,ESP,1,68314.6
U22621,JC500992,STLS Advocate,ESP,1,71821.26
U23431,JC600063,Case Manager,Teacher,0.5,58417.82
U23461,JC600063,Case Manager,Teacher,0.5,51144.13
U24881,JC600063,Case Manager,Teacher,0.5,50720.9
U46171,JC000467,School Clerk Assistant,ESP,1,48900.82
U26881,JC600063,Case Manager,Teacher,1,90817.18
U53041,JC000055,Bilingual Teacher,Teacher,2,223900.75
U25441,JC000042,Assistant Principal,Teacher,1,139724
U22691,JC600063,Case Manager,Teacher,1,122131.8
U24891,JC600063,Case Manager,Teacher,2,188174.4
U25471,JC000468,School Clerk,ESP,1,71821.26
U23481,JC000463,Teacher Assistant,ESP,2,88932.39
U24621,JC000701,School Community Representive,ESP,1,50061.91
U24171,JC000469,Bilingual Sp Educ Classrm Asst,ESP,2,77973.7
U23851,JC000464,Special Ed Classroom Assist,ESP,7,326143.42
U23161,JC000463,Teacher Assistant,ESP,1,61043.9
U23311,JC003501,School Social Svc Assistant,ESP,3,144990.42
U46311,JC000071,English Learner Prg Teacher,Teacher,4,332359.84
U26301,JC500992,STLS Advocate,ESP,1,58478.98
U22351,JC600063,Case Manager,Teacher,1,83089.96
U25041,JC000463,Teacher Assistant,ESP,1,36874.24
U23071,JC000042,Assistant Principal,Teacher,1,141804.26
U46131,JC000042,Assistant Principal,Teacher,2,277285.56
U24711,JC000042,Assistant Principal,Teacher,1,139724
U10890,JC500764,Program Coordinator,ESP,2,126575
U46141,JC000475,School Assistant-Bilingual,ESP,1,41786.94
U46281,JC003015,Youth Intervention Specialist,ESP,2,156662.19
U46191,JC500656,College/Career Coach,ESP,1,77053.83
U51071,JC003015,Youth Intervention Specialist,ESP,2,147680.7
U02461,JC601269,Deputy Chief of Schools,Teacher,1,170000
U46061,JC000042,Assistant Principal,Teacher,2,269069.54
U46641,JC000042,Assistant Principal,Teacher,1,139724
U29221,JC500629,Special Education Teacher,Teacher,7,635804.68
U24611,JC000462,School Assistant,ESP,1,44401.18
U20071,JC600755,Lead Coach,Teacher,1,90807.62
U23611,JC600755,Lead Coach,Teacher,1,90807.62
U11010,JC505047,"Director, Teacher Pathways",ESP,1,121628.95
U11010,JC502107,"Dir, Edu Equity & Recruitment",ESP,1,116000
U46101,JC002983,Senior Security Officer,ESP,1,61789.2
U26541,JC000710,Student Special Svc Advocate,ESP,1,72642.19
U10855,JC501347,College and Career Specialist,ESP,15,1801194.24
U11201,JC504415,Data Analyst,ESP,2,144931.62
U46641,JC000464,Special Ed Classroom Assist,ESP,4,196292.63
U24511,JC000464,Special Ed Classroom Assist,ESP,7,335630.36
U24241,JC600063,Case Manager,Teacher,0.5,61818.12
U23561,JC000480,School Security Officer,ESP,1,56063.9
U46301,JC500992,STLS Advocate,ESP,2,138882.76
U22521,JC000065,IB Coordinator,Teacher,1,125874.06
U23131,JC000065,IB Coordinator,Teacher,1,129898.08
U22031,JC000065,IB Coordinator,Teacher,2,260684.43
U02641,JC504547,Network Operations Manager,ESP,1,127621
U53101,JC000462,School Assistant,ESP,2,82805.16
U70020,JC000462,School Assistant,ESP,2,95137.6
U11010,JC504555,Program Manager,ESP,2,198975.69
U11010,JC501906,Student Teaching Coordinator,ESP,1,55681.8
U47061,JC000464,Special Ed Classroom Assist,ESP,4,194116.69
U22851,JC990101,School Counselor,Teacher,2,163060.6
U24931,JC600063,Case Manager,Teacher,1.5,133117.5
U23531,JC600063,Case Manager,Teacher,0.5,62862.91
U24691,JC000478,Teacher Assistant Bilingual,ESP,2,83465.4
U46361,JC000071,English Learner Prg Teacher,Teacher,1,83089.96
U46321,JC000071,English Learner Prg Teacher,Teacher,1,83089.96
U22061,JC600063,Case Manager,Teacher,0.5,41544.98
U49101,JC000463,Teacher Assistant,ESP,1,48652.48
U13725,JC501869,Chicago Roadmap Program Spec,ESP,3,281098.54
U29151,JC003015,Youth Intervention Specialist,ESP,1,66087.74
U23211,JC000464,Special Ed Classroom Assist,ESP,1,48814.94
U24661,JC000691,Technology Coordinator,ESP,1,76696.82
U41061,JC505051,Restorative Justice Coord,ESP,1,69095.44
U24171,JC000067,Personalized Learning Coordinator,Teacher,1,111789.42
U46131,JC000462,School Assistant,ESP,1,36546.64
U25581,JC000467,School Clerk Assistant,ESP,1,50795.17
U24451,JC000701,School Community Representive,ESP,1,39194.12
U24631,JC500629,Special Education Teacher,Teacher,5,527239.22
U29281,JC600063,Case Manager,Teacher,1,96583.78
U49101,JC600063,Case Manager,Teacher,2,224967.97
U11540,JC601422,World Language Manager,Teacher,1,116594.4
U28151,JC002795,Porter,ESP,3,89320.89
U10610,JC502003,Lead Safety & Security Manager,ESP,1,108150
U24941,JC000691,Technology Coordinator,ESP,1,98002.46
U46631,JC000467,School Clerk Assistant,ESP,1,49299.51
U46461,JC000071,English Learner Prg Teacher,Teacher,1,83089.96
U25401,JC990101,School Counselor,Teacher,2,240418.82
U22331,JC000042,Assistant Principal,Teacher,1,139724
U47101,JC600063,Case Manager,Teacher,2,169397.11
U25731,JC600063,Case Manager,Teacher,1,114085.8
U32011,JC000475,School Assistant-Bilingual,ESP,1,41786.94
U11880,JC502081,Employee Discipline Coord,ESP,1,63000
U22421,JC000464,Special Ed Classroom Assist,ESP,6,283730.64
U31201,JC500629,Special Education Teacher,Teacher,6,584864.85
U46111,JC000042,Assistant Principal,Teacher,1,134714.26
U47031,JC000042,Assistant Principal,Teacher,1,139724
U23921,JC000042,Assistant Principal,Teacher,1,125810
U46101,JC000478,Teacher Assistant Bilingual,ESP,3,146265.96
U13610,JC504415,Data Analyst,ESP,1,65693
U30121,JC002795,Porter,ESP,1,22330.22
U23931,JC003429,Ed Sign Language Interpreter,ESP,2,137067.5
U11673,JC504498,Community Integration Spec,ESP,4,212489.8
U29011,JC000464,Special Ed Classroom Assist,ESP,3,139499.12
U66612,JC002763,Associate Lunchroom Mgr III,ESP,1,26573.26
U30031,JC600063,Case Manager,Teacher,2,249361.31
U25671,JC000065,IB Coordinator,Teacher,1,130942.5
U24311,JC990101,School Counselor,Teacher,2,203700
U24931,JC990101,School Counselor,Teacher,1,114451.91
U11010,JC505070,Lead Empl Transaction Spec,ESP,1,65000
U10760,JC505045,Deputy Chief Title IX Officer,ESP,1,156200
U14050,JC500764,Program Coordinator,ESP,2,144528.79
U49081,JC003429,Ed Sign Language Interpreter,ESP,3,223434.05
U22891,JC000042,Assistant Principal,Teacher,1,138171.64
U23381,JC000480,School Security Officer,ESP,3,156311.16
U12410,JC504383,Sr Financial Systems Analyst,ESP,2,193394.19
U30051,JC000468,School Clerk,ESP,2,156046.79
U10875,JC504767,Detention Transition Team Lead,ESP,1,83963.76
U11860,JC504386,Senior Financial Analyst,ESP,1,96500
U11910,JC504639,Real Estate Legal Director (L),ESP,1,165042.92
U10814,JC504336,Edu Tech Operations Manager,ESP,1,110975
U11010,JC504830,Talent Development Specialist,ESP,2,165249
U53111,JC000467,School Clerk Assistant,ESP,1,54858.78
U10560,JC501855,"Executive Director, Marketing",ESP,1,164939.61
U46041,JC000710,Student Special Svc Advocate,ESP,1,78206.93
U47101,JC009907,Parent Worker - Other,ESP,1,19995.5
U23521,JC500629,Special Education Teacher,Teacher,2,231635.94
U46321,JC002501,School Clerk (Bilin Spanish),ESP,3,259810.42
U41061,JC500939,Conflict Resolution Specialist,ESP,1,65772
U24441,JC000463,Teacher Assistant,ESP,3,131705.3
U26031,JC000042,Assistant Principal,Teacher,1,136331.13
U24151,JC000042,Assistant Principal,Teacher,1,147499.44
U49031,JC000468,School Clerk,ESP,2,130968.09
U29321,JC000042,Assistant Principal,Teacher,2,285324.26
U26201,JC000042,Assistant Principal,Teacher,1,134524.52
U53061,JC500656,College/Career Coach,ESP,1,87976.88
U02481,JC504492,Family Engagement Coordinator,ESP,1,80211.7
U02421,JC504492,Family Engagement Coordinator,ESP,1,81636.04
U14050,JC501288,Data Strategist,ESP,1,89964.32
U25381,JC000710,Student Special Svc Advocate,ESP,1,96207.86
U70020,JC000468,School Clerk,ESP,3,235590.26
U22031,JC000042,Assistant Principal,Teacher,1,142605.33
U24821,JC000042,Assistant Principal,Teacher,1,150784
U25781,JC002741,Cook II,ESP,1,34063.49
U25091,JC990101,School Counselor,Teacher,1,109636.6
U31251,JC990101,School Counselor,Teacher,1,123445.43
U24931,JC000476,Teacher Asst Bil Spanish,ESP,1,43368.55
U22691,JC000462,School Assistant,ESP,1,44401.18
U22941,JC000462,School Assistant,ESP,1,44401.18
U23151,JC000462,School Assistant,ESP,1,41496.43
U23401,JC000462,School Assistant,ESP,1,46680.35
U22231,JC990101,School Counselor,Teacher,2,215600.23
U14050,JC504770,Healthy CPS Network Specialist,ESP,4,274200
U25291,JC600755,Lead Coach,Teacher,1,90807.62
U46111,JC501853,School Athletic Director,ESP,1,73710
U46331,JC501853,School Athletic Director,ESP,1,86184
U25331,JC600755,Lead Coach,Teacher,1,109641.93
U32081,JC000071,English Learner Prg Teacher,Teacher,1,83089.96
U25041,JC000071,English Learner Prg Teacher,Teacher,1,83089.96
U22101,JC505051,Restorative Justice Coord,ESP,1,56872.5
U24791,JC003015,Youth Intervention Specialist,ESP,1,56872.5
U22731,JC000478,Teacher Assistant Bilingual,ESP,1,36874.24
U22311,JC000039,Part-Time Teacher,Teacher,0.5,30994.97
U25031,JC600063,Case Manager,Teacher,1,99651.31
U25101,JC600063,Case Manager,Teacher,1,95466.74
U25151,JC600063,Case Manager,Teacher,1,86829.18
U02661,JC601269,Deputy Chief of Schools,Teacher,1,170000
U11610,JC502013,"Dir, CW Assessment & Assignmt",ESP,1,133350
U25361,JC600063,Case Manager,Teacher,1,89443.81
U46621,JC003015,Youth Intervention Specialist,ESP,1,80291.2
U46691,JC600755,Lead Coach,Teacher,1,124540.24
U10872,JC502070,"Director, Community Schools",ESP,1,119780
U02671,JC500593,Social & Emotional Lrng Spec,ESP,1,100800
U23291,JC000467,School Clerk Assistant,ESP,1,41578.07
U24531,JC000462,School Assistant,ESP,1,36546.64
U22041,JC000071,English Learner Prg Teacher,Teacher,0.5,41544.98
U46681,JC000710,Student Special Svc Advocate,ESP,1,75038.51
U31161,JC500629,Special Education Teacher,Teacher,3,285152.42
U02551,JC501961,Opti Schl Compl & Report Spec,ESP,1,80000
U23591,JC990200,Part-Time School Counselor,Teacher,0.5,53356.98
U47051,JC000691,Technology Coordinator,ESP,1,128709.97
U25931,JC600755,Lead Coach,Teacher,1,90807.62
U63131,JC002795,Porter,ESP,1,29773.63
U46201,JC000462,School Assistant,ESP,2,89581.64
U46211,JC000462,School Assistant,ESP,2,83777.17
U46241,JC000462,School Assistant,ESP,1,46177.23
U53071,JC505151,School Operations Manager,ESP,1,97953.7
U46301,JC983600,Military Instructor,Teacher,2,159867.94
U10870,JC501288,Data Strategist,ESP,1,77000
U22251,JC000042,Assistant Principal,Teacher,1,139526.59
U49081,JC000469,Bilingual Sp Educ Classrm Asst,ESP,1,43687.78
U02481,JC601266,Chief of Schools,Teacher,1,175000
U22441,JC990101,School Counselor,Teacher,2,218722.52
U25151,JC000462,School Assistant,ESP,1,39799.31
U25401,JC000462,School Assistant,ESP,1,41786.94
U29121,JC000462,School Assistant,ESP,1,49076.5
U24791,JC600755,Lead Coach,Teacher,1,90807.62
U22431,JC600755,Lead Coach,Teacher,1,90807.62
U23101,JC600755,Lead Coach,Teacher,1,90807.62
U46361,JC000462,School Assistant,ESP,2,87792.56
U46611,JC000462,School Assistant,ESP,1,47509.26
U24871,JC002795,Porter,ESP,3,78155.79
U23521,JC002742,Cook III,ESP,1,30369.44
U31081,JC000469,Bilingual Sp Educ Classrm Asst,ESP,1,47375.94
U10821,JC601836,"Manager, Professional Learning",Teacher,1,120000
U22291,JC600755,Lead Coach,Teacher,1,106053.74
U22771,JC600755,Lead Coach,Teacher,1,137626.89
U10850,JC501891,"Director, College Pathways",ESP,1,120000
U02651,JC601270,Instructional Support Leader,Teacher,3,349317.39
U14060,JC504244,"Dir, School & Comm Suppt FACE",ESP,1,123479.13
U02451,JC500593,Social & Emotional Lrng Spec,ESP,1,90000
U24421,JC000466,School Counseling Office Asst,ESP,1,72173.64
U13725,JC501974,Early College Netwk Suppt Spec,ESP,1,52920
U25021,JC600063,Case Manager,Teacher,1,101088.15
U25471,JC600063,Case Manager,Teacher,2,201726.73
U29251,JC000055,Bilingual Teacher,Teacher,0.5,52074.4
U12010,JC501214,Business Operations Specialist,ESP,1,71151.89
U46401,JC505151,School Operations Manager,ESP,1,100863
U26921,JC003015,Youth Intervention Specialist,ESP,1,56872.5
U22451,JC600755,Lead Coach,Teacher,1,129848.4
U10845,JC602131,"Manager, MSAP",ESP,1,104363
U22621,JC000024,CPC Program Lead Teacher,Teacher,1,90807.62
U23801,JC000464,Special Ed Classroom Assist,ESP,6,261702.57
U25751,JC000469,Bilingual Sp Educ Classrm Asst,ESP,2,107142.14
U22031,JC002983,Senior Security Officer,ESP,2,129405.39
U11210,JC505159,Tutor Corps Literacy Coord,ESP,1,57000
U22751,JC000463,Teacher Assistant,ESP,4,192839.54
U31041,JC002983,Senior Security Officer,ESP,1,55871.25
U24171,JC600755,Lead Coach,Teacher,1,116859.24
U22131,JC003015,Youth Intervention Specialist,ESP,1,76370.99
U26351,JC000024,CPC Program Lead Teacher,Teacher,1,90807.62
U26861,JC505051,Restorative Justice Coord,ESP,1,69095.44
U46251,JC500656,College/Career Coach,ESP,1,73291.69
U14050,JC505098,Mental Health Specialist,ESP,3,197553
U11371,JC500908,Student Engagement Specialist,ESP,1,58446
U23501,JC000071,English Learner Prg Teacher,Teacher,0.5,41544.98
U22301,JC000071,English Learner Prg Teacher,Teacher,0.5,41544.98
U29251,JC000071,English Learner Prg Teacher,Teacher,0.5,41544.98
U22571,JC000071,English Learner Prg Teacher,Teacher,0.5,41544.98
U28081,JC000071,English Learner Prg Teacher,Teacher,0.5,41544.98
U24461,JC000691,Technology Coordinator,ESP,1,86118.11
U53071,JC600063,Case Manager,Teacher,1,121406.37
U29201,JC600063,Case Manager,Teacher,0.5,40369.77
U47041,JC600063,Case Manager,Teacher,0.5,40369.77
U53051,JC600063,Case Manager,Teacher,1,86344.29
U10842,JC505124,Research Partner Manager,ESP,1,90957.08
U22401,JC000480,School Security Officer,ESP,2,105029.36
U46281,JC600063,Case Manager,Teacher,2,222921.84
U53021,JC500446,School Culture Coordinator,ESP,1,81000
U25471,JC505051,Restorative Justice Coord,ESP,1,69095.44
U46391,JC000702,Parent Advocate,ESP,1,55494.72
U23271,JC000042,Assistant Principal,Teacher,1,140998.77
U46211,JC000711,Community Relations Rep,ESP,1,59177.15
U12510,JC502002,"Manager, IT Asset Management",ESP,1,117300
U51021,JC600755,Lead Coach,Teacher,1,98415.31
U24231,JC990101,School Counselor,Teacher,2,215535.73
U23131,JC002983,Senior Security Officer,ESP,1,67616.19
U46261,JC003015,Youth Intervention Specialist,ESP,1,72642.19
U31061,JC003015,Youth Intervention Specialist,ESP,2,149013.18
U31201,JC002983,Senior Security Officer,ESP,1,64628.87
U12510,JC502030,"Dir, Sch Tech Suppt Shared Svc",ESP,1,128710
U22151,JC600755,Lead Coach,Teacher,1,132022.88
U46251,JC000710,Student Special Svc Advocate,ESP,2,166185.35
U29261,JC500629,Special Education Teacher,Teacher,2,233153.51
U22271,JC000691,Technology Coordinator,ESP,1,98002.46
U30151,JC000462,School Assistant,ESP,1,36546.64
U46061,JC000531,School Library Assistant,ESP,1,54556.15
U25521,JC000042,Assistant Principal,Teacher,1,142005.63
U22761,JC000042,Assistant Principal,Teacher,1,131153.03
U22821,JC002742,Cook III,ESP,1,30369.44
U46611,JC500939,Conflict Resolution Specialist,ESP,1,84623.05
U31141,JC000466,School Counseling Office Asst,ESP,1,59248.66
U29221,JC505051,Restorative Justice Coord,ESP,1,64575.18
U25091,JC600755,Lead Coach,Teacher,1,105724.57
U24771,JC000071,English Learner Prg Teacher,Teacher,1,83089.96
U24851,JC000071,English Learner Prg Teacher,Teacher,1,83089.96
U46041,JC000071,English Learner Prg Teacher,Teacher,1,83089.96
U29091,JC000071,English Learner Prg Teacher,Teacher,1,83089.96
U46511,JC000710,Student Special Svc Advocate,ESP,1,72642.19
U11545,JC502018,"Mgr, SEL Instructn & Assessmt",ESP,1,114450
U22311,JC000478,Teacher Assistant Bilingual,ESP,1,41324.52
U46131,JC000480,School Security Officer,ESP,4,198178.18
U22021,JC000071,English Learner Prg Teacher,Teacher,1,83089.96
U23551,JC000071,English Learner Prg Teacher,Teacher,1,83089.96
U26351,JC600755,Lead Coach,Teacher,1,90807.62
U12510,JC502125,"DIr, Office Ops & Initiatives",ESP,1,150150
U51091,JC000710,Student Special Svc Advocate,ESP,1,72934.62
U46331,JC000531,School Library Assistant,ESP,1,64521.81
U10210,JC505068,Trns Process & Contracts Coord,ESP,1,69216
U23751,JC002742,Cook III,ESP,1,26573.26
U24651,JC000042,Assistant Principal,Teacher,1,143520
U10814,JC504676,"Dir, Digital Learn & Libraries",ESP,1,137943.83
U11010,JC501890,"ED, Compensation & Org Design",ESP,1,167045.4
U46681,JC000467,School Clerk Assistant,ESP,1,56824.38
U46681,JC003015,Youth Intervention Specialist,ESP,1,72642.19
U23101,JC000042,Assistant Principal,Teacher,1,133584.45
U26391,JC600063,Case Manager,Teacher,0.5,45062.95
U13610,JC501905,Transition Coordinator,ESP,1,82500
U22061,JC000042,Assistant Principal,Teacher,1,128848.7
U29021,JC600063,Case Manager,Teacher,0.5,40369.77
U22061,JC000691,Technology Coordinator,ESP,1,78058.76
U22671,JC500992,STLS Advocate,ESP,1,70568.16
U22901,JC000463,Teacher Assistant,ESP,1,47098.78
U24851,JC003917,Instructor Assistant,ESP,1,50950.88
U26651,JC002742,Cook III,ESP,1,26573.26
U13725,JC504286,Curriculum and Instruction Mgr,ESP,1,100000
U41091,JC000691,Technology Coordinator,ESP,1,88958.97
U46551,JC000711,Community Relations Rep,ESP,1,62214.78
U22701,JC000071,English Learner Prg Teacher,Teacher,1,83089.96
U24151,JC000071,English Learner Prg Teacher,Teacher,1,83089.96
U23821,JC000071,English Learner Prg Teacher,Teacher,1,83089.96
U51091,JC000042,Assistant Principal,Teacher,1,125810
U26281,JC000041,Principal,Teacher,1,160387
U24681,JC000041,Principal,Teacher,1,175552.91
U22061,JC000041,Principal,Teacher,1,162850
U31081,JC990101,School Counselor,Teacher,1,118219.62
U25561,JC000041,Principal,Teacher,1,170469
U24201,JC000042,Assistant Principal,Teacher,1,142207
U29221,JC000042,Assistant Principal,Teacher,1,134524.52
U25451,JC000041,Principal,Teacher,1,149350
U53021,JC983600,Military Instructor,Teacher,2,209308
U29021,JC000041,Principal,Teacher,1,176377
U23421,JC002983,Senior Security Officer,ESP,1,67616.19
U31221,JC000480,School Security Officer,ESP,1,53597.67
U24131,JC002795,Porter,ESP,1,29773.63
U25711,JC002738,Elementary Lunchroom Manager,ESP,1,42233.21
U23261,JC002738,Elementary Lunchroom Manager,ESP,1,40210.95
U23321,JC002738,Elementary Lunchroom Manager,ESP,1,42233.21
U25141,JC505051,Restorative Justice Coord,ESP,1,66087.74
U24811,JC000041,Principal,Teacher,1,160496
U22801,JC990101,School Counselor,Teacher,1,125832.4
U22941,JC505051,Restorative Justice Coord,ESP,1,56872.5
U53041,JC000041,Principal,Teacher,1,174291.84
U25141,JC000041,Principal,Teacher,1,165019
U26861,JC990101,School Counselor,Teacher,1,91854.15
U49021,JC000055,Bilingual Teacher,Teacher,1,88905.97
U22211,JC000041,Principal,Teacher,1,173963
U31111,JC000041,Principal,Teacher,1,173963
U53091,JC000480,School Security Officer,ESP,1,43850.32
U26061,JC000468,School Clerk,ESP,1,77158.12
U24631,JC990101,School Counselor,Teacher,1,125725.29
U31211,JC002741,Cook II,ESP,1,34063.49
U31301,JC002795,Porter,ESP,1,29773.63
U26371,JC002738,Elementary Lunchroom Manager,ESP,1,40210.95
U23501,JC002795,Porter,ESP,1,29773.63
U31251,JC002795,Porter,ESP,1,27912.78
U22131,JC002763,Associate Lunchroom Mgr III,ESP,1,26573.26
U32031,JC000041,Principal,Teacher,1,171056
U22311,JC000042,Assistant Principal,Teacher,1,147396
U12510,JC501965,"Dir, ERP Portfolio Management",ESP,1,158000
U25601,JC000042,Assistant Principal,Teacher,1,149409
U23311,JC002795,Porter,ESP,1,29773.63
U25151,JC002770,Lunchroom Attendant,ESP,2,56566.14
U31261,JC002770,Lunchroom Attendant,ESP,2,40656.91
U23011,JC990101,School Counselor,Teacher,1,120189.87
U46021,JC000041,Principal,Teacher,1,189714
U24871,JC000710,Student Special Svc Advocate,ESP,1,87295.03
U22491,JC000468,School Clerk,ESP,1,79383.84
U23821,JC002770,Lunchroom Attendant,ESP,2,42424.6
U23001,JC000042,Assistant Principal,Teacher,1,143417.33
U46131,JC990101,School Counselor,Teacher,3,288487.63
U25341,JC002738,Elementary Lunchroom Manager,ESP,1,40210.95
U22501,JC002738,Elementary Lunchroom Manager,ESP,1,40210.95
U29391,JC002738,Elementary Lunchroom Manager,ESP,1,40210.95
U22661,JC000480,School Security Officer,ESP,1,56063.9
U23401,JC002738,Elementary Lunchroom Manager,ESP,1,48435.98
U22971,JC002770,Lunchroom Attendant,ESP,1,21212.3
U24131,JC000041,Principal,Teacher,1,178020
U24671,JC000042,Assistant Principal,Teacher,1,148080
U25661,JC002741,Cook II,ESP,1,34063.49
U24811,JC000468,School Clerk,ESP,1,82988.96
U46431,JC000041,Principal,Teacher,1,185365
U22411,JC000463,Teacher Assistant,ESP,2,92884.97
U23251,JC002795,Porter,ESP,1,26051.93
U23031,JC002738,Elementary Lunchroom Manager,ESP,1,40210.95
U31111,JC000463,Teacher Assistant,ESP,2,96857.34
U29011,JC990101,School Counselor,Teacher,1,92990.41
U29391,JC002983,Senior Security Officer,ESP,1,64628.87
U29101,JC000041,Principal,Teacher,1,177989
U12510,JC504348,Device Management Manager,ESP,1,111040.96
U26891,JC000468,School Clerk,ESP,1,85478.63
U11010,JC504591,Talent Coordinator,ESP,1,63000
U10210,JC504704,"ED, Administrative Hearings",ESP,1,167524.35
U24671,JC002738,Elementary Lunchroom Manager,ESP,1,46400.71
U31211,JC000042,Assistant Principal,Teacher,1,133213.59
U28081,JC000480,School Security Officer,ESP,1,51281.8
U22431,JC000041,Principal,Teacher,1,173963
U29141,JC002738,Elementary Lunchroom Manager,ESP,1,40210.95
U29051,JC002738,Elementary Lunchroom Manager,ESP,1,42233.21
U25591,JC002762,Associate Lunchroom Mgr II,ESP,1,34063.49
U26701,JC002763,Associate Lunchroom Mgr III,ESP,1,30369.44
U46401,JC200041,Interim Principal,Teacher,1,159476.33
U46641,JC990101,School Counselor,Teacher,1,109244.03
U25571,JC990101,School Counselor,Teacher,1,81521.8
U46201,JC000041,Principal,Teacher,1,189714
U49021,JC000041,Principal,Teacher,1,167711
U30121,JC200041,Interim Principal,Teacher,1,153785
U30121,JC000042,Assistant Principal,Teacher,1,139724
U29091,JC002738,Elementary Lunchroom Manager,ESP,1,46400.71
U10210,JC505040,Paralegal Lead,ESP,1,76439.46
U22531,JC002795,Porter,ESP,1,29773.63
U25861,JC990101,School Counselor,Teacher,1,93845.92
U26631,JC000480,School Security Officer,ESP,1,56063.9
U23991,JC000042,Assistant Principal,Teacher,1,143314.67
U66112,JC002795,Porter,ESP,1,26051.93
U66691,JC002795,Porter,ESP,1,29773.63
U29141,JC000480,School Security Officer,ESP,2,100457.36
U23221,JC002983,Senior Security Officer,ESP,1,64628.87
U23431,JC000042,Assistant Principal,Teacher,1,144695.32
U24531,JC990101,School Counselor,Teacher,1,78973.4
U22031,JC002763,Associate Lunchroom Mgr III,ESP,1,28471.35
U25351,JC002795,Porter,ESP,1,26051.93
U23531,JC000480,School Security Officer,ESP,1,46428.28
U23101,JC002741,Cook II,ESP,1,34063.49
U45211,JC990101,School Counselor,Teacher,2,201533.01
U53121,JC200041,Interim Principal,Teacher,1,166349
U22881,JC000478,Teacher Assistant Bilingual,ESP,1,50395.7
U23411,JC003917,Instructor Assistant,ESP,1,63065.17
U23621,JC000476,Teacher Asst Bil Spanish,ESP,1,57604.26
U25471,JC000469,Bilingual Sp Educ Classrm Asst,ESP,1,58819.77
U24851,JC000469,Bilingual Sp Educ Classrm Asst,ESP,2,95887.47
U25811,JC002983,Senior Security Officer,ESP,1,58950.49
U23931,JC002770,Lunchroom Attendant,ESP,1,24747.69
U22571,JC000041,Principal,Teacher,1,160387
U23041,JC000041,Principal,Teacher,1,189714
U22431,JC000468,School Clerk,ESP,1,77998.78
U23891,JC000468,School Clerk,ESP,1,85478.63
U24631,JC000468,School Clerk,ESP,1,85478.63
U23811,JC002763,Associate Lunchroom Mgr III,ESP,1,30369.44
U31161,JC000468,School Clerk,ESP,1,80571.8
U49101,JC002770,Lunchroom Attendant,ESP,1,14141.54
U49041,JC000472,Special Education Support Clrk,ESP,1,86181.64
U22881,JC002795,Porter,ESP,1,26051.93
U46611,JC002795,Porter,ESP,1,29773.63
U24341,JC002501,School Clerk (Bilin Spanish),ESP,1,80571.8
U23971,JC002763,Associate Lunchroom Mgr III,ESP,1,30369.44
U29021,JC990101,School Counselor,Teacher,1,126022.62
U41051,JC000041,Principal,Teacher,1,178020
U22861,JC000478,Teacher Assistant Bilingual,ESP,1,52982.57
U26841,JC000468,School Clerk,ESP,1,72896.06
U70070,JC000468,School Clerk,ESP,1,76637.9
U25011,JC002738,Elementary Lunchroom Manager,ESP,1,46400.71
U26091,JC002795,Porter,ESP,1,26051.93
U22621,JC003917,Instructor Assistant,ESP,1,64884.36
U46381,JC505114,Military Property Coordinator,ESP,1,52422.46
U25581,JC002742,Cook III,ESP,1,26573.26
U22681,JC990101,School Counselor,Teacher,1,109720.2
U28081,JC002738,Elementary Lunchroom Manager,ESP,1,40210.95
U11010,JC500036,Benefits Manager,ESP,1,102591.09
U49031,JC990101,School Counselor,Teacher,1,118670.82
U22681,JC000468,School Clerk,ESP,1,79146.88
U22881,JC000468,School Clerk,ESP,1,85478.63
U29051,JC000468,School Clerk,ESP,1,85478.63
U24131,JC000468,School Clerk,ESP,1,72896.06
U25351,JC000480,School Security Officer,ESP,1,56063.9
U26631,JC002795,Porter,ESP,1,29773.63
U49031,JC002770,Lunchroom Attendant,ESP,1,22980
U26881,JC002770,Lunchroom Attendant,ESP,1,19444.61
U23371,JC002983,Senior Security Officer,ESP,1,64628.87
U24051,JC002983,Senior Security Officer,ESP,1,58950.49
U29321,JC002738,Elementary Lunchroom Manager,ESP,1,46400.71
U14060,JC500295,Office Manager,ESP,1,72911.49
U46631,JC000041,Principal,Teacher,1,173079
U29261,JC002795,Porter,ESP,1,29773.63
U46421,JC002777,Lunchroom Manager,ESP,1,61548.71
U24741,JC002795,Porter,ESP,1,26051.93
U23551,JC000041,Principal,Teacher,1,175547
U70070,JC983600,Military Instructor,Teacher,3,299852.19
U46511,JC002777,Lunchroom Manager,ESP,1,55748.03
U53041,JC002770,Lunchroom Attendant,ESP,1,21212.3
U29171,JC002795,Porter,ESP,1,26051.93
U11010,JC504737,Deputy Chief Talent Officer,ESP,1,189740
U46631,JC002795,Porter,ESP,1,27912.78
U24071,JC000469,Bilingual Sp Educ Classrm Asst,ESP,1,58254.19
U23491,JC002770,Lunchroom Attendant,ESP,2,41550.81
U46471,JC002795,Porter,ESP,1,26051.93
U25211,JC002738,Elementary Lunchroom Manager,ESP,1,40210.95
U24671,JC000041,Principal,Teacher,1,180436
U30071,JC000468,School Clerk,ESP,1,74190.5
U53111,JC002795,Porter,ESP,1,29773.63
U46271,JC002795,Porter,ESP,1,29773.63
U26371,JC002795,Porter,ESP,1,29773.63
U46041,JC002770,Lunchroom Attendant,ESP,1,24747.69
U26421,JC000468,School Clerk,ESP,1,74190.5
U31081,JC002795,Porter,ESP,1,29773.63
U70070,JC505114,Military Property Coordinator,ESP,1,49729.68
U23831,JC002763,Associate Lunchroom Mgr III,ESP,1,30369.44
U46101,JC002795,Porter,ESP,1,29773.63
U26281,JC000468,School Clerk,ESP,1,74190.5
U26621,JC000468,School Clerk,ESP,1,72896.06
U24941,JC000469,Bilingual Sp Educ Classrm Asst,ESP,1,58254.19
U25811,JC002795,Porter,ESP,1,26051.93
U23031,JC000468,School Clerk,ESP,1,65951.55
U23021,JC002770,Lunchroom Attendant,ESP,1,21212.3
U24691,JC002795,Porter,ESP,1,29773.63
U26591,JC000480,School Security Officer,ESP,1,46428.28
U20071,JC000041,Principal,Teacher,1,180665
U23511,JC002501,School Clerk (Bilin Spanish),ESP,1,70568.16
U24751,JC000468,School Clerk,ESP,1,77998.78
U29381,JC000463,Teacher Assistant,ESP,1,48128.11
U11210,JC504914,"ED, Assessment",ESP,1,167045.4
U10610,JC501833,Crisis Response Manager,ESP,1,84264.3
U29241,JC000042,Assistant Principal,Teacher,1,129802
U22141,JC000041,Principal,Teacher,1,178020
U24401,JC000041,Principal,Teacher,1,170593.67
U25291,JC000042,Assistant Principal,Teacher,1,142207
U25211,JC000041,Principal,Teacher,1,157771
U26391,JC000041,Principal,Teacher,1,166235
U23221,JC000065,IB Coordinator,Teacher,1,131228
U24661,JC000042,Assistant Principal,Teacher,1,132522
U26841,JC000042,Assistant Principal,Teacher,1,137290
U46101,JC000467,School Clerk Assistant,ESP,1,53106.9
U10610,JC501567,Crisis Coordinator,ESP,4,277469.92
U22231,JC000071,English Learner Prg Teacher,Teacher,1,83089.96
U29301,JC000071,English Learner Prg Teacher,Teacher,1,83089.96
U11540,JC502102,"Dir, Newcomer Services",ESP,1,123984.55
U46031,JC000710,Student Special Svc Advocate,ESP,1,76370.99
U23901,JC000041,Principal,Teacher,1,148100
U23081,JC000041,Principal,Teacher,1,182021
U24731,JC000041,Principal,Teacher,1,183684
U25401,JC000041,Principal,Teacher,1,165019
U26431,JC000041,Principal,Teacher,1,178020
U47061,JC000041,Principal,Teacher,1,183684
U22771,JC200041,Interim Principal,Teacher,1,172395
U23031,JC600755,Lead Coach,Teacher,1,128411.33
U25071,JC000042,Assistant Principal,Teacher,1,147396
U22471,JC000039,Part-Time Teacher,Teacher,0.5,44452.98
U23301,JC000071,English Learner Prg Teacher,Teacher,1,83089.96
U23341,JC000071,English Learner Prg Teacher,Teacher,1,83089.96
U25031,JC000071,English Learner Prg Teacher,Teacher,1,83089.96
U24531,JC000071,English Learner Prg Teacher,Teacher,1,83089.96
U23001,JC505051,Restorative Justice Coord,ESP,1,56872.5
U25561,JC505051,Restorative Justice Coord,ESP,1,62861.01
U70070,JC000055,Bilingual Teacher,Teacher,0.5,46916.17
U23241,JC000041,Principal,Teacher,1,160387
U46221,JC000041,Principal,Teacher,1,177082
U22221,JC000041,Principal,Teacher,1,157655
U24761,JC000041,Principal,Teacher,1,175810
U22821,JC000041,Principal,Teacher,1,165019
U31281,JC000041,Principal,Teacher,1,163282
U29161,JC000041,Principal,Teacher,1,153363
U29261,JC000041,Principal,Teacher,1,178020
U25011,JC000041,Principal,Teacher,1,182352
U24021,JC000041,Principal,Teacher,1,160997.7
U22501,JC000041,Principal,Teacher,1,172143.31
