Unit,Unit Description,Unit Category Description,Unit Type,Network Name,Grade Type,Leaf Unit,Unit Level,Parent Unit,Level 1 Unit Description,Level 2 Unit Description,Level 3 Unit Description,Level 4 Unit Description,Level 5 Unit Description,Level 6 Unit Description,Unit Admin,Unit Location Group,Region Code,Network Unit,Network Number,Area Number,Cluster Number,Demographics Flag
U26721,Sandoval Elementary School,,CPS Public School,,Elementary School,1,6,U26720,Board of Trustees Total,Chief Executive Officer Total,School Networks Total,Network 8 Total,Sandoval Elementary School Total,Sandoval Elementary School,,Schools,,,,,,N
U27031,MSAC - Brighton Park 1 Area Elementary School,,,,,1,6,U27030,Board of Trustees Total,Chief Executive Officer Total,School Networks Total,Network 8 Total,MSAC - Brighton Park 1 Area Elementary School Total,MSAC - Brighton Park 1 Area Elementary School,,Schools,,,,,,N
U10829,Personalized Learning Office Total,,,,,0,4,U10800,Board of Trustees Total,Chief Executive Officer Total,Chief Education Office Total,Personalized Learning Office Total,,,,,,,,,,N
U31020,Crispus Attucks School Total,,,,,0,5,U02490,Board of Trustees Total,Chief Executive Officer Total,School Networks Total,Network 9 Total,Crispus Attucks School Total,,,,,,,,,N
U10803,Leadership Development and Support Total,,,,,0,4,U11000,Board of Trustees Total,Chief Executive Office Total,Talent Office Total,Leadership Development and Support Total,,,,,,,,,,N
U66371,Chicago International Charter School (CICS)- Avalon/South Shore Campus,,Charter School,,Elementary School,1,5,U60005,Board of Trustees Total,Chief Executive Officer Total,School Networks Total,Charter Schools Network Total,Chicago International Charter School (CICS)- Avalon/South Shore Campus,,,Schools,,,,,,N
U67070,Legacy Charter School Total,,,,,0,6,U60005,Board of Trustees Total,Chief Executive Officer Total,School Collaboratives Total,School Collaborative - Other Total,Charter/Contract Schools Total,Legacy Charter School Total,,,,,,,,N
U66691,Intrinsic School,,,,,1,5,U60005,Board of Trustees Total,Chief Executive Officer Total,School Networks Total,Charter Schools Network Total,Intrinsic School,,,Schools,,,,,,N
U66802,Pathways in Education Lincoln Square,,,,,1,5,U60005,Board of Trustees Total,Chief Executive Officer Total,School Networks Total,Charter Schools Network Total,Pathways in Education Lincoln Square,,,Schools,,,,,,N
U66901,UNO Charter School - Academy High School,,Charter School,,High School,1,5,U60005,Board of Trustees Total,Chief Executive Officer Total,School Networks Total,Charter Schools Network Total,UNO Charter School - Academy High School,,,Schools,,,,,,N
U10812,Chief Teaching and Learning Office Total,,,,,0,4,U10800,Board of Trustees Total,Chief Executive Officer Total,Chief Education Office Total,Chief Teaching and Learning Office Total,,,,,,,,,,N
U26061,Jackie R Robinson School,,CPS Public School,,Elementary School,1,6,U26060,Board of Trustees Total,Chief Executive Officer Total,School Networks Total,Network 9 Total,Jackie R Robinson Total,Jackie R Robinson School,,Schools,,,,,,N
U02350,Southwest Side Collaborative Total,,,,,0,4,U02310,Board of Trustees Total,Chief Executive Office Total,School Collaboratives Total,Southwest Side Collaborative Total,,,,,,,,,,N
U63061,Community Services West High School,,Contract School,,High School,1,5,U63000,Board of Trustees Total,Chief Executive Officer Total,School Networks Total,Contract Schools Network Total,Community Services West High School,,,Schools,,,,,,N
U66661,Christopher House Charter School,,Charter School,,Grade Type TBD,1,5,U60005,Board of Trustees Total,Chief Executive Officer Total,School Networks Total,Charter Schools Network Total,Christopher House Charter School,,,Schools,,,,,,N
U31151,Charles Kozminski Community Academy School,,CPS Public School,,Elementary School,1,6,U31150,Board of Trustees Total,Chief Executive Officer Total,School Networks Total,Network 9 Total,Charles Kozminski Community Academy School Total,Charles Kozminski Community Academy School,,Schools,,,,,,N
U24692,Rose Of Sharon Branch Of Nobel,,Inactive School,,Elementary School,1,7,U24690,Board of Trustees Total,Chief Executive Officer Total,School Collaboratives Total,West Side Collaborative Total,Garfield-Humboldt Elementary Network Total,Alfred Nobel Elementary School Total,,Schools,,,,,,N
U10875,Citywide Student Support and Engagement,,,,,1,6,U00005,Board of Trustees Total,Chief Executive Officer Total,Chief Education Office Total,College and Career Success Total,Student Support and Engagement Total,Citywide Student Support and Engagement,,Schools,,,,,,N
U10610,School Safety and Security Office,,Central Office,,,1,5,U10600,Board of Trustees Total,Chief Executive Officer Total,Chief Operating Officer Total,Safety & Security Total,School Safety and Security Office,,,Central Office,,,,,,N
U23380,Robert J. Richardson Middle School Total,,,,,0,5,U02500,Board of Trustees Total,Chief Executive Officer Total,School Networks Total,Network 10 Total,Robert J. Richardson Middle School Total,,,,,,,,,N
U23461,Robert L Grimes School,,CPS Public School,,Elementary School,1,6,U23460,Board of Trustees Total,Chief Executive Officer Total,School Networks Total,Network 10 Total,Robert L Grimes School Total,Robert L Grimes School,,Schools,,,,,,N
U10813,Social Science & Civic Engagement,,,,,1,5,U10812,Board of Trustees Total,Chief Executive Officer Total,Chief Education Office Total,Chief Teaching and Learning Office Total,Social Science & Civic Engagement,,,Schools,,,,,,N
U10814,Curriculum Instruction and Digital Learning,,,,,1,5,U10812,Board of Trustees Total,Chief Executive Officer Total,Chief Education Office Total,Chief Teaching and Learning Office Total,Curriculum Instruction and Digital Learning,,,Schools,,,,,,N
U11940,School Transportation - City Wide,,City Wide,,,1,6,U11900,Board of Trustees Total,Chief Executive Officer Total,Chief Operating Officer Total,Chief Administrative Office Total,Student Transportation Total,School Transportation - City Wide,,City Wide,,,,,,N
U22780,Zenos Colman School Total,,,,,0,5,U02490,Board of Trustees Total,Chief Executive Officer Total,School Networks Total,Network 9 Total,Zenos Colman School Total,,,,,,,,,N
U22991,James R Doolittle Jr Elementary School,,CPS Public School,,Elementary School,1,6,U22990,Board of Trustees Total,Chief Executive Officer Total,School Networks Total,Network 9 Total,James R Doolittle Jr Intermediate & Upper Cycle East Total,James R Doolittle Jr Elementary School,,Schools,,,,,,N
U10860,Humanities Office,,Central Office,,,1,5,U10812,Board of Trustees Total,Chief Executive Officer Total,Chief Education Office Total,Chief Teaching and Learning Office Total,Humanities Office,,,Central Office,,,,,,N
U26111,Helen J Mccorkle,,CPS Public School,,Elementary School,1,6,U26110,Board of Trustees Total,Chief Executive Officer Total,School Networks Total,Network 9 Total,Helen J Mccorkle Total,Helen J Mccorkle,,Schools,,,,,,N
U10872,Office of Sustainable Community Schools,,,,,1,5,U11400,Board of Trustees Total,Chief Executive Officer Total,Chief Education Office Total,College and Career Success Total,Office of Sustainable Community Schools,,,Schools,,,,,,N
U10898,Social and Emotional Learning - City Wide,,City Wide,,,1,6,U10899,Board of Trustees Total,Chief Executive Officer Total,Chief Education Office Total,College and Career Success Total,Social and Emotional Learning Total,Social and Emotional Learning - City Wide,,City Wide,,,,,,N
U51020,Harlan Community Academy High School Total,,,,,0,5,U02670,Board of Trustees Total,Chief Executive Officer Total,School Networks Total,Network 17 Total,Harlan Community Academy High School Total,,,,,,,,,N
U11325,Citywide - High School Programs,,,,,1,4,U10800,Board of Trustees Total,Chief Executive Officer Total,Chief Education Office Total,Citywide - High School Programs,,,,Schools,,,,,,N
U68000,Stadiums Total,,,,,0,5,U11800,Board of Trustees Total,Chief Executive Officer Total,Chief Operating Officer Total,Facility Operations & Management Total,Stadiums Total,,,,,,,,,N
U66031,KIPP Academy Chicago Campus,,Charter School,,Grade Type TBD,1,5,U60005,Board of Trustees Total,Chief Executive Officer Total,School Networks Total,Charter Schools Network Total,KIPP Academy Chicago Campus,,,Schools,,,,,,N
U66056,Perspectives - Math and Science Academy,,Charter School,,High School,1,5,U60005,Board of Trustees Total,Chief Executive Officer Total,School Networks Total,Charter Schools Network Total,Perspectives - Math and Science Academy,,,Schools,,,,,,N
U11360,Early Childhood Development,,Central Office,,,1,5,U11369,Board of Trustees Total,Chief Executive Officer Total,Chief Education Office Total,Early Childhood Development Total,Early Childhood Development,,,Central Office,,,,,,N
U11510,Multicultural-Multilingual Education,,Central Office,,,1,5,U11500,Board of Trustees Total,Chief Executive Officer Total,Chief Education Office Total,Multicultural-Multilingual Education Total,Multicultural-Multilingual Education,,,Central Office,,,,,,N
U11209,Assessment Total,,,,,0,5,U10812,Board of Trustees Total,Chief Executive Officer Total,Chief Education Office Total,Chief Teaching and Learning Office Total,Assessment Total,,,,,,,,,N
U66572,Noble Street Charter High School - Chicago Bulls College Prep Campus,,Charter School,,High School,1,5,U60005,Board of Trustees Total,Chief Executive Officer Total,School Networks Total,Charter Schools Network Total,Noble Street Charter High School - Chicago Bulls College Prep Campus,,,Schools,,,,,,N
U15500,Office of Planning and Data Management,,Central Office,,,1,4,U13600,Board of Trustees Total,Chief Executive Officer Total,Portfolio Office Total,Office of Planning and Data Management,,,,Central Office,,,,,,N
U02351,Southwest Side Collaborative,,Inactive,,,1,5,U02350,Board of Trustees Total,Chief Executive Office Total,School Collaboratives Total,Southwest Side Collaborative Total,Southwest Side Collaborative,,,Schools,,,,,,N
U02360,Far South Side Collaborative Total,,,,,0,4,U02310,Board of Trustees Total,Chief Executive Office Total,School Collaboratives Total,Far South Side Collaborative Total,,,,,,,,,,N
U13717,Mathematics,,,,,1,5,U10812,Board of Trustees Total,Chief Executive Officer Total,Chief Education Office Total,Chief Teaching and Learning Office Total,Mathematics,,,Schools,,,,,,N
U13719,Mathematics & Science Total,,,,,0,5,U10812,Board of Trustees Total,Chief Executive Officer Total,Chief Education Office Total,Chief Teaching and Learning Office Total,Mathematics & Science Total,,,,,,,,,N
U11540,Multicultural-Multilingual Education City-Wide,,City Wide,,,1,5,U11500,Board of Trustees Total,Chief Executive Officer Total,Chief Education Office Total,Multicultural-Multilingual Education Total,Multicultural-Multilingual Education City-Wide,,,City Wide,,,,,,N
U26461,Evergreen Academy School,,CPS Public School,,Elementary School,1,6,U26460,Board of Trustees Total,Chief Executive Officer Total,School Networks Total,Network 8 Total,Evergreen Academy School Total,Evergreen Academy School,,Schools,,,,,,N
U24411,William J & Charles H Mayo School,,CPS Public School,,Elementary School,1,6,U24410,Board of Trustees Total,Chief Executive Officer Total,School Networks Total,Network 9 Total,William J & Charles H Mayo School Total,William J & Charles H Mayo School,,Schools,,,,,,N
U24830,Francis Parkman School Total,,,,,0,5,U02490,Board of Trustees Total,Chief Executive Officer Total,School Networks Total,Network 9 Total,Francis Parkman School Total,,,,,,,,,N
U11671,Office for Students with Disabilities - Procedure & Standards,,,,,1,5,U11600,Board of Trustees Total,Chief Executive Officer Total,Chief Education Office Total,Office for Students with Disabilities (OSD) Total,Office for Students with Disabilities - Procedure & Standards,,,Schools,,,,,,N
U68070,Winnemac Stadium,,Stadium,,,1,6,U68000,Board of Trustees Total,Chief Executive Officer Total,Chief Operating Officer Total,Facility Operations & Management Total,Stadiums Total,Winnemac Stadium,,Schools,,,,,,N
U66604,UNO Charter School - UNO Elem FY14 3,,,,,1,5,U60005,Board of Trustees Total,Chief Executive Officer Total,School Networks Total,Charter Schools Network Total,UNO Charter School - UNO Elem FY14 3,,,Schools,,,,,,N
U66074,Chicago International Charter School - Irving Park,,Charter School,,Elementary School,1,5,U60005,Board of Trustees Total,Chief Executive Officer Total,School Networks Total,Charter Schools Network Total,Chicago International Charter School - Irving Park,,,Schools,,,,,,N
U26681,Elementary Multiplex,,Multiplex,,,1,6,U26680,Board of Trustees Total,Chief Executive Officer Total,School Networks Total,Network 9 Total,Elementary Multiplex Total,Elementary Multiplex,,Schools,,,,,,N
U28070,Woodson South Multiplex Total,,,,,0,5,U02490,Board of Trustees Total,Chief Executive Officer Total,School Networks Total,Network 9 Total,Woodson South Multiplex Total,,,,,,,,,N
U12005,Nutrition Support Services Total,,,,,0,5,U12000,Board of Trustees Total,Chief Executive Officer Total,Chief Operating Officer Total,Food Services Total,Nutrition Support Services Total,,,,,,,,,N
U12210,Procurement and Contracts Office,,Central Office,,,1,4,U11700,Board of Trustees Total,Chief Executive Officer Total,Chief Operating Officer Total,Procurement and Contracts Office,,,,Central Office,,,,,,N
U13410,Office of Transitional and Middle Schools,,,,,1,4,U10800,Board of Trustees Total,Chief Executive Officer Total,Chief Education Office Total,Office of Transitional and Middle Schools,,,,Schools,,,,,,N
U22210,Jacob Beidler School Total,,,,,0,5,U02450,Board of Trustees Total,Chief Executive Officer Total,School Networks Total,Network 5 Total,Jacob Beidler School Total,,,,,,,,,N
U44021,Collins Multiplex,,Multiplex,,,1,6,U44020,Board of Trustees Total,Chief Executive Officer Total,School Networks Total,Network 5 Total,Collins Multiplex Total,Collins Multiplex,,Schools,,,,,,N
U23841,Nia School,,CPS Public School,,Elementary School,1,6,U23840,Board of Trustees Total,Chief Executive Officer Total,School Networks Total,Network 6 Total,Nia School Total,Nia School,,Schools,,,,,,N
U23501,Alexander Hamilton School,,CPS Public School,,Elementary School,1,6,U23500,Board of Trustees Total,Chief Executive Officer Total,School Networks Total,Network 4 Total,Alexander Hamilton School Total,Alexander Hamilton School,,Schools,,,,,,N
U23921,Friedrich L. Jahn Elementary of the Fine Arts,,CPS Public School,,Elementary School,1,6,U23920,Board of Trustees Total,Chief Executive Officer Total,School Networks Total,Network 4 Total,Friedrich L. Jahn Elementary of the Fine Arts Total,Friedrich L. Jahn Elementary of the Fine Arts,,Schools,,,,,,N
U23592,Haugan Branch-Prekg Center,,CPS Public School,,Elementary School,1,6,U23590,Board of Trustees Total,Chief Executive Officer Total,School Networks Total,Independent Schools Network Total,Helge A Haugan Total,Haugan Branch-Prekg Center,,Schools,,,,,,N
U26771,Belmont-Cragin School,,CPS Public School,,Elementary School,1,6,U26770,Board of Trustees Total,Chief Executive Officer Total,School Networks Total,Network 3 Total,Belmont-Cragin School Total,Belmont-Cragin School,,Schools,,,,,,N
U27011,MSAC - Belmont Cragin Area Elementary School,,,,,1,6,U27010,Board of Trustees Total,Chief Executive Officer Total,School Networks Total,Network 3 Total,MSAC - Belmont Cragin Area Elementary School Total,MSAC - Belmont Cragin Area Elementary School,,Schools,,,,,,N
U22671,Thomas Chalmers STEAM Elementary School,,CPS Public School,,Elementary School,1,6,U22670,Board of Trustees Total,Chief Executive Officer Total,School Networks Total,Network 5 Total,Thomas Chalmers STEAM Elementary School Total,Thomas Chalmers STEAM Elementary School,,Schools,,,,,,N
U25581,Mancel Talcott School,,CPS Public School,,Elementary School,1,6,U25580,Board of Trustees Total,Chief Executive Officer Total,School Networks Total,Network 6 Total,Mancel Talcott School Total,Mancel Talcott School,,Schools,,,,,,N
U23250,Joseph Kellman Corporate Community School Total,,,,,0,5,U02450,Board of Trustees Total,Chief Executive Officer Total,School Networks Total,Network 5 Total,Joseph Kellman Corporate Community School Total,,,,,,,,,N
U46411,George W Collins High School,,CPS Public School,,High School,1,6,U46410,Board of Trustees Total,Chief Executive Officer Total,School Networks Total,Network 5 Total,George W Collins High School Total,George W Collins High School,,Schools,,,,,,N
U25871,A N Pritzker School,,CPS Public School,,Elementary School,1,6,U25870,Board of Trustees Total,Chief Executive Officer Total,School Networks Total,Network 6 Total,A N Pritzker School Total,A N Pritzker School,,Schools,,,,,,N
U24202,Linne Br - Linne,,CPS Public School,,Elementary School,1,6,U24200,Board of Trustees Total,Chief Executive Officer Total,School Networks Total,Network 4 Total,Carl Von Linne Elementary School Total,Linne Br - Linne,,Schools,,,,,,N
U24530,Logan Square Elementary School Total,,,,,0,5,U02440,Board of Trustees Total,Chief Executive Officer Total,School Networks Total,Network 4 Total,Logan Square Elementary School Total,,,,,,,,,N
U22191,George Rogers Clark Elementary School,,CPS Public School,,Elementary School,1,6,U22190,Board of Trustees Total,Chief Executive Officer Total,School Networks Total,Independent Schools Network Total,George Rogers Clark Elementary School Total,George Rogers Clark Elementary School,,Schools,,,,,,N
U23280,Robert Fulton School Total,,,,,0,5,U02480,Board of Trustees Total,Chief Executive Officer Total,School Networks Total,Network 8 Total,Robert Fulton School Total,,,,,,,,,N
U23283,Robert Fulton Modular,,CPS Public School,,Elementary School,1,6,U23280,Board of Trustees Total,Chief Executive Officer Total,School Networks Total,Network 8 Total,Robert Fulton School Total,Robert Fulton Modular,,Schools,,,,,,N
U23430,Nathanael Greene School Total,,,,,0,5,U02480,Board of Trustees Total,Chief Executive Officer Total,School Networks Total,Network 8 Total,Nathanael Greene School Total,,,,,,,,,N
U23800,William G Hibbard School Total,,,,,0,5,U02410,Board of Trustees Total,Chief Executive Officer Total,School Networks Total,Network 1 Total,William G Hibbard School Total,,,,,,,,,N
U31171,Horatio May Community Academy,,CPS Public School,,Elementary School,1,6,U31170,Board of Trustees Total,Chief Executive Officer Total,School Networks Total,Network 3 Total,Horatio May Community Academy Total,Horatio May Community Academy,,Schools,,,,,,N
U24532,Logan Square Branch,,CPS Public School,,Elementary School,1,6,U24530,Board of Trustees Total,Chief Executive Officer Total,School Networks Total,Network 4 Total,Logan Square Elementary School Total,Logan Square Branch,,Schools,,,,,,N
U24610,Wolfgang A Mozart School Total,,,,,0,5,U02440,Board of Trustees Total,Chief Executive Officer Total,School Networks Total,Network 4 Total,Wolfgang A Mozart School Total,,,,,,,,,N
U26470,Richard Wright Elementary School Total,,,,,0,5,U02450,Board of Trustees Total,Chief Executive Officer Total,School Networks Total,Network 5 Total,Richard Wright Elementary School Total,,,,,,,,,N
U26471,Richard Wright Elementary School,,CPS Public School,,Elementary School,1,6,U26470,Board of Trustees Total,Chief Executive Officer Total,School Networks Total,Network 5 Total,Richard Wright Elementary School Total,Richard Wright Elementary School,,Schools,,,,,,N
U23432,Nathaneal Greene Branch,,CPS Public School,,Elementary School,1,6,U23430,Board of Trustees Total,Chief Executive Officer Total,School Networks Total,Network 8 Total,Nathanael Greene School Total,Nathaneal Greene Branch,,Schools,,,,,,N
U23520,Sor Juana Ines de la Cruz ES Total,,,,,0,5,U02480,Board of Trustees Total,Chief Executive Officer Total,School Networks Total,Network 8 Total,Sor Juana Ines de la Cruz ES Total,,,,,,,,,N
U45210,Chicago Academy Elementary School Total,,,,,0,5,U02410,Board of Trustees Total,Chief Executive Officer Total,School Networks Total,Network 1 Total,Chicago Academy Elementary School Total,,,,,,,,,N
U66510,Austin Multiplex Total,,,,,0,5,U02430,Board of Trustees Total,Chief Executive Officer Total,School Networks Total,Network 3 Total,Austin Multiplex Total,,,,,,,,,N
U23441,John Gregory School,,CPS Public School,,Elementary School,1,6,U23440,Board of Trustees Total,Chief Executive Officer Total,School Networks Total,Network 5 Total,John Gregory School Total,John Gregory School,,Schools,,,,,,N
U23951,Edward Jenner Academy Of The Arts,,CPS Public School,,Elementary School,1,6,U23950,Board of Trustees Total,Chief Executive Officer Total,School Networks Total,Network 6 Total,Edward Jenner Academy Of The Arts Total,Edward Jenner Academy Of The Arts,,Schools,,,,,,N
U24170,Arthur A Libby School Total,,,,,0,5,U02480,Board of Trustees Total,Chief Executive Officer Total,School Networks Total,Network 8 Total,Arthur A Libby School Total,,,,,,,,,N
U24172,Libby Annex School,,CPS Public School,,Elementary School,1,6,U24170,Board of Trustees Total,Chief Executive Officer Total,School Networks Total,Network 8 Total,Arthur A Libby School Total,Libby Annex School,,Schools,,,,,,N
U22071,New Field School,,CPS Public School,,Elementary School,1,6,U22070,Board of Trustees Total,Chief Executive Officer Total,School Networks Total,Network 2 Total,New Field School Total,New Field School,,Schools,,,,,,N
U22680,Eliza Chappell Elementary School Total,,,,,0,5,U02420,Board of Trustees Total,Chief Executive Officer Total,School Networks Total,Network 2 Total,Eliza Chappell Elementary School Total,,,,,,,,,N
U23211,Eugene Field School,,CPS Public School,,Elementary School,1,6,U23210,Board of Trustees Total,Chief Executive Officer Total,School Networks Total,Network 2 Total,Eugene Field School Total,Eugene Field School,,Schools,,,,,,N
U55101,Moses Vines Prep Academy,,CPS Public School,,High School,1,6,U55100,Board of Trustees Total,Chief Executive Officer Total,School Networks Total,Network 5 Total,Moses Vines Prep Academy Total,Moses Vines Prep Academy,,Schools,,,,,,N
U25270,Friedrick Von Schiller School Total,,,,,0,5,U02440,Board of Trustees Total,Chief Executive Officer Total,School Networks Total,Network 4 Total,Friedrick Von Schiller School Total,,,,,,,,,N
U25272,Friedrick Von Schiller Child Parent Center,,CPS Public School,,Elementary School,1,6,U25270,Board of Trustees Total,Chief Executive Officer Total,School Networks Total,Network 4 Total,Friedrick Von Schiller School Total,Friedrick Von Schiller Child Parent Center,,Schools,,,,,,N
U25341,William T. Sherman Elementary School of Excellence,,AUSL School,,Elementary School,1,6,U25340,Board of Trustees Total,Chief Executive Officer Total,School Networks Total,Network 8 Total,William T Sherman School Total,William T. Sherman Elementary School of Excellence,,Schools,,,,,,N
U30041,Moses Montefiore Special School,,CPS Public School,,Elementary School,1,6,U30040,Board of Trustees Total,Chief Executive Officer Total,School Networks Total,Network 6 Total,Moses Montefiore Special School Total,Moses Montefiore Special School,,Schools,,,,,,N
U30090,Jesse Spalding School Total,,,,,0,5,U02460,Board of Trustees Total,Chief Executive Officer Total,School Networks Total,Network 6 Total,Jesse Spalding School Total,,,,,,,,,N
U24551,Bernhard Moos School,,CPS Public School,,Elementary School,1,6,U24550,Board of Trustees Total,Chief Executive Officer Total,School Networks Total,Network 5 Total,Bernhard Moos School Total,Bernhard Moos School,,Schools,,,,,,N
U24581,Samuel F B Morse School,,CPS Public School,,Elementary School,1,6,U24580,Board of Trustees Total,Chief Executive Officer Total,School Networks Total,Network 5 Total,Samuel F B Morse School Total,Samuel F B Morse School,,Schools,,,,,,N
U28271,Tilton Multiplex,,Multiplex,,,1,6,U28270,Board of Trustees Total,Chief Executive Officer Total,School Networks Total,Network 5 Total,Tilton Multiplex Total,Tilton Multiplex,,Schools,,,,,,N
U29050,Leif Ericson Scholastic Academy Total,,,,,0,5,U02450,Board of Trustees Total,Chief Executive Officer Total,School Networks Total,Network 5 Total,Leif Ericson Scholastic Academy Total,,,,,,,,,N
U31011,Andersen Community Academy,,CPS Public School,,Elementary School,1,6,U31010,Board of Trustees Total,Chief Executive Officer Total,School Networks Total,Network 6 Total,Andersen Community Academy Total,Andersen Community Academy,,Schools,,,,,,N
U31091,Ulysses S Grant School,,CPS Public School,,Elementary School,1,6,U31090,Board of Trustees Total,Chief Executive Officer Total,School Networks Total,Network 6 Total,Ulysses S Grant School Total,Ulysses S Grant School,,Schools,,,,,,N
U32030,National Teachers Academy Total,,,,,0,5,U02460,Board of Trustees Total,Chief Executive Officer Total,School Networks Total,Network 6 Total,National Teachers Academy Total,,,,,,,,,N
U25990,Joseph Brennemann School Total,,,,,0,5,U02420,Board of Trustees Total,Chief Executive Officer Total,School Networks Total,Network 2 Total,Joseph Brennemann School Total,,,,,,,,,N
U26201,John T Mccutcheon School,,CPS Public School,,Elementary School,1,6,U26200,Board of Trustees Total,Chief Executive Officer Total,School Networks Total,Network 2 Total,John T Mccutcheon School Total,John T Mccutcheon School,,Schools,,,,,,N
U26202,Mccutcheon Br - Mccutcheon,,CPS Public School,,Elementary School,1,6,U26200,Board of Trustees Total,Chief Executive Officer Total,School Networks Total,Network 2 Total,John T Mccutcheon School Total,Mccutcheon Br - Mccutcheon,,Schools,,,,,,N
U28280,Schneider Multiplex Total,,,,,0,5,U02440,Board of Trustees Total,Chief Executive Officer Total,School Networks Total,Network 4 Total,Schneider Multiplex Total,,,,,,,,,N
U45100,Gallery 37 Center Art Total,,,,,0,5,U02460,Board of Trustees Total,Chief Executive Officer Total,School Networks Total,Network 6 Total,Gallery 37 Center Art Total,,,,,,,,,N
U29081,Franklin Fine Arts Center,,CPS Public School,,Elementary School,1,6,U29080,Board of Trustees Total,Chief Executive Officer Total,School Networks Total,Network 4 Total,Franklin Fine Arts Center Total,Franklin Fine Arts Center,,Schools,,,,,,N
U22831,Peter Cooper Dual Language Academy,,CPS Public School,,Elementary School,1,6,U22830,Board of Trustees Total,Chief Executive Officer Total,School Networks Total,Network 7 Total,Peter Cooper Dual Language Academy Total,Peter Cooper Dual Language Academy,,Schools,,,,,,N
U22490,Milton Brunson Specialty Elementary School Total,,,,,0,5,U02430,Board of Trustees Total,Chief Executive Officer Total,School Networks Total,Network 3 Total,Milton Brunson Specialty Elementary School Total,,,,,,,,,N
U22420,Augustus H Burley Elementary School Total,,,,,0,5,U02440,Board of Trustees Total,Chief Executive Officer Total,School Networks Total,Network 4 Total,Augustus H Burley Elementary School Total,,,,,,,,,N
U25201,Martin A Ryerson Elementary School,,CPS Public School,,Elementary School,1,6,U25200,Board of Trustees Total,Chief Executive Officer Total,School Networks Total,Network 5 Total,Martin A Ryerson Elementary School Total,Martin A Ryerson Elementary School,,Schools,,,,,,N
U00080,Undesignated Schools Network Total,,,,,0,4,U02005,Board of Trustees Total,Chief Executive Officer Total,School Networks Total,Undesignated Schools Network Total,,,,,,,,,,N
U22691,Marvin Camras Elementary School,,CPS Public School,,Elementary School,1,6,U22690,Board of Trustees Total,Chief Executive Officer Total,School Networks Total,Independent Schools Network Total,Marvin Camras Elementary School Total,Marvin Camras Elementary School,,Schools,,,,,,N
U22861,Manuel Perez Jr Elementary School,,CPS Public School,,Elementary School,1,6,U22860,Board of Trustees Total,Chief Executive Officer Total,School Networks Total,Network 7 Total,Manuel Perez Jr Elementary School Total,Manuel Perez Jr Elementary School,,Schools,,,,,,N
U23230,Telpochcalli Total,,,,,0,5,U02470,Board of Trustees Total,Chief Executive Officer Total,School Networks Total,Network 7 Total,Telpochcalli Total,,,,,,,,,N
U24001,Francis Scott Key School,,CPS Public School,,Elementary School,1,6,U24000,Board of Trustees Total,Chief Executive Officer Total,School Networks Total,Network 3 Total,Francis Scott Key School Total,Francis Scott Key School,,Schools,,,,,,N
U24481,Joseph Medill Primary,,CPS Public School,,Elementary School,1,6,U24480,Board of Trustees Total,Chief Executive Officer Total,School Networks Total,Network 6 Total,Joseph Medill Primary Total,Joseph Medill Primary,,Schools,,,,,,N
U24861,Elizabeth Peabody School,,CPS Public School,,Elementary School,1,6,U24860,Board of Trustees Total,Chief Executive Officer Total,School Networks Total,Network 6 Total,Elizabeth Peabody School Total,Elizabeth Peabody School,,Schools,,,,,,N
U24880,Washington Irving School Total,,,,,0,5,U02460,Board of Trustees Total,Chief Executive Officer Total,School Networks Total,Network 6 Total,Washington Irving School Total,,,,,,,,,N
U24821,John M Palmer School,,CPS Public School,,Elementary School,1,6,U24820,Board of Trustees Total,Chief Executive Officer Total,School Networks Total,Independent Schools Network Total,John M Palmer School Total,John M Palmer School,,Schools,,,,,,N
U23611,Emiliano Zapata Academy,,CPS Public School,,Elementary School,1,6,U23610,Board of Trustees Total,Chief Executive Officer Total,School Networks Total,Network 7 Total,Emiliano Zapata Academy Total,Emiliano Zapata Academy,,Schools,,,,,,N
U23771,Theodore Herzl School,,AUSL School,,Elementary School,1,6,U23770,Board of Trustees Total,Chief Executive Officer Total,School Networks Total,Network 7 Total,Theodore Herzl School Total,Theodore Herzl School,,Schools,,,,,,N
U23901,Charles Evans Hughes School,,CPS Public School,,Elementary School,1,6,U23900,Board of Trustees Total,Chief Executive Officer Total,School Networks Total,Network 7 Total,Charles Evans Hughes School Total,Charles Evans Hughes School,,Schools,,,,,,N
U24221,Henry D Lloyd School,,CPS Public School,,Elementary School,1,6,U24220,Board of Trustees Total,Chief Executive Officer Total,School Networks Total,Network 3 Total,Henry D Lloyd School Total,Henry D Lloyd School,,Schools,,,,,,N
U22661,Horace Greeley School,,CPS Public School,,Elementary School,1,6,U22660,Board of Trustees Total,Chief Executive Officer Total,School Networks Total,Network 4 Total,Horace Greeley School Total,Horace Greeley School,,Schools,,,,,,N
U24892,Helen C Peirce Branch,,CPS Public School,,Elementary School,1,6,U24890,Board of Trustees Total,Chief Executive Officer Total,School Networks Total,Independent Schools Network Total,Helen C Peirce School Of International Studies Total,Helen C Peirce Branch,,Schools,,,,,,N
U25730,John A Walsh Elementary School Total,,,,,0,5,U02470,Board of Trustees Total,Chief Executive Officer Total,School Networks Total,Network 7 Total,John A Walsh Elementary School Total,,,,,,,,,N
U31041,Crown Community Academy Fine Arts Center,,CPS Public School,,Elementary School,1,6,U31040,Board of Trustees Total,Chief Executive Officer Total,School Networks Total,Network 5 Total,Crown Community Academy Fine Arts Center Total,Crown Community Academy Fine Arts Center,,Schools,,,,,,N
U23341,J W Von Goethe School,,CPS Public School,,Elementary School,1,6,U23340,Board of Trustees Total,Chief Executive Officer Total,School Networks Total,Network 4 Total,J W Von Goethe School Total,J W Von Goethe School,,Schools,,,,,,N
U23500,Alexander Hamilton School Total,,,,,0,5,U02440,Board of Trustees Total,Chief Executive Officer Total,School Networks Total,Network 4 Total,Alexander Hamilton School Total,,,,,,,,,N
U25971,Matthew A Henson School,,CPS Public School,,Elementary School,1,6,U25970,Board of Trustees Total,Chief Executive Officer Total,School Networks Total,Network 5 Total,Matthew A Henson School Total,Matthew A Henson School,,Schools,,,,,,N
U27001,MSAC - Avondale Irving Park Area Elementary School,,CPS Public School,,Elementary School,1,6,U27000,Board of Trustees Total,Chief Executive Officer Total,School Networks Total,Undesignated Schools Network Total,MSAC - Avondale Irving Park Area Elementary School Total,MSAC - Avondale Irving Park Area Elementary School,,Schools,,,,,,N
U31130,John Hope Community Academy Total,,,,,0,5,U00080,Board of Trustees Total,Chief Executive Officer Total,School Networks Total,Undesignated Schools Network Total,John Hope Community Academy Total,,,,,,,,,N
U25842,Eli Whitney Annex - Whitney,,CPS Public School,,Elementary School,1,6,U25840,Board of Trustees Total,Chief Executive Officer Total,School Networks Total,Network 7 Total,Eli Whitney School Total,Eli Whitney Annex - Whitney,,Schools,,,,,,N
U25861,John Greenleaf Whittier School,,CPS Public School,,Elementary School,1,6,U25860,Board of Trustees Total,Chief Executive Officer Total,School Networks Total,Network 7 Total,John Greenleaf Whittier School Total,John Greenleaf Whittier School,,Schools,,,,,,N
U26051,Dvorak Technology Academy,,CPS Public School,,Elementary School,1,6,U26050,Board of Trustees Total,Chief Executive Officer Total,School Networks Total,Network 7 Total,Dvorak Technology Academy Total,Dvorak Technology Academy,,Schools,,,,,,N
U26400,De La Cruz Math Science & Technology Academy Total,,,,,0,5,U02470,Board of Trustees Total,Chief Executive Officer Total,School Networks Total,Network 7 Total,De La Cruz Math Science & Technology Academy Total,,,,,,,,,N
U25921,Ella Flagg Young School,,CPS Public School,,Elementary School,1,6,U25920,Board of Trustees Total,Chief Executive Officer Total,School Networks Total,Network 3 Total,Ella Flagg Young School Total,Ella Flagg Young School,,Schools,,,,,,N
U26001,John Calhoun North School,,CPS Public School,,Elementary School,1,6,U26000,Board of Trustees Total,Chief Executive Officer Total,School Networks Total,Network 5 Total,John Calhoun North School Total,John Calhoun North School,,Schools,,,,,,N
U23652,Healy Annex,,CPS Public School,,Elementary School,1,6,U23650,Board of Trustees Total,Chief Executive Officer Total,School Networks Total,Network 6 Total,Robert Healy School Total,Healy Annex,,Schools,,,,,,N
U23741,Victor Herbert School,,CPS Public School,,Elementary School,1,6,U23740,Board of Trustees Total,Chief Executive Officer Total,School Networks Total,Network 6 Total,Victor Herbert School Total,Victor Herbert School,,Schools,,,,,,N
U31131,John Hope Community Academy,,CPS Public School,,Elementary School,1,6,U31130,Board of Trustees Total,Chief Executive Officer Total,School Networks Total,Undesignated Schools Network Total,John Hope Community Academy Total,John Hope Community Academy,,Schools,,,,,,N
U45240,America's Promise High School Total,,,,,0,5,U00080,Board of Trustees Total,Chief Executive Officer Total,School Networks Total,Undesignated Schools Network Total,America's Promise High School Total,,,,,,,,,N
U45241,America's Promise High School,,,,,1,6,U45240,Board of Trustees Total,Chief Executive Officer Total,School Networks Total,Undesignated Schools Network Total,America's Promise High School Total,America's Promise High School,,Schools,,,,,,N
U23590,Helge A Haugan Total,,,,,0,5,U02270,Board of Trustees Total,Chief Executive Officer Total,School Networks Total,Independent Schools Network Total,Helge A Haugan Total,,,,,,,,,N
U29151,Maria Saucedo STEAM Magnet Academy,,CPS Public School,,Elementary School,1,6,U29150,Board of Trustees Total,Chief Executive Officer Total,School Networks Total,Network 7 Total,Maria Saucedo STEAM Magnet Academy Total,Maria Saucedo STEAM Magnet Academy,,Schools,,,,,,N
U69297,Instituto Del Progreso Latino,,CPS Public School,,Grade Type TBD,1,5,U02470,Board of Trustees Total,Chief Executive Officer Total,School Networks Total,Network 7 Total,Instituto Del Progreso Latino,,,Schools,,,,,,N
U26391,George Leland Elementary School,,CPS Public School,,Elementary School,1,6,U26390,Board of Trustees Total,Chief Executive Officer Total,School Networks Total,Network 3 Total,George Leland Elementary School Total,George Leland Elementary School,,Schools,,,,,,N
U66077,Chicago International Charter School (CICS) Larry Hawkins Campus,,Charter School,,High School,1,5,U60005,Board of Trustees Total,Chief Executive Officer Total,School Networks Total,Charter Schools Network Total,Chicago International Charter School (CICS) Larry Hawkins Campus,,,Schools,,,,,,N
U66109,YCCS - Association House El Cuarto Ano HS,,,,,1,5,U60005,Board of Trustees Total,Chief Executive Officer Total,School Networks Total,Charter Schools Network Total,YCCS - Association House El Cuarto Ano HS,,,Schools,,,,,,N
U29300,Ole A Thorp Scholastic Academy Total,,,,,0,5,U02270,Board of Trustees Total,Chief Executive Officer Total,School Networks Total,Independent Schools Network Total,Ole A Thorp Scholastic Academy Total,,,,,,,,,N
U22220,Hiram H Belding School Total,,,,,0,5,U02410,Board of Trustees Total,Chief Executive Officer Total,School Networks Total,Network 1 Total,Hiram H Belding School Total,,,,,,,,,N
U22320,Norman Bridge School Total,,,,,0,5,U02410,Board of Trustees Total,Chief Executive Officer Total,School Networks Total,Network 1 Total,Norman Bridge School Total,,,,,,,,,N
U22541,Arthur E Canty School,,CPS Public School,,Elementary School,1,6,U22540,Board of Trustees Total,Chief Executive Officer Total,School Networks Total,Network 1 Total,Arthur E Canty Total,Arthur E Canty School,,Schools,,,,,,N
U22741,Grover Cleveland School,,CPS Public School,,Elementary School,1,6,U22740,Board of Trustees Total,Chief Executive Officer Total,School Networks Total,Network 1 Total,Grover Cleveland School Total,Grover Cleveland School,,Schools,,,,,,N
U12460,Risk Management,,,,,1,4,U10470,Board of Trustees Total,Chief Executive Officer Total,Finance Total,Risk Management,,,,Schools,,,,,,N
U66397,Acero Charter Schools - Officer Donald J. Marquez,,Charter School,,Elementary School,1,5,U60005,Board of Trustees Total,Chief Executive Officer Total,School Networks Total,Charter Schools Network Total,Acero Charter Schools - Officer Donald J. Marquez,,,Schools,,,,,,N
U22601,Rachel Carson Elementary School,,CPS Public School,,Elementary School,1,6,U22600,Board of Trustees Total,Chief Executive Officer Total,School Networks Total,Independent Schools Network Total,Rachel Carson Elementary School Total,Rachel Carson Elementary School,,Schools,,,,,,N
U69309,Beverly Montessori School,,Non-Public School,,Elementary School,1,5,U69000,Board of Trustees Total,Chief Executive Officer Total,School Networks Total,Non-Public Schools Network Total,Beverly Montessori School,,,Schools,,,,,,N
U69312,Small Stride Learning Institution- U69312,,,,,1,5,U69000,Board of Trustees Total,Chief Executive Officer Total,School Networks Total,Non-Public Schools Network Total,Small Stride Learning Institution- U69312,,,Schools,,,,,,N
U69211,Anointed Heirs Kingdom Academy,,Non-Public School,,Elementary School,1,5,U69000,Board of Trustees Total,Chief Executive Officer Total,School Networks Total,Non-Public Schools Network Total,Anointed Heirs Kingdom Academy,,,Schools,,,,,,N
U69426,St Rita High School of Cascia,,Non-Public School,,High School,1,5,U69000,Board of Trustees Total,Chief Executive Officer Total,School Networks Total,Non-Public Schools Network Total,St Rita High School of Cascia,,,Schools,,,,,,N
U49031,Southside Occupational Academy,,CPS Public School,,High School,1,6,U49030,Board of Trustees Total,Chief Executive Officer Total,School Networks Total,Network 16 Total,Southside Occupational Academy Total,Southside Occupational Academy,,Schools,,,,,,N
U53050,Ellen H Richards Career Academy Total,,,,,0,5,U02660,Board of Trustees Total,Chief Executive Officer Total,School Networks Total,Network 16 Total,Ellen H Richards Career Academy Total,,,,,,,,,N
U23811,Rufus M Hitch School,,CPS Public School,,Elementary School,1,6,U23810,Board of Trustees Total,Chief Executive Officer Total,School Networks Total,Network 1 Total,Rufus M Hitch School Total,Rufus M Hitch School,,Schools,,,,,,N
U24760,William J Onahan School Total,,,,,0,5,U02410,Board of Trustees Total,Chief Executive Officer Total,School Networks Total,Network 1 Total,William J Onahan School Total,,,,,,,,,N
U69318,Good Shephard (East),,Non-Public School,,Elementary School,1,5,U69000,Board of Trustees Total,Chief Executive Officer Total,School Networks Total,Non-Public Schools Network Total,Good Shephard (East),,,Schools,,,,,,N
U69623,Futureworld NFP,,,,,1,5,U69000,Board of Trustees Total,Chief Executive Officer Total,School Networks Total,Non-Public Schools Network Total,Futureworld NFP,,,Schools,,,,,,N
U69625,Mary Seat of Wisdom,,,,,1,5,U69000,Board of Trustees Total,Chief Executive Officer Total,School Networks Total,Non-Public Schools Network Total,Mary Seat of Wisdom,,,Schools,,,,,,N
U69439,Bernard Zell Anshe Emet Day Sch,,Non-Public School,,Elementary School,1,5,U69000,Board of Trustees Total,Chief Executive Officer Total,School Networks Total,Non-Public Schools Network Total,Bernard Zell Anshe Emet Day Sch,,,Schools,,,,,,N
U05081,Area Elementary Instructional Office 8,,Central Office,,,1,5,U02000,Board of Trustees Total,Chief Executive Officer Total,Chief Education Office Total,Network Offices Total,Area Elementary Instructional Office 8,,,Central Office,,,,,,N
U69433,Telshe High School,,Non-Public School,,High School,1,5,U69000,Board of Trustees Total,Chief Executive Officer Total,School Networks Total,Non-Public Schools Network Total,Telshe High School,,,Schools,,,,,,N
U28061,Wadsworth Multiplex,,Multiplex,,,1,5,U60005,Board of Trustees Total,Chief Executive Officer Total,School Networks Total,Charter Schools Network Total,Wadsworth Multiplex,,,Schools,,,,,,N
U25240,Jonathan Y Scammon School Total,,,,,0,5,U02410,Board of Trustees Total,Chief Executive Officer Total,School Networks Total,Network 1 Total,Jonathan Y Scammon School Total,,,,,,,,,N
U69634,Yeshiva Gedola of the Midwest Eitz Chaim,,,,,1,5,U69000,Board of Trustees Total,Chief Executive Officer Total,School Networks Total,Non-Public Schools Network Total,Yeshiva Gedola of the Midwest Eitz Chaim,,,Schools,,,,,,N
U69139,Immaculate Conception School,,Non-Public School,,Elementary School,1,5,U69000,Board of Trustees Total,Chief Executive Officer Total,School Networks Total,Non-Public Schools Network Total,Immaculate Conception School,,,Schools,,,,,,N
U69220,Our Lady Of Guadalupe School,,Non-Public School,,Elementary School,1,5,U69000,Board of Trustees Total,Chief Executive Officer Total,School Networks Total,Non-Public Schools Network Total,Our Lady Of Guadalupe School,,,Schools,,,,,,N
U69328,St John Lutheran School,,Non-Public School,,Elementary School,1,5,U69000,Board of Trustees Total,Chief Executive Officer Total,School Networks Total,Non-Public Schools Network Total,St John Lutheran School,,,Schools,,,,,,N
U66137,Acero Charter Schools - Victoria Soto,,,,,1,5,U60005,Board of Trustees Total,Chief Executive Officer Total,School Networks Total,Charter Schools Network Total,Acero Charter Schools - Victoria Soto,,,Schools,,,,,,N
U65010,Options Schools Total,,,,,1,5,U67000,Board of Trustees Total,Chief Executive Officer Total,School Networks Total,Alternative Schools Network Total,Options Schools Total,,,Schools,,,,,,N
U69343,Akiba Jewish Day School,,Non-Public School,,Elementary School,1,5,U69000,Board of Trustees Total,Chief Executive Officer Total,School Networks Total,Non-Public Schools Network Total,Akiba Jewish Day School,,,Schools,,,,,,N
U46260,Wendell Phillips Academy Total,,,,,0,5,U02670,Board of Trustees Total,Chief Executive Officer Total,School Networks Total,Network 17 Total,Wendell Phillips Academy Total,,,,,,,,,N
U67041,IDOC/Healy South,, Alternative School,,High School,1,6,U67040,Board of Trustees Total,Chief Executive Officer Total,School Networks Total,Alternative Schools Network Total,IDOC/Healy South Total,IDOC/Healy South,,Schools,,,,,,N
U69003,Labor of Love,,Non-Public School,,Elementary School,1,5,U69000,Board of Trustees Total,Chief Executive Officer Total,School Networks Total,Non-Public Schools Network Total,Labor of Love,,,Schools,,,,,,N
U69005,Cardinal Bernadine Early Childhood,,Non-Public School,,Elementary School,1,5,U69000,Board of Trustees Total,Chief Executive Officer Total,School Networks Total,Non-Public Schools Network Total,Cardinal Bernadine Early Childhood,,,Schools,,,,,,N
U69150,St Jerome School,,,,,1,5,U69000,Board of Trustees Total,Chief Executive Officer Total,School Networks Total,Non-Public Schools Network Total,St Jerome School,,,Schools,,,,,,N
U63041,Kwame Nkrumah Academy,,Charter School,,Elementary School,1,5,U60005,Board of Trustees Total,Chief Executive Officer Total,School Networks Total,Charter Schools Network Total,Kwame Nkrumah Academy,,,Schools,,,,,,N
U63081,EPIC Academy,,Charter School,,High School,1,5,U60005,Board of Trustees Total,Chief Executive Officer Total,School Networks Total,Charter Schools Network Total,EPIC Academy,,,Schools,,,,,,N
U63132,Instituto Justice and Leadership Academy Charter HS,,,,,1,5,U60005,Board of Trustees Total,Chief Executive Officer Total,School Networks Total,Charter Schools Network Total,Instituto Justice and Leadership Academy Charter HS,,,Schools,,,,,,N
U69011,Lubavitch Mesivta of Chicago,,Non-Public School,,Elementary School,1,5,U69000,Board of Trustees Total,Chief Executive Officer Total,School Networks Total,Non-Public Schools Network Total,Lubavitch Mesivta of Chicago,,,Schools,,,,,,N
U69027,Christ the King Jesuit (Catholic),,Non-Public School,,High School,1,5,U69000,Board of Trustees Total,Chief Executive Officer Total,School Networks Total,Non-Public Schools Network Total,Christ the King Jesuit (Catholic),,,Schools,,,,,,N
U69157,University of Chicago Lab,,Non-Public School,,Elementary School,1,5,U69000,Board of Trustees Total,Chief Executive Officer Total,School Networks Total,Non-Public Schools Network Total,University of Chicago Lab,,,Schools,,,,,,N
U69158,St John Fisher School,,Non-Public School,,Elementary School,1,5,U69000,Board of Trustees Total,Chief Executive Officer Total,School Networks Total,Non-Public Schools Network Total,St John Fisher School,,,Schools,,,,,,N
U69167,Pope John Paul II/Our Lady of Fatima,,,,,1,5,U69000,Board of Trustees Total,Chief Executive Officer Total,School Networks Total,Non-Public Schools Network Total,Pope John Paul II/Our Lady of Fatima,,,Schools,,,,,,N
U69354,Echo School -U69354,,,,,1,5,U69000,Board of Trustees Total,Chief Executive Officer Total,School Networks Total,Non-Public Schools Network Total,Echo School -U69354,,,Schools,,,,,,N
U69250,St Priscilla School,,,,,1,5,U69000,Board of Trustees Total,Chief Executive Officer Total,School Networks Total,Non-Public Schools Network Total,St Priscilla School,,,Schools,,,,,,N
U69258,St Rene Goupil School,,Non-Public School,,Elementary School,1,5,U69000,Board of Trustees Total,Chief Executive Officer Total,School Networks Total,Non-Public Schools Network Total,St Rene Goupil School,,,Schools,,,,,,N
U69033,St Alphonsus,,Non-Public School,,Elementary School,1,5,U69000,Board of Trustees Total,Chief Executive Officer Total,School Networks Total,Non-Public Schools Network Total,St Alphonsus,,,Schools,,,,,,N
U69043,Teach 21 Day Care Inc.,,Non-Public School,,Elementary School,1,5,U69000,Board of Trustees Total,Chief Executive Officer Total,School Networks Total,Non-Public Schools Network Total,Teach 21 Day Care Inc.,,,Schools,,,,,,N
U69367,DePaul College Prep,,Non-Public School,,High School,1,5,U69000,Board of Trustees Total,Chief Executive Officer Total,School Networks Total,Non-Public Schools Network Total,DePaul College Prep,,,Schools,,,,,,N
U12691,Control Accounts/Compensation - City Wide,,City Wide,,,1,6,U00020,Board of Trustees Total,Chief Executive Officer Total,Finance Total,Budget Management Office Total,District Wide Liabilities & Contingencies Total,Control Accounts/Compensation - City Wide,,City Wide,,,,,,N
U12693,ECIA Projects,,Central Office,,,1,6,U00020,Board of Trustees Total,Chief Executive Officer Total,Finance Total,Budget Management Office Total,District Wide Liabilities & Contingencies Total,ECIA Projects,,Central Office,,,,,,N
U69523,Nguzo Saba Academy,,,,,1,5,U69000,Board of Trustees Total,Chief Executive Officer Total,School Networks Total,Non-Public Schools Network Total,Nguzo Saba Academy,,,Schools,,,,,,N
U66564,LEARN Charter School - Hunter Perkins,,Charter School,,Elementary School,1,5,U60005,Board of Trustees Total,Chief Executive Officer Total,School Networks Total,Charter Schools Network Total,LEARN Charter School - Hunter Perkins,,,Schools,,,,,,N
U69056,Blessed Agnes School,,Non-Public School,,Elementary School,1,5,U69000,Board of Trustees Total,Chief Executive Officer Total,School Networks Total,Non-Public Schools Network Total,Blessed Agnes School,,,Schools,,,,,,N
U12400,Corporate Accounting Total,,,,,0,4,U10470,Board of Trustees Total,Chief Executive Officer Total,Finance Total,Corporate Accounting Total,,,,,,,,,,N
U69178,Gateway Montessori School,,,,,1,5,U69000,Board of Trustees Total,Chief Executive Officer Total,School Networks Total,Non-Public Schools Network Total,Gateway Montessori School,,,Schools,,,,,,N
U69180,St Malacy School,,Non-Public School,,Elementary School,1,5,U69000,Board of Trustees Total,Chief Executive Officer Total,School Networks Total,Non-Public Schools Network Total,St Malacy School,,,Schools,,,,,,N
U69181,St Margaret School,,Non-Public School,,Elementary School,1,5,U69000,Board of Trustees Total,Chief Executive Officer Total,School Networks Total,Non-Public Schools Network Total,St Margaret School,,,Schools,,,,,,N
U69374,L.H. Day Lower,,,,,1,5,U69000,Board of Trustees Total,Chief Executive Officer Total,School Networks Total,Non-Public Schools Network Total,L.H. Day Lower,,,Schools,,,,,,N
U69267,St Sabina School,,Non-Public School,,Elementary School,1,5,U69000,Board of Trustees Total,Chief Executive Officer Total,School Networks Total,Non-Public Schools Network Total,St Sabina School,,,Schools,,,,,,N
U69279,St Sylvester School,,Non-Public School,,Elementary School,1,5,U69000,Board of Trustees Total,Chief Executive Officer Total,School Networks Total,Non-Public Schools Network Total,St Sylvester School,,,Schools,,,,,,N
U65024,Ombudsman Chicago North,,,,,1,5,U60005,Board of Trustees Total,Chief Executive Officer Total,School Networks Total,Charter Schools Network Total,Ombudsman Chicago North,,,Schools,,,,,,N
U69088,St. Daniel The Prophet School,,Non-Public School,,Elementary School,1,5,U69000,Board of Trustees Total,Chief Executive Officer Total,School Networks Total,Non-Public Schools Network Total,St. Daniel The Prophet School,,,Schools,,,,,,N
U69093,St Elizabeth School,,Non-Public School,,Elementary School,1,5,U69000,Board of Trustees Total,Chief Executive Officer Total,School Networks Total,Non-Public Schools Network Total,St Elizabeth School,,,Schools,,,,,,N
U69094,Epiphany School,,Non-Public School,,Elementary School,1,5,U69000,Board of Trustees Total,Chief Executive Officer Total,School Networks Total,Non-Public Schools Network Total,Epiphany School,,,Schools,,,,,,N
U69377,Leo High School,,Non-Public School,,High School,1,5,U69000,Board of Trustees Total,Chief Executive Officer Total,School Networks Total,Non-Public Schools Network Total,Leo High School,,,Schools,,,,,,N
U69382,Luther High School North,,Non-Public School,,High School,1,5,U69000,Board of Trustees Total,Chief Executive Officer Total,School Networks Total,Non-Public Schools Network Total,Luther High School North,,,Schools,,,,,,N
U02541,Principal Quality,,,,,1,5,U02000,Board of Trustees Total,Chief Executive Officer Total,Chief Education Office Total,Network Offices Total,Principal Quality,,,Schools,,,,,,N
U69545,Salem Alternative Christian Ac Ademy,,Non-Public School,,Elementary School,1,5,U69000,Board of Trustees Total,Chief Executive Officer Total,School Networks Total,Non-Public Schools Network Total,Salem Alternative Christian Ac Ademy,,,Schools,,,,,,N
U66241,Chicago International Charter School (CICS)- Northtown Campus,,Charter School,,High School,1,5,U60005,Board of Trustees Total,Chief Executive Officer Total,School Networks Total,Charter Schools Network Total,Chicago International Charter School (CICS)- Northtown Campus,,,Schools,,,,,,N
U66253,ASPIRA Charter School - Trade Tech HS,,Charter School,,High School,1,5,U60005,Board of Trustees Total,Chief Executive Officer Total,School Networks Total,Charter Schools Network Total,ASPIRA Charter School - Trade Tech HS,,,Schools,,,,,,N
U69098,St Ferdinand School,,Non-Public School,,Elementary School,1,5,U69000,Board of Trustees Total,Chief Executive Officer Total,School Networks Total,Non-Public Schools Network Total,St Ferdinand School,,,Schools,,,,,,N
U69590,San Miguel School - Gary Comer Campus,,Non-Public School,,Elementary School,1,5,U69000,Board of Trustees Total,Chief Executive Officer Total,School Networks Total,Non-Public Schools Network Total,San Miguel School - Gary Comer Campus,,,Schools,,,,,,N
U69595,Hillel Torah,,Non-Public School,,Elementary School,1,5,U69000,Board of Trustees Total,Chief Executive Officer Total,School Networks Total,Non-Public Schools Network Total,Hillel Torah,,,Schools,,,,,,N
U05011,Area Elementary Instructional Office 1,,Central Office,,,1,5,U02000,Board of Trustees Total,Chief Executive Officer Total,Chief Education Office Total,Network Offices Total,Area Elementary Instructional Office 1,,,Central Office,,,,,,N
U05021,Area Elementary Instructional Office 2,,Central Office,,,1,5,U02000,Board of Trustees Total,Chief Executive Officer Total,Chief Education Office Total,Network Offices Total,Area Elementary Instructional Office 2,,,Central Office,,,,,,N
U22380,West Ridge Elementary School Total,,,,,0,5,U02270,Board of Trustees Total,Chief Executive Officer Total,School Networks Total,Independent Schools Network Total,West Ridge Elementary School Total,,,,,,,,,N
U22381,West Ridge Elementary School,,CPS Public School,,Elementary School,1,6,U22380,Board of Trustees Total,Chief Executive Officer Total,School Networks Total,Independent Schools Network Total,West Ridge Elementary School Total,West Ridge Elementary School,,Schools,,,,,,N
U22510,Daisy Bates Academy of Social Justice Total,,,,,0,5,U02270,Board of Trustees Total,Chief Executive Officer Total,School Networks Total,Independent Schools Network Total,Daisy Bates Academy of Social Justice Total,,,,,,,,,N
U22520,Little Village Academy Total,,,,,0,5,U02270,Board of Trustees Total,Chief Executive Officer Total,School Networks Total,Independent Schools Network Total,Little Village Academy Total,,,,,,,,,N
U69087,Methodist Youth Services,,Non-Public School - Other,,Grade Type TBD,1,5,U69000,Board of Trustees Total,Chief Executive Officer Total,School Networks Total,Non-Public Schools Network Total,Methodist Youth Services,,,Schools,,,,,,N
U69106,Hope-Excel Reaching the World,,,,,1,5,U69000,Board of Trustees Total,Chief Executive Officer Total,School Networks Total,Non-Public Schools Network Total,Hope-Excel Reaching the World,,,Schools,,,,,,N
U69390,Mother Mcauley Liberal Arts High School,,Non-Public School,,High School,1,5,U69000,Board of Trustees Total,Chief Executive Officer Total,School Networks Total,Non-Public Schools Network Total,Mother Mcauley Liberal Arts High School,,,Schools,,,,,,N
U46401,Percy L Julian High School,,CPS Public School,,High School,1,6,U46400,Board of Trustees Total,Chief Executive Officer Total,School Networks Total,Network 16 Total,Percy L Julian High School Total,Percy L Julian High School,,Schools,,,,,,N
U46690,Construction of New HS on South Side Total,,,,,0,5,U02660,Board of Trustees Total,Chief Executive Officer Total,School Networks Total,Network 16 Total,Construction of New HS on South Side Total,,,,,,,,,N
U24051,Lazaro Cardenas School,,CPS Public School,,Elementary School,1,6,U24050,Board of Trustees Total,Chief Executive Officer Total,School Networks Total,Independent Schools Network Total,Lazaro Cardenas School Total,Lazaro Cardenas School,,Schools,,,,,,N
U69404,St Benedict High School G&B,,Non-Public School,,High School,1,5,U69000,Board of Trustees Total,Chief Executive Officer Total,School Networks Total,Non-Public Schools Network Total,St Benedict High School G&B,,,Schools,,,,,,N
U69420,St Patrick High School - Boys,,Non-Public School,,High School,1,5,U69000,Board of Trustees Total,Chief Executive Officer Total,School Networks Total,Non-Public Schools Network Total,St Patrick High School - Boys,,,Schools,,,,,,N
U53061,Neal F Simeon Career Academy High School,,CPS Public School,,High School,1,6,U53060,Board of Trustees Total,Chief Executive Officer Total,School Networks Total,Network 17 Total,Neal F Simeon Vocational High School Total,Neal F Simeon Career Academy High School,,Schools,,,,,,N
U26890,Velma Thomas Early Childhood Center Total,,,,,0,5,U02270,Board of Trustees Total,Chief Executive Officer Total,School Networks Total,Independent Schools Network Total,Velma Thomas Early Childhood Center Total,,,,,,,,,N
U69304,Bethseda Lutheran School,,Non-Public School,,Elementary School,1,5,U69000,Board of Trustees Total,Chief Executive Officer Total,School Networks Total,Non-Public Schools Network Total,Bethseda Lutheran School,,,Schools,,,,,,N
U69605,Heritage Leadership Academy,,,,,1,5,U69000,Board of Trustees Total,Chief Executive Officer Total,School Networks Total,Non-Public Schools Network Total,Heritage Leadership Academy,,,Schools,,,,,,N
U69613,St. Celestine,,,,,1,5,U69000,Board of Trustees Total,Chief Executive Officer Total,School Networks Total,Non-Public Schools Network Total,St. Celestine,,,Schools,,,,,,N
U47062,Indian Center Br Little Big Horn - Senn H S,,Inactive School,,High School,1,7,U47060,Board of Trustees Total,Chief Executive Officer Total,School Collaboratives Total,North Northwest Side Collaborative Total,North-Northwest Side High School Network Total,Senn Metropolitan Academy Of Liberal Arts & Technology Total,,Schools,,,,,,N
U26381,Oliver S Westcott Elementary School,,CPS Public School,,Elementary School,1,6,U26380,Board of Trustees Total,Chief Executive Officer Total,School Networks Total,Network 11 Total,Oliver S Westcott Elementary School Total,Oliver S Westcott Elementary School,,Schools,,,,,,N
U46020,Hancock High School Total,,,,,0,5,U02650,Board of Trustees Total,Chief Executive Officer Total,School Networks Total,Network 15 Total,Hancock High School Total,,,,,,,,,N
U25120,Paul Revere Accelerated School Total,,,,,0,5,U02520,Board of Trustees Total,Chief Executive Officer Total,School Networks Total,Network 12 Total,Paul Revere Accelerated School Total,,,,,,,,,N
U30011,Nancy B Jefferson Alternative High School,, Alternative School,,High School,1,6,U30010,Board of Trustees Total,Chief Executive Officer Total,School Networks Total,Options Network Total,Nancy B Jefferson Alternative High School Total,Nancy B Jefferson Alternative High School,,Schools,,,,,,N
U30013,I D O C/Healy Br - N Jefferson Alternative School,, Alternative School,,High School,1,6,U30010,Board of Trustees Total,Chief Executive Officer Total,School Networks Total,Options Network Total,Nancy B Jefferson Alternative High School Total,I D O C/Healy Br - N Jefferson Alternative School,,Schools,,,,,,N
U46212,Lake View High School - Evening HS,,Inactive School,,High School,1,7,U46210,Board of Trustees Total,Chief Executive Officer Total,School Collaboratives Total,North Northwest Side Collaborative Total,North-Northwest Side High School Network Total,Lake View High School Total,,Schools,,,,,,N
U02060,Garfield-Humboldt Elementary Network Total,,,,,0,5,U02330,Board of Trustees Total,Chief Executive Office Total,School Collaboratives Total,West Side Collaborative Total,Garfield-Humboldt Elementary Network Total,,,,,,,,,N
U25390,Theophilus Schmid School Total,,,,,0,5,U02520,Board of Trustees Total,Chief Executive Officer Total,School Networks Total,Network 12 Total,Theophilus Schmid School Total,,,,,,,,,N
U25391,Theophilus Schmid School,,CPS Public School,,Elementary School,1,6,U25390,Board of Trustees Total,Chief Executive Officer Total,School Networks Total,Network 12 Total,Theophilus Schmid School Total,Theophilus Schmid School,,Schools,,,,,,N
U25331,Arnold Mireles Academy,,CPS Public School,,Elementary School,1,6,U25330,Board of Trustees Total,Chief Executive Officer Total,School Networks Total,Network 12 Total,Arnold Mireles Academy Total,Arnold Mireles Academy,,Schools,,,,,,N
U49131,Collins STEAM High School,,AUSL School,,High School,1,6,U49130,Board of Trustees Total,Chief Executive Officer Total,School Networks Total,Network 15 Total,Collins STEAM High School Total,Collins STEAM High School,,Schools,,,,,,N
U51071,Wells Community Academy High School,,CPS Public School,,High School,1,6,U51070,Board of Trustees Total,Chief Executive Officer Total,School Networks Total,Network 15 Total,Wells Community Academy High School Total,Wells Community Academy High School,,Schools,,,,,,N
U02320,North Northwest Side Collaborative Total,,,,,0,4,U02310,Board of Trustees Total,Chief Executive Office Total,School Collaboratives Total,North Northwest Side Collaborative Total,,,,,,,,,,N
U31240,Granville T Woods Mathematics /Science Community Academy Total,,,,,0,5,U02510,Board of Trustees Total,Chief Executive Officer Total,School Networks Total,Network 11 Total,Granville T Woods Mathematics /Science Community Academy Total,,,,,,,,,N
U31241,Granville T Woods Mathematics /Science Community Academy,,CPS Public School,,Elementary School,1,6,U31240,Board of Trustees Total,Chief Executive Officer Total,School Networks Total,Network 11 Total,Granville T Woods Mathematics /Science Community Academy Total,Granville T Woods Mathematics /Science Community Academy,,Schools,,,,,,N
U53110,Manley Career Community Academy High School Total,,,,,0,5,U02650,Board of Trustees Total,Chief Executive Officer Total,School Networks Total,Network 15 Total,Manley Career Community Academy High School Total,,,,,,,,,N
U25950,Richard J Daley Academy Total,,,,,0,5,U02480,Board of Trustees Total,Chief Executive Officer Total,School Networks Total,Network 8 Total,Richard J Daley Academy Total,,,,,,,,,N
U23221,John Fiske School,,CPS Public School,,Elementary School,1,6,U23220,Board of Trustees Total,Chief Executive Officer Total,School Networks Total,Network 9 Total,John Fiske School Total,John Fiske School,,Schools,,,,,,N
U46121,Paul Robeson High School,,CPS Public School,,High School,1,6,U46120,Board of Trustees Total,Chief Executive Officer Total,School Networks Total,Network 11 Total,Paul Robeson High School Total,Paul Robeson High School,,Schools,,,,,,N
U26920,Disney II Magnet School Total,,,,,0,5,U02640,Board of Trustees Total,Chief Executive Officer Total,School Networks Total,Network 14 Total,Disney II Magnet School Total,,,,,,,,,N
U55151,Infinity Math Science and Technology High School,,CPS Public School,,High School,1,6,U55150,Board of Trustees Total,Chief Executive Officer Total,School Networks Total,Network 15 Total,Infinity Math Total,Infinity Math Science and Technology High School,,Schools,,,,,,N
U66220,Chicago Int'l Charter School - West Beldon Campus Total,,,,,0,6,U60005,Board of Trustees Total,Chief Executive Officer Total,School Collaboratives Total,School Collaborative - Other Total,Charter/Contract Schools Total,Chicago Int'l Charter School - West Beldon Campus Total,,,,,,,,N
U23571,Hartigan Community Arts Specialty School,,CPS Public School,,Elementary School,1,6,U23570,Board of Trustees Total,Chief Executive Officer Total,School Networks Total,Network 9 Total,Hartigan Community Arts Specialty School Total,Hartigan Community Arts Specialty School,,Schools,,,,,,N
U26490,James R Doolittle Jr Primary West School Total,,,,,0,5,U02490,Board of Trustees Total,Chief Executive Officer Total,School Networks Total,Network 9 Total,James R Doolittle Jr Primary West School Total,,,,,,,,,N
U46061,Northside College Prep,,CPS Public School,,High School,1,6,U46060,Board of Trustees Total,Chief Executive Officer Total,School Networks Total,Network 14 Total,Northside College Prep Total,Northside College Prep,,Schools,,,,,,N
U26281,Henry O Tanner School,,CPS Public School,,Elementary School,1,6,U26280,Board of Trustees Total,Chief Executive Officer Total,School Networks Total,Network 12 Total,Henry O Tanner School Total,Henry O Tanner School,,Schools,,,,,,N
U66102,Academy of Scholastic Achievement,,Inactive School,,Grade Type TBD,1,7,U66100,Board of Trustees Total,Chief Executive Officer Total,School Collaboratives Total,School Collaborative - Other Total,Charter/Contract Schools Total,Youth Connection Charter Total,,Schools,,,,,,N
U47092,Chicago High School for the Agricultural Sciences - Fund 270 only,,Inactive School,,High School,1,7,U47090,Board of Trustees Total,Chief Executive Officer Total,School Collaboratives Total,Far South Side Collaborative Total,Far South Side K-12 Network Total,Chicago High School For Agricultural Sciences Total,,Schools,,,,,,N
U51022,Harlan Community Academy - Evening HS,,Inactive School,,High School,1,7,U51020,Board of Trustees Total,Chief Executive Officer Total,School Collaboratives Total,Far South Side Collaborative Total,Far South Side K-12 Network Total,Harlan Community Academy High School Total,,Schools,,,,,,N
U49110,Nikola Tesla Alternative High School For Pregnant Girls Total,,,,,0,5,U02490,Board of Trustees Total,Chief Executive Officer Total,School Networks Total,Network 9 Total,Nikola Tesla Alternative High School For Pregnant Girls Total,,,,,,,,,N
U49111,Nikola Tesla Alternative High School For Pregnant Girls,,CPS Public School,,High School,1,6,U49110,Board of Trustees Total,Chief Executive Officer Total,School Networks Total,Network 9 Total,Nikola Tesla Alternative High School For Pregnant Girls Total,Nikola Tesla Alternative High School For Pregnant Girls,,Schools,,,,,,N
U55141,Big Picture School (MET) School,,CPS Public School,,High School,1,6,U55140,Board of Trustees Total,Chief Executive Officer Total,School Networks Total,Network 9 Total,Big Picture School (MET) School Total,Big Picture School (MET) School,,Schools,,,,,,N
U46131,Edwin G. Foreman College and Career Academy,,CPS Public School,,High School,1,6,U46130,Board of Trustees Total,Chief Executive Officer Total,School Networks Total,Network 14 Total,Edwin G. Foreman College and Career Academy Total,Edwin G. Foreman College and Career Academy,,Schools,,,,,,N
U66110,North Kenwood Charter Total,,,,,0,6,U60005,Board of Trustees Total,Chief Executive Officer Total,School Collaboratives Total,School Collaborative - Other Total,Charter/Contract Schools Total,North Kenwood Charter Total,,,,,,,,N
U24451,Francis M Mckay School,,CPS Public School,,Elementary School,1,6,U24450,Board of Trustees Total,Chief Executive Officer Total,School Networks Total,Network 10 Total,Francis M Mckay School Total,Francis M Mckay School,,Schools,,,,,,N
U46270,Theodore Roosevelt High School Total,,,,,0,5,U02640,Board of Trustees Total,Chief Executive Officer Total,School Networks Total,Network 14 Total,Theodore Roosevelt High School Total,,,,,,,,,N
U29021,Burnside Scholastic Academy,,CPS Public School,,Elementary School,1,6,U29020,Board of Trustees Total,Chief Executive Officer Total,School Networks Total,Network 12 Total,Burnside Scholastic Academy Total,Burnside Scholastic Academy,,Schools,,,,,,N
U46152,Harper HS Evening School,,Inactive School,,High School,1,7,U46150,Board of Trustees Total,Chief Executive Officer Total,School Collaboratives Total,Southwest Side Collaborative Total,Southwest Side High School Network Total,Harper High School Total,,Schools,,,,,,N
U26701,Fairfield Academy,,CPS Public School,,Elementary School,1,6,U26700,Board of Trustees Total,Chief Executive Officer Total,School Networks Total,Network 10 Total,Fairfield Academy Total,Fairfield Academy,,Schools,,,,,,N
U70240,Alcott College Preparatory West Campus Total - U70241,,Charter School,,Grade Type TBD,0,5,U02650,Board of Trustees Total,Chief Executive Officer Total,School Networks Total,Network 15 Total,Alcott College Preparatory West Campus Total - U70241,,,,,,,,,N
U02660,Network 16 Total,,,,,0,4,U02005,Board of Trustees Total,Chief Executive Officer Total,School Networks Total,Network 16 Total,,,,,,,,,,N
U66330,Erie House Total,,,,,0,6,U60005,Board of Trustees Total,Chief Executive Officer Total,School Collaboratives Total,School Collaborative - Other Total,Charter/Contract Schools Total,Erie House Total,,,,,,,,N
U26831,Durkin Park School,,CPS Public School,,Elementary School,1,6,U26830,Board of Trustees Total,Chief Executive Officer Total,School Networks Total,Network 10 Total,Durkin Park School Total,Durkin Park School,,Schools,,,,,,N
U46271,Theodore Roosevelt High School,,CPS Public School,,High School,1,6,U46270,Board of Trustees Total,Chief Executive Officer Total,School Networks Total,Network 14 Total,Theodore Roosevelt High School Total,Theodore Roosevelt High School,,Schools,,,,,,N
U46301,Roger C Sullivan High School,,CPS Public School,,High School,1,6,U46300,Board of Trustees Total,Chief Executive Officer Total,School Networks Total,Network 14 Total,Roger C Sullivan High School Total,Roger C Sullivan High School,,Schools,,,,,,N
U29181,James E Mcdade Classical School,,CPS Public School,,Elementary School,1,6,U29180,Board of Trustees Total,Chief Executive Officer Total,School Networks Total,Network 12 Total,James E Mcdade Classical School Total,James E Mcdade Classical School,,Schools,,,,,,N
U30131,Davis Developmental Center,,CPS Public School,,Elementary School,1,6,U30130,Board of Trustees Total,Chief Executive Officer Total,School Networks Total,Network 12 Total,Davis Developmental Center Total,Davis Developmental Center,,Schools,,,,,,N
U24450,Francis M Mckay School Total,,,,,0,5,U02500,Board of Trustees Total,Chief Executive Officer Total,School Networks Total,Network 10 Total,Francis M Mckay School Total,,,,,,,,,N
U46320,Lincoln Park High School Total,,,,,0,5,U02640,Board of Trustees Total,Chief Executive Officer Total,School Networks Total,Network 14 Total,Lincoln Park High School Total,,,,,,,,,N
U29091,Matthew Gallistel Language Academy,,CPS Public School,,Elementary School,1,6,U29090,Board of Trustees Total,Chief Executive Officer Total,School Networks Total,Network 13 Total,Matthew Gallistel Language Academy Total,Matthew Gallistel Language Academy,,Schools,,,,,,N
U29092,Gallistel Br - Gallistel Language Academy,,CPS Public School,,Elementary School,1,6,U29090,Board of Trustees Total,Chief Executive Officer Total,School Networks Total,Network 13 Total,Matthew Gallistel Language Academy Total,Gallistel Br - Gallistel Language Academy,,Schools,,,,,,N
U29260,Edgar Allan Poe Classical School Total,,,,,0,5,U02530,Board of Trustees Total,Chief Executive Officer Total,School Networks Total,Network 13 Total,Edgar Allan Poe Classical School Total,,,,,,,,,N
U49112,Nikola Tesla Alternative High School For Pregnant Girls - Even Nikola Tesla Alternative High School For Pregnant Girls - Evening HS,,Inactive School,,High School,1,7,U49110,Board of Trustees Total,Chief Executive Officer Total,School Collaboratives Total,School Collaborative - Other Total,Undesignated Schools Total,Nikola Tesla Alternative High School For Pregnant Girls Total,,Schools,,,,,,N
U12020,Warehousing & Distribution Services,,Central Office,,,1,6,U12000,Board of Trustees Total,Chief Executive Officer Total,Chief Administrative Office Total,Facility Operations & Management Total,Food Services Total,Warehousing & Distribution Services,,Central Office,,,,,,N
U63110,Chicago Talent Development High School Total,,,,,0,6,U60005,Board of Trustees Total,Chief Executive Officer Total,School Collaboratives Total,School Collaborative - Other Total,Charter/Contract Schools Total,Chicago Talent Development High School Total,,,,,,,,N
U22280,Scott Joplin School Total,,,,,0,5,U02510,Board of Trustees Total,Chief Executive Officer Total,School Networks Total,Network 11 Total,Scott Joplin School Total,,,,,,,,,N
U22281,Scott Joplin School,,CPS Public School,,Elementary School,1,6,U22280,Board of Trustees Total,Chief Executive Officer Total,School Networks Total,Network 11 Total,Scott Joplin School Total,Scott Joplin School,,Schools,,,,,,N
U23870,Thomas Hoyne School Total,,,,,0,5,U02520,Board of Trustees Total,Chief Executive Officer Total,School Networks Total,Network 12 Total,Thomas Hoyne School Total,,,,,,,,,N
U66180,Chicago International CHR_W PK Total,,,,,0,6,U60005,Board of Trustees Total,Chief Executive Officer Total,School Collaboratives Total,School Collaborative - Other Total,Charter/Contract Schools Total,Chicago International CHR_W PK Total,,,,,,,,N
U66230,Chicago Int'l Charter School - Basil Campus Total,,,,,0,6,U60005,Board of Trustees Total,Chief Executive Officer Total,School Collaboratives Total,School Collaborative - Other Total,Charter/Contract Schools Total,Chicago Int'l Charter School - Basil Campus Total,,,,,,,,N
U23030,Charles W Earle School Total,,,,,0,5,U02510,Board of Trustees Total,Chief Executive Officer Total,School Networks Total,Network 11 Total,Charles W Earle School Total,,,,,,,,,N
U27070,MSAC - Lee Pasteur Area Elementary School Total,,,,,0,5,U02500,Board of Trustees Total,Chief Executive Officer Total,School Networks Total,Network 10 Total,MSAC - Lee Pasteur Area Elementary School Total,,,,,,,,,N
U23241,Fort Dearborn Elementary School,,CPS Public School,,Elementary School,1,6,U23240,Board of Trustees Total,Chief Executive Officer Total,School Networks Total,Network 11 Total,Fort Dearborn Elementary School Total,Fort Dearborn Elementary School,,Schools,,,,,,N
U23580,John Harvard School Total,,,,,0,5,U02510,Board of Trustees Total,Chief Executive Officer Total,School Networks Total,Network 11 Total,John Harvard School Total,,,,,,,,,N
U23581,John Harvard Elementary School of Excellence,,AUSL School,,Elementary School,1,6,U23580,Board of Trustees Total,Chief Executive Officer Total,School Networks Total,Network 11 Total,John Harvard School Total,John Harvard Elementary School of Excellence,,Schools,,,,,,N
U22640,Ira F Aldridge Elementary School Total,,,,,0,5,U02530,Board of Trustees Total,Chief Executive Officer Total,School Networks Total,Network 13 Total,Ira F Aldridge Elementary School Total,,,,,,,,,N
U46521,Devry University Advantage Academy,,CPS Public School,,High School,1,6,U46520,Board of Trustees Total,Chief Executive Officer Total,School Networks Total,Network 14 Total,Devry University Advantage Academy Total,Devry University Advantage Academy,,Schools,,,,,,N
U46051,James H Bowen High School,,CPS Public School,,High School,1,6,U46050,Board of Trustees Total,Chief Executive Officer Total,School Networks Total,Network 12 Total,James H Bowen High School Total,James H Bowen High School,,Schools,,,,,,N
U46530,Bowen Multiplex Total,,,,,0,5,U02520,Board of Trustees Total,Chief Executive Officer Total,School Networks Total,Network 12 Total,Bowen Multiplex Total,,,,,,,,,N
U24130,Wendell E Green Total,,,,,0,5,U02510,Board of Trustees Total,Chief Executive Officer Total,School Networks Total,Network 11 Total,Wendell E Green Total,,,,,,,,,N
U24741,Richard J Oglesby School,,CPS Public School,,Elementary School,1,6,U24740,Board of Trustees Total,Chief Executive Officer Total,School Networks Total,Network 11 Total,Richard J Oglesby School Total,Richard J Oglesby School,,Schools,,,,,,N
U24651,Jane A Neil School,,CPS Public School,,Elementary School,1,6,U24650,Board of Trustees Total,Chief Executive Officer Total,School Networks Total,Network 12 Total,Jane A Neil School Total,Jane A Neil School,,Schools,,,,,,N
U31250,Thomas J Higgins Community Academy Total,,,,,0,5,U02530,Board of Trustees Total,Chief Executive Officer Total,School Networks Total,Network 13 Total,Thomas J Higgins Community Academy Total,,,,,,,,,N
U41011,George Washington Carver Middle,,CPS Public School,,Elementary School,1,6,U41010,Board of Trustees Total,Chief Executive Officer Total,School Networks Total,Network 13 Total,George Washington Carver Middle Total,George Washington Carver Middle,,Schools,,,,,,N
U46201,John F Kennedy High School,,CPS Public School,,High School,1,6,U46200,Board of Trustees Total,Chief Executive Officer Total,School Networks Total,Network 16 Total,John F Kennedy High School Total,John F Kennedy High School,,Schools,,,,,,N
U46251,Morgan Park High School,,CPS Public School,,High School,1,6,U46250,Board of Trustees Total,Chief Executive Officer Total,School Networks Total,Network 16 Total,Morgan Park High School Total,Morgan Park High School,,Schools,,,,,,N
U25941,Carrie Jacobs Bond School,,CPS Public School,,Elementary School,1,6,U25940,Board of Trustees Total,Chief Executive Officer Total,School Networks Total,Network 11 Total,Carrie Jacobs Bond Total,Carrie Jacobs Bond School,,Schools,,,,,,N
U26120,Ralph Johnson Bunche School Total,,,,,0,5,U02510,Board of Trustees Total,Chief Executive Officer Total,School Networks Total,Network 11 Total,Ralph Johnson Bunche School Total,,,,,,,,,N
U26151,Walter Reed School,,CPS Public School,,Elementary School,1,6,U26150,Board of Trustees Total,Chief Executive Officer Total,School Networks Total,Network 11 Total,Walter Reed School Total,Walter Reed School,,Schools,,,,,,N
U26340,Sir Miles Davis Academy Total,,,,,0,5,U02510,Board of Trustees Total,Chief Executive Officer Total,School Networks Total,Network 11 Total,Sir Miles Davis Academy Total,,,,,,,,,N
U24731,William B Ogden School,,CPS Public School,,Elementary & High  School,1,6,U24730,Board of Trustees Total,Chief Executive Officer Total,School Networks Total,Network 15 Total,William B Ogden School Total,William B Ogden School,,Schools,,,,,,N
U55031,Bowen Environmental Studies High School,,CPS Public School,,High School,1,6,U55030,Board of Trustees Total,Chief Executive Officer Total,School Networks Total,Network 12 Total,Bowen Environmental Studies High School Total,Bowen Environmental Studies High School,,Schools,,,,,,N
U02120,Pershing Elementary Network Total,,,,,0,5,U02350,Board of Trustees Total,Chief Executive Office Total,School Collaboratives Total,Southwest Side Collaborative Total,Pershing Elementary Network Total,,,,,,,,,N
U11060,Teachers Academy for Mathematics and Science (TAMS) Training - City Wid,,City Wide,,,1,5,U10829,Board of Trustees Total,Chief Executive Officer Total,Chief Education Office Total,Personalized Learning Office Total,Teachers Academy for Mathematics and Science (TAMS) Training - City Wid,,,City Wide,,,,,,N
U11115,Leadership Development and Support - City Wide,,City Wide,,,1,5,U11005,Board of Trustees Total,Chief Executive Officer Total,Talent Office Total,Human Capital Office Total,Leadership Development and Support - City Wide,,,City Wide,,,,,,N
U28331,Williams Multiplex,,Multiplex,,,1,6,U28330,Board of Trustees Total,Chief Executive Officer Total,School Networks Total,Network 9 Total,Williams Multiplex Total,Williams Multiplex,,Schools,,,,,,N
U29322,Beasley CPC,,CPS Public School,,Elementary School,1,6,U29320,Board of Trustees Total,Chief Executive Officer Total,School Networks Total,Network 9 Total,Beasley Academic Center Magnet Total,Beasley CPC,,Schools,,,,,,N
U02140,Rock Island Elementary Network Total,,,,,0,5,U02360,Board of Trustees Total,Chief Executive Office Total,School Collaboratives Total,Far South Side Collaborative Total,Rock Island Elementary Network Total,,,,,,,,,N
U66650,Chicago Quest North Campus Total,,,,,0,6,U60005,Board of Trustees Total,Chief Executive Officer Total,School Collaboratives Total,School Collaborative - Other Total,Charter/Contract Schools Total,Chicago Quest North Campus Total,,,,,,,,N
U66627,YCCS - West Town Academy Alternative HS,,,,,1,5,U60005,Board of Trustees Total,Chief Executive Officer Total,School Networks Total,Charter Schools Network Total,YCCS - West Town Academy Alternative HS,,,Schools,,,,,,N
U00070,School Collaborative - Other Total,,,,,0,4,U02310,Board of Trustees Total,Chief Executive Office Total,School Collaboratives Total,School Collaborative - Other Total,,,,,,,,,,N
U10445,Autonomy Office - City Wide,,City Wide,,,1,4,U10800,Board of Trustees Total,Chief Executive Officer Total,Chief Education Office Total,Autonomy Office - City Wide,,,,City Wide,,,,,,N
U66681,Pending Charter 2 - Foundations 6-12,,,,,1,5,U60005,Board of Trustees Total,Chief Executive Officer Total,School Networks Total,Charter Schools Network Total,Pending Charter 2 - Foundations 6-12,,,Schools,,,,,,N
U66801,Pathways in Education Brighton Park,,,,,1,5,U60005,Board of Trustees Total,Chief Executive Officer Total,School Networks Total,Charter Schools Network Total,Pathways in Education Brighton Park,,,Schools,,,,,,N
U55060,Big Picture HS 1 Total,,,,,0,5,U02480,Board of Trustees Total,Chief Executive Officer Total,School Networks Total,Network 8 Total,Big Picture HS 1 Total,,,,,,,,,N
U10844,Educational Tools & Technologies Total,,,,,0,6,U10802,Board of Trustees Total,Chief Executive Officer Total,Chief Education Office Total,Chief Teaching and Learning Office Total,Core Curriculum Office Total,Educational Tools & Technologies Total,,,,,,,,N
U63070,Urban Prep Charter Academy for Young Men High School - West Camp Total,,,,,0,6,U60005,Board of Trustees Total,Chief Executive Officer Total,School Collaboratives Total,School Collaborative - Other Total,Charter/Contract Schools Total,Urban Prep Charter Academy for Young Men High School - West Camp Total,,,,,,,,N
U66921,Instituto - Justice Lozano,,,,,1,5,U60005,Board of Trustees Total,Chief Executive Officer Total,School Networks Total,Charter Schools Network Total,Instituto - Justice Lozano,,,Schools,,,,,,N
U70227,LR - Austin Career Education Center,,Charter School,,Grade Type TBD,1,5,U60005,Board of Trustees Total,Chief Executive Officer Total,School Networks Total,Charter Schools Network Total,LR - Austin Career Education Center,,,Schools,,,,,,N
U66621,YCCS - Olive Harvey Middle College HS,,,,,1,5,U60005,Board of Trustees Total,Chief Executive Officer Total,School Networks Total,Charter Schools Network Total,YCCS - Olive Harvey Middle College HS,,,Schools,,,,,,N
U25712,Wadsworth Child-Parent-Center Br - Wadsworth,,CPS Public School,,Elementary School,1,6,U25710,Board of Trustees Total,Chief Executive Officer Total,School Networks Total,Network 9 Total,James Wadsworth School Total,Wadsworth Child-Parent-Center Br - Wadsworth,,Schools,,,,,,N
U25930,Ludwig Von Beethoven School Total,,,,,0,5,U02490,Board of Trustees Total,Chief Executive Officer Total,School Networks Total,Network 9 Total,Ludwig Von Beethoven School Total,,,,,,,,,N
U26070,George T Donoghue School Total,,,,,0,5,U02490,Board of Trustees Total,Chief Executive Officer Total,School Networks Total,Network 9 Total,George T Donoghue School Total,,,,,,,,,N
U26100,Florence B Price Elementary School Total,,,,,0,5,U02490,Board of Trustees Total,Chief Executive Officer Total,School Networks Total,Network 9 Total,Florence B Price Elementary School Total,,,,,,,,,N
U46090,Jean Baptiste Point Du Sable High School Total,,,,,0,5,U02490,Board of Trustees Total,Chief Executive Officer Total,School Networks Total,Network 9 Total,Jean Baptiste Point Du Sable High School Total,,,,,,,,,N
U46091,Jean Baptiste Point Du Sable High School,,CPS Public School,,High School,1,6,U46090,Board of Trustees Total,Chief Executive Officer Total,School Networks Total,Network 9 Total,Jean Baptiste Point Du Sable High School Total,Jean Baptiste Point Du Sable High School,,Schools,,,,,,N
U46332,George Washington High School - Evening HS,,Inactive School,,High School,1,7,U46330,Board of Trustees Total,Chief Executive Officer Total,School Collaboratives Total,Far South Side Collaborative Total,Far South Side K-12 Network Total,George Washington High School Total,,Schools,,,,,,N
U11700,Chief Operating Officer Total,,,,,0,3,U10400,Board of Trustees Total,Chief Executive Officer Total,Chief Operating Officer Total,,,,,,,,,,,N
U23381,Robert J. Richardson Middle School,,,,,1,6,U23380,Board of Trustees Total,Chief Executive Officer Total,School Networks Total,Network 10 Total,Robert J. Richardson Middle School Total,Robert J. Richardson Middle School,,Schools,,,,,,N
U11371,Student Support and Engagement,,,,,1,6,U00005,Board of Trustees Total,Chief Executive Officer Total,Chief Education Office Total,College and Career Success Total,Student Support and Engagement Total,Student Support and Engagement,,Schools,,,,,,N
U22611,William W Carter School,,CPS Public School,,Elementary School,1,6,U22610,Board of Trustees Total,Chief Executive Officer Total,School Networks Total,Network 9 Total,William W Carter School Total,William W Carter School,,Schools,,,,,,N
U22992,James R Doolittle Jr East Early Childhood Center,,CPS Public School,,Elementary School,1,6,U22990,Board of Trustees Total,Chief Executive Officer Total,School Networks Total,Network 9 Total,James R Doolittle Jr Intermediate & Upper Cycle East Total,James R Doolittle Jr East Early Childhood Center,,Schools,,,,,,N
U23090,Albert Einstein School Total,,,,,0,5,U02490,Board of Trustees Total,Chief Executive Officer Total,School Networks Total,Network 9 Total,Albert Einstein School Total,,,,,,,,,N
U10821,Department of Professional Learning,,,,,1,5,U10812,Board of Trustees Total,Chief Executive Officer Total,Chief Education Office Total,Chief Teaching and Learning Office Total,Department of Professional Learning,,,Schools,,,,,,N
U13722,Multiple Pathways - City Wide,,City Wide,,,1,7,U13724,Board of Trustees Total,Chief Executive Officer Total,Chief Education Office Total,College and Career Success Total,Student Support and Engagement Total,Multiple Pathways Total,,City Wide,,,,,,N
U10905,LSC Relations Total,,,,,0,5,U10901,Board of Trustees Total,Chief Executive Officer Total,Chief Operating Officer Total,Family & Community Engagement Office Total,LSC Relations Total,,,,,,,,,N
U11880,Facility Opers & Maint - City Wide,,City Wide,,,1,5,U11800,Board of Trustees Total,Chief Executive Officer Total,Chief Operating Officer Total,Facility Operations & Management Total,Facility Opers & Maint - City Wide,,,City Wide,,,,,,N
U11890,CPS Warehouse - City Wide,,City Wide,,,1,5,U11800,Board of Trustees Total,Chief Executive Officer Total,Chief Operating Officer Total,Facility Operations & Management Total,CPS Warehouse - City Wide,,,City Wide,,,,,,N
U26110,Helen J Mccorkle Total,,,,,0,5,U02490,Board of Trustees Total,Chief Executive Officer Total,School Networks Total,Network 9 Total,Helen J Mccorkle Total,,,,,,,,,N
U26140,John Foster Dulles School Total,,,,,0,5,U02490,Board of Trustees Total,Chief Executive Officer Total,School Networks Total,Network 9 Total,John Foster Dulles School Total,,,,,,,,,N
U11957,Western Ave,,,,,1,6,U11950,Board of Trustees Total,Chief Executive Officer Total,Chief Operating Officer Total,Facility Operations & Management Total,CPS Administrative Buildings Total,Western Ave,,Schools,,,,,,N
U47030,Emil G Hirsch Metropolitan High School Total,,,,,0,5,U02670,Board of Trustees Total,Chief Executive Officer Total,School Networks Total,Network 17 Total,Emil G Hirsch Metropolitan High School Total,,,,,,,,,N
U46440,Bronzeville PJT Total,,,,,0,5,U02490,Board of Trustees Total,Chief Executive Officer Total,School Networks Total,Network 9 Total,Bronzeville PJT Total,,,,,,,,,N
U11369,Early Childhood Development Total,,,,,0,4,U10800,Board of Trustees Total,Chief Executive Officer Total,Chief Education Office Total,Early Childhood Development Total,,,,,,,,,,N
U12150,Capital/Operations - City Wide,,City Wide,,,1,5,U11800,Board of Trustees Total,Chief Executive Officer Total,Chief Operating Officer Total,Facility Operations & Management Total,Capital/Operations - City Wide,,,City Wide,,,,,,N
U68040,Lane Stadium,,Stadium,,,1,6,U68000,Board of Trustees Total,Chief Executive Officer Total,Chief Operating Officer Total,Facility Operations & Management Total,Stadiums Total,Lane Stadium,,Schools,,,,,,N
U68050,Rockne Stadium,,Stadium,,,1,6,U68000,Board of Trustees Total,Chief Executive Officer Total,Chief Operating Officer Total,Facility Operations & Management Total,Stadiums Total,Rockne Stadium,,Schools,,,,,,N
U66061,Chicago International Charter School (CICS)- Longwood Campus,,Charter School,,High School,1,5,U60005,Board of Trustees Total,Chief Executive Officer Total,School Networks Total,Charter Schools Network Total,Chicago International Charter School (CICS)- Longwood Campus,,,Schools,,,,,,N
U66071,Chicago International Charter School (CICS)- Bucktown Campus,,Charter School,,Elementary School,1,5,U60005,Board of Trustees Total,Chief Executive Officer Total,School Networks Total,Charter Schools Network Total,Chicago International Charter School (CICS)- Bucktown Campus,,,Schools,,,,,,N
U11952,Pershing East,,,,,1,6,U11950,Board of Trustees Total,Chief Executive Officer Total,Chief Operating Officer Total,Facility Operations & Management Total,CPS Administrative Buildings Total,Pershing East,,Schools,,,,,,N
U05281,Office of Education Options,,Central Office,,,1,5,U10404,Board of Trustees Total,Chief Executive Officer Total,Portfolio Office Total,Innovation and Incubation Total,Office of Education Options,,,Central Office,,,,,,N
U14052,Student Health and Wellness Total,,,,,0,5,U11400,Board of Trustees Total,Chief Executive Officer Total,Chief Education Office Total,College and Career Success Total,Student Health and Wellness Total,,,,,,,,,N
U14051,City Wide Office of Student Health and Wellness,,,,,1,6,U14052,Board of Trustees Total,Chief Executive Officer Total,Chief Education Office Total,College and Career Success Total,Student Health and Wellness Total,City Wide Office of Student Health and Wellness,,Schools,,,,,,N
U11500,Multicultural-Multilingual Education Total,,,,,0,4,U10800,Board of Trustees Total,Chief Executive Officer Total,Chief Education Office Total,Multicultural-Multilingual Education Total,,,,,,,,,,N
U11200,Accountability Total,,,,,0,4,U13600,Board of Trustees Total,Chief Executive Officer Total,Portfolio Office Total,Accountability Total,,,,,,,,,,N
U13709,Literacy Total,,,,,0,5,U10812,Board of Trustees Total,Chief Executive Officer Total,Chief Education Office Total,Chief Teaching and Learning Office Total,Literacy Total,,,,,,,,,N
U66581,Prologue-Joshua Johnston Charter School,,Charter School,,High School,1,5,U60005,Board of Trustees Total,Chief Executive Officer Total,School Networks Total,Charter Schools Network Total,Prologue-Joshua Johnston Charter School,,,Schools,,,,,,N
U23981,Canter Middle School,,CPS Public School,,Elementary School,1,6,U23980,Board of Trustees Total,Chief Executive Officer Total,School Networks Total,Network 9 Total,Canter Middle School Total,Canter Middle School,,Schools,,,,,,N
U24811,Ida B Wells Preparatory School,,CPS Public School,,Elementary School,1,6,U24810,Board of Trustees Total,Chief Executive Officer Total,School Networks Total,Network 9 Total,Wells Preparatory School Total,Ida B Wells Preparatory School,,Schools,,,,,,N
U05271,Area Instructional Office 27 - Special Education Schools,,Central Office,,,1,5,U11600,Board of Trustees Total,Chief Executive Officer Total,Chief Education Office Total,Office for Students with Disabilities (OSD) Total,Area Instructional Office 27 - Special Education Schools,,,Central Office,,,,,,N
U11610,Office for Students with Disabilities - Operations and Analytics,,Central Office,,,1,5,U11600,Board of Trustees Total,Chief Executive Officer Total,Chief Education Office Total,Office for Students with Disabilities (OSD) Total,Office for Students with Disabilities - Operations and Analytics,,,Central Office,,,,,,N
U11672,Office for Students with Disabilities - Assessment & Assignment,,,,,1,5,U11600,Board of Trustees Total,Chief Executive Officer Total,Chief Education Office Total,Office for Students with Disabilities (OSD) Total,Office for Students with Disabilities - Assessment & Assignment,,,Schools,,,,,,N
U26680,Elementary Multiplex Total,,,,,0,5,U02490,Board of Trustees Total,Chief Executive Officer Total,School Networks Total,Network 9 Total,Elementary Multiplex Total,,,,,,,,,N
U26870,John J. Pershing West Magnet School Total,,,,,0,5,U02490,Board of Trustees Total,Chief Executive Officer Total,School Networks Total,Network 9 Total,John J. Pershing West Magnet School Total,,,,,,,,,N
U28071,Woodson South Multiplex,,Multiplex,,,1,6,U28070,Board of Trustees Total,Chief Executive Officer Total,School Networks Total,Network 9 Total,Woodson South Multiplex Total,Woodson South Multiplex,,Schools,,,,,,N
U12000,Food Services Total,,,,,0,4,U11700,Board of Trustees Total,Chief Executive Officer Total,Chief Operating Officer Total,Food Services Total,,,,,,,,,,N
U11674,Office for Students with Disabilities - Instructional Supports,,,,,1,5,U11600,Board of Trustees Total,Chief Executive Officer Total,Chief Education Office Total,Office for Students with Disabilities (OSD) Total,Office for Students with Disabilities - Instructional Supports,,,Schools,,,,,,N
U11675,Office for Students with Disabilities - RSP - City Wide,,City Wide,,,1,5,U11600,Board of Trustees Total,Chief Executive Officer Total,Chief Education Office Total,Office for Students with Disabilities (OSD) Total,Office for Students with Disabilities - RSP - City Wide,,,City Wide,,,,,,N
U13750,Sports Administration Total,,,,,0,4,U10800,Board of Trustees Total,Chief Executive Officer Total,Chief Education Office Total,Sports Administration Total,,,,,,,,,,N
U11005,Human Capital Office Total,,,,,0,4,U11000,Board of Trustees Total,Chief Executive Officer Total,Talent Office Total,Human Capital Office Total,,,,,,,,,,N
U11070,Talent Office - City Wide,,City Wide,,,1,5,U11005,Board of Trustees Total,Chief Executive Officer Total,Talent Office Total,Human Capital Office Total,Talent Office - City Wide,,,City Wide,,,,,,N
U02450,Network 5 Total,,,,,0,4,U02005,Board of Trustees Total,Chief Executive Officer Total,School Networks Total,Network 5 Total,,,,,,,,,,N
U41071,Brian Piccolo Middle School,,,,,1,6,U41070,Board of Trustees Total,Chief Executive Officer Total,School Networks Total,Network 5 Total,Brian Piccolo Middle School Total,Brian Piccolo Middle School,,Schools,,,,,,N
U23940,Thomas Jefferson School Total,,,,,0,5,U02460,Board of Trustees Total,Chief Executive Officer Total,School Networks Total,Network 6 Total,Thomas Jefferson School Total,,,,,,,,,N
U24141,John V Lemoyne School,,CPS Public School,,Elementary School,1,6,U24140,Board of Trustees Total,Chief Executive Officer Total,School Networks Total,Network 4 Total,John V Lemoyne School Total,John V Lemoyne School,,Schools,,,,,,N
U22440,Irene C. Hernandez Middle School - Advancement of the Sciences Total,,,,,0,5,U02480,Board of Trustees Total,Chief Executive Officer Total,School Networks Total,Network 8 Total,Irene C. Hernandez Middle School - Advancement of the Sciences Total,,,,,,,,,N
U22480,John C Burroughs School Total,,,,,0,5,U02480,Board of Trustees Total,Chief Executive Officer Total,School Networks Total,Network 8 Total,John C Burroughs School Total,,,,,,,,,N
U22951,Dewey Elementary Academy of Fine Arts,,CPS Public School,,Elementary School,1,6,U22950,Board of Trustees Total,Chief Executive Officer Total,School Networks Total,Network 8 Total,Dewey Academy Of Multicultural Studies Total,Dewey Elementary Academy of Fine Arts,,Schools,,,,,,N
U26772,Belmont-Cragin Early Childhood Demonstration Center,,CPS Public School,,Elementary School,1,6,U26770,Board of Trustees Total,Chief Executive Officer Total,School Networks Total,Network 3 Total,Belmont-Cragin School Total,Belmont-Cragin Early Childhood Demonstration Center,,Schools,,,,,,N
U29271,Harriet E Sayre Language Academy,,CPS Public School,,Elementary School,1,6,U29270,Board of Trustees Total,Chief Executive Officer Total,School Networks Total,Network 3 Total,Harriet E Sayre Language Academy Total,Harriet E Sayre Language Academy,,Schools,,,,,,N
U24200,Carl Von Linne Elementary School Total,,,,,0,5,U02440,Board of Trustees Total,Chief Executive Officer Total,School Networks Total,Network 4 Total,Carl Von Linne Elementary School Total,,,,,,,,,N
U26010,Munoz Marin Primary Center Total,,,,,0,5,U02450,Board of Trustees Total,Chief Executive Officer Total,School Networks Total,Network 5 Total,Munoz Marin Primary Center Total,,,,,,,,,N
U26041,Julia C Lathrop School,,CPS Public School,,Elementary School,1,6,U26040,Board of Trustees Total,Chief Executive Officer Total,School Networks Total,Network 5 Total,Julia C Lathrop School Total,Julia C Lathrop School,,Schools,,,,,,N
U22670,Thomas Chalmers STEAM Elementary School Total,,,,,0,5,U02450,Board of Trustees Total,Chief Executive Officer Total,School Networks Total,Network 5 Total,Thomas Chalmers STEAM Elementary School Total,,,,,,,,,N
U22720,Frederic Chopin School Total,,,,,0,5,U02450,Board of Trustees Total,Chief Executive Officer Total,School Networks Total,Network 5 Total,Frederic Chopin School Total,,,,,,,,,N
U22911,Edward C Delano School,,CPS Public School,,Elementary School,1,6,U22910,Board of Trustees Total,Chief Executive Officer Total,School Networks Total,Network 5 Total,Edward C Delano School Total,Edward C Delano School,,Schools,,,,,,N
U25410,John M Smyth Elementary School Total,,,,,0,5,U02460,Board of Trustees Total,Chief Executive Officer Total,School Networks Total,Network 6 Total,John M Smyth Elementary School Total,,,,,,,,,N
U25580,Mancel Talcott School Total,,,,,0,5,U02460,Board of Trustees Total,Chief Executive Officer Total,School Networks Total,Network 6 Total,Mancel Talcott School Total,,,,,,,,,N
U25750,James Ward Elementary School Total,,,,,0,5,U02460,Board of Trustees Total,Chief Executive Officer Total,School Networks Total,Network 6 Total,James Ward Elementary School Total,,,,,,,,,N
U22170,Newton Bateman Elementary School Total,,,,,0,5,U02410,Board of Trustees Total,Chief Executive Officer Total,School Networks Total,Network 1 Total,Newton Bateman Elementary School Total,,,,,,,,,N
U63230,Roseland Preparatory Academy Total,,,,,0,5,U00080,Board of Trustees Total,Chief Executive Officer Total,School Networks Total,Undesignated Schools Network Total,Roseland Preparatory Academy Total,,,,,,,,,N
U00093,Office of Strategic School Support Services Total,,,,,1,4,U02005,Board of Trustees Total,Chief Executive Officer Total,School Networks Total,Office of Strategic School Support Services Total,,,,Schools,,,,,,N
U23251,Joseph Kellman Corporate Community School,,CPS Public School,,Elementary School,1,6,U23250,Board of Trustees Total,Chief Executive Officer Total,School Networks Total,Network 5 Total,Joseph Kellman Corporate Community School Total,Joseph Kellman Corporate Community School,,Schools,,,,,,N
U50131,Westinghouse Academic Transition HS,,CPS Public School,,High School,1,6,U50130,Board of Trustees Total,Chief Executive Officer Total,School Networks Total,Network 5 Total,Westinghouse Academic Transition HS Total,Westinghouse Academic Transition HS,,Schools,,,,,,N
U24310,George Manierre School Total,,,,,0,5,U02440,Board of Trustees Total,Chief Executive Officer Total,School Networks Total,Network 4 Total,George Manierre School Total,,,,,,,,,N
U24531,Logan Square School,,CPS Public School,,Elementary School,1,6,U24530,Board of Trustees Total,Chief Executive Officer Total,School Networks Total,Network 4 Total,Logan Square Elementary School Total,Logan Square School,,Schools,,,,,,N
U23281,Robert Fulton School,,CPS Public School,,Elementary School,1,6,U23280,Board of Trustees Total,Chief Executive Officer Total,School Networks Total,Network 8 Total,Robert Fulton School Total,Robert Fulton School,,Schools,,,,,,N
U29010,Thomas A Edison Regional Gifted Center Total,,,,,0,5,U02410,Board of Trustees Total,Chief Executive Officer Total,School Networks Total,Network 1 Total,Thomas A Edison Regional Gifted Center Total,,,,,,,,,N
U53030,Lucy L Flower Vocational High School Total,,,,,0,5,U02450,Board of Trustees Total,Chief Executive Officer Total,School Networks Total,Network 5 Total,Lucy L Flower Vocational High School Total,,,,,,,,,N
U49140,Austin Polytechnical Academy Total,,,,,0,5,U02430,Board of Trustees Total,Chief Executive Officer Total,School Networks Total,Network 3 Total,Austin Polytechnical Academy Total,,,,,,,,,N
U26531,Edward Franklin Frazier School,,CPS Public School,,Elementary School,1,6,U26530,Board of Trustees Total,Chief Executive Officer Total,School Networks Total,Network 5 Total,Edward Franklin Frazier School Total,Edward Franklin Frazier School,,Schools,,,,,,N
U23510,John H Hamline Elementary School Total,,,,,0,5,U02480,Board of Trustees Total,Chief Executive Officer Total,School Networks Total,Network 8 Total,John H Hamline Elementary School Total,,,,,,,,,N
U23511,John H Hamline Elementary School,,CPS Public School,,Elementary School,1,6,U23510,Board of Trustees Total,Chief Executive Officer Total,School Networks Total,Network 8 Total,John H Hamline Elementary School Total,John H Hamline Elementary School,,Schools,,,,,,N
U32010,Albany Park Multicultural Academy Elementary School Total,,,,,0,5,U02410,Board of Trustees Total,Chief Executive Officer Total,School Networks Total,Network 1 Total,Albany Park Multicultural Academy Elementary School Total,,,,,,,,,N
U49170,New Neighborhood HS - Read Dunning (NW) Area Total,,,,,0,5,U02410,Board of Trustees Total,Chief Executive Officer Total,School Networks Total,Network 1 Total,New Neighborhood HS - Read Dunning (NW) Area Total,,,,,,,,,N
U02440,Network 4 Total,,,,,0,4,U02005,Board of Trustees Total,Chief Executive Officer Total,School Networks Total,Network 4 Total,,,,,,,,,,N
U23861,George Howland School Of The Arts,,CPS Public School,,Elementary School,1,6,U23860,Board of Trustees Total,Chief Executive Officer Total,School Networks Total,Network 5 Total,George Howland School Of The Arts Total,George Howland School Of The Arts,,Schools,,,,,,N
U26561,Nathan R Goldblatt School,,CPS Public School,,Elementary School,1,6,U26560,Board of Trustees Total,Chief Executive Officer Total,School Networks Total,Network 5 Total,Nathan R Goldblatt School Total,Nathan R Goldblatt School,,Schools,,,,,,N
U23950,Edward Jenner Academy Of The Arts Total,,,,,0,5,U02460,Board of Trustees Total,Chief Executive Officer Total,School Networks Total,Network 6 Total,Edward Jenner Academy Of The Arts Total,,,,,,,,,N
U22271,Mosaic School of Fine Arts,,CPS Public School,,Elementary School,1,6,U22270,Board of Trustees Total,Chief Executive Officer Total,School Networks Total,Network 2 Total,Mosaic School of Fine Arts Total,Mosaic School of Fine Arts,,Schools,,,,,,N
U23210,Eugene Field School Total,,,,,0,5,U02420,Board of Trustees Total,Chief Executive Officer Total,School Networks Total,Network 2 Total,Eugene Field School Total,,,,,,,,,N
U55070,Excel - Orr HS Total,,,,,0,5,U02450,Board of Trustees Total,Chief Executive Officer Total,School Networks Total,Network 5 Total,Excel - Orr HS Total,,,,,,,,,N
U55071,Excel - Orr HS,,CPS Public School,,High School,1,6,U55070,Board of Trustees Total,Chief Executive Officer Total,School Networks Total,Network 5 Total,Excel - Orr HS Total,Excel - Orr HS,,Schools,,,,,,N
U25101,Frank W Reilly School,,CPS Public School,,Elementary School,1,6,U25100,Board of Trustees Total,Chief Executive Officer Total,School Networks Total,Network 4 Total,Frank W Reilly School Total,Frank W Reilly School,,Schools,,,,,,N
U24671,Florence Nightingale School,,CPS Public School,,Elementary School,1,6,U24670,Board of Trustees Total,Chief Executive Officer Total,School Networks Total,Network 8 Total,Florence Nightingale School Total,Florence Nightingale School,,Schools,,,,,,N
U25300,William H Seward Communication Arts Academy Total,,,,,0,5,U02480,Board of Trustees Total,Chief Executive Officer Total,School Networks Total,Network 8 Total,William H Seward Communication Arts Academy Total,,,,,,,,,N
U25340,William T Sherman School Total,,,,,0,5,U02480,Board of Trustees Total,Chief Executive Officer Total,School Networks Total,Network 8 Total,William T Sherman School Total,,,,,,,,,N
U23620,Stephen K Hayt School Total,,,,,0,5,U02420,Board of Trustees Total,Chief Executive Officer Total,School Networks Total,Network 2 Total,Stephen K Hayt School Total,,,,,,,,,N
U24471,James B Mcpherson Elementary School,,CPS Public School,,Elementary School,1,6,U24470,Board of Trustees Total,Chief Executive Officer Total,School Networks Total,Network 2 Total,James B Mcpherson Elementary School Total,James B Mcpherson Elementary School,,Schools,,,,,,N
U22031,Harriet Tubman Elementary School,,CPS Public School,,Elementary School,1,6,U22030,Board of Trustees Total,Chief Executive Officer Total,School Networks Total,Network 4 Total,Harriett Tubman School Total- U22030,Harriet Tubman Elementary School,,Schools,,,,,,N
U22040,Louisa May Alcott School Total,,,,,0,5,U02440,Board of Trustees Total,Chief Executive Officer Total,School Networks Total,Network 4 Total,Louisa May Alcott School Total,,,,,,,,,N
U25271,Friedrick Von Schiller School,,CPS Public School,,Elementary School,1,6,U25270,Board of Trustees Total,Chief Executive Officer Total,School Networks Total,Network 4 Total,Friedrick Von Schiller School Total,Friedrick Von Schiller School,,Schools,,,,,,N
U25141,Philip Rogers School,,CPS Public School,,Elementary School,1,6,U25140,Board of Trustees Total,Chief Executive Officer Total,School Networks Total,Network 2 Total,Philip Rogers School Total,Philip Rogers School,,Schools,,,,,,N
U22141,John Barry Elementary School,,CPS Public School,,Elementary School,1,6,U22140,Board of Trustees Total,Chief Executive Officer Total,School Networks Total,Network 4 Total,John Barry Elementary School Total,John Barry Elementary School,,Schools,,,,,,N
U24780,Brian Piccolo Elementary School Total,,,,,0,5,U02450,Board of Trustees Total,Chief Executive Officer Total,School Networks Total,Network 5 Total,Brian Piccolo Elementary School Total,,,,,,,,,N
U26881,Suder Montessori Magnet School,,CPS Public School,,Elementary School,1,6,U26880,Board of Trustees Total,Chief Executive Officer Total,School Networks Total,Network 6 Total,Suder Montessori School Total,Suder Montessori Magnet School,,Schools,,,,,,N
U30121,Wilma G Rudolph Learning Center,,CPS Public School,,Elementary School,1,6,U30120,Board of Trustees Total,Chief Executive Officer Total,School Networks Total,Network 6 Total,Wilma G Rudolph Learning Center Total,Wilma G Rudolph Learning Center,,Schools,,,,,,N
U22561,Philo Carpenter School,,CPS Public School,,Elementary School,1,6,U22560,Board of Trustees Total,Chief Executive Officer Total,School Networks Total,Network 6 Total,Philo Carpenter School Total,Philo Carpenter School,,Schools,,,,,,N
U29080,Franklin Fine Arts Center Total,,,,,0,5,U02440,Board of Trustees Total,Chief Executive Officer Total,School Networks Total,Network 4 Total,Franklin Fine Arts Center Total,,,,,,,,,N
U44061,Medill Multiplex,,Multiplex,,,1,6,U44060,Board of Trustees Total,Chief Executive Officer Total,School Networks Total,Network 6 Total,Medill Multiplex Total,Medill Multiplex,,Schools,,,,,,N
U46670,Barak Obama College Preparatory High School Total,,,,,0,5,U02460,Board of Trustees Total,Chief Executive Officer Total,School Networks Total,Network 6 Total,Barak Obama College Preparatory High School Total,,,,,,,,,N
U29401,Walt Disney Magnet School,,CPS Public School,,Elementary School,1,6,U29400,Board of Trustees Total,Chief Executive Officer Total,School Networks Total,Network 2 Total,Walt Disney Magnet School Total,Walt Disney Magnet School,,Schools,,,,,,N
U44040,Senn Multiplex Total,,,,,0,5,U02420,Board of Trustees Total,Chief Executive Officer Total,School Networks Total,Network 2 Total,Senn Multiplex Total,,,,,,,,,N
U23180,Foundations School Total,,,,,0,5,U02460,Board of Trustees Total,Chief Executive Officer Total,School Networks Total,Network 6 Total,Foundations School Total,,,,,,,,,N
U22231,Alexander Graham Bell School,,CPS Public School,,Elementary School,1,6,U22230,Board of Trustees Total,Chief Executive Officer Total,School Networks Total,Network 4 Total,Alexander Graham Bell School Total,Alexander Graham Bell School,,Schools,,,,,,N
U22310,Brentano Math & Science Academy Total,,,,,0,5,U02440,Board of Trustees Total,Chief Executive Officer Total,School Networks Total,Network 4 Total,Brentano Math & Science Academy Total,,,,,,,,,N
U29130,Hawthorne Scholastic Academy Total,,,,,0,5,U02440,Board of Trustees Total,Chief Executive Officer Total,School Networks Total,Network 4 Total,Hawthorne Scholastic Academy Total,,,,,,,,,N
U01000,Chicago Public Schools,,Central Office,,,1,1,Total Entity,Chicago Public Schools,,,,,,,Schools,,,,,,N
U10400,Chief Executive Officer Total,,,,,0,2,U10100,Board of Trustees Total,Chief Executive Officer Total,,,,,,,,,,,,N
U49150,Marine Military Academy Total,,,,,0,5,U02460,Board of Trustees Total,Chief Executive Officer Total,School Networks Total,Network 6 Total,Marine Military Academy Total,,,,,,,,,N
U50021,Harvey APC,,CPS Public School,,High School,1,6,U50020,Board of Trustees Total,Chief Executive Officer Total,School Networks Total,Network 6 Total,Harvey APC Total,Harvey APC,,Schools,,,,,,N
U02430,Network 3 Total,,,,,0,4,U02005,Board of Trustees Total,Chief Executive Officer Total,School Networks Total,Network 3 Total,,,,,,,,,,N
U22580,Dr Jorge Prieto Math and Science Academy Total,,,,,0,5,U02430,Board of Trustees Total,Chief Executive Officer Total,School Networks Total,Network 3 Total,Dr Jorge Prieto Math and Science Academy Total,,,,,,,,,N
U22421,Augustus H Burley Elementary School,,CPS Public School,,Elementary School,1,6,U22420,Board of Trustees Total,Chief Executive Officer Total,School Networks Total,Network 4 Total,Augustus H Burley Elementary School Total,Augustus H Burley Elementary School,,Schools,,,,,,N
U25461,Recovering The Gifted Child Academy,,CPS Public School,,Elementary School,1,6,U25460,Board of Trustees Total,Chief Executive Officer Total,School Networks Total,Network 5 Total,Recovering The Gifted Child Academy Total,Recovering The Gifted Child Academy,,Schools,,,,,,N
U25521,Harriet Beecher Stowe School,,CPS Public School,,Elementary School,1,6,U25520,Board of Trustees Total,Chief Executive Officer Total,School Networks Total,Network 5 Total,Harriet Beecher Stowe School Total,Harriet Beecher Stowe School,,Schools,,,,,,N
U70217,LR - New Carson,,CPS Public School,,Elementary School,1,6,U22600,Board of Trustees Total,Chief Executive Officer Total,School Networks Total,Independent Schools Network Total,Rachel Carson Elementary School Total,LR - New Carson,,Schools,,,,,,N
U22650,George F Cassell School Total,,,,,0,5,U02270,Board of Trustees Total,Chief Executive Officer Total,School Networks Total,Independent Schools Network Total,George F Cassell School Total,,,,,,,,,N
U23231,Telpochcalli School,,CPS Public School,,Elementary School,1,6,U23230,Board of Trustees Total,Chief Executive Officer Total,School Networks Total,Network 7 Total,Telpochcalli Total,Telpochcalli School,,Schools,,,,,,N
U23310,Joseph E Gary School Total,,,,,0,5,U02470,Board of Trustees Total,Chief Executive Officer Total,School Networks Total,Network 7 Total,Joseph E Gary School Total,,,,,,,,,N
U24220,Henry D Lloyd School Total,,,,,0,5,U02430,Board of Trustees Total,Chief Executive Officer Total,School Networks Total,Network 3 Total,Henry D Lloyd School Total,,,,,,,,,N
U25691,Alexander Von Humboldt School,,CPS Public School,,Elementary School,1,6,U25690,Board of Trustees Total,Chief Executive Officer Total,School Networks Total,Network 5 Total,Alexander Von Humboldt School Total,Alexander Von Humboldt School,,Schools,,,,,,N
U24791,James Otis School,,CPS Public School,,Elementary School,1,6,U24790,Board of Trustees Total,Chief Executive Officer Total,School Networks Total,Network 6 Total,James Otis School Total,James Otis School,,Schools,,,,,,N
U22751,Dewitt Clinton School,,CPS Public School,,Elementary School,1,6,U22750,Board of Trustees Total,Chief Executive Officer Total,School Networks Total,Independent Schools Network Total,Dewitt Clinton School Total,Dewitt Clinton School,,Schools,,,,,,N
U24690,Alfred Nobel Elementary School Total,,,,,0,5,U02270,Board of Trustees Total,Chief Executive Officer Total,School Networks Total,Independent Schools Network Total,Alfred Nobel Elementary School Total,,,,,,,,,N
U23772,Herzl Child-Parent-Center Br - Herzl,,AUSL School,,Elementary School,1,6,U23770,Board of Trustees Total,Chief Executive Officer Total,School Networks Total,Network 7 Total,Theodore Herzl School Total,Herzl Child-Parent-Center Br - Herzl,,Schools,,,,,,N
U24282,Mary Lyon Br - Lyon,,CPS Public School,,Elementary School,1,6,U24280,Board of Trustees Total,Chief Executive Officer Total,School Networks Total,Network 3 Total,Mary Lyon School Total,Mary Lyon Br - Lyon,,Schools,,,,,,N
U22700,Salmon P Chase School Total,,,,,0,5,U02440,Board of Trustees Total,Chief Executive Officer Total,School Networks Total,Network 4 Total,Salmon P Chase School Total,,,,,,,,,N
U22881,Charles R Darwin School,,CPS Public School,,Elementary School,1,6,U22880,Board of Trustees Total,Chief Executive Officer Total,School Networks Total,Network 4 Total,Charles R Darwin School Total,Charles R Darwin School,,Schools,,,,,,N
U23290,Frederick Funston School Total,,,,,0,5,U02440,Board of Trustees Total,Chief Executive Officer Total,School Networks Total,Network 4 Total,Frederick Funston School Total,,,,,,,,,N
U24891,Helen C Peirce School Of International Studies,,CPS Public School,,Elementary School,1,6,U24890,Board of Trustees Total,Chief Executive Officer Total,School Networks Total,Independent Schools Network Total,Helen C Peirce School Of International Studies Total,Helen C Peirce School Of International Studies,,Schools,,,,,,N
U24980,Ambrose Plamondon School Total,,,,,0,5,U02270,Board of Trustees Total,Chief Executive Officer Total,School Networks Total,Independent Schools Network Total,Ambrose Plamondon School Total,,,,,,,,,N
U29391,Sir Miles Davis Magnet Academy,,CPS Public School,,Elementary School,1,6,U29390,Board of Trustees Total,Chief Executive Officer Total,School Networks Total,Independent Schools Network Total,Sir Miles Davis Magnet Total,Sir Miles Davis Magnet Academy,,Schools,,,,,,N
U24910,William Penn School Total,,,,,0,5,U02470,Board of Trustees Total,Chief Executive Officer Total,School Networks Total,Network 7 Total,William Penn School Total,,,,,,,,,N
U50151,Senn Academic Transition HS,,CPS Public School,,High School,1,6,U50150,Board of Trustees Total,Chief Executive Officer Total,School Networks Total,Network 2 Total,Senn Academic Transition HS Total,Senn Academic Transition HS,,Schools,,,,,,N
U41050,Michelle Clark Academic Prep Magnet High School Total,,,,,0,5,U02270,Board of Trustees Total,Chief Executive Officer Total,School Networks Total,Independent Schools Network Total,Michelle Clark Academic Prep Magnet High School Total,,,,,,,,,N
U45221,Hyman G. Rickover Naval Academy,,CPS Public School,,High School,1,6,U45220,Board of Trustees Total,Chief Executive Officer Total,School Networks Total,Independent Schools Network Total,Hyman G. Rickover Naval Academy Total,Hyman G. Rickover Naval Academy,,Schools,,,,,,N
U26221,Ignace Paderewski School,,CPS Public School,,Elementary School,1,6,U26220,Board of Trustees Total,Chief Executive Officer Total,School Networks Total,Network 7 Total,Ignace Paderewski School Total,Ignace Paderewski School,,Schools,,,,,,N
U24240,Joseph Lovett School Total,,,,,0,5,U02430,Board of Trustees Total,Chief Executive Officer Total,School Networks Total,Network 3 Total,Joseph Lovett School Total,,,,,,,,,N
U25440,Herbert Spencer Math & Science Academy Total,,,,,0,5,U02430,Board of Trustees Total,Chief Executive Officer Total,School Networks Total,Network 3 Total,Herbert Spencer Math & Science Academy Total,,,,,,,,,N
U26300,Ronald E McNair Elementary School Total,,,,,0,5,U02430,Board of Trustees Total,Chief Executive Officer Total,School Networks Total,Network 3 Total,Ronald E McNair Elementary School Total,,,,,,,,,N
U23481,John C Haines School,,CPS Public School,,Elementary School,1,6,U23480,Board of Trustees Total,Chief Executive Officer Total,School Networks Total,Network 6 Total,John C Haines School Total,John C Haines School,,Schools,,,,,,N
U22791,Ruth Bader Ginsburg Elementary School,,CPS Public School,,Elementary School,1,6,U22790,Board of Trustees Total,Chief Executive Officer Total,School Networks Total,Independent Schools Network Total,Ruth Bader Ginsburg Elementary School Total,Ruth Bader Ginsburg Elementary School,,Schools,,,,,,N
U66530,Addams High School Total,,,,,0,5,U02470,Board of Trustees Total,Chief Executive Officer Total,School Networks Total,Network 7 Total,Addams High School Total,,,,,,,,,N
U29190,Inter-American Magnet Total,,,,,0,5,U02440,Board of Trustees Total,Chief Executive Officer Total,School Networks Total,Network 4 Total,Inter-American Magnet Total,,,,,,,,,N
U29191,Inter-American Magnet School,,CPS Public School,,Elementary School,1,6,U29190,Board of Trustees Total,Chief Executive Officer Total,School Networks Total,Network 4 Total,Inter-American Magnet Total,Inter-American Magnet School,,Schools,,,,,,N
U69620,City Elementary,,,,,1,5,U69000,Board of Trustees Total,Chief Executive Officer Total,School Networks Total,Non-Public Schools Network Total,City Elementary,,,Schools,,,,,,N
U69622,Furqaan Academy,,,,,1,5,U69000,Board of Trustees Total,Chief Executive Officer Total,School Networks Total,Non-Public Schools Network Total,Furqaan Academy,,,Schools,,,,,,N
U69116,Good Shepherd School,,,,,1,5,U69000,Board of Trustees Total,Chief Executive Officer Total,School Networks Total,Non-Public Schools Network Total,Good Shepherd School,,,Schools,,,,,,N
U69118,St. Germaine School,,,,,1,5,U69000,Board of Trustees Total,Chief Executive Officer Total,School Networks Total,Non-Public Schools Network Total,St. Germaine School,,,Schools,,,,,,N
U02000,Network Offices Total,,,,,0,4,U10800,Board of Trustees Total,Chief Executive Officer Total,Chief Education Office Total,Network Offices Total,,,,,,,,,,N
U02041,Fullerton Elementary Network,,Central Office,,,1,5,U02000,Board of Trustees Total,Chief Executive Officer Total,Chief Education Office Total,Network Offices Total,Fullerton Elementary Network,,,Central Office,,,,,,N
U69202,Brickton Montessori School,,Non-Public School,,Elementary School,1,5,U69000,Board of Trustees Total,Chief Executive Officer Total,School Networks Total,Non-Public Schools Network Total,Brickton Montessori School,,,Schools,,,,,,N
U66395,Acero Charter Schools - SPC Daniel Zizumbo,,Charter School,,Elementary School,1,5,U60005,Board of Trustees Total,Chief Executive Officer Total,School Networks Total,Charter Schools Network Total,Acero Charter Schools - SPC Daniel Zizumbo,,,Schools,,,,,,N
U69124,Holy Angels School,,Non-Public School,,Elementary School,1,5,U69000,Board of Trustees Total,Chief Executive Officer Total,School Networks Total,Non-Public Schools Network Total,Holy Angels School,,,Schools,,,,,,N
U69313,Grace Lutheran School,,Non-Public School,,Elementary School,1,5,U69000,Board of Trustees Total,Chief Executive Officer Total,School Networks Total,Non-Public Schools Network Total,Grace Lutheran School,,,Schools,,,,,,N
U69423,Emmanuel Christian,,Non-Public School,,Elementary School,1,5,U69000,Board of Trustees Total,Chief Executive Officer Total,School Networks Total,Non-Public Schools Network Total,Emmanuel Christian,,,Schools,,,,,,N
U53051,Ellen H Richards Career Academy,,CPS Public School,,High School,1,6,U53050,Board of Trustees Total,Chief Executive Officer Total,School Networks Total,Network 16 Total,Ellen H Richards Career Academy Total,Ellen H Richards Career Academy,,Schools,,,,,,N
U69321,Our Savior Lutheran School (Cornelia),,Non-Public School,,Elementary School,1,5,U69000,Board of Trustees Total,Chief Executive Officer Total,School Networks Total,Non-Public Schools Network Total,Our Savior Lutheran School (Cornelia),,,Schools,,,,,,N
U69631,St. Francis Xavier (La Grange),,,,,1,5,U69000,Board of Trustees Total,Chief Executive Officer Total,School Networks Total,Non-Public Schools Network Total,St. Francis Xavier (La Grange),,,Schools,,,,,,N
U69438,Midwestern Christian Academy,,Non-Public School,,Elementary School,1,5,U69000,Board of Trustees Total,Chief Executive Officer Total,School Networks Total,Non-Public Schools Network Total,Midwestern Christian Academy,,,Schools,,,,,,N
U28360,Chicago Academy Multiplex Total,,,,,0,5,U20100,Board of Trustees Total,Chief Executive Officer Total,School Networks Total,AUSL Schools Network Total,Chicago Academy Multiplex Total,,,,,,,,,N
U50180,Phillips Achievement Academy Total,,,,,0,5,U20100,Board of Trustees Total,Chief Executive Officer Total,School Networks Total,AUSL Schools Network Total,Phillips Achievement Academy Total,,,,,,,,,N
U24041,New Belmont Cragin Replacement School,,,,,1,4,U02005,Board of Trustees Total,Chief Executive Officer Total,School Networks Total,New Belmont Cragin Replacement School,,,,Schools,,,,,,N
U25111,Peter A Reinberg School,,CPS Public School,,Elementary School,1,6,U25110,Board of Trustees Total,Chief Executive Officer Total,School Networks Total,Network 1 Total,Peter A Reinberg Total,Peter A Reinberg School,,Schools,,,,,,N
U66113,University of Chicago Charter School - Woodson South Campus,,Charter School,,Elementary School,1,5,U60005,Board of Trustees Total,Chief Executive Officer Total,School Networks Total,Charter Schools Network Total,University of Chicago Charter School - Woodson South Campus,,,Schools,,,,,,N
U25241,Jonathan Y Scammon School,,CPS Public School,,Elementary School,1,6,U25240,Board of Trustees Total,Chief Executive Officer Total,School Networks Total,Network 1 Total,Jonathan Y Scammon School Total,Jonathan Y Scammon School,,Schools,,,,,,N
U25401,Washington D Smyser School,,CPS Public School,,Elementary School,1,6,U25400,Board of Trustees Total,Chief Executive Officer Total,School Networks Total,Network 1 Total,Washington D Smyser School Total,Washington D Smyser School,,Schools,,,,,,N
U25430,Hannah G Solomon School Total,,,,,0,5,U02410,Board of Trustees Total,Chief Executive Officer Total,School Networks Total,Network 1 Total,Hannah G Solomon School Total,,,,,,,,,N
U25881,Wildwood School,,CPS Public School,,Elementary School,1,6,U25880,Board of Trustees Total,Chief Executive Officer Total,School Networks Total,Network 1 Total,Wildwood School Total,Wildwood School,,Schools,,,,,,N
U26081,Catalpa Early Childhood Center,,,,,1,6,U26080,Board of Trustees Total,Chief Executive Officer Total,School Networks Total,Network 1 Total,Catalpa Early Childhood Center Total,Catalpa Early Childhood Center,,Schools,,,,,,N
U69329,Philadephia School of the Arts,,,,,1,5,U69000,Board of Trustees Total,Chief Executive Officer Total,School Networks Total,Non-Public Schools Network Total,Philadephia School of the Arts,,,Schools,,,,,,N
U69330,Prologue H S A,,,,,1,5,U69000,Board of Trustees Total,Chief Executive Officer Total,School Networks Total,Non-Public Schools Network Total,Prologue H S A,,,Schools,,,,,,N
U69226,Mt Carmel Academy Of East Lakeview,,Non-Public School,,Elementary School,1,5,U69000,Board of Trustees Total,Chief Executive Officer Total,School Networks Total,Non-Public Schools Network Total,Mt Carmel Academy Of East Lakeview,,,Schools,,,,,,N
U69238,Chicago Westside Christian,,Non-Public School,,Elementary School,1,5,U69000,Board of Trustees Total,Chief Executive Officer Total,School Networks Total,Non-Public Schools Network Total,Chicago Westside Christian,,,Schools,,,,,,N
U66442,Urban Prep Charter Academy for Young Men High School - Bronzeville Camp,,Charter School,,High School,1,5,U60005,Board of Trustees Total,Chief Executive Officer Total,School Networks Total,Charter Schools Network Total,Urban Prep Charter Academy for Young Men High School - Bronzeville Camp,,,Schools,,,,,,N
U66461,Metropolitan Academy of Science Charter School,,Charter School,,Grade Type TBD,1,5,U60005,Board of Trustees Total,Chief Executive Officer Total,School Networks Total,Charter Schools Network Total,Metropolitan Academy of Science Charter School,,,Schools,,,,,,N
U63161,Little Black Pearl,,,,,1,5,U63000,Board of Trustees Total,Chief Executive Officer Total,School Networks Total,Contract Schools Network Total,Little Black Pearl,,,Schools,,,,,,N
U67000,Alternative Schools Network Total,,,,,0,4,U02005,Board of Trustees Total,Chief Executive Officer Total,School Networks Total,Alternative Schools Network Total,,,,,,,,,,N
U66103,Westside Holistic,, Alternative School,,Grade Type TBD,1,5,U67000,Board of Trustees Total,Chief Executive Officer Total,School Networks Total,Alternative Schools Network Total,Westside Holistic,,,Schools,,,,,,N
U69333,Wolcott School,,,,,1,5,U69000,Board of Trustees Total,Chief Executive Officer Total,School Networks Total,Non-Public Schools Network Total,Wolcott School,,,Schools,,,,,,N
U69462,Christ The King Lutheran,,Non-Public School,,Elementary School,1,5,U69000,Board of Trustees Total,Chief Executive Officer Total,School Networks Total,Non-Public Schools Network Total,Christ The King Lutheran,,,Schools,,,,,,N
U69463,Chicago Christian Academy,,Non-Public School,,Elementary School,1,5,U69000,Board of Trustees Total,Chief Executive Officer Total,School Networks Total,Non-Public Schools Network Total,Chicago Christian Academy,,,Schools,,,,,,N
U69491,St Luke Lutheran School,,Non-Public School,,Elementary School,1,5,U69000,Board of Trustees Total,Chief Executive Officer Total,School Networks Total,Non-Public Schools Network Total,St Luke Lutheran School,,,Schools,,,,,,N
U53120,Edward Tilden Career Commmunity Academy Total,,,,,0,5,U02660,Board of Trustees Total,Chief Executive Officer Total,School Networks Total,Network 16 Total,Edward Tilden Career Commmunity Academy Total,,,,,,,,,N
U02670,Network 17 Total,,,,,0,4,U02005,Board of Trustees Total,Chief Executive Officer Total,School Networks Total,Network 17 Total,,,,,,,,,,N
U69006,Chicago Jesuit Academy,,Non-Public School,,High School,1,5,U69000,Board of Trustees Total,Chief Executive Officer Total,School Networks Total,Non-Public Schools Network Total,Chicago Jesuit Academy,,,Schools,,,,,,N
U10430,Office of Internal Audit and Advisory,,Central Office,,,1,3,U10400,Board of Trustees Total,Chief Executive Officer Total,Office of Internal Audit and Advisory,,,,,Central Office,,,,,,N
U69153,St Paul of the Cross,,,,,1,5,U69000,Board of Trustees Total,Chief Executive Officer Total,School Networks Total,Non-Public Schools Network Total,St Paul of the Cross,,,Schools,,,,,,N
U02221,North-Northwest Side High School Network,,Central Office,,,1,5,U02000,Board of Trustees Total,Chief Executive Officer Total,Chief Education Office Total,Network Offices Total,North-Northwest Side High School Network,,,Central Office,,,,,,N
U69245,St Philip Neri School,,Non-Public School,,Elementary School,1,5,U69000,Board of Trustees Total,Chief Executive Officer Total,School Networks Total,Non-Public Schools Network Total,St Philip Neri School,,,Schools,,,,,,N
U69029,St Ailbe,,Non-Public School,,Elementary School,1,5,U69000,Board of Trustees Total,Chief Executive Officer Total,School Networks Total,Non-Public Schools Network Total,St Ailbe,,,Schools,,,,,,N
U69161,St. Josaphat,,Non-Public School,,Elementary School,1,5,U69000,Board of Trustees Total,Chief Executive Officer Total,School Networks Total,Non-Public Schools Network Total,St. Josaphat,,,Schools,,,,,,N
U69162,St Joseph School,,,,,1,5,U69000,Board of Trustees Total,Chief Executive Officer Total,School Networks Total,Non-Public Schools Network Total,St Joseph School,,,Schools,,,,,,N
U69256,Queen Of The Universe School,,Non-Public School,,Elementary School,1,5,U69000,Board of Trustees Total,Chief Executive Officer Total,School Networks Total,Non-Public Schools Network Total,Queen Of The Universe School,,,Schools,,,,,,N
U69517,Lycee Francais,,Non-Public School,,Elementary School,1,5,U69000,Board of Trustees Total,Chief Executive Officer Total,School Networks Total,Non-Public Schools Network Total,Lycee Francais,,,Schools,,,,,,N
U69035,St. Andrew School,,Non-Public School,,Elementary School,1,5,U69000,Board of Trustees Total,Chief Executive Officer Total,School Networks Total,Non-Public Schools Network Total,St. Andrew School,,,Schools,,,,,,N
U69039,Lubavitch Girls High School,,Non-Public School,,High School,1,5,U69000,Board of Trustees Total,Chief Executive Officer Total,School Networks Total,Non-Public Schools Network Total,Lubavitch Girls High School,,,Schools,,,,,,N
U69532,Lydia Urban Prep,,,,,1,5,U69000,Board of Trustees Total,Chief Executive Officer Total,School Networks Total,Non-Public Schools Network Total,Lydia Urban Prep,,,Schools,,,,,,N
U66161,Chicago International Charter School (CICS)- Prairie Campus,,Charter School,,Elementary School,1,5,U60005,Board of Trustees Total,Chief Executive Officer Total,School Networks Total,Charter Schools Network Total,Chicago International Charter School (CICS)- Prairie Campus,,,Schools,,,,,,N
U66563,Learn Charter School - South Chicago Campus,,Charter School,,Elementary School,1,5,U60005,Board of Trustees Total,Chief Executive Officer Total,School Networks Total,Charter Schools Network Total,Learn Charter School - South Chicago Campus,,,Schools,,,,,,N
U69054,St Benedict School,,Non-Public School,,Elementary School,1,5,U69000,Board of Trustees Total,Chief Executive Officer Total,School Networks Total,Non-Public Schools Network Total,St Benedict School,,,Schools,,,,,,N
U69062,Lakeshore,,,,,1,5,U69000,Board of Trustees Total,Chief Executive Officer Total,School Networks Total,Non-Public Schools Network Total,Lakeshore,,,Schools,,,,,,N
U12310,Chief Financial Officer,,Central Office,,,1,4,U10470,Board of Trustees Total,Chief Executive Officer Total,Finance Total,Chief Financial Officer,,,,Central Office,,,,,,N
U12410,Accounting,,Central Office,,,1,5,U12400,Board of Trustees Total,Chief Executive Officer Total,Finance Total,Corporate Accounting Total,Accounting,,,Central Office,,,,,,N
U05231,Area High School Instructional Office 23,,Central Office,,,1,5,U02000,Board of Trustees Total,Chief Executive Officer Total,Chief Education Office Total,Network Offices Total,Area High School Instructional Office 23,,,Central Office,,,,,,N
U46381,Carver Military High School,,CPS Public School,,High School,1,6,U46380,Board of Trustees Total,Chief Executive Officer Total,School Networks Total,Network 17 Total,Carver Military High School Total,Carver Military High School,,Schools,,,,,,N
U46490,Bowen High School Total,,,,,0,5,U02670,Board of Trustees Total,Chief Executive Officer Total,School Networks Total,Network 17 Total,Bowen High School Total,,,,,,,,,N
U69182,St Margaret Of Scotland School,,Non-Public School,,Elementary School,1,5,U69000,Board of Trustees Total,Chief Executive Officer Total,School Networks Total,Non-Public Schools Network Total,St Margaret Of Scotland School,,,Schools,,,,,,N
U69262,St Robert Bellarmine School,,Non-Public School,,Elementary School,1,5,U69000,Board of Trustees Total,Chief Executive Officer Total,School Networks Total,Non-Public Schools Network Total,St Robert Bellarmine School,,,Schools,,,,,,N
U69280,St Symphorosa School,,Non-Public School,,Elementary School,1,5,U69000,Board of Trustees Total,Chief Executive Officer Total,School Networks Total,Non-Public Schools Network Total,St Symphorosa School,,,Schools,,,,,,N
U65016,Pathways in Education Avondale,,,,,1,5,U60005,Board of Trustees Total,Chief Executive Officer Total,School Networks Total,Charter Schools Network Total,Pathways in Education Avondale,,,Schools,,,,,,N
U65018,Pathways in Education- Ashburn,,,,,1,5,U60005,Board of Trustees Total,Chief Executive Officer Total,School Networks Total,Charter Schools Network Total,Pathways in Education- Ashburn,,,Schools,,,,,,N
U65020,Bridgescape Academy Humboldt Park,,,,,1,5,U60005,Board of Trustees Total,Chief Executive Officer Total,School Networks Total,Charter Schools Network Total,Bridgescape Academy Humboldt Park,,,Schools,,,,,,N
U65023,New ALOP unit (Prologue),,,,,1,5,U60005,Board of Trustees Total,Chief Executive Officer Total,School Networks Total,Charter Schools Network Total,New ALOP unit (Prologue),,,Schools,,,,,,N
U69092,St Edward School,,Non-Public School,,Elementary School,1,5,U69000,Board of Trustees Total,Chief Executive Officer Total,School Networks Total,Non-Public Schools Network Total,St Edward School,,,Schools,,,,,,N
U69386,Marist High School,,Non-Public School,,High School,1,5,U69000,Board of Trustees Total,Chief Executive Officer Total,School Networks Total,Non-Public Schools Network Total,Marist High School,,,Schools,,,,,,N
U69571,Chicago Academy for the Arts,,Non-Public School,,High School,1,5,U69000,Board of Trustees Total,Chief Executive Officer Total,School Networks Total,Non-Public Schools Network Total,Chicago Academy for the Arts,,,Schools,,,,,,N
U66171,Young Women's Leadership Charter School,,Charter School,,High School,1,5,U60005,Board of Trustees Total,Chief Executive Officer Total,School Networks Total,Charter Schools Network Total,Young Women's Leadership Charter School,,,Schools,,,,,,N
U66221,Chicago International Charter School (CICS)- West Belden Campus,,Charter School,,Elementary School,1,5,U60005,Board of Trustees Total,Chief Executive Officer Total,School Networks Total,Charter Schools Network Total,Chicago International Charter School (CICS)- West Belden Campus,,,Schools,,,,,,N
U69100,Chicago Lighthouse Childrens Development Center,,,,,1,5,U69000,Board of Trustees Total,Chief Executive Officer Total,School Networks Total,Non-Public Schools Network Total,Chicago Lighthouse Childrens Development Center,,,Schools,,,,,,N
U02671,Network 17,,,,,1,5,U02000,Board of Trustees Total,Chief Executive Officer Total,Chief Education Office Total,Network Offices Total,Network 17,,,Schools,,,,,,N
U05001,Area High School Instructional Office 25,,Central Office,,,1,5,U02000,Board of Trustees Total,Chief Executive Officer Total,Chief Education Office Total,Network Offices Total,Area High School Instructional Office 25,,,Central Office,,,,,,N
U05031,Area Elementary Instructional Office 3,,Central Office,,,1,5,U02000,Board of Trustees Total,Chief Executive Officer Total,Chief Education Office Total,Network Offices Total,Area Elementary Instructional Office 3,,,Central Office,,,,,,N
U02251,Southwest Side High School Network,,Central Office,,,1,5,U02000,Board of Trustees Total,Chief Executive Officer Total,Chief Education Office Total,Network Offices Total,Southwest Side High School Network,,,Central Office,,,,,,N
U02441,Network 4,,,,,1,5,U02000,Board of Trustees Total,Chief Executive Officer Total,Chief Education Office Total,Network Offices Total,Network 4,,,Schools,,,,,,N
U22390,Lyman A Budlong School Total,,,,,0,5,U02270,Board of Trustees Total,Chief Executive Officer Total,School Networks Total,Independent Schools Network Total,Lyman A Budlong School Total,,,,,,,,,N
U69104,Ancona School Society,,Non-Public School,,Elementary School,1,5,U69000,Board of Trustees Total,Chief Executive Officer Total,School Networks Total,Non-Public Schools Network Total,Ancona School Society,,,Schools,,,,,,N
U69192,St Benedict Elementary School,,,,,1,5,U69000,Board of Trustees Total,Chief Executive Officer Total,School Networks Total,Non-Public Schools Network Total,St Benedict Elementary School,,,Schools,,,,,,N
U24050,Lazaro Cardenas School Total,,,,,0,5,U02270,Board of Trustees Total,Chief Executive Officer Total,School Networks Total,Independent Schools Network Total,Lazaro Cardenas School Total,,,,,,,,,N
U69111,St Genevieve School,,Non-Public School,,Elementary School,1,5,U69000,Board of Trustees Total,Chief Executive Officer Total,School Networks Total,Non-Public Schools Network Total,St Genevieve School,,,Schools,,,,,,N
U69288,St Thomas Of Canterbury School,,Non-Public School,,Elementary School,1,5,U69000,Board of Trustees Total,Chief Executive Officer Total,School Networks Total,Non-Public Schools Network Total,St Thomas Of Canterbury School,,,Schools,,,,,,N
U69300,St William School,,Non-Public School,,Elementary School,1,5,U69000,Board of Trustees Total,Chief Executive Officer Total,School Networks Total,Non-Public Schools Network Total,St William School,,,Schools,,,,,,N
U12625,Grant Funded Programs Office - City Wide,,City Wide,,,1,5,U12605,Board of Trustees Total,Chief Executive Officer Total,Finance Total,Grant Funded Programs Total,Grant Funded Programs Office - City Wide,,,City Wide,,,,,,N
U12626,Supplemental Education Services,,,,,1,5,U12605,Board of Trustees Total,Chief Executive Officer Total,Finance Total,Grant Funded Programs Total,Supplemental Education Services,,,Schools,,,,,,N
U26781,Talman School,,CPS Public School,,Elementary School,1,6,U26780,Board of Trustees Total,Chief Executive Officer Total,School Networks Total,Independent Schools Network Total,Talman School Total,Talman School,,Schools,,,,,,N
U66070,Chicago International Charter - Bucktown Total,,,,,0,6,U60005,Board of Trustees Total,Chief Executive Officer Total,School Collaboratives Total,School Collaborative - Other Total,Charter/Contract Schools Total,Chicago International Charter - Bucktown Total,,,,,,,,N
U66480,Chicago Virtual HS Total,,,,,0,6,U60005,Board of Trustees Total,Chief Executive Officer Total,School Collaboratives Total,School Collaborative - Other Total,Charter/Contract Schools Total,Chicago Virtual HS Total,,,,,,,,N
U26502,State Prekindergarten Demonstration Center Br - Woodson Nort,,Inactive School,,Elementary School,1,7,U26500,Board of Trustees Total,Chief Executive Officer Total,School Collaboratives Total,School Collaborative - Other Total,Undesignated Schools Total,Carter G Woodson North School Total,,Schools,,,,,,N
U26370,Dr. Martin Luther King Jr. Academy of Social Justice Total,,,,,0,5,U02510,Board of Trustees Total,Chief Executive Officer Total,School Networks Total,Network 11 Total,Dr. Martin Luther King Jr. Academy of Social Justice Total,,,,,,,,,N
U24970,John T Pirie Fine Arts & Academic Center Total,,,,,0,5,U02520,Board of Trustees Total,Chief Executive Officer Total,School Networks Total,Network 12 Total,John T Pirie Fine Arts & Academic Center Total,,,,,,,,,N
U26851,Princeton AC,,CPS Public School,,Elementary School,1,6,U26850,Board of Trustees Total,Chief Executive Officer Total,School Networks Total,Network 11 Total,Princeton AC Total,Princeton AC,,Schools,,,,,,N
U28340,Reed Multiplex Total,,,,,0,5,U02510,Board of Trustees Total,Chief Executive Officer Total,School Networks Total,Network 11 Total,Reed Multiplex Total,,,,,,,,,N
U28341,Reed Multiplex,,Multiplex,,,1,6,U28340,Board of Trustees Total,Chief Executive Officer Total,School Networks Total,Network 11 Total,Reed Multiplex Total,Reed Multiplex,,Schools,,,,,,N
U24091,Alfred David Kohn School,,CPS Public School,,Elementary School,1,6,U24090,Board of Trustees Total,Chief Executive Officer Total,School Networks Total,Network 13 Total,Alfred David Kohn School Total,Alfred David Kohn School,,Schools,,,,,,N
U24262,Oliver Goldsmith Br - Lawrence,,CPS Public School,,Elementary School,1,6,U24260,Board of Trustees Total,Chief Executive Officer Total,School Networks Total,Network 13 Total,Robert H Lawrence Elementary School Total,Oliver Goldsmith Br - Lawrence,,Schools,,,,,,N
U31271,Simmye G Anderson Community Academy,,CPS Public School,,Elementary School,1,6,U31270,Board of Trustees Total,Chief Executive Officer Total,School Networks Total,Network 11 Total,Simmye G Anderson Community Academy Total,Simmye G Anderson Community Academy,,Schools,,,,,,N
U24630,Ronald H Brown Community Academy Total,,,,,0,5,U02530,Board of Trustees Total,Chief Executive Officer Total,School Networks Total,Network 13 Total,Ronald H Brown Community Academy Total,,,,,,,,,N
U53071,George Westinghouse Career Academy,,CPS Public School,,High School,1,6,U53070,Board of Trustees Total,Chief Executive Officer Total,School Networks Total,Network 15 Total,George Westinghouse Career Academy Total,George Westinghouse Career Academy,,Schools,,,,,,N
U53111,Manley Career Community Academy High School,,CPS Public School,,High School,1,6,U53110,Board of Trustees Total,Chief Executive Officer Total,School Networks Total,Network 15 Total,Manley Career Community Academy High School Total,Manley Career Community Academy High School,,Schools,,,,,,N
U53041,Charles Allen Prosser Career Academy,,CPS Public School,,High School,1,6,U53040,Board of Trustees Total,Chief Executive Officer Total,School Networks Total,Network 15 Total,Charles Allen Prosser Career Academy Total,Charles Allen Prosser Career Academy,,Schools,,,,,,N
U25951,Richard J Daley Academy,,CPS Public School,,Elementary School,1,6,U25950,Board of Trustees Total,Chief Executive Officer Total,School Networks Total,Network 8 Total,Richard J Daley Academy Total,Richard J Daley Academy,,Schools,,,,,,N
U26450,Brighton Park Elementary School Total,,,,,0,5,U02480,Board of Trustees Total,Chief Executive Officer Total,School Networks Total,Network 8 Total,Brighton Park Elementary School Total,,,,,,,,,N
U28240,Price Multiplex Total,,(Parent),,,1,6,U02090,Board of Trustees Total,Chief Executive Office Total,School Collaboratives Total,South Side Collaborative Total,Burnham Park Elementary Network Total,Price Multiplex Total,,Schools,,,,,,N
U23270,James Farmer Jr Elementary Total,,,,,0,5,U02490,Board of Trustees Total,Chief Executive Officer Total,School Networks Total,Network 9 Total,James Farmer Jr Elementary Total,,,,,,,,,N
U23561,Bret Harte Elementary School,,CPS Public School,,Elementary School,1,6,U23560,Board of Trustees Total,Chief Executive Officer Total,School Networks Total,Network 9 Total,Bret Harte Elementary School Total,Bret Harte Elementary School,,Schools,,,,,,N
U25601,James N Thorp Elementary School,,CPS Public School,,Elementary School,1,6,U25600,Board of Trustees Total,Chief Executive Officer Total,School Networks Total,Network 12 Total,James N Thorp Elementary School Total,James N Thorp Elementary School,,Schools,,,,,,N
U26280,Henry O Tanner School Total,,,,,0,5,U02520,Board of Trustees Total,Chief Executive Officer Total,School Networks Total,Network 12 Total,Henry O Tanner School Total,,,,,,,,,N
U63080,EPIC Academy Total,,,,,0,6,U60005,Board of Trustees Total,Chief Executive Officer Total,School Collaboratives Total,School Collaborative - Other Total,Charter/Contract Schools Total,EPIC Academy Total,,,,,,,,N
U49120,Little Village High School Total,,,,,0,6,U02230,Board of Trustees Total,Chief Executive Office Total,School Collaboratives Total,West Side Collaborative Total,West Side High School Network Total,Little Village High School Total,,,,,,,,N
U26500,Carter G Woodson North School Total,,,,,0,5,U02490,Board of Trustees Total,Chief Executive Officer Total,School Networks Total,Network 9 Total,Carter G Woodson North School Total,,,,,,,,,N
U46060,Northside College Prep Total,,,,,0,5,U02640,Board of Trustees Total,Chief Executive Officer Total,School Networks Total,Network 14 Total,Northside College Prep Total,,,,,,,,,N
U46351,Englewood Technical Preparatory Academy,,CPS Public School,,High School,1,6,U46350,Board of Trustees Total,Chief Executive Officer Total,School Networks Total,Network 11 Total,Englewood Technical Preparatory Academy Total,Englewood Technical Preparatory Academy,,Schools,,,,,,N
U24951,Marcus Moziah Garvey School,,CPS Public School,,Elementary School,1,6,U24950,Board of Trustees Total,Chief Executive Officer Total,School Networks Total,Network 13 Total,Marcus Moziah Garvey School Total,Marcus Moziah Garvey School,,Schools,,,,,,N
U66290,A.C.E. Tech Charter School Total,,,,,0,6,U60005,Board of Trustees Total,Chief Executive Officer Total,School Collaboratives Total,School Collaborative - Other Total,Charter/Contract Schools Total,A.C.E. Tech Charter School Total,,,,,,,,N
U55121,KIPP- CYVA,,CPS Public School,,Elementary School,1,6,U55120,Board of Trustees Total,Chief Executive Officer Total,School Networks Total,Network 9 Total,KIPP- CYVA Total,KIPP- CYVA,,Schools,,,,,,N
U55081,South Shore School of Leadership,,CPS Public School,,High School,1,6,U55080,Board of Trustees Total,Chief Executive Officer Total,School Networks Total,Network 12 Total,South Shore School of Leadership Total,South Shore School of Leadership,,Schools,,,,,,N
U55111,Bowen Global Visions Academy,,CPS Public School,,High School,1,6,U55110,Board of Trustees Total,Chief Executive Officer Total,School Networks Total,Network 12 Total,Bowen Global Visions Academy Total,Bowen Global Visions Academy,,Schools,,,,,,N
U46430,North Grand High School Total,,,,,0,5,U02650,Board of Trustees Total,Chief Executive Officer Total,School Networks Total,Network 15 Total,North Grand High School Total,,,,,,,,,N
U00130,AUSL Schools Collaborative Total,,,,,0,4,U02310,Board of Trustees Total,Chief Executive Office Total,School Collaboratives Total,AUSL Schools Collaborative Total,,,,,,,,,,N
U45010,Service Leadership Academies Total,,,,,1,4,U02005,Board of Trustees Total,Chief Executive Officer Total,School Networks Total,Service Leadership Academies Total,,,,Schools,,,,,,N
U23910,Edward N Hurley School Total,,,,,0,5,U02500,Board of Trustees Total,Chief Executive Officer Total,School Networks Total,Network 10 Total,Edward N Hurley School Total,,,,,,,,,N
U23970,Kate S Kellogg School Total,,,,,0,5,U02500,Board of Trustees Total,Chief Executive Officer Total,School Networks Total,Network 10 Total,Kate S Kellogg School Total,,,,,,,,,N
U24071,John H Kinzie Elementary School,,CPS Public School,,Elementary School,1,6,U24070,Board of Trustees Total,Chief Executive Officer Total,School Networks Total,Network 10 Total,John H Kinzie Elementary School Total,John H Kinzie Elementary School,,Schools,,,,,,N
U25671,Lavizzo Elementary School,,CPS Public School,,Elementary School,1,6,U25670,Board of Trustees Total,Chief Executive Officer Total,School Networks Total,Network 13 Total,Lavizzo Elementray Total,Lavizzo Elementary School,,Schools,,,,,,N
U26431,Edward H White School,,CPS Public School,,Elementary School,1,6,U26430,Board of Trustees Total,Chief Executive Officer Total,School Networks Total,Network 13 Total,Edward H White Total,Edward H White School,,Schools,,,,,,N
U66440,Urban Prep Charter Academy - Englewood Campus Total,,,,,0,6,U60005,Board of Trustees Total,Chief Executive Officer Total,School Collaboratives Total,School Collaborative - Other Total,Charter/Contract Schools Total,Urban Prep Charter Academy - Englewood Campus Total,,,,,,,,N
U24382,Mason Child-Parent-Center Br - Mason,,Inactive School,,Elementary School,1,7,U24380,Board of Trustees Total,Chief Executive Officer Total,School Collaboratives Total,West Side Collaborative Total,Austin-North Lawndale Elementary Network Total,Roswell B Mason Elementary School Total,,Schools,,,,,,N
U26731,Barbara Vick Early Childhood & Family Center,,CPS Public School,,Elementary School,1,6,U26730,Board of Trustees Total,Chief Executive Officer Total,School Networks Total,Network 10 Total,Barbara Vick Early Childhood & Family Center Total,Barbara Vick Early Childhood & Family Center,,Schools,,,,,,N
U22361,Charles S Brownell School,,CPS Public School,,Elementary School,1,6,U22360,Board of Trustees Total,Chief Executive Officer Total,School Networks Total,Network 12 Total,Charles S Brownell School Total,Charles S Brownell School,,Schools,,,,,,N
U22331,Orville T Bright Elementary School,,CPS Public School,,Elementary School,1,6,U22330,Board of Trustees Total,Chief Executive Officer Total,School Networks Total,Network 13 Total,Orville T Bright Elementary School Total,Orville T Bright Elementary School,,Schools,,,,,,N
U55181,Multicultural Arts High School,,CPS Public School,,High School,1,6,U55180,Board of Trustees Total,Chief Executive Officer Total,School Networks Total,Network 15 Total,Multicultural Arts High School (at Little Village) Total,Multicultural Arts High School,,Schools,,,,,,N
U46122,Paul Robeson HS Eve Pgm,,Inactive School,,High School,1,7,U46120,Board of Trustees Total,Chief Executive Officer Total,School Collaboratives Total,Southwest Side Collaborative Total,Southwest Side High School Network Total,Paul Robeson High School Total,,Schools,,,,,,N
U29211,Annie Keller Regional Gifted Magnet School,,CPS Public School,,Elementary School,1,6,U29210,Board of Trustees Total,Chief Executive Officer Total,School Networks Total,Network 10 Total,Annie Keller Regional Gifted Magnet School Total,Annie Keller Regional Gifted Magnet School,,Schools,,,,,,N
U29240,William Bishop Owen Scholastic Academy School Total,,,,,0,5,U02500,Board of Trustees Total,Chief Executive Officer Total,School Networks Total,Network 10 Total,William Bishop Owen Scholastic Academy School Total,,,,,,,,,N
U29310,John H Vanderpoel Magnet School Total,,,,,0,5,U02500,Board of Trustees Total,Chief Executive Officer Total,School Networks Total,Network 10 Total,John H Vanderpoel Magnet School Total,,,,,,,,,N
U22432,Burnham/Anthony Inclusive Academy .,,CPS Public School,,Elementary School,1,6,U22430,Board of Trustees Total,Chief Executive Officer Total,School Networks Total,Network 13 Total,Augustus H Burley Elem School Burnham/Anthony Inclusive Academy Total,Burnham/Anthony Inclusive Academy .,,Schools,,,,,,N
U46300,Roger C Sullivan High School Total,,,,,0,5,U02640,Board of Trustees Total,Chief Executive Officer Total,School Networks Total,Network 14 Total,Roger C Sullivan High School Total,,,,,,,,,N
U10605,School Safety and Security Total,,,,,0,5,U10600,Board of Trustees Total,Chief Executive Officer Total,Chief Administrative Office Total,Safety & Security Total,School Safety and Security Total,,,,,,,,,N
U63140,Chicago Excel/Camelot Total,,,,,0,6,U60005,Board of Trustees Total,Chief Executive Officer Total,School Collaboratives Total,School Collaborative - Other Total,Charter/Contract Schools Total,Chicago Excel/Camelot Total,,,,,,,,N
U31300,Claremont STEM Magnet Elementary Total,,,,,0,5,U02500,Board of Trustees Total,Chief Executive Officer Total,School Networks Total,Network 10 Total,Claremont STEM Magnet Elementary Total,,,,,,,,,N
U46311,William Howard Taft High School,,CPS Public School,,High School,1,6,U46310,Board of Trustees Total,Chief Executive Officer Total,School Networks Total,Network 14 Total,William Howard Taft High School Total,William Howard Taft High School,,Schools,,,,,,N
U46321,Lincoln Park High School,,CPS Public School,,High School,1,6,U46320,Board of Trustees Total,Chief Executive Officer Total,School Networks Total,Network 14 Total,Lincoln Park High School Total,Lincoln Park High School,,Schools,,,,,,N
U26641,Langston Hughes School,,CPS Public School,,Elementary School,1,6,U26640,Board of Trustees Total,Chief Executive Officer Total,School Networks Total,Network 13 Total,Langston Hughes School Total,Langston Hughes School,,Schools,,,,,,N
U53042,Prosser Evening High School,,Inactive School,,High School,1,7,U53040,Board of Trustees Total,Chief Executive Officer Total,School Collaboratives Total,North Northwest Side Collaborative Total,North-Northwest Side High School Network Total,Charles Allen Prosser Career Academy Total,,Schools,,,,,,N
U22151,Clara W Barton School,,CPS Public School,,Elementary School,1,6,U22150,Board of Trustees Total,Chief Executive Officer Total,School Networks Total,Network 11 Total,Clara W Barton School Total,Clara W Barton School,,Schools,,,,,,N
U25661,Mark Twain School,,CPS Public School,,Elementary School,1,6,U25660,Board of Trustees Total,Chief Executive Officer Total,School Networks Total,Network 10 Total,Mark Twain School Total,Mark Twain School,,Schools,,,,,,N
U22801,John W Cook Elementary School,,CPS Public School,,Elementary School,1,6,U22800,Board of Trustees Total,Chief Executive Officer Total,School Networks Total,Network 11 Total,John W Cook Elementary School Total,John W Cook Elementary School,,Schools,,,,,,N
U22620,George Washington Carver Primary Total,,,,,0,5,U02530,Board of Trustees Total,Chief Executive Officer Total,School Networks Total,Network 13 Total,George Washington Carver Primary Total,,,,,,,,,N
U22630,Southeast Area Elementary School Total,,,,,0,5,U02530,Board of Trustees Total,Chief Executive Officer Total,School Networks Total,Network 13 Total,Southeast Area Elementary School Total,,,,,,,,,N
U47011,Near North Career Metropolitan High School,,CPS Public School,,High School,1,6,U47010,Board of Trustees Total,Chief Executive Officer Total,School Networks Total,Network 15 Total,Near North Career Metropolitan High School Total,Near North Career Metropolitan High School,,Schools,,,,,,N
U47021,William Jones College Prep High School,,CPS Public School,,High School,1,6,U47020,Board of Trustees Total,Chief Executive Officer Total,School Networks Total,Network 15 Total,William Jones Academic Magnet High School Total,William Jones College Prep High School,,Schools,,,,,,N
U66310,DuSable Leadership Academy Charter School Total,,,,,0,6,U60005,Board of Trustees Total,Chief Executive Officer Total,School Collaboratives Total,School Collaborative - Other Total,Charter/Contract Schools Total,DuSable Leadership Academy Charter School Total,,,,,,,,N
U22841,Anna R. Langford Community Academy,,CPS Public School,,Elementary School,1,6,U22840,Board of Trustees Total,Chief Executive Officer Total,School Networks Total,Network 11 Total,Anna R. Langford Community Academy Total,Anna R. Langford Community Academy,,Schools,,,,,,N
U23450,Walter Q Gresham Elementary School Total,,,,,0,5,U02510,Board of Trustees Total,Chief Executive Officer Total,School Networks Total,Network 11 Total,Walter Q Gresham Elementary School Total,,,,,,,,,N
U47060,Senn Metropolitan Academy Of Liberal Arts & Technology Total,,,,,0,5,U02640,Board of Trustees Total,Chief Executive Officer Total,School Networks Total,Network 14 Total,Senn Metropolitan Academy Of Liberal Arts & Technology Total,,,,,,,,,N
U47101,Whitney M Young Magnet High School,,CPS Public School,,High School,1,6,U47100,Board of Trustees Total,Chief Executive Officer Total,School Networks Total,Network 15 Total,Whitney M Young Magnet High School Total,Whitney M Young Magnet High School,,Schools,,,,,,N
U31200,Parkside Community Academy School Total,,,,,0,5,U02520,Board of Trustees Total,Chief Executive Officer Total,School Networks Total,Network 12 Total,Parkside Community Academy School Total,,,,,,,,,N
U46050,James H Bowen High School Total,,,,,0,5,U02520,Board of Trustees Total,Chief Executive Officer Total,School Networks Total,Network 12 Total,James H Bowen High School Total,,,,,,,,,N
U49071,Bartholeme De Las Casas Occupational High School,,CPS Public School,,High School,1,6,U49070,Board of Trustees Total,Chief Executive Officer Total,School Networks Total,Network 12 Total,Bartholeme De Las Casas Occupational High School Total,Bartholeme De Las Casas Occupational High School,,Schools,,,,,,N
U41103,Dyett HS Evening School,,Inactive School,,High School,1,7,U41100,Board of Trustees Total,Chief Executive Officer Total,School Collaboratives Total,School Collaborative - Other Total,Undesignated Schools Total,Walter H Dyett Middle School Total,,Schools,,,,,,N
U31301,Claremont STEM Magnet Elementary School,,CPS Public School,,Elementary School,1,6,U31300,Board of Trustees Total,Chief Executive Officer Total,School Networks Total,Network 10 Total,Claremont STEM Magnet Elementary Total,Claremont STEM Magnet Elementary School,,Schools,,,,,,N
U24081,Rudyard Kipling School,,CPS Public School,,Elementary School,1,6,U24080,Board of Trustees Total,Chief Executive Officer Total,School Networks Total,Network 11 Total,Rudyard Kipling School Total,Rudyard Kipling School,,Schools,,,,,,N
U49021,Northside Learning Center,,CPS Public School,,High School,1,6,U49020,Board of Trustees Total,Chief Executive Officer Total,School Networks Total,Network 14 Total,Northside Learning Center Total,Northside Learning Center,,Schools,,,,,,N
U50190,Fenger Achievement Academy Total,,,,,0,5,U02530,Board of Trustees Total,Chief Executive Officer Total,School Networks Total,Network 13 Total,Fenger Achievement Academy Total,,,,,,,,,N
U63010,Academy for Global Citizenship Total,,,,,0,6,U60005,Board of Trustees Total,Chief Executive Officer Total,School Collaboratives Total,School Collaborative - Other Total,Charter/Contract Schools Total,Academy for Global Citizenship Total,,,,,,,,N
U11365,South Area Office of Early Childhood Education,,Central Office,,,1,6,U11369,Board of Trustees Total,Chief Executive Officer Total,Chief Education Officer Total,Chief Instructional Office Total,Early Childhood Development Total,South Area Office of Early Childhood Education,,Central Office,,,,,,N
U23912,Edward N Hurley Branch,,Inactive School,,Elementary School,1,7,U23910,Board of Trustees Total,Chief Executive Officer Total,School Collaboratives Total,Southwest Side Collaborative Total,Midway Elementary Network Total,Edward N Hurley School Total,,Schools,,,,,,N
U22160,Perkins Bass School Total,,,,,0,5,U02510,Board of Trustees Total,Chief Executive Officer Total,School Networks Total,Network 11 Total,Perkins Bass School Total,,,,,,,,,N
U25260,Arna Wendell Bontemps School Total,,,,,0,5,U02510,Board of Trustees Total,Chief Executive Officer Total,School Networks Total,Network 11 Total,Arna Wendell Bontemps School Total,,,,,,,,,N
U46181,Thomas Kelly High School,,CPS Public School,,High School,1,6,U46180,Board of Trustees Total,Chief Executive Officer Total,School Networks Total,Network 16 Total,Thomas Kelly High School Total,Thomas Kelly High School,,Schools,,,,,,N
U30010,Nancy B Jefferson Alternative High School Total,,,,,0,5,U02550,Board of Trustees Total,Chief Executive Officer Total,School Networks Total,Options Network Total,Nancy B Jefferson Alternative High School Total,,,,,,,,,N
U02361,Far South Side Collaborative,,Inactive,,,1,5,U02360,Board of Trustees Total,Chief Executive Office Total,School Collaboratives Total,Far South Side Collaborative Total,Far South Side Collaborative,,,Schools,,,,,,N
U23361,Virgil Grissom School,,CPS Public School,,Elementary School,1,6,U23360,Board of Trustees Total,Chief Executive Officer Total,School Networks Total,Network 13 Total,Virgil Grissom School Total,Virgil Grissom School,,Schools,,,,,,N
U55030,Bowen Environmental Studies High School Total,,,,,0,5,U02520,Board of Trustees Total,Chief Executive Officer Total,School Networks Total,Network 12 Total,Bowen Environmental Studies High School Total,,,,,,,,,N
U26072,Donoghue Child-Parent-Center B R - Donoghue,,Inactive School,,Elementary School,1,7,U26070,Board of Trustees Total,Chief Executive Officer Total,School Collaboratives Total,School Collaborative - Other Total,Undesignated Schools Total,George T Donoghue School Total,,Schools,,,,,,N
U02130,Englewood-Gresham Elementary Network Total,,,,,0,5,U02350,Board of Trustees Total,Chief Executive Office Total,School Collaboratives Total,Southwest Side Collaborative Total,Englewood-Gresham Elementary Network Total,,,,,,,,,N
U46450,Olive/Proctor Comprehensive High School Total,,(Parent),,,1,6,U00080,Board of Trustees Total,Chief Executive Office Total,School Collaboratives Total,Undesignated Schools Collaborative Total,Undesignated Schools Network Total,Olive/Proctor Comprehensive High School Total,,Schools,,,,,,N
U27041,MSAC - Brighton Park 2 Area Elementary School,,,,,1,6,U27090,Board of Trustees Total,Chief Executive Officer Total,School Networks Total,Network 8 Total,James Shields Middle School Total,MSAC - Brighton Park 2 Area Elementary School,,Schools,,,,,,N
U27091,James Shields Middle School,,CPS Public School,,Elementary School,1,6,U27090,Board of Trustees Total,Chief Executive Officer Total,School Networks Total,Network 8 Total,James Shields Middle School Total,James Shields Middle School,,Schools,,,,,,N
U13810,Principal Preparation and Development,,,,,1,5,U10829,Board of Trustees Total,Chief Executive Officer Total,Chief Education Office Total,Personalized Learning Office Total,Principal Preparation and Development,,,Schools,,,,,,N
U70160,Elizabeth Training Facility,,Central Office,,,1,5,U11005,Board of Trustees Total,Chief Executive Officer Total,Talent Office Total,Human Capital Office Total,Elizabeth Training Facility,,,Central Office,,,,,,N
U29321,Beasley Academic Center Magnet,,CPS Public School,,Elementary School,1,6,U29320,Board of Trustees Total,Chief Executive Officer Total,School Networks Total,Network 9 Total,Beasley Academic Center Magnet Total,Beasley Academic Center Magnet,,Schools,,,,,,N
U02080,Pilsen-Little Village Elementary Network Total,,,,,0,5,U02330,Board of Trustees Total,Chief Executive Office Total,School Collaboratives Total,West Side Collaborative Total,Pilsen-Little Village Elementary Network Total,,,,,,,,,N
U46012,Cregier Outpost,,Inactive School,,High School,1,7,U46010,Board of Trustees Total,Chief Executive Officer Total,School Collaboratives Total,West Side Collaborative Total,West Side High School Network Total,Best Practices High School Total,,Schools,,,,,,N
U46082,Richard T Crane Tech Prep Comm On School - Evening HS,,Inactive School,,High School,1,7,U46080,Board of Trustees Total,Chief Executive Officer Total,School Collaboratives Total,West Side Collaborative Total,West Side High School Network Total,Richard T Crane Tech Prep Comm On School Total,,Schools,,,,,,N
U66625,YCCS - Truman Middle College HS,,,,,1,5,U60005,Board of Trustees Total,Chief Executive Officer Total,School Networks Total,Charter Schools Network Total,YCCS - Truman Middle College HS,,,Schools,,,,,,N
U66651,Chicago International Charter School - ChicagoQuest North,,Charter School,,Elementary School,1,5,U60005,Board of Trustees Total,Chief Executive Officer Total,School Networks Total,Charter Schools Network Total,Chicago International Charter School - ChicagoQuest North,,,Schools,,,,,,N
U31050,Stephen A Douglas Community Academy School Total,,,,,0,5,U02490,Board of Trustees Total,Chief Executive Officer Total,School Networks Total,Network 9 Total,Stephen A Douglas Community Academy School Total,,,,,,,,,N
U22573,Carroll-Rosenwald Annex,,CPS Public School,,Elementary School,1,6,U22570,Board of Trustees Total,Chief Executive Officer Total,School Networks Total,Network 10 Total,Charles Carroll School Total,Carroll-Rosenwald Annex,,Schools,,,,,,N
U22761,Henry R Clissold School,,CPS Public School,,Elementary School,1,6,U22760,Board of Trustees Total,Chief Executive Officer Total,School Networks Total,Network 10 Total,Henry R Clissold School Total,Henry R Clissold School,,Schools,,,,,,N
U22901,Charles Gates Dawes School,,CPS Public School,,Elementary School,1,6,U22900,Board of Trustees Total,Chief Executive Officer Total,School Networks Total,Network 10 Total,Charles Gates Dawes School Total,Charles Gates Dawes School,,Schools,,,,,,N
U70221,Charles Gates Dawes Annex,,,,,1,6,U22900,Board of Trustees Total,Chief Executive Officer Total,School Networks Total,Network 10 Total,Charles Gates Dawes School Total,Charles Gates Dawes Annex,,Schools,,,,,,N
U23000,John C Dore School Total,,,,,0,5,U02500,Board of Trustees Total,Chief Executive Officer Total,School Networks Total,Network 10 Total,John C Dore School Total,,,,,,,,,N
U66803,New charter for Pathways - Campus 3,,,,,1,5,U60005,Board of Trustees Total,Chief Executive Officer Total,School Networks Total,Charter Schools Network Total,New charter for Pathways - Campus 3,,,Schools,,,,,,N
U30030,Walter S Christopher School Total,,,,,0,5,U02480,Board of Trustees Total,Chief Executive Officer Total,School Networks Total,Network 8 Total,Walter S Christopher School Total,,,,,,,,,N
U46570,Kelly Curie High School Total,,,,,0,5,U02480,Board of Trustees Total,Chief Executive Officer Total,School Networks Total,Network 8 Total,Kelly Curie High School Total,,,,,,,,,N
U50120,Tilden Academic Transition HS Total,,,,,0,5,U02480,Board of Trustees Total,Chief Executive Officer Total,School Networks Total,Network 8 Total,Tilden Academic Transition HS Total,,,,,,,,,N
U69617,Ombudsman Roseland,,,,,1,5,U60005,Board of Trustees Total,Chief Executive Officer Total,School Networks Total,Charter Schools Network Total,Ombudsman Roseland,,,Schools,,,,,,N
U22551,Andrew Carnegie School,,CPS Public School,,Elementary School,1,6,U22550,Board of Trustees Total,Chief Executive Officer Total,School Networks Total,Network 9 Total,Andrew Carnegie School Total,Andrew Carnegie School,,Schools,,,,,,N
U25931,Ludwig Von Beethoven School,,CPS Public School,,Elementary School,1,6,U25930,Board of Trustees Total,Chief Executive Officer Total,School Networks Total,Network 9 Total,Ludwig Von Beethoven School Total,Ludwig Von Beethoven School,,Schools,,,,,,N
U51043,South Shore Community Academy High School - Evening HS,,Inactive School,,High School,1,7,U51040,Board of Trustees Total,Chief Executive Officer Total,School Collaboratives Total,South Side Collaborative Total,South Side High School Network Total,South Shore Multiplex Total,,Schools,,,,,,N
U10405,Business Service Center - City Wide,,,,,1,4,U11700,Board of Trustees Total,Chief Executive Officer Total,Chief Operating Officer Total,Business Service Center - City Wide,,,,Schools,,,,,,N
U10700,Public and External Affairs Office Total,,,,,0,4,U11700,Board of Trustees Total,Chief Executive Officer Total,Chief Operating Officer Total,Public and External Affairs Office Total,,,,,,,,,,N
U46161,Future Commons Professional Tech,,CPS Public School,,High School,1,6,U46160,Board of Trustees Total,Chief Executive Officer Total,School Networks Total,Network 9 Total,Future Commons Professional Tech Total,Future Commons Professional Tech,,Schools,,,,,,N
U23462,Alexander Fleming Br - Grimes,,CPS Public School,,Elementary School,1,6,U23460,Board of Trustees Total,Chief Executive Officer Total,School Networks Total,Network 10 Total,Robert L Grimes School Total,Alexander Fleming Br - Grimes,,Schools,,,,,,N
U13724,Multiple Pathways Total,,,,,0,6,U00005,Board of Trustees Total,Chief Executive Officer Total,Chief Education Office Total,College and Career Success Total,Student Support and Engagement Total,Multiple Pathways Total,,,,,,,,N
U12510,Information & Technology Services,,Central Office,,,1,5,U12500,Board of Trustees Total,Chief Executive Officer Total,Chief Operating Officer Total,Information & Technology Services Total,Information & Technology Services,,,Central Office,,,,,,N
U12515,Enterprise Transformation,,,,,1,5,U12500,Board of Trustees Total,Chief Executive Officer Total,Chief Operating Officer Total,Information & Technology Services Total,Enterprise Transformation,,,Schools,,,,,,N
U12540,Information & Technology Services - City Wide,,City Wide,,,1,5,U12500,Board of Trustees Total,Chief Executive Officer Total,Chief Operating Officer Total,Information & Technology Services Total,Information & Technology Services - City Wide,,,City Wide,,,,,,N
U11900,Student Transportation Total,,,,,0,5,U14000,Board of Trustees Total,Chief Executive Officer Total,Chief Operating Officer Total,Chief Administrative Office Total,Student Transportation Total,,,,,,,,,N
U13600,Portfolio Office Total,,,,,0,3,U10400,Board of Trustees Total,Chief Executive Officer Total,Portfolio Office Total,,,,,,,,,,,N
U10830,Teaching & Learning Office - City Wide,,City Wide,,,1,5,U10812,Board of Trustees Total,Chief Executive Officer Total,Chief Education Office Total,Chief Teaching and Learning Office Total,Teaching & Learning Office - City Wide,,,City Wide,,,,,,N
U11860,Facility Operations & Maintenance,,Central Office,,,1,5,U11800,Board of Trustees Total,Chief Executive Officer Total,Chief Operating Officer Total,Facility Operations & Management Total,Facility Operations & Maintenance,,,Central Office,,,,,,N
U11910,Real Estate,,Central Office,,,1,5,U11800,Board of Trustees Total,Chief Executive Officer Total,Chief Operating Officer Total,Facility Operations & Management Total,Real Estate,,,Central Office,,,,,,N
U23091,Albert Einstein School,,CPS Public School,,Elementary School,1,6,U23090,Board of Trustees Total,Chief Executive Officer Total,School Networks Total,Network 9 Total,Albert Einstein School Total,Albert Einstein School,,Schools,,,,,,N
U11958,Avondale,,,,,1,6,U11950,Board of Trustees Total,Chief Executive Officer Total,Chief Operating Officer Total,Facility Operations & Management Total,CPS Administrative Buildings Total,Avondale,,Schools,,,,,,N
U47111,New Southside High School,,,,,1,5,U02670,Board of Trustees Total,Chief Executive Officer Total,School Networks Total,Network 17 Total,New Southside High School,,,Schools,,,,,,N
U51021,Harlan Community Academy High School,,CPS Public School,,High School,1,6,U51020,Board of Trustees Total,Chief Executive Officer Total,School Networks Total,Network 17 Total,Harlan Community Academy High School Total,Harlan Community Academy High School,,Schools,,,,,,N
U53010,Chicago Vocational Career Academy Total,,,,,0,5,U02670,Board of Trustees Total,Chief Executive Officer Total,School Networks Total,Network 17 Total,Chicago Vocational Career Academy Total,,,,,,,,,N
U13740,Title I and School Improvement Programs,,Central Office,,,1,5,U11205,Board of Trustees Total,Chief Executive Officer Total,Chief Education Office Total,Title I and School Improvement Programs Total,Title I and School Improvement Programs,,,Central Office,,,,,,N
U66053,Perspectives - High School of Technology,,Charter School,,High School,1,5,U60005,Board of Trustees Total,Chief Executive Officer Total,School Networks Total,Charter Schools Network Total,Perspectives - High School of Technology,,,Schools,,,,,,N
U11951,Dodge-Garfield Park,,,,,1,6,U11950,Board of Trustees Total,Chief Executive Officer Total,Chief Operating Officer Total,Facility Operations & Management Total,CPS Administrative Buildings Total,Dodge-Garfield Park,,Schools,,,,,,N
U13725,Early College and Career,,Central Office,,,1,6,U13729,Board of Trustees Total,Chief Executive Officer Total,Chief Education Office Total,College and Career Success Total,Early College and Career Total,Early College and Career,,Central Office,,,,,,N
U10560,Marketing,,,,,1,4,U13600,Board of Trustees Total,Chief Executive Officer Total,Portfolio Office Total,Marketing,,,,Schools,,,,,,N
U10805,Data Program Management,,Central Office,,,1,5,U11200,Board of Trustees Total,Chief Executive Officer Total,Portfolio Office Total,Accountability Total,Data Program Management,,,Central Office,,,,,,N
U16050,Accountability,,Central Office,,,1,5,U11200,Board of Trustees Total,Chief Executive Officer Total,Portfolio Office Total,Accountability Total,Accountability,,,Central Office,,,,,,N
U16055,Performance Office - City Wide,,City Wide,,,1,5,U11200,Board of Trustees Total,Chief Executive Officer Total,Portfolio Office Total,Accountability Total,Performance Office - City Wide,,,City Wide,,,,,,N
U12120,Office Of Portfolio Management,,,,,1,4,U13600,Board of Trustees Total,Chief Executive Officer Total,Portfolio Office Total,Office Of Portfolio Management,,,,Schools,,,,,,N
U13705,Literacy - City Wide,,City Wide,,,1,6,U13709,Board of Trustees Total,Chief Executive Officer Total,Chief Education Office Total,Chief Teaching and Learning Office Total,Literacy Total,Literacy - City Wide,,City Wide,,,,,,N
U66579,Noble - Mansueto High School,,,,,1,5,U60005,Board of Trustees Total,Chief Executive Officer Total,School Networks Total,Charter Schools Network Total,Noble - Mansueto High School,,,Schools,,,,,,N
U68060,Stagg Stadium,,Stadium,,,1,6,U68000,Board of Trustees Total,Chief Executive Officer Total,Chief Operating Officer Total,Facility Operations & Management Total,Stadiums Total,Stagg Stadium,,Schools,,,,,,N
U66614,YCCS - Community Youth Development Institute HS,,,,,1,5,U60005,Board of Trustees Total,Chief Executive Officer Total,School Networks Total,Charter Schools Network Total,YCCS - Community Youth Development Institute HS,,,Schools,,,,,,N
U66615,YCCS - Dr. Pedro Albizu Campos Puerto Rican HS,,,,,1,5,U60005,Board of Trustees Total,Chief Executive Officer Total,School Networks Total,Charter Schools Network Total,YCCS - Dr. Pedro Albizu Campos Puerto Rican HS,,,Schools,,,,,,N
U26871,John J. Pershing West Magnet School for the Humanities,,CPS Public School,,Elementary School,1,6,U26870,Board of Trustees Total,Chief Executive Officer Total,School Networks Total,Network 9 Total,John J. Pershing West Magnet School Total,John J. Pershing West Magnet School for the Humanities,,Schools,,,,,,N
U68100,Gately Stadium,,Stadium,,,1,6,U68000,Board of Trustees Total,Chief Executive Officer Total,Chief Operating Officer Total,Facility Operations & Management Total,Stadiums Total,Gately Stadium,,Schools,,,,,,N
U12010,Nutrition Support Services,,Central Office,,,1,6,U12005,Board of Trustees Total,Chief Executive Officer Total,Chief Operating Officer Total,Food Services Total,Nutrition Support Services Total,Nutrition Support Services,,Central Office,,,,,,N
U29121,Frank W Gunsaulus Scholastic Academy School,,CPS Public School,,Elementary School,1,6,U29120,Board of Trustees Total,Chief Executive Officer Total,School Networks Total,Network 8 Total,Frank W Gunsaulus Scholastic Academy School Total,Frank W Gunsaulus Scholastic Academy School,,Schools,,,,,,N
U25080,Benjamin W Raymond School Total,,,,,0,5,U02490,Board of Trustees Total,Chief Executive Officer Total,School Networks Total,Network 9 Total,Benjamin W Raymond School Total,,,,,,,,,N
U25161,Betsy Ross School,,CPS Public School,,Elementary School,1,6,U25160,Board of Trustees Total,Chief Executive Officer Total,School Networks Total,Network 9 Total,Betsy Ross School Total,Betsy Ross School,,Schools,,,,,,N
U28310,Pershing West Multiplex Total,,,,,0,5,U02490,Board of Trustees Total,Chief Executive Officer Total,School Networks Total,Network 9 Total,Pershing West Multiplex Total,,,,,,,,,N
U13710,Mathematics & Science,,Central Office,,,1,6,U13719,Board of Trustees Total,Chief Executive Officer Total,Chief Education Office Total,Chief Teaching and Learning Office Total,Mathematics & Science Total,Mathematics & Science,,Central Office,,,,,,N
U22211,Jacob Beidler School,,CPS Public School,,Elementary School,1,6,U22210,Board of Trustees Total,Chief Executive Officer Total,School Networks Total,Network 5 Total,Jacob Beidler School Total,Jacob Beidler School,,Schools,,,,,,N
U31261,Jose De Diego Community Academy,,CPS Public School,,Elementary School,1,6,U31260,Board of Trustees Total,Chief Executive Officer Total,School Networks Total,Network 5 Total,Jose De Diego Community Academy Total,Jose De Diego Community Academy,,Schools,,,,,,N
U23390,Alexander Graham School Total,,,,,0,5,U02460,Board of Trustees Total,Chief Executive Officer Total,School Networks Total,Network 6 Total,Alexander Graham School Total,,,,,,,,,N
U23551,Sharon Christa Mcauliffe Elementary School,,CPS Public School,,Elementary School,1,6,U23550,Board of Trustees Total,Chief Executive Officer Total,School Networks Total,Network 4 Total,Sharon Christa Mcauliffe Elementary School Total,Sharon Christa Mcauliffe Elementary School,,Schools,,,,,,N
U24140,John V Lemoyne School Total,,,,,0,5,U02440,Board of Trustees Total,Chief Executive Officer Total,School Networks Total,Network 4 Total,John V Lemoyne School Total,,,,,,,,,N
U24190,Abraham Lincoln Elementary School Total,,,,,0,5,U02440,Board of Trustees Total,Chief Executive Officer Total,School Networks Total,Network 4 Total,Abraham Lincoln Elementary School Total,,,,,,,,,N
U23750,South Loop School Total,,,,,0,5,U02270,Board of Trustees Total,Chief Executive Officer Total,School Networks Total,Independent Schools Network Total,South Loop School Total,,,,,,,,,N
U23751,South Loop School,,CPS Public School,,Elementary School,1,6,U23750,Board of Trustees Total,Chief Executive Officer Total,School Networks Total,Independent Schools Network Total,South Loop School Total,South Loop School,,Schools,,,,,,N
U44070,Cather Multiplex Total,,,,,0,5,U02450,Board of Trustees Total,Chief Executive Officer Total,School Networks Total,Network 5 Total,Cather Multiplex Total,,,,,,,,,N
U24201,Carl Von Linne Elementary School,,CPS Public School,,Elementary School,1,6,U24200,Board of Trustees Total,Chief Executive Officer Total,School Networks Total,Network 4 Total,Carl Von Linne Elementary School Total,Carl Von Linne Elementary School,,Schools,,,,,,N
U26040,Julia C Lathrop School Total,,,,,0,5,U02450,Board of Trustees Total,Chief Executive Officer Total,School Networks Total,Network 5 Total,Julia C Lathrop School Total,,,,,,,,,N
U25351,Jesse Sherwood School,,CPS Public School,,Elementary School,1,6,U25350,Board of Trustees Total,Chief Executive Officer Total,School Networks Total,Independent Schools Network Total,Jesse Sherwood School Total,Jesse Sherwood School,,Schools,,,,,,N
U26420,Mary E Mcdowell Elementary School Total,,,,,0,5,U02270,Board of Trustees Total,Chief Executive Officer Total,School Networks Total,Independent Schools Network Total,Mary E Mcdowell Elementary School Total,,,,,,,,,N
U31110,John Hay Community Academy School Total,,,,,0,5,U02430,Board of Trustees Total,Chief Executive Officer Total,School Networks Total,Network 3 Total,John Hay Community Academy School Total,,,,,,,,,N
U22531,Daniel R Cameron Elementary School,,CPS Public School,,Elementary School,1,6,U22530,Board of Trustees Total,Chief Executive Officer Total,School Networks Total,Network 5 Total,Daniel R Cameron Elementary School Total,Daniel R Cameron Elementary School,,Schools,,,,,,N
U25530,Henry Suder School Total,,,,,0,5,U02460,Board of Trustees Total,Chief Executive Officer Total,School Networks Total,Network 6 Total,Henry Suder School Total,,,,,,,,,N
U25531,Henry Suder School,,CPS Public School,,Elementary School,1,6,U25530,Board of Trustees Total,Chief Executive Officer Total,School Networks Total,Network 6 Total,Henry Suder School Total,Henry Suder School,,Schools,,,,,,N
U02410,Network 1 Total,,,,,0,4,U02005,Board of Trustees Total,Chief Executive Officer Total,School Networks Total,Network 1 Total,,,,,,,,,,N
U22200,Jean Baptiste Beaubien School Total,,,,,0,5,U02410,Board of Trustees Total,Chief Executive Officer Total,School Networks Total,Network 1 Total,Jean Baptiste Beaubien School Total,,,,,,,,,N
U63231,Roseland Preparatory Academy,,CPS Public School,,Grade Type TBD,1,6,U63230,Board of Trustees Total,Chief Executive Officer Total,School Networks Total,Undesignated Schools Network Total,Roseland Preparatory Academy Total,Roseland Preparatory Academy,,Schools,,,,,,N
U46500,AAST - Orr High School Total,,,,,0,5,U02450,Board of Trustees Total,Chief Executive Officer Total,School Networks Total,Network 5 Total,AAST - Orr High School Total,,,,,,,,,N
U26030,R Nathaniel Dett Total,,,,,0,5,U02460,Board of Trustees Total,Chief Executive Officer Total,School Networks Total,Network 6 Total,R Nathaniel Dett Total,,,,,,,,,N
U22081,George Armstrong Elementary School,,CPS Public School,,Elementary School,1,6,U22080,Board of Trustees Total,Chief Executive Officer Total,School Networks Total,Independent Schools Network Total,George Armstrong Elementary School Total,George Armstrong Elementary School,,Schools,,,,,,N
U51082,Rezin Orr Community Academy High School - Evening HS,,CPS Public School,,High School,1,6,U51080,Board of Trustees Total,Chief Executive Officer Total,School Networks Total,Network 5 Total,Rezin Orr Community Academy High School Total,Rezin Orr Community Academy High School - Evening HS,,Schools,,,,,,N
U49141,Austin Polytechnical Academy,,CPS Public School,,High School,1,6,U49140,Board of Trustees Total,Chief Executive Officer Total,School Networks Total,Network 3 Total,Austin Polytechnical Academy Total,Austin Polytechnical Academy,,Schools,,,,,,N
U66410,Austin Business and Entrepreneurship Academy Total,,,,,0,5,U02430,Board of Trustees Total,Chief Executive Officer Total,School Networks Total,Network 3 Total,Austin Business and Entrepreneurship Academy Total,,,,,,,,,N
U23513,John H Hamline Br - Early Childhood Center,,CPS Public School,,Elementary School,1,6,U23510,Board of Trustees Total,Chief Executive Officer Total,School Networks Total,Network 8 Total,John H Hamline Elementary School Total,John H Hamline Br - Early Childhood Center,,Schools,,,,,,N
U41030,Irving Park Middle School Total,,,,,0,5,U02410,Board of Trustees Total,Chief Executive Officer Total,School Networks Total,Network 1 Total,Irving Park Middle School Total,,,,,,,,,N
U24031,William H King School,,CPS Public School,,Elementary School,1,6,U24030,Board of Trustees Total,Chief Executive Officer Total,School Networks Total,Network 6 Total,William H King School Total,William H King School,,Schools,,,,,,N
U29170,Andrew Jackson Language Academy Total,,,,,0,5,U02460,Board of Trustees Total,Chief Executive Officer Total,School Networks Total,Network 6 Total,Andrew Jackson Language Academy Total,,,,,,,,,N
U29200,Mark Sheridan Mathematics & Science Academy Total,,,,,0,5,U02460,Board of Trustees Total,Chief Executive Officer Total,School Networks Total,Network 6 Total,Mark Sheridan Mathematics & Science Academy Total,,,,,,,,,N
U25400,Washington D Smyser School Total,,,,,0,5,U02410,Board of Trustees Total,Chief Executive Officer Total,School Networks Total,Network 1 Total,Washington D Smyser School Total,,,,,,,,,N
U02460,Network 6 Total,,,,,0,4,U02005,Board of Trustees Total,Chief Executive Officer Total,School Networks Total,Network 6 Total,,,,,,,,,,N
U24420,Minnie Minoso Academy Total,,,,,0,5,U02460,Board of Trustees Total,Chief Executive Officer Total,School Networks Total,Network 6 Total,Minnie Minoso Academy Total,,,,,,,,,N
U24661,Louis Nettelhorst School,,CPS Public School,,Elementary School,1,6,U24660,Board of Trustees Total,Chief Executive Officer Total,School Networks Total,Network 4 Total,Louis Nettelhorst School Total,Louis Nettelhorst School,,Schools,,,,,,N
U24680,William P Nixon School Total,,,,,0,5,U02440,Board of Trustees Total,Chief Executive Officer Total,School Networks Total,Network 4 Total,William P Nixon School Total,,,,,,,,,N
U23930,Minnie Mars Jamieson School Total,,,,,0,5,U02420,Board of Trustees Total,Chief Executive Officer Total,School Networks Total,Network 2 Total,Minnie Mars Jamieson School Total,,,,,,,,,N
U24020,Joyce Kilmer School Total,,,,,0,5,U02420,Board of Trustees Total,Chief Executive Officer Total,School Networks Total,Network 2 Total,Joyce Kilmer School Total,,,,,,,,,N
U25060,Ravenswood School Total,,,,,0,5,U02420,Board of Trustees Total,Chief Executive Officer Total,School Networks Total,Network 2 Total,Ravenswood School Total,,,,,,,,,N
U22041,Louisa May Alcott School,,CPS Public School,,Elementary & High  School,1,6,U22040,Board of Trustees Total,Chief Executive Officer Total,School Networks Total,Network 4 Total,Louisa May Alcott School Total,Louisa May Alcott School,,Schools,,,,,,N
U22090,Audubon Elementary School Total,,,,,0,5,U02440,Board of Trustees Total,Chief Executive Officer Total,School Networks Total,Network 4 Total,Audubon Elementary School Total,,,,,,,,,N
U22091,Audubon Elementary School,,CPS Public School,,Elementary School,1,6,U22090,Board of Trustees Total,Chief Executive Officer Total,School Networks Total,Network 4 Total,Audubon Elementary School Total,Audubon Elementary School,,Schools,,,,,,N
U28050,Sumner Multiplex Total,,,,,0,5,U02450,Board of Trustees Total,Chief Executive Officer Total,School Networks Total,Network 5 Total,Sumner Multiplex Total,,,,,,,,,N
U70232,LR - Sousa,,CPS Public School,,Elementary School,1,6,U29280,Board of Trustees Total,Chief Executive Officer Total,School Networks Total,Network 6 Total,Mark Skinner School Total,LR - Sousa,,Schools,,,,,,N
U25481,Graeme Stewart Elementary School,,CPS Public School,,Elementary School,1,6,U25480,Board of Trustees Total,Chief Executive Officer Total,School Networks Total,Network 2 Total,Graeme Stewart Elementary School Total,Graeme Stewart Elementary School,,Schools,,,,,,N
U25061,Ravenswood School,,CPS Public School,,Elementary School,1,6,U25060,Board of Trustees Total,Chief Executive Officer Total,School Networks Total,Network 2 Total,Ravenswood School Total,Ravenswood School,,Schools,,,,,,N
U24371,Michael Faraday Elementary School,,CPS Public School,,Elementary School,1,6,U24370,Board of Trustees Total,Chief Executive Officer Total,School Networks Total,Network 5 Total,Michael Faraday Elementary School Total,Michael Faraday Elementary School,,Schools,,,,,,N
U26031,R Nathaniel Dett School,,CPS Public School,,Elementary School,1,6,U26030,Board of Trustees Total,Chief Executive Officer Total,School Networks Total,Network 6 Total,R Nathaniel Dett Total,R Nathaniel Dett School,,Schools,,,,,,N
U26661,Cregier Multiplex,,Multiplex,,,1,6,U26660,Board of Trustees Total,Chief Executive Officer Total,School Networks Total,Network 6 Total,Cregier Multiplex Total,Cregier Multiplex,,Schools,,,,,,N
U31030,Richard E Byrd Community Academy Total,,,,,0,5,U02460,Board of Trustees Total,Chief Executive Officer Total,School Networks Total,Network 6 Total,Richard E Byrd Community Academy Total,,,,,,,,,N
U31090,Ulysses S Grant School Total,,,,,0,5,U02460,Board of Trustees Total,Chief Executive Officer Total,School Networks Total,Network 6 Total,Ulysses S Grant School Total,,,,,,,,,N
U22270,Mosaic School of Fine Arts Total,,,,,0,5,U02420,Board of Trustees Total,Chief Executive Officer Total,School Networks Total,Network 2 Total,Mosaic School of Fine Arts Total,,,,,,,,,N
U24990,Laura S Ward School Total,,,,,0,5,U02450,Board of Trustees Total,Chief Executive Officer Total,School Networks Total,Network 5 Total,Laura S Ward School Total,,,,,,,,,N
U22470,Jonathan Burr Elementary School Total,,,,,0,5,U02460,Board of Trustees Total,Chief Executive Officer Total,School Networks Total,Network 6 Total,Jonathan Burr Elementary School Total,,,,,,,,,N
U23371,William C Goudy School,,CPS Public School,,Elementary School,1,6,U23370,Board of Trustees Total,Chief Executive Officer Total,School Networks Total,Network 2 Total,William C Goudy School Total,William C Goudy School,,Schools,,,,,,N
U41020,Joan F Arai Middle School Total,,,,,0,5,U02420,Board of Trustees Total,Chief Executive Officer Total,School Networks Total,Network 2 Total,Joan F Arai Middle School Total,,,,,,,,,N
U44041,Senn Multiplex,,Multiplex,,,1,6,U44040,Board of Trustees Total,Chief Executive Officer Total,School Networks Total,Network 2 Total,Senn Multiplex Total,Senn Multiplex,,Schools,,,,,,N
U22260,James G Blaine School Total,,,,,0,5,U02440,Board of Trustees Total,Chief Executive Officer Total,School Networks Total,Network 4 Total,James G Blaine School Total,,,,,,,,,N
U29161,Lasalle Language Academy School,,CPS Public School,,Elementary School,1,6,U29160,Board of Trustees Total,Chief Executive Officer Total,School Networks Total,Network 4 Total,Lasalle Language Academy School Total,Lasalle Language Academy School,,Schools,,,,,,N
U11220,Policy and Procedures,,,,,1,3,U10200,Board of Trustees Total,Law Office Total,Policy and Procedures,,,,,Schools,,,,,,N
U12470,Pension & Liability Insurance - City Wide,,City Wide,,,1,4,U00180,Board of Trustees Total,Chief Executive Officer Total,Pensions and District-Wide Set-Asides Total,Pension & Liability Insurance - City Wide,,,,City Wide,,,,,,N
U22830,Peter Cooper Dual Language Academy Total,,,,,0,5,U02470,Board of Trustees Total,Chief Executive Officer Total,School Networks Total,Network 7 Total,Peter Cooper Dual Language Academy Total,,,,,,,,,N
U22581,Dr Jorge Prieto Math and Science Academy,,CPS Public School,,Elementary School,1,6,U22580,Board of Trustees Total,Chief Executive Officer Total,School Networks Total,Network 3 Total,Dr Jorge Prieto Math and Science Academy Total,Dr Jorge Prieto Math and Science Academy,,Schools,,,,,,N
U12671,Education General - Contingency - City Wide,,,,,1,4,U00180,Board of Trustees Total,Chief Executive Officer Total,Pensions and District-Wide Set-Asides Total,Education General - Contingency - City Wide,,,,Schools,,,,,,N
U22651,George F Cassell School,,CPS Public School,,Elementary School,1,6,U22650,Board of Trustees Total,Chief Executive Officer Total,School Networks Total,Independent Schools Network Total,George F Cassell School Total,George F Cassell School,,Schools,,,,,,N
U22850,Daniel J Corkery School Total,,,,,0,5,U02470,Board of Trustees Total,Chief Executive Officer Total,School Networks Total,Network 7 Total,Daniel J Corkery School Total,,,,,,,,,N
U22851,Daniel J Corkery School,,CPS Public School,,Elementary School,1,6,U22850,Board of Trustees Total,Chief Executive Officer Total,School Networks Total,Network 7 Total,Daniel J Corkery School Total,Daniel J Corkery School,,Schools,,,,,,N
U23102,Ellington Br - Ellington,,CPS Public School,,Elementary School,1,6,U23100,Board of Trustees Total,Chief Executive Officer Total,School Networks Total,Network 3 Total,Edward (Duke) K Ellington School Total,Ellington Br - Ellington,,Schools,,,,,,N
U23151,Laughlin Falconer School,,CPS Public School,,Elementary School,1,6,U23150,Board of Trustees Total,Chief Executive Officer Total,School Networks Total,Network 3 Total,Laughlin Falconer School Total,Laughlin Falconer School,,Schools,,,,,,N
U23850,Julia Ward Howe School Total,,,,,0,5,U02430,Board of Trustees Total,Chief Executive Officer Total,School Networks Total,Network 3 Total,Julia Ward Howe School Total,,,,,,,,,N
U24820,John M Palmer School Total,,,,,0,5,U02270,Board of Trustees Total,Chief Executive Officer Total,School Networks Total,Independent Schools Network Total,John M Palmer School Total,,,,,,,,,N
U24870,Ferdinand W Peck School Total,,,,,0,5,U02270,Board of Trustees Total,Chief Executive Officer Total,School Networks Total,Independent Schools Network Total,Ferdinand W Peck School Total,,,,,,,,,N
U23610,Emiliano Zapata Academy Total,,,,,0,5,U02470,Board of Trustees Total,Chief Executive Officer Total,School Networks Total,Network 7 Total,Emiliano Zapata Academy Total,,,,,,,,,N
U23770,Theodore Herzl School Total,,,,,0,5,U02470,Board of Trustees Total,Chief Executive Officer Total,School Networks Total,Network 7 Total,Theodore Herzl School Total,,,,,,,,,N
U24231,Josephine C Locke School,,CPS Public School,,Elementary School,1,6,U24230,Board of Trustees Total,Chief Executive Officer Total,School Networks Total,Network 3 Total,Josephine C Locke School Total,Josephine C Locke School,,Schools,,,,,,N
U23340,J W Von Goethe School Total,,,,,0,5,U02440,Board of Trustees Total,Chief Executive Officer Total,School Networks Total,Network 4 Total,J W Von Goethe School Total,,,,,,,,,N
U24871,Ferdinand W Peck School,,CPS Public School,,Elementary School,1,6,U24870,Board of Trustees Total,Chief Executive Officer Total,School Networks Total,Independent Schools Network Total,Ferdinand W Peck School Total,Ferdinand W Peck School,,Schools,,,,,,N
U29390,Sir Miles Davis Magnet Total,,,,,0,5,U02270,Board of Trustees Total,Chief Executive Officer Total,School Networks Total,Independent Schools Network Total,Sir Miles Davis Magnet Total,,,,,,,,,N
U24931,Irma C Ruiz School,,CPS Public School,,Elementary School,1,6,U24930,Board of Trustees Total,Chief Executive Officer Total,School Networks Total,Network 7 Total,Irma C Ruiz School Total,Irma C Ruiz School,,Schools,,,,,,N
U24960,Josiah L Pickard School Total,,,,,0,5,U02470,Board of Trustees Total,Chief Executive Officer Total,School Networks Total,Network 7 Total,Josiah L Pickard School Total,,,,,,,,,N
U24961,Josiah L Pickard School,,CPS Public School,,Elementary School,1,6,U24960,Board of Trustees Total,Chief Executive Officer Total,School Networks Total,Network 7 Total,Josiah L Pickard School Total,Josiah L Pickard School,,Schools,,,,,,N
U24641,Henry H Nash School,,CPS Public School,,Elementary School,1,6,U24640,Board of Trustees Total,Chief Executive Officer Total,School Networks Total,Network 3 Total,Henry H Nash School Total,Henry H Nash School,,Schools,,,,,,N
U41051,Michelle Clark Academic Prep Magnet High School,,CPS Public School,,High School,1,6,U41050,Board of Trustees Total,Chief Executive Officer Total,School Networks Total,Independent Schools Network Total,Michelle Clark Academic Prep Magnet High School Total,Michelle Clark Academic Prep Magnet High School,,Schools,,,,,,N
U26050,Dvorak Technology Academy Total,,,,,0,5,U02470,Board of Trustees Total,Chief Executive Officer Total,School Networks Total,Network 7 Total,Dvorak Technology Academy Total,,,,,,,,,N
U31230,Guglielmo Marconi Community Academy School Total,,,,,0,5,U02450,Board of Trustees Total,Chief Executive Officer Total,School Networks Total,Network 5 Total,Guglielmo Marconi Community Academy School Total,,,,,,,,,N
U25920,Ella Flagg Young School Total,,,,,0,5,U02430,Board of Trustees Total,Chief Executive Officer Total,School Networks Total,Network 3 Total,Ella Flagg Young School Total,,,,,,,,,N
U23480,John C Haines School Total,,,,,0,5,U02460,Board of Trustees Total,Chief Executive Officer Total,School Networks Total,Network 6 Total,John C Haines School Total,,,,,,,,,N
U22960,New Elementary School - South Loop ES Total,,,,,0,5,U02270,Board of Trustees Total,Chief Executive Officer Total,School Networks Total,Independent Schools Network Total,New Elementary School - South Loop ES Total,,,,,,,,,N
U23141,Edward Everett Elementary School,,CPS Public School,,Elementary School,1,6,U23140,Board of Trustees Total,Chief Executive Officer Total,School Networks Total,Independent Schools Network Total,Edward Everett Elementary School Total,Edward Everett Elementary School,,Schools,,,,,,N
U31281,Orozco Academy,,CPS Public School,,Elementary School,1,6,U31280,Board of Trustees Total,Chief Executive Officer Total,School Networks Total,Network 7 Total,Orozco Academy Total,Orozco Academy,,Schools,,,,,,N
U69616,Loyola Academy-Wilmette,,,,,1,5,U69000,Board of Trustees Total,Chief Executive Officer Total,School Networks Total,Non-Public Schools Network Total,Loyola Academy-Wilmette,,,Schools,,,,,,N
U69114,Libety Temple Full Gospel Academy,,,,,1,5,U69000,Board of Trustees Total,Chief Executive Officer Total,School Networks Total,Non-Public Schools Network Total,Libety Temple Full Gospel Academy,,,Schools,,,,,,N
U15010,School Support Center - City Wide,,Central Office,,,1,4,U10470,Board of Trustees Total,Chief Executive Officer Total,Finance Total,School Support Center - City Wide,,,,Central Office,,,,,,N
U66396,Acero Charter Schools - PFC Omar E. Torres,,Charter School,,Elementary School,1,5,U60005,Board of Trustees Total,Chief Executive Officer Total,School Networks Total,Charter Schools Network Total,Acero Charter Schools - PFC Omar E. Torres,,,Schools,,,,,,N
U23051,Christian Ebinger School,,CPS Public School,,Elementary School,1,6,U23050,Board of Trustees Total,Chief Executive Officer Total,School Networks Total,Network 1 Total,Christian Ebinger Total,Christian Ebinger School,,Schools,,,,,,N
U69315,Northwest Institute,,Non-Public School,,Elementary School,1,5,U69000,Board of Trustees Total,Chief Executive Officer Total,School Networks Total,Non-Public Schools Network Total,Northwest Institute,,,Schools,,,,,,N
U49161,TEAM Englewood Community Academy,,CPS Public School,,High School,1,6,U49160,Board of Trustees Total,Chief Executive Officer Total,School Networks Total,Network 16 Total,TEAM Englewood Community Academy Total,TEAM Englewood Community Academy,,Schools,,,,,,N
U53052,St Augustine Branch - Richards,,CPS Public School,,High School,1,6,U53050,Board of Trustees Total,Chief Executive Officer Total,School Networks Total,Network 16 Total,Ellen H Richards Career Academy Total,St Augustine Branch - Richards,,Schools,,,,,,N
U24620,John B Murphy School Total,,,,,0,5,U02410,Board of Trustees Total,Chief Executive Officer Total,School Networks Total,Network 1 Total,John B Murphy School Total,,,,,,,,,N
U69323,Altus Academy,,,,,1,5,U69000,Board of Trustees Total,Chief Executive Officer Total,School Networks Total,Non-Public Schools Network Total,Altus Academy,,,Schools,,,,,,N
U69456,Ridge Academy,,Non-Public School,,Elementary School,1,5,U69000,Board of Trustees Total,Chief Executive Officer Total,School Networks Total,Non-Public Schools Network Total,Ridge Academy,,,Schools,,,,,,N
U26610,Mary Mcleod Bethune Elementary School Total,,,,,0,5,U20100,Board of Trustees Total,Chief Executive Officer Total,School Networks Total,AUSL Schools Network Total,Mary Mcleod Bethune Elementary School Total,,,,,,,,,N
U25211,Sauganash Elementary School,,CPS Public School,,Elementary School,1,6,U25210,Board of Trustees Total,Chief Executive Officer Total,School Networks Total,Network 1 Total,Sauganash Elementary School Total,Sauganash Elementary School,,Schools,,,,,,N
U69635,Aunt Martha's,,,,,1,5,U69000,Board of Trustees Total,Chief Executive Officer Total,School Networks Total,Non-Public Schools Network Total,Aunt Martha's,,,Schools,,,,,,N
U66132,UNO Charter - Octavio Paz Primary,,Charter School,,Elementary School,1,5,U60005,Board of Trustees Total,Chief Executive Officer Total,School Networks Total,Charter Schools Network Total,UNO Charter - Octavio Paz Primary,,,Schools,,,,,,N
U69326,Glenwood Academy,,,,,1,5,U69000,Board of Trustees Total,Chief Executive Officer Total,School Networks Total,Non-Public Schools Network Total,Glenwood Academy,,,Schools,,,,,,N
U69227,Our Lady Of Peace School,,,,,1,5,U69000,Board of Trustees Total,Chief Executive Officer Total,School Networks Total,Non-Public Schools Network Total,Our Lady Of Peace School,,,Schools,,,,,,N
U69237,Christian Affiliate Schools,,Non-Public School - Other,,Grade Type TBD,1,5,U69000,Board of Trustees Total,Chief Executive Officer Total,School Networks Total,Non-Public Schools Network Total,Christian Affiliate Schools,,,Schools,,,,,,N
U69239,St. Agatha (PreK-3),,Non-Public School,,Elementary School,1,5,U69000,Board of Trustees Total,Chief Executive Officer Total,School Networks Total,Non-Public Schools Network Total,St. Agatha (PreK-3),,,Schools,,,,,,N
U69461,Morgan Park Academy,,Non-Public School,,Elementary School,1,5,U69000,Board of Trustees Total,Chief Executive Officer Total,School Networks Total,Non-Public Schools Network Total,Morgan Park Academy,,,Schools,,,,,,N
U69332,St Paul Lutheran School,,Non-Public School,,Elementary School,1,5,U69000,Board of Trustees Total,Chief Executive Officer Total,School Networks Total,Non-Public Schools Network Total,St Paul Lutheran School,,,Schools,,,,,,N
U10710,Executive Office,,Central Office,,,1,4,U10402,Board of Trustees Total,Chief Executive Officer Total,Executive Office Total,Executive Office,,,,Central Office,,,,,,N
U10406,Freedom of Information Act Office,,,,,1,3,U10400,Board of Trustees Total,Chief Executive Officer Total,Freedom of Information Act Office,,,,,Schools,,,,,,N
U69506,Humboldt Community Christian S Chool,,Non-Public School,,Elementary School,1,5,U69000,Board of Trustees Total,Chief Executive Officer Total,School Networks Total,Non-Public Schools Network Total,Humboldt Community Christian S Chool,,,Schools,,,,,,N
U02061,Garfield-Humboldt Elementary Network,,Central Office,,,1,5,U02000,Board of Trustees Total,Chief Executive Officer Total,Chief Education Office Total,Network Offices Total,Garfield-Humboldt Elementary Network,,,Central Office,,,,,,N
U02071,Fulton Elementary Network,,Central Office,,,1,5,U02000,Board of Trustees Total,Chief Executive Officer Total,Chief Education Office Total,Network Offices Total,Fulton Elementary Network,,,Central Office,,,,,,N
U53091,David G Farragut Career Academy High School,,CPS Public School,,High School,1,6,U53090,Board of Trustees Total,Chief Executive Officer Total,School Networks Total,Network 16 Total,David G Farragut Career Academy High School Total,David G Farragut Career Academy High School,,Schools,,,,,,N
U53121,Edward Tilden Career Commmunity Academy,,CPS Public School,,High School,1,6,U53120,Board of Trustees Total,Chief Executive Officer Total,School Networks Total,Network 16 Total,Edward Tilden Career Commmunity Academy Total,Edward Tilden Career Commmunity Academy,,Schools,,,,,,N
U67040,IDOC/Healy South Total,,,,,0,5,U67000,Board of Trustees Total,Chief Executive Officer Total,School Networks Total,Alternative Schools Network Total,IDOC/Healy South Total,,,,,,,,,N
U70234,CCA Academy Lunch Room,,Charter School,,Elementary School,1,5,U60005,Board of Trustees Total,Chief Executive Officer Total,School Networks Total,Charter Schools Network Total,CCA Academy Lunch Room,,,Schools,,,,,,N
U00010,Budget Management Office Total,,,,,0,4,U10470,Board of Trustees Total,Chief Executive Officer Total,Finance Total,Budget Management Office Total,,,,,,,,,,N
U69154,St John Berchmans School,,Non-Public School,,Elementary School,1,5,U69000,Board of Trustees Total,Chief Executive Officer Total,School Networks Total,Non-Public Schools Network Total,St John Berchmans School,,,Schools,,,,,,N
U02151,Far South Side K-12 Network,,Central Office,,,1,5,U02000,Board of Trustees Total,Chief Executive Officer Total,Chief Education Office Total,Network Offices Total,Far South Side K-12 Network,,,Central Office,,,,,,N
U69240,St. Paul/Our Lady of Vilna,,Non-Public School,,Elementary School,1,5,U69000,Board of Trustees Total,Chief Executive Officer Total,School Networks Total,Non-Public Schools Network Total,St. Paul/Our Lady of Vilna,,,Schools,,,,,,N
U63131,Instituto Health Sciences Career Academy HS,,Charter School,,High School,1,5,U60005,Board of Trustees Total,Chief Executive Officer Total,School Networks Total,Charter Schools Network Total,Instituto Health Sciences Career Academy HS,,,Schools,,,,,,N
U65011,Bridgescape Academy Lawndale,,,,,1,5,U60005,Board of Trustees Total,Chief Executive Officer Total,School Networks Total,Charter Schools Network Total,Bridgescape Academy Lawndale,,,Schools,,,,,,N
U65013,Ombudsman Chicago Northwest,,,,,1,5,U60005,Board of Trustees Total,Chief Executive Officer Total,School Networks Total,Charter Schools Network Total,Ombudsman Chicago Northwest,,,Schools,,,,,,N
U69251,St Procopius School,,Non-Public School,,Elementary School,1,5,U69000,Board of Trustees Total,Chief Executive Officer Total,School Networks Total,Non-Public Schools Network Total,St Procopius School,,,Schools,,,,,,N
U69254,Queen Of Angels School,,Non-Public School,,Elementary School,1,5,U69000,Board of Trustees Total,Chief Executive Officer Total,School Networks Total,Non-Public Schools Network Total,Queen Of Angels School,,,Schools,,,,,,N
U65014,Ombudsman Chicago - South,,,,,1,5,U60005,Board of Trustees Total,Chief Executive Officer Total,School Networks Total,Charter Schools Network Total,Ombudsman Chicago - South,,,Schools,,,,,,N
U66142,Noble Street Charter High School - Pritzker College Prep Campus,,Charter School,,High School,1,5,U60005,Board of Trustees Total,Chief Executive Officer Total,School Networks Total,Charter Schools Network Total,Noble Street Charter High School - Pritzker College Prep Campus,,,Schools,,,,,,N
U66144,Noble Street Charter High School - Rowe Clark Campus,,Charter School,,High School,1,5,U60005,Board of Trustees Total,Chief Executive Officer Total,School Networks Total,Charter Schools Network Total,Noble Street Charter High School - Rowe Clark Campus,,,Schools,,,,,,N
U66146,Noble Street Charter High School - Comer Campus,,Charter School,,High School,1,5,U60005,Board of Trustees Total,Chief Executive Officer Total,School Networks Total,Charter Schools Network Total,Noble Street Charter High School - Comer Campus,,,Schools,,,,,,N
U69036,Chicago Jewish Day School,,Non-Public School,,Elementary School,1,5,U69000,Board of Trustees Total,Chief Executive Officer Total,School Networks Total,Non-Public Schools Network Total,Chicago Jewish Day School,,,Schools,,,,,,N
U69040,Annunciata,,Non-Public School,,Elementary School,1,5,U69000,Board of Trustees Total,Chief Executive Officer Total,School Networks Total,Non-Public Schools Network Total,Annunciata,,,Schools,,,,,,N
U69042,Immaculate Conception School (North Park ),,Non-Public School,,Elementary School,1,5,U69000,Board of Trustees Total,Chief Executive Officer Total,School Networks Total,Non-Public Schools Network Total,Immaculate Conception School (North Park ),,,Schools,,,,,,N
U69363,De La Salle Institute B,,Non-Public School,,High School,1,5,U69000,Board of Trustees Total,Chief Executive Officer Total,School Networks Total,Non-Public Schools Network Total,De La Salle Institute B,,,Schools,,,,,,N
U05181,Area Elementary Instructional Office 18,,Central Office,,,1,5,U02000,Board of Trustees Total,Chief Executive Officer Total,Chief Education Office Total,Network Offices Total,Area Elementary Instructional Office 18,,,Central Office,,,,,,N
U69045,Holman Leadership Academy,,Non-Public School,,Elementary School,1,5,U69000,Board of Trustees Total,Chief Executive Officer Total,School Networks Total,Non-Public Schools Network Total,Holman Leadership Academy,,,Schools,,,,,,N
U69047,Yeshiva Ohr Baruch,,Non-Public School,,Elementary School,1,5,U69000,Board of Trustees Total,Chief Executive Officer Total,School Networks Total,Non-Public Schools Network Total,Yeshiva Ohr Baruch,,,Schools,,,,,,N
U69172,St Ladislaus School,,Non-Public School,,Elementary School,1,5,U69000,Board of Trustees Total,Chief Executive Officer Total,School Networks Total,Non-Public Schools Network Total,St Ladislaus School,,,Schools,,,,,,N
U11116,AUSL Program Support,,,,,1,5,U02000,Board of Trustees Total,Chief Executive Officer Total,Chief Education Office Total,Network Offices Total,AUSL Program Support,,,Schools,,,,,,N
U11680,Office Of Specialized/Alternative Safe Schools South City Wide,,,,,1,5,U02000,Board of Trustees Total,Chief Executive Officer Total,Chief Education Office Total,Network Offices Total,Office Of Specialized/Alternative Safe Schools South City Wide,,,Schools,,,,,,N
U46360,Kenwood Academy Total,,,,,0,5,U02670,Board of Trustees Total,Chief Executive Officer Total,School Networks Total,Network 17 Total,Kenwood Academy Total,,,,,,,,,N
U46370,KIng Selective Enrollment HS Total,,,,,0,5,U02670,Board of Trustees Total,Chief Executive Officer Total,School Networks Total,Network 17 Total,KIng Selective Enrollment HS Total,,,,,,,,,N
U69007,St. Sava Academy,,Non-Public School,,Elementary School,1,5,U69000,Board of Trustees Total,Chief Executive Officer Total,School Networks Total,Non-Public Schools Network Total,St. Sava Academy,,,Schools,,,,,,N
U69069,Our Lady Of Tepeyac,,Non-Public School,,Elementary School,1,5,U69000,Board of Trustees Total,Chief Executive Officer Total,School Networks Total,Non-Public Schools Network Total,Our Lady Of Tepeyac,,,Schools,,,,,,N
U69071,St. Frances of Rome,,Non-Public School,,High School,1,5,U69000,Board of Trustees Total,Chief Executive Officer Total,School Networks Total,Non-Public Schools Network Total,St. Frances of Rome,,,Schools,,,,,,N
U69074,St Christina School,,Non-Public School,,Elementary School,1,5,U69000,Board of Trustees Total,Chief Executive Officer Total,School Networks Total,Non-Public Schools Network Total,St Christina School,,,Schools,,,,,,N
U69077,St. Clement School,,Non-Public School,,Elementary School,1,5,U69000,Board of Trustees Total,Chief Executive Officer Total,School Networks Total,Non-Public Schools Network Total,St. Clement School,,,Schools,,,,,,N
U69080,St. Columbanus School,,Non-Public School,,Elementary School,1,5,U69000,Board of Trustees Total,Chief Executive Officer Total,School Networks Total,Non-Public Schools Network Total,St. Columbanus School,,,Schools,,,,,,N
U69544,Russian Transitional School,,,,,1,5,U69000,Board of Trustees Total,Chief Executive Officer Total,School Networks Total,Non-Public Schools Network Total,Russian Transitional School,,,Schools,,,,,,N
U46491,Bowen High School,,CPS Public School,,High School,1,6,U46490,Board of Trustees Total,Chief Executive Officer Total,School Networks Total,Network 17 Total,Bowen High School Total,Bowen High School,,Schools,,,,,,N
U65015,Ombudsman Chicago West,,,,,1,5,U60005,Board of Trustees Total,Chief Executive Officer Total,School Networks Total,Charter Schools Network Total,Ombudsman Chicago West,,,Schools,,,,,,N
U69083,St Cornelius School,,Non-Public School,,Elementary School,1,5,U69000,Board of Trustees Total,Chief Executive Officer Total,School Networks Total,Non-Public Schools Network Total,St Cornelius School,,,Schools,,,,,,N
U69086,Lydia Home Association,,Non-Public School - Other,,Grade Type TBD,1,5,U69000,Board of Trustees Total,Chief Executive Officer Total,School Networks Total,Non-Public Schools Network Total,Lydia Home Association,,,Schools,,,,,,N
U69550,Muhammad Univ,,Non-Public School,,High School,1,5,U69000,Board of Trustees Total,Chief Executive Officer Total,School Networks Total,Non-Public Schools Network Total,Muhammad Univ,,,Schools,,,,,,N
U69566,Daystar School,,Non-Public School,,Elementary School,1,5,U69000,Board of Trustees Total,Chief Executive Officer Total,School Networks Total,Non-Public Schools Network Total,Daystar School,,,Schools,,,,,,N
U69585,Jewish Children Family Services,,Non-Public School - Other,,Grade Type TBD,1,5,U69000,Board of Trustees Total,Chief Executive Officer Total,School Networks Total,Non-Public Schools Network Total,Jewish Children Family Services,,,Schools,,,,,,N
U69587,Ezzard Charles School,,Non-Public School,,Elementary School,1,5,U69000,Board of Trustees Total,Chief Executive Officer Total,School Networks Total,Non-Public Schools Network Total,Ezzard Charles School,,,Schools,,,,,,N
U69591,Arie Crown School,,Non-Public School,,High School,1,5,U69000,Board of Trustees Total,Chief Executive Officer Total,School Networks Total,Non-Public Schools Network Total,Arie Crown School,,,Schools,,,,,,N
U02651,Network 15,,,,,1,5,U02000,Board of Trustees Total,Chief Executive Officer Total,Chief Education Office Total,Network Offices Total,Network 15,,,Schools,,,,,,N
U69188,Urban Prairie Waldorf,,,,,1,5,U69000,Board of Trustees Total,Chief Executive Officer Total,School Networks Total,Non-Public Schools Network Total,Urban Prairie Waldorf,,,Schools,,,,,,N
U69190,St Mary Of The Lake School,,Non-Public School,,Elementary School,1,5,U69000,Board of Trustees Total,Chief Executive Officer Total,School Networks Total,Non-Public Schools Network Total,St Mary Of The Lake School,,,Schools,,,,,,N
U02451,Network 5,,,,,1,5,U02000,Board of Trustees Total,Chief Executive Officer Total,Chief Education Office Total,Network Offices Total,Network 5,,,Schools,,,,,,N
U22461,Castellanos School,,CPS Public School,,Elementary School,1,6,U22460,Board of Trustees Total,Chief Executive Officer Total,School Networks Total,Independent Schools Network Total,Castellanos Total,Castellanos School,,Schools,,,,,,N
U69602,AQSA School,,,,,1,5,U69000,Board of Trustees Total,Chief Executive Officer Total,School Networks Total,Non-Public Schools Network Total,AQSA School,,,Schools,,,,,,N
U69065,St. Cajetan,,Non-Public School,,Elementary School,1,5,U69000,Board of Trustees Total,Chief Executive Officer Total,School Networks Total,Non-Public Schools Network Total,St. Cajetan,,,Schools,,,,,,N
U69191,New Life Christian Academy,,,,,1,5,U69000,Board of Trustees Total,Chief Executive Officer Total,School Networks Total,Non-Public Schools Network Total,New Life Christian Academy,,,Schools,,,,,,N
U69195,St Mary Star Of The Sea School,,Non-Public School,,Elementary School,1,5,U69000,Board of Trustees Total,Chief Executive Officer Total,School Networks Total,Non-Public Schools Network Total,St Mary Star Of The Sea School,,,Schools,,,,,,N
U69198,Old St. Mary School,,Non-Public School,,Elementary School,1,5,U69000,Board of Trustees Total,Chief Executive Officer Total,School Networks Total,Non-Public Schools Network Total,Old St. Mary School,,,Schools,,,,,,N
U69391,Mount Carmel High School,,Non-Public School,,High School,1,5,U69000,Board of Trustees Total,Chief Executive Officer Total,School Networks Total,Non-Public Schools Network Total,Mount Carmel High School,,,Schools,,,,,,N
U46611,Sarah E. Goode STEM Academy,,CPS Public School,,High School,1,6,U46610,Board of Trustees Total,Chief Executive Officer Total,School Networks Total,Network 16 Total,Sarah E. Goode STEM Academy Total,Sarah E. Goode STEM Academy,,Schools,,,,,,N
U23790,Agustin Lara Academy Total,,,,,0,5,U02270,Board of Trustees Total,Chief Executive Officer Total,School Networks Total,Independent Schools Network Total,Agustin Lara Academy Total,,,,,,,,,N
U24510,Ellen Mitchell School Total,,,,,0,5,U02270,Board of Trustees Total,Chief Executive Officer Total,School Networks Total,Independent Schools Network Total,Ellen Mitchell School Total,,,,,,,,,N
U55190,Bronzeville Scholastic Institute Total,,,,,0,5,U02670,Board of Trustees Total,Chief Executive Officer Total,School Networks Total,Network 17 Total,Bronzeville Scholastic Institute Total,,,,,,,,,N
U24511,Ellen Mitchell School,,CPS Public School,,Elementary School,1,6,U24510,Board of Trustees Total,Chief Executive Officer Total,School Networks Total,Independent Schools Network Total,Ellen Mitchell School Total,Ellen Mitchell School,,Schools,,,,,,N
U26891,Velma Thomas Early Childhood Center,,CPS Public School,,Elementary School,1,6,U26890,Board of Trustees Total,Chief Executive Officer Total,School Networks Total,Independent Schools Network Total,Velma Thomas Early Childhood Center Total,Velma Thomas Early Childhood Center,,Schools,,,,,,N
U69606,Holy Family Catholic School,,,,,1,5,U69000,Board of Trustees Total,Chief Executive Officer Total,School Networks Total,Non-Public Schools Network Total,Holy Family Catholic School,,,Schools,,,,,,N
U66090,North Lawndale Charter Total,,,,,0,6,U60005,Board of Trustees Total,Chief Executive Officer Total,School Collaboratives Total,School Collaborative - Other Total,Charter/Contract Schools Total,North Lawndale Charter Total,,,,,,,,N
U66500,Calumet Multiplex Total,,,,,0,6,U60005,Board of Trustees Total,Chief Executive Officer Total,School Collaboratives Total,School Collaborative - Other Total,Charter/Contract Schools Total,Calumet Multiplex Total,,,,,,,,N
U26651,Mahalia Jackson School,,CPS Public School,,Elementary School,1,6,U26650,Board of Trustees Total,Chief Executive Officer Total,School Networks Total,Network 11 Total,Mahalia Jackson School Total,Mahalia Jackson School,,Schools,,,,,,N
U24921,Harold Washington School,,CPS Public School,,Elementary School,1,6,U24920,Board of Trustees Total,Chief Executive Officer Total,School Networks Total,Network 12 Total,Harold Washington School Total,Harold Washington School,,Schools,,,,,,N
U24971,John T Pirie Fine Arts & Academic Center School,,CPS Public School,,Elementary School,1,6,U24970,Board of Trustees Total,Chief Executive Officer Total,School Networks Total,Network 12 Total,John T Pirie Fine Arts & Academic Center Total,John T Pirie Fine Arts & Academic Center School,,Schools,,,,,,N
U25180,Martha M Ruggles Elementary School Total,,,,,0,5,U02520,Board of Trustees Total,Chief Executive Officer Total,School Networks Total,Network 12 Total,Martha M Ruggles Elementary School Total,,,,,,,,,N
U25181,Martha M Ruggles Elementary School,,CPS Public School,,Elementary School,1,6,U25180,Board of Trustees Total,Chief Executive Officer Total,School Networks Total,Network 12 Total,Martha M Ruggles Elementary School Total,Martha M Ruggles Elementary School,,Schools,,,,,,N
U46192,Kelvyn Park High School - Evening HS,,Inactive School,,High School,1,7,U46190,Board of Trustees Total,Chief Executive Officer Total,School Collaboratives Total,North Northwest Side Collaborative Total,North-Northwest Side High School Network Total,Kelvyn Park High School Total,,Schools,,,,,,N
U29041,Turner-Drew Language Academy,,CPS Public School,,Elementary School,1,6,U29040,Board of Trustees Total,Chief Executive Officer Total,School Networks Total,Network 11 Total,Turner-Drew Language Academy Total,Turner-Drew Language Academy,,Schools,,,,,,N
U29110,A Philip Randolph Magnet School Total,,,,,0,5,U02510,Board of Trustees Total,Chief Executive Officer Total,School Networks Total,Network 11 Total,A Philip Randolph Magnet School Total,,,,,,,,,N
U49130,Collins STEAM High School Total,,,,,0,5,U02650,Board of Trustees Total,Chief Executive Officer Total,School Networks Total,Network 15 Total,Collins STEAM High School Total,,,,,,,,,N
U53040,Charles Allen Prosser Career Academy Total,,,,,0,5,U02650,Board of Trustees Total,Chief Executive Officer Total,School Networks Total,Network 15 Total,Charles Allen Prosser Career Academy Total,,,,,,,,,N
U31270,Simmye G Anderson Community Academy Total,,,,,0,5,U02510,Board of Trustees Total,Chief Executive Officer Total,School Networks Total,Network 11 Total,Simmye G Anderson Community Academy Total,,,,,,,,,N
U24631,Ronald H Brown Community Academy,,CPS Public School,,Elementary School,1,6,U24630,Board of Trustees Total,Chief Executive Officer Total,School Networks Total,Network 13 Total,Ronald H Brown Community Academy Total,Ronald H Brown Community Academy,,Schools,,,,,,N
U53101,Marie Sklodowska Curie Metropolitan High School,,CPS Public School,,High School,1,6,U53100,Board of Trustees Total,Chief Executive Officer Total,School Networks Total,Network 15 Total,Marie Sklodowska Curie Metropolitan High School Total,Marie Sklodowska Curie Metropolitan High School,,Schools,,,,,,N
U24600,Mount Vernon Elementary School Total,,,,,0,5,U02530,Board of Trustees Total,Chief Executive Officer Total,School Networks Total,Network 13 Total,Mount Vernon Elementary School Total,,,,,,,,,N
U25361,James Shields Elementary School,,CPS Public School,,Elementary School,1,6,U25360,Board of Trustees Total,Chief Executive Officer Total,School Networks Total,Network 8 Total,James Shields Elementary School Total,James Shields Elementary School,,Schools,,,,,,N
U63050,Chicago High School for the Arts Total,,,,,0,6,U60005,Board of Trustees Total,Chief Executive Officer Total,School Collaboratives Total,School Collaborative - Other Total,Charter/Contract Schools Total,Chicago High School for the Arts Total,,,,,,,,N
U23271,James Farmer Jr Elementary School,,AUSL School,,Elementary School,1,6,U23270,Board of Trustees Total,Chief Executive Officer Total,School Networks Total,Network 9 Total,James Farmer Jr Elementary Total,James Farmer Jr Elementary School,,Schools,,,,,,N
U23420,Ariel Community Academy Total,,,,,0,5,U02490,Board of Trustees Total,Chief Executive Officer Total,School Networks Total,Network 9 Total,Ariel Community Academy Total,,,,,,,,,N
U41110,Marine Leadership Academy at Ames Total,,,,,0,5,U02640,Board of Trustees Total,Chief Executive Officer Total,School Networks Total,Network 14 Total,Marine Leadership Academy at Ames Total,,,,,,,,,N
U41111,Marine Leadership Academy at Ames,,CPS Public School,,Elementary School,1,6,U41110,Board of Trustees Total,Chief Executive Officer Total,School Networks Total,Network 14 Total,Marine Leadership Academy at Ames Total,Marine Leadership Academy at Ames,,Schools,,,,,,N
U26251,Irvin C Mollison School,,CPS Public School,,Elementary School,1,6,U26250,Board of Trustees Total,Chief Executive Officer Total,School Networks Total,Network 9 Total,Irvin C Mollison School Total,Irvin C Mollison School,,Schools,,,,,,N
U26260,Anthony Overton School Total,,,,,0,5,U02490,Board of Trustees Total,Chief Executive Officer Total,School Networks Total,Network 9 Total,Anthony Overton School Total,,,,,,,,,N
U26492,James R Doolittle Child Parent Center,,CPS Public School,,Elementary School,1,6,U26490,Board of Trustees Total,Chief Executive Officer Total,School Networks Total,Network 9 Total,James R Doolittle Jr Primary West School Total,James R Doolittle Child Parent Center,,Schools,,,,,,N
U66100,Youth Connection Charter Total,,,,,0,6,U60005,Board of Trustees Total,Chief Executive Officer Total,School Collaboratives Total,School Collaborative - Other Total,Charter/Contract Schools Total,Youth Connection Charter Total,,,,,,,,N
U66160,Chicago International-Prairie Total,,,,,0,6,U60005,Board of Trustees Total,Chief Executive Officer Total,School Collaboratives Total,School Collaborative - Other Total,Charter/Contract Schools Total,Chicago International-Prairie Total,,,,,,,,N
U26501,Carter G Woodson North School,,CPS Public School,,Elementary School,1,6,U26500,Board of Trustees Total,Chief Executive Officer Total,School Networks Total,Network 9 Total,Carter G Woodson North School Total,Carter G Woodson North School,,Schools,,,,,,N
U26541,Carter G Woodson South School,,CPS Public School,,Elementary School,1,6,U26540,Board of Trustees Total,Chief Executive Officer Total,School Networks Total,Network 9 Total,Carter G Woodson South Total,Carter G Woodson South School,,Schools,,,,,,N
U55130,Williams Middle School Total,,,,,0,5,U02490,Board of Trustees Total,Chief Executive Officer Total,School Networks Total,Network 9 Total,Williams Middle School Total,,,,,,,,,N
U46350,Englewood Technical Preparatory Academy Total,,,,,0,5,U02510,Board of Trustees Total,Chief Executive Officer Total,School Networks Total,Network 11 Total,Englewood Technical Preparatory Academy Total,,,,,,,,,N
U55091,South Shore School of Technology,,CPS Public School,,High School,1,6,U55090,Board of Trustees Total,Chief Executive Officer Total,School Networks Total,Network 12 Total,South Shore School of Technology Total,South Shore School of Technology,,Schools,,,,,,N
U70205,LR - Bryn Mawr Modular,,CPS Public School,,Grade Type TBD,1,5,U02520,Board of Trustees Total,Chief Executive Officer Total,School Networks Total,Network 12 Total,LR - Bryn Mawr Modular,,,Schools,,,,,,N
U25590,Douglas Taylor Elementary School Total,,,,,0,5,U02530,Board of Trustees Total,Chief Executive Officer Total,School Networks Total,Network 13 Total,Douglas Taylor Elementary School Total,,,,,,,,,N
U46101,Eric Solorio Academy High School,,AUSL School,,High School,1,6,U46100,Board of Trustees Total,Chief Executive Officer Total,School Networks Total,Network 15 Total,Eric Solorio Academy High School Total,Eric Solorio Academy High School,,Schools,,,,,,N
U46420,Benito Juarez High School Total,,,,,0,5,U02650,Board of Trustees Total,Chief Executive Officer Total,School Networks Total,Network 15 Total,Benito Juarez High School Total,,,,,,,,,N
U46423,Benito Juarez Annex at Westside Technical Institute,,CPS Public School,,High School,1,6,U46420,Board of Trustees Total,Chief Executive Officer Total,School Networks Total,Network 15 Total,Benito Juarez High School Total,Benito Juarez Annex at Westside Technical Institute,,Schools,,,,,,N
U46470,Al Raby High School Total,,,,,0,5,U02650,Board of Trustees Total,Chief Executive Officer Total,School Networks Total,Network 15 Total,Al Raby High School Total,,,,,,,,,N
U46352,Englewood Technical Preparatory Academy - Evening HS,,Inactive School,,High School,1,7,U46350,Board of Trustees Total,Chief Executive Officer Total,School Collaboratives Total,School Collaborative - Other Total,Undesignated Schools Total,Englewood Technical Preparatory Academy Total,,Schools,,,,,,N
U66590,The Montessori School of Englewood Charter Total,,,,,0,6,U60005,Board of Trustees Total,Chief Executive Officer Total,School Collaboratives Total,School Collaborative - Other Total,Charter/Contract Schools Total,The Montessori School of Englewood Charter Total,,,,,,,,N
U23491,Nathan Hale School,,CPS Public School,,Elementary School,1,6,U23490,Board of Trustees Total,Chief Executive Officer Total,School Networks Total,Network 10 Total,Nathan Hale School Total,Nathan Hale School,,Schools,,,,,,N
U22241,Frank I Bennett School,,CPS Public School,,Elementary School,1,6,U22240,Board of Trustees Total,Chief Executive Officer Total,School Networks Total,Network 13 Total,Frank I Bennett School Total,Frank I Bennett School,,Schools,,,,,,N
U46620,Austin College and Career Academy High School Total,,,,,0,5,U02650,Board of Trustees Total,Chief Executive Officer Total,School Networks Total,Network 15 Total,Austin College and Career Academy High School Total,,,,,,,,,N
U27100,MSAC - Powell Replacement Elementary School Total,,,,,0,5,U02520,Board of Trustees Total,Chief Executive Officer Total,School Networks Total,Network 12 Total,MSAC - Powell Replacement Elementary School Total,,,,,,,,,N
U28351,Thorp Multiplex,,Multiplex,,,1,6,U28350,Board of Trustees Total,Chief Executive Officer Total,School Networks Total,Network 12 Total,Thorp Multiplex Total,Thorp Multiplex,,Schools,,,,,,N
U66105,Chicago State University (part of Youth Connection Charter is Div 534,,Inactive School,,High School,1,7,U66100,Board of Trustees Total,Chief Executive Officer Total,School Collaboratives Total,School Collaborative - Other Total,Charter/Contract Schools Total,Youth Connection Charter Total,,Schools,,,,,,N
U02150,Far South Side K-12 Network Total,,,,,0,5,U02360,Board of Trustees Total,Chief Executive Office Total,School Collaboratives Total,Far South Side Collaborative Total,Far South Side K-12 Network Total,,,,,,,,,N
U24342,Marquette East Elementary School,,AUSL School,,Elementary School,1,6,U24340,Board of Trustees Total,Chief Executive Officer Total,School Networks Total,Network 10 Total,Marquette Elementary Total,Marquette East Elementary School,,Schools,,,,,,N
U46222,DeVry Advantage Academy,,CPS Public School,,High School,1,6,U46220,Board of Trustees Total,Chief Executive Officer Total,School Networks Total,Network 14 Total,Albert G Lane Technical High School Total,DeVry Advantage Academy,,Schools,,,,,,N
U53081,Calumet Career Preparation Academy High School,,CPS Public School,,High School,1,6,U53080,Board of Trustees Total,Chief Executive Officer Total,School Networks Total,Network 11 Total,Calumet Career Preparation Academy High School Total,Calumet Career Preparation Academy High School,,Schools,,,,,,N
U22100,Avalon Park School Total,,,,,0,5,U02520,Board of Trustees Total,Chief Executive Officer Total,School Networks Total,Network 12 Total,Avalon Park School Total,,,,,,,,,N
U22290,Myra Bradwell Communication Arts & Sciences Academy Total,,,,,0,5,U02520,Board of Trustees Total,Chief Executive Officer Total,School Networks Total,Network 12 Total,Myra Bradwell Communication Arts & Sciences Academy Total,,,,,,,,,N
U25561,Elizabeth H Sutherland School,,CPS Public School,,Elementary School,1,6,U25560,Board of Trustees Total,Chief Executive Officer Total,School Networks Total,Network 10 Total,Elizabeth H Sutherland School Total,Elizabeth H Sutherland School,,Schools,,,,,,N
U26730,Barbara Vick Early Childhood & Family Center Total,,,,,0,5,U02500,Board of Trustees Total,Chief Executive Officer Total,School Networks Total,Network 10 Total,Barbara Vick Early Childhood & Family Center Total,,,,,,,,,N
U26790,Tarkington School of Excellence Total,,,,,0,5,U02500,Board of Trustees Total,Chief Executive Officer Total,School Networks Total,Network 10 Total,Tarkington School of Excellence Total,,,,,,,,,N
U25560,Elizabeth H Sutherland School Total,,,,,0,5,U02500,Board of Trustees Total,Chief Executive Officer Total,School Networks Total,Network 10 Total,Elizabeth H Sutherland School Total,,,,,,,,,N
U22301,Alex Haley School,,CPS Public School,,Elementary School,1,6,U22300,Board of Trustees Total,Chief Executive Officer Total,School Networks Total,Network 13 Total,Alex Haley School Total,Alex Haley School,,Schools,,,,,,N
U22430,Augustus H Burley Elem School Burnham/Anthony Inclusive Academy Total,,,,,0,5,U02530,Board of Trustees Total,Chief Executive Officer Total,School Networks Total,Network 13 Total,Augustus H Burley Elem School Burnham/Anthony Inclusive Academy Total,,,,,,,,,N
U32080,Ashburn Community Area School Total,,,,,0,5,U02500,Board of Trustees Total,Chief Executive Officer Total,School Networks Total,Network 10 Total,Ashburn Community Area School Total,,,,,,,,,N
U50140,Julian Academic Transition HS Total,,,,,0,5,U02500,Board of Trustees Total,Chief Executive Officer Total,School Networks Total,Network 10 Total,Julian Academic Transition HS Total,,,,,,,,,N
U02510,Network 11 Total,,,,,0,4,U02005,Board of Trustees Total,Chief Executive Officer Total,School Networks Total,Network 11 Total,,,,,,,,,,N
U46310,William Howard Taft High School Total,,,,,0,5,U02640,Board of Trustees Total,Chief Executive Officer Total,School Networks Total,Network 14 Total,William Howard Taft High School Total,,,,,,,,,N
U22372,Bouchet Academy Branch,,CPS Public School,,Elementary School,1,6,U22370,Board of Trustees Total,Chief Executive Officer Total,School Networks Total,Network 12 Total,Bouchet Academy Total,Bouchet Academy Branch,,Schools,,,,,,N
U10849,"Magnet, Gifted and Talented Total",,,,,0,5,U10802,Board of Trustees Total,Chief Executive Office Total,Chief Teaching & Learning Office Total,Curriculum & Instruction Office Total,"Magnet, Gifted and Talented Total",,,,,,,,,N
U22051,John P Altgeld School,,CPS Public School,,Elementary School,1,6,U22050,Board of Trustees Total,Chief Executive Officer Total,School Networks Total,Network 11 Total,John P Altgeld School Total,John P Altgeld School,,Schools,,,,,,N
U22150,Clara W Barton School Total,,,,,0,5,U02510,Board of Trustees Total,Chief Executive Officer Total,School Networks Total,Network 11 Total,Clara W Barton School Total,,,,,,,,,N
U29261,Edgar Allan Poe Classical School,,CPS Public School,,Elementary School,1,6,U29260,Board of Trustees Total,Chief Executive Officer Total,School Networks Total,Network 13 Total,Edgar Allan Poe Classical School Total,Edgar Allan Poe Classical School,,Schools,,,,,,N
U46641,Richard T. Crane (RTC) Medical Preparatory High School,,,,,1,6,U46640,Board of Trustees Total,Chief Executive Officer Total,School Networks Total,Network 15 Total,Richard T. Crane (RTC) Medical Preparatory High School Total,Richard T. Crane (RTC) Medical Preparatory High School,,Schools,,,,,,N
U23682,Hedges West Br - Hedges,,Inactive School,,Elementary School,1,7,U23680,Board of Trustees Total,Chief Executive Officer Total,School Collaboratives Total,Southwest Side Collaborative Total,Pershing Elementary Network Total,James Hedges School Main Total,,Schools,,,,,,N
U22730,Henry Clay Elementary School Total,,,,,0,5,U02530,Board of Trustees Total,Chief Executive Officer Total,School Networks Total,Network 13 Total,Henry Clay Elementary School Total,,,,,,,,,N
U10848,"""Magnet, Gifted & Talented - City Wide""",,City Wide,,,1,7,U10849,Board of Trustees Total,Chief Executive Officer Total,Chief Education Officer Total,Chief Instructional Office Total,Curriculum & Instruction Office Total,"""Magnet, Gifted and Talented Total """,,City Wide,,,,,,N
U23962,Joseph Jungman Branch,,Inactive School,,Elementary School,1,7,U23960,Board of Trustees Total,Chief Executive Officer Total,School Collaboratives Total,West Side Collaborative Total,Pilsen-Little Village Elementary Network Total,Joseph Jungman School Total,,Schools,,,,,,N
U46402,Percy L Julian High School - Evening HS,,Inactive School,,High School,1,7,U46400,Board of Trustees Total,Chief Executive Officer Total,School Collaboratives Total,Far South Side Collaborative Total,Far South Side K-12 Network Total,Percy L Julian High School Total,,Schools,,,,,,N
U24740,Richard J Oglesby School Total,,,,,0,5,U02510,Board of Trustees Total,Chief Executive Officer Total,School Networks Total,Network 11 Total,Richard J Oglesby School Total,,,,,,,,,N
U24800,Luke O'Toole School Total,,,,,0,5,U02510,Board of Trustees Total,Chief Executive Officer Total,School Networks Total,Network 11 Total,Luke O'Toole School Total,,,,,,,,,N
U02550,Options Network Total,,,,,0,4,U02005,Board of Trustees Total,Chief Executive Officer Total,School Networks Total,Options Network Total,,,,,,,,,,N
U24801,Luke O'Toole School,,CPS Public School,,Elementary School,1,6,U24800,Board of Trustees Total,Chief Executive Officer Total,School Networks Total,Network 11 Total,Luke O'Toole School Total,Luke O'Toole School,,Schools,,,,,,N
U25261,Arna Wendell Bontemps School,,CPS Public School,,Elementary School,1,6,U25260,Board of Trustees Total,Chief Executive Officer Total,School Networks Total,Network 11 Total,Arna Wendell Bontemps School Total,Arna Wendell Bontemps School,,Schools,,,,,,N
U24840,Park Manor Elementary School Total,,,,,0,5,U02520,Board of Trustees Total,Chief Executive Officer Total,School Networks Total,Network 12 Total,Park Manor Elementary School Total,,,,,,,,,N
U23200,Fernwood School Total,,,,,0,5,U02530,Board of Trustees Total,Chief Executive Officer Total,School Networks Total,Network 13 Total,Fernwood School Total,,,,,,,,,N
U23360,Virgil Grissom School Total,,,,,0,5,U02530,Board of Trustees Total,Chief Executive Officer Total,School Networks Total,Network 13 Total,Virgil Grissom School Total,,,,,,,,,N
U46140,Gage Park High School Total,,,,,0,5,U02660,Board of Trustees Total,Chief Executive Officer Total,School Networks Total,Network 16 Total,Gage Park High School Total,,,,,,,,,N
U46200,John F Kennedy High School Total,,,,,0,5,U02660,Board of Trustees Total,Chief Executive Officer Total,School Networks Total,Network 16 Total,John F Kennedy High School Total,,,,,,,,,N
U66150,Alain Locke Charter School Total,,,,,0,6,U60005,Board of Trustees Total,Chief Executive Officer Total,School Collaboratives Total,School Collaborative - Other Total,Charter/Contract Schools Total,Alain Locke Charter School Total,,,,,,,,N
U66450,21st Century Charter School Total,,,,,0,6,U60005,Board of Trustees Total,Chief Executive Officer Total,School Collaboratives Total,School Collaborative - Other Total,Charter/Contract Schools Total,21st Century Charter School Total,,,,,,,,N
U66460,Metropolitan Academy of Science Charter School Total,,,,,0,6,U60005,Board of Trustees Total,Chief Executive Officer Total,School Collaboratives Total,School Collaborative - Other Total,Charter/Contract Schools Total,Metropolitan Academy of Science Charter School Total,,,,,,,,N
U63040,Kwame Nkrumah Academy Total,,,,,0,6,U60005,Board of Trustees Total,Chief Executive Officer Total,School Collaboratives Total,School Collaborative - Other Total,Charter/Contract Schools Total,Kwame Nkrumah Academy Total,,,,,,,,N
U26160,Benjamin Banneker School Total,,,,,0,5,U02510,Board of Trustees Total,Chief Executive Officer Total,School Networks Total,Network 11 Total,Benjamin Banneker School Total,,,,,,,,,N
U23640,Wendell Smith Total,,,,,0,5,U02530,Board of Trustees Total,Chief Executive Officer Total,School Networks Total,Network 13 Total,Wendell Smith Total,,,,,,,,,N
U23641,Wendell Smith School,,CPS Public School,,Elementary School,1,6,U23640,Board of Trustees Total,Chief Executive Officer Total,School Networks Total,Network 13 Total,Wendell Smith Total,Wendell Smith School,,Schools,,,,,,N
U46341,Gurdon S Hubbard High School,,CPS Public School,,High School,1,6,U46340,Board of Trustees Total,Chief Executive Officer Total,School Networks Total,Network 16 Total,Gurdon S Hubbard High School Total,Gurdon S Hubbard High School,,Schools,,,,,,N
U51041,South Shore Multiplex,,Multiplex,,,1,6,U51040,Board of Trustees Total,Chief Executive Officer Total,School Networks Total,Network 12 Total,South Shore Multiplex Total,South Shore Multiplex,,Schools,,,,,,N
U10825,Department of Personalized Learning,,Central Office,,,1,5,U10829,Board of Trustees Total,Chief Executive Officer Total,Chief Education Office Total,Personalized Learning Office Total,Department of Personalized Learning,,,Central Office,,,,,,N
U25710,James Wadsworth School Total,,,,,0,5,U02490,Board of Trustees Total,Chief Executive Officer Total,School Networks Total,Network 9 Total,James Wadsworth School Total,,,,,,,,,N
U66629,YCCS - Youth Connection Leadership Academy HS,,,,,1,5,U60005,Board of Trustees Total,Chief Executive Officer Total,School Networks Total,Charter Schools Network Total,YCCS - Youth Connection Leadership Academy HS,,,Schools,,,,,,N
U31021,Crispus Attucks School,,CPS Public School,,Elementary School,1,6,U31020,Board of Trustees Total,Chief Executive Officer Total,School Networks Total,Network 9 Total,Crispus Attucks School Total,Crispus Attucks School,,Schools,,,,,,N
U02050,Austin-North Lawndale Elementary Network Total,,,,,0,5,U02330,Board of Trustees Total,Chief Executive Office Total,School Collaboratives Total,West Side Collaborative Total,Austin-North Lawndale Elementary Network Total,,,,,,,,,N
U23661,Hyde Park Day Lemont,,,,,1,6,U23660,Board of Trustees Total,Chief Executive Officer Total,Chief Education Office Total,Network Offices Total,Hyde Park Day Lemont - Total,Hyde Park Day Lemont,,Schools,,,,,,N
U66711,New Charter for Intrinsic #2,,,,,1,5,U60005,Board of Trustees Total,Chief Executive Officer Total,School Networks Total,Charter Schools Network Total,New Charter for Intrinsic,2,,Schools,,,,,,N
U67071,Legacy Charter School,,Charter School,,Elementary School,1,5,U60005,Board of Trustees Total,Chief Executive Officer Total,School Networks Total,Charter Schools Network Total,Legacy Charter School,,,Schools,,,,,,N
U25711,James Wadsworth School,,CPS Public School,,Elementary School,1,6,U25710,Board of Trustees Total,Chief Executive Officer Total,School Networks Total,Network 9 Total,James Wadsworth School Total,James Wadsworth School,,Schools,,,,,,N
U46172,Hyde Park Career Academy - Evening HS,,Inactive School,,High School,1,7,U46170,Board of Trustees Total,Chief Executive Officer Total,School Collaboratives Total,South Side Collaborative Total,South Side High School Network Total,Hyde Park Career Academy Total,,Schools,,,,,,N
U66250,Mirta Ramirez Computer Science Charter HS - ASPIRA Total,,,,,0,6,U60005,Board of Trustees Total,Chief Executive Officer Total,School Collaboratives Total,School Collaborative - Other Total,Charter/Contract Schools Total,Mirta Ramirez Computer Science Charter HS - ASPIRA Total,,,,,,,,N
U02230,West Side High School Network Total,,,,,0,5,U02330,Board of Trustees Total,Chief Executive Office Total,School Collaboratives Total,West Side Collaborative Total,West Side High School Network Total,,,,,,,,,N
U02341,South Side Collaborative,,Inactive,,,1,5,U02340,Board of Trustees Total,Chief Executive Office Total,School Collaboratives Total,South Side Collaborative Total,South Side Collaborative,,,Schools,,,,,,N
U63051,Chicago High School for the Arts (ChiArts),,Contract School,,High School,1,5,U63000,Board of Trustees Total,Chief Executive Officer Total,School Networks Total,Contract Schools Network Total,Chicago High School for the Arts (ChiArts),,,Schools,,,,,,N
U41100,Walter H Dyett Middle School Total,,,,,0,5,U02490,Board of Trustees Total,Chief Executive Officer Total,School Networks Total,Network 9 Total,Walter H Dyett Middle School Total,,,,,,,,,N
U66570,Noble Street Charter Schools Total,,,,,0,6,U60005,Board of Trustees Total,Chief Executive Officer Total,School Collaboratives Total,School Collaborative - Other Total,Charter/Contract Schools Total,Noble Street Charter Schools Total,,,,,,,,N
U00005,Student Support and Engagement Total,,,,,0,5,U11400,Board of Trustees Total,Chief Executive Officer Total,Chief Education Office Total,College and Career Success Total,Student Support and Engagement Total,,,,,,,,,N
U12280,Business Diversity,,Central Office,,,1,4,U11700,Board of Trustees Total,Chief Executive Officer Total,Chief Operating Officer Total,Business Diversity,,,,Central Office,,,,,,N
U23042,Eberhart Branch,,CPS Public School,,Elementary School,1,6,U23040,Board of Trustees Total,Chief Executive Officer Total,School Networks Total,Network 10 Total,John F Eberhart School Total,Eberhart Branch,,Schools,,,,,,N
U23460,Robert L Grimes School Total,,,,,0,5,U02500,Board of Trustees Total,Chief Executive Officer Total,School Networks Total,Network 10 Total,Robert L Grimes School Total,,,,,,,,,N
U10900,Intergovernmental Relations Total,,,,,0,4,U11700,Board of Trustees Total,Chief Executive Officer Total,Chief Operating Officer Total,Intergovernmental Relations Total,,,,,,,,,,N
U22781,Zenos Colman School,,CPS Public School,,Elementary School,1,6,U22780,Board of Trustees Total,Chief Executive Officer Total,School Networks Total,Network 9 Total,Zenos Colman School Total,Zenos Colman School,,Schools,,,,,,N
U11800,Facility Operations & Management Total,,,,,0,4,U11700,Board of Trustees Total,Chief Executive Officer Total,Chief Operating Officer Total,Facility Operations & Management Total,,,,,,,,,,N
U26130,Mary C Terrell Elementary School Total,,,,,0,5,U02490,Board of Trustees Total,Chief Executive Officer Total,School Networks Total,Network 9 Total,Mary C Terrell Elementary School Total,,,,,,,,,N
U10870,College and Career Success Office,,Central Office,,,1,5,U11400,Board of Trustees Total,Chief Executive Officer Total,Chief Education Office Total,College and Career Success Total,College and Career Success Office,,,Central Office,,,,,,N
U11956,Bridgeport,,,,,1,6,U11950,Board of Trustees Total,Chief Executive Officer Total,Chief Operating Officer Total,Facility Operations & Management Total,CPS Administrative Buildings Total,Bridgeport,,Schools,,,,,,N
U46631,South Shore International College Prep High School,,CPS Public School,,High School,1,6,U46630,Board of Trustees Total,Chief Executive Officer Total,School Networks Total,Network 17 Total,South Shore International College Prep High School Total,South Shore International College Prep High School,,Schools,,,,,,N
U46680,Walter Henri Dyett High School for the Arts Total,,,,,0,5,U02670,Board of Trustees Total,Chief Executive Officer Total,School Networks Total,Network 17 Total,Walter Henri Dyett High School for the Arts Total,,,,,,,,,N
U46681,Walter Henri Dyett High School for the Arts,,,,,1,6,U46680,Board of Trustees Total,Chief Executive Officer Total,School Networks Total,Network 17 Total,Walter Henri Dyett High School for the Arts Total,Walter Henri Dyett High School for the Arts,,Schools,,,,,,N
U53011,Chicago Vocational Career Academy,,CPS Public School,,High School,1,6,U53010,Board of Trustees Total,Chief Executive Officer Total,School Networks Total,Network 17 Total,Chicago Vocational Career Academy Total,Chicago Vocational Career Academy,,Schools,,,,,,N
U26181,Bronzeville Classical Elementary School,,,,,1,6,U26180,Board of Trustees Total,Chief Executive Officer Total,School Networks Total,Network 9 Total,Bronzeville Classical Elementary School Total,Bronzeville Classical Elementary School,,Schools,,,,,,N
U10885,Academic Enhancement - City Wide,,City Wide,,,1,4,U10800,Board of Trustees Total,Chief Executive Officer Total,Chief Education Office Total,Academic Enhancement - City Wide,,,,City Wide,,,,,,N
U68020,Hansen Park Stadium,,Stadium,,,1,6,U68000,Board of Trustees Total,Chief Executive Officer Total,Chief Operating Officer Total,Facility Operations & Management Total,Stadiums Total,Hansen Park Stadium,,Schools,,,,,,N
U68030,Winnemac Park Stadium,,Stadium,,,1,6,U68000,Board of Trustees Total,Chief Executive Officer Total,Chief Operating Officer Total,Facility Operations & Management Total,Stadiums Total,Winnemac Park Stadium,,Schools,,,,,,N
U11375,Academic Learning & Support,,Central Office,,,1,6,U11379,Board of Trustees Total,Chief Executive Officer Total,Chief Education Office Total,College and Career Success Total,Academic Learning & Support Total,Academic Learning & Support,,Central Office,,,,,,N
U66052,Perspectives - Leadership Academy,,Charter School,,High School,1,5,U60005,Board of Trustees Total,Chief Executive Officer Total,School Networks Total,Charter Schools Network Total,Perspectives - Leadership Academy,,,Schools,,,,,,N
U66072,Chicago International Charter School (CICS)- Ralph Ellison Campus,,Charter School,,High School,1,5,U60005,Board of Trustees Total,Chief Executive Officer Total,School Networks Total,Charter Schools Network Total,Chicago International Charter School (CICS)- Ralph Ellison Campus,,,Schools,,,,,,N
U10460,Innovation and Incubation,,,,,1,5,U10404,Board of Trustees Total,Chief Executive Officer Total,Portfolio Office Total,Innovation and Incubation Total,Innovation and Incubation,,,Schools,,,,,,N
U14050,Office of Student Health & Wellness,,City Wide,,,1,6,U14052,Board of Trustees Total,Chief Executive Officer Total,Chief Education Office Total,College and Career Success Total,Student Health and Wellness Total,Office of Student Health & Wellness,,City Wide,,,,,,N
U66262,LR - KIPP 2 at old Lathrop,,,,,1,5,U60005,Board of Trustees Total,Chief Executive Officer Total,School Networks Total,Charter Schools Network Total,LR - KIPP 2 at old Lathrop,,,Schools,,,,,,N
U66271,Namaste Charter School,,Charter School,,Elementary School,1,5,U60005,Board of Trustees Total,Chief Executive Officer Total,School Networks Total,Charter Schools Network Total,Namaste Charter School,,,Schools,,,,,,N
U66351,ASPIRA Charter-Haugan Middle School Campus,,Charter School,,Elementary School,1,5,U60005,Board of Trustees Total,Chief Executive Officer Total,School Networks Total,Charter Schools Network Total,ASPIRA Charter-Haugan Middle School Campus,,,Schools,,,,,,N
U10715,School Demographics and Planning,,Central Office,,,1,4,U13600,Board of Trustees Total,Chief Executive Officer Total,Portfolio Office Total,School Demographics and Planning,,,,Central Office,,,,,,N
U11954,42 W Madison,,,,,1,6,U11950,Board of Trustees Total,Chief Executive Officer Total,Chief Operating Officer Total,Facility Operations & Management Total,CPS Administrative Buildings Total,42 W Madison,,Schools,,,,,,N
U66578,Noble Street Charter School - The Noble Academy,,,,,1,5,U60005,Board of Trustees Total,Chief Executive Officer Total,School Networks Total,Charter Schools Network Total,Noble Street Charter School - The Noble Academy,,,Schools,,,,,,N
U53020,Dunbar Vocational Career Academy Total,,,,,0,5,U02670,Board of Trustees Total,Chief Executive Officer Total,School Networks Total,Network 17 Total,Dunbar Vocational Career Academy Total,,,,,,,,,N
U66603,UNO Charter School - UNO Elem FY14 2,,,,,1,5,U60005,Board of Trustees Total,Chief Executive Officer Total,School Networks Total,Charter Schools Network Total,UNO Charter School - UNO Elem FY14 2,,,Schools,,,,,,N
U24440,Emmit Louis Till Math and Science Academy Total,,,,,0,5,U02490,Board of Trustees Total,Chief Executive Officer Total,School Networks Total,Network 9 Total,Emmit Louis Till Math and Science Academy Total,,,,,,,,,N
U24810,Wells Preparatory School Total,,,,,0,5,U02490,Board of Trustees Total,Chief Executive Officer Total,School Networks Total,Network 9 Total,Wells Preparatory School Total,,,,,,,,,N
U24831,Francis Parkman School,,CPS Public School,,Elementary School,1,6,U24830,Board of Trustees Total,Chief Executive Officer Total,School Networks Total,Network 9 Total,Francis Parkman School Total,Francis Parkman School,,Schools,,,,,,N
U68051,Rockne Stadium - Fund 270 only,,Stadium,,,1,6,U68000,Board of Trustees Total,Chief Executive Officer Total,Chief Operating Officer Total,Facility Operations & Management Total,Stadiums Total,Rockne Stadium - Fund 270 only,,Schools,,,,,,N
U66612,YCCS - CCA Academy HS,,,,,1,5,U60005,Board of Trustees Total,Chief Executive Officer Total,School Networks Total,Charter Schools Network Total,YCCS - CCA Academy HS,,,Schools,,,,,,N
U66613,YCCS-Progressive Leadership Academy,,,,,1,5,U60005,Board of Trustees Total,Chief Executive Officer Total,School Networks Total,Charter Schools Network Total,YCCS-Progressive Leadership Academy,,,Schools,,,,,,N
U28040,Shakespeare Multiplex Total,,,,,0,5,U02490,Board of Trustees Total,Chief Executive Officer Total,School Networks Total,Network 9 Total,Shakespeare Multiplex Total,,,,,,,,,N
U28041,Shakespeare Multiplex,,Multiplex,,,1,6,U28040,Board of Trustees Total,Chief Executive Officer Total,School Networks Total,Network 9 Total,Shakespeare Multiplex Total,Shakespeare Multiplex,,Schools,,,,,,N
U68090,Hanson Park Stadium,,Stadium,,,1,6,U68000,Board of Trustees Total,Chief Executive Officer Total,Chief Operating Officer Total,Facility Operations & Management Total,Stadiums Total,Hanson Park Stadium,,Schools,,,,,,N
U68150,Pierce Playground,,,,,1,5,U11800,Board of Trustees Total,Chief Executive Officer Total,Chief Operating Officer Total,Facility Operations & Management Total,Pierce Playground,,,Schools,,,,,,N
U25081,Benjamin W Raymond School,,CPS Public School,,Elementary School,1,6,U25080,Board of Trustees Total,Chief Executive Officer Total,School Networks Total,Network 9 Total,Benjamin W Raymond School Total,Benjamin W Raymond School,,Schools,,,,,,N
U25090,William Claude Reavis School Total,,,,,0,5,U02490,Board of Trustees Total,Chief Executive Officer Total,School Networks Total,Network 9 Total,William Claude Reavis School Total,,,,,,,,,N
U25162,Oneida Cockrell Child-Parent-Center Br - Ross,,CPS Public School,,Elementary School,1,6,U25160,Board of Trustees Total,Chief Executive Officer Total,School Networks Total,Network 9 Total,Betsy Ross School Total,Oneida Cockrell Child-Parent-Center Br - Ross,,Schools,,,,,,N
U25320,Austin O Sexton Elementary School Total,,,,,0,5,U02490,Board of Trustees Total,Chief Executive Officer Total,School Networks Total,Network 9 Total,Austin O Sexton Elementary School Total,,,,,,,,,N
U70218,LR - Richard Melbourne,,CPS Public School,,Grade Type TBD,1,5,U02490,Board of Trustees Total,Chief Executive Officer Total,School Networks Total,Network 9 Total,LR - Richard Melbourne,,,Schools,,,,,,N
U70228,Aspira High School,,CPS Public School,,High School,1,5,U02490,Board of Trustees Total,Chief Executive Officer Total,School Networks Total,Network 9 Total,Aspira High School,,,Schools,,,,,,N
U13737,Sports Admin and Facilities Management - CW,,City Wide,,,1,5,U13750,Board of Trustees Total,Chief Executive Officer Total,Chief Education Office Total,Sports Administration Total,Sports Admin and Facilities Management - CW,,,City Wide,,,,,,N
U11000,Talent Office Total,,,,,0,3,U10400,Board of Trustees Total,Chief Executive Officer Total,Talent Office Total,,,,,,,,,,,N
U41091,Logandale Middle School,,CPS Public School,,Elementary School,1,6,U41090,Board of Trustees Total,Chief Executive Officer Total,School Networks Total,Network 4 Total,Logandale Middle School Total,Logandale Middle School,,Schools,,,,,,N
U24981,Ambrose Plamondon School,,CPS Public School,,Elementary School,1,6,U24980,Board of Trustees Total,Chief Executive Officer Total,School Networks Total,Independent Schools Network Total,Ambrose Plamondon School Total,Ambrose Plamondon School,,Schools,,,,,,N
U22481,John C Burroughs School,,CPS Public School,,Elementary School,1,6,U22480,Board of Trustees Total,Chief Executive Officer Total,School Networks Total,Network 8 Total,John C Burroughs School Total,John C Burroughs School,,Schools,,,,,,N
U24191,Abraham Lincoln Elementary School,,CPS Public School,,Elementary School,1,6,U24190,Board of Trustees Total,Chief Executive Officer Total,School Networks Total,Network 4 Total,Abraham Lincoln Elementary School Total,Abraham Lincoln Elementary School,,Schools,,,,,,N
U26021,Willa Cather School,,CPS Public School,,Elementary School,1,6,U26020,Board of Trustees Total,Chief Executive Officer Total,School Networks Total,Network 5 Total,Willa Cather School Total,Willa Cather School,,Schools,,,,,,N
U26330,Richard Henry Lee School Total,,,,,0,5,U02270,Board of Trustees Total,Chief Executive Officer Total,School Networks Total,Independent Schools Network Total,Richard Henry Lee School Total,,,,,,,,,N
U47091,Chicago High School For Agricultural Sciences,,CPS Public School,,High School,1,6,U47090,Board of Trustees Total,Chief Executive Officer Total,School Networks Total,Independent Schools Network Total,Chicago High School For Agricultural Sciences Total,Chicago High School For Agricultural Sciences,,Schools,,,,,,N
U22721,Frederic Chopin School,,CPS Public School,,Elementary School,1,6,U22720,Board of Trustees Total,Chief Executive Officer Total,School Networks Total,Network 5 Total,Frederic Chopin School Total,Frederic Chopin School,,Schools,,,,,,N
U26231,James Weldon Johnson STEAM Elementary School,,AUSL School,,Elementary School,1,6,U26230,Board of Trustees Total,Chief Executive Officer Total,School Networks Total,Network 5 Total,James Weldon Johnson STEAM Elementary School Total,James Weldon Johnson STEAM Elementary School,,Schools,,,,,,N
U26232,James Weldon Johnson Child-Parent-Center Br - Johnson,,AUSL School,,Elementary School,1,6,U26230,Board of Trustees Total,Chief Executive Officer Total,School Networks Total,Network 5 Total,James Weldon Johnson STEAM Elementary School Total,James Weldon Johnson Child-Parent-Center Br - Johnson,,Schools,,,,,,N
U20070,Columbia Explorers Academy Total,,,,,0,5,U02270,Board of Trustees Total,Chief Executive Officer Total,School Networks Total,Independent Schools Network Total,Columbia Explorers Academy Total,,,,,,,,,N
U46501,AAST - Orr High School,,CPS Public School,,High School,1,6,U46500,Board of Trustees Total,Chief Executive Officer Total,School Networks Total,Network 5 Total,AAST - Orr High School Total,AAST - Orr High School,,Schools,,,,,,N
U50201,Clemente Achievement Academy,,CPS Public School,,High School,1,6,U50200,Board of Trustees Total,Chief Executive Officer Total,School Networks Total,Network 5 Total,Clemente Achievement Academy Total,Clemente Achievement Academy,,Schools,,,,,,N
U51080,Rezin Orr Community Academy High School Total,,,,,0,5,U02450,Board of Trustees Total,Chief Executive Officer Total,School Networks Total,Network 5 Total,Rezin Orr Community Academy High School Total,,,,,,,,,N
U28110,Albany Park Multiplex Total,,,,,0,5,U02410,Board of Trustees Total,Chief Executive Officer Total,School Networks Total,Network 1 Total,Albany Park Multiplex Total,,,,,,,,,N
U30050,Daniel Carter Beard School Total,,,,,0,5,U02410,Board of Trustees Total,Chief Executive Officer Total,School Networks Total,Network 1 Total,Daniel Carter Beard School Total,,,,,,,,,N
U41121,Northwest Middle School,,CPS Public School,,Elementary School,1,6,U41120,Board of Trustees Total,Chief Executive Officer Total,School Networks Total,Network 3 Total,Northwest Middle Total,Northwest Middle School,,Schools,,,,,,N
U24611,Wolfgang A Mozart School,,CPS Public School,,Elementary School,1,6,U24610,Board of Trustees Total,Chief Executive Officer Total,School Networks Total,Network 4 Total,Wolfgang A Mozart School Total,Wolfgang A Mozart School,,Schools,,,,,,N
U24660,Louis Nettelhorst School Total,,,,,0,5,U02440,Board of Trustees Total,Chief Executive Officer Total,School Networks Total,Network 4 Total,Louis Nettelhorst School Total,,,,,,,,,N
U26481,Ana Roque De Duprey,,CPS Public School,,Elementary School,1,6,U26480,Board of Trustees Total,Chief Executive Officer Total,School Networks Total,Network 5 Total,Ana Roque De Duprey Total,Ana Roque De Duprey,,Schools,,,,,,N
U26530,Edward Franklin Frazier School Total,,,,,0,5,U02450,Board of Trustees Total,Chief Executive Officer Total,School Networks Total,Network 5 Total,Edward Franklin Frazier School Total,,,,,,,,,N
U41031,Irving Park Middle School,,CPS Public School,,Elementary School,1,6,U41030,Board of Trustees Total,Chief Executive Officer Total,School Networks Total,Network 1 Total,Irving Park Middle School Total,Irving Park Middle School,,Schools,,,,,,N
U41081,Thurgood Marshall Middle School,,CPS Public School,,Elementary School,1,6,U41080,Board of Trustees Total,Chief Executive Officer Total,School Networks Total,Network 1 Total,Thurgood Marshall Middle School Total,Thurgood Marshall Middle School,,Schools,,,,,,N
U49171,New Neighborhood HS - Read Dunning (NW) Area,,,,,1,6,U49170,Board of Trustees Total,Chief Executive Officer Total,School Networks Total,Network 1 Total,New Neighborhood HS - Read Dunning (NW) Area Total,New Neighborhood HS - Read Dunning (NW) Area,,Schools,,,,,,N
U66411,Austin Business and Entrepreneurship Academy,,CPS Public School,,High School,1,6,U66410,Board of Trustees Total,Chief Executive Officer Total,School Networks Total,Network 3 Total,Austin Business and Entrepreneurship Academy Total,Austin Business and Entrepreneurship Academy,,Schools,,,,,,N
U23860,George Howland School Of The Arts Total,,,,,0,5,U02450,Board of Trustees Total,Chief Executive Officer Total,School Networks Total,Network 5 Total,George Howland School Of The Arts Total,,,,,,,,,N
U24010,Pablo Casals Total,,,,,0,5,U02450,Board of Trustees Total,Chief Executive Officer Total,School Networks Total,Network 5 Total,Pablo Casals Total,,,,,,,,,N
U24101,Rodolfo Lozano Bilingual & International Ctr School,,CPS Public School,,Elementary School,1,6,U24100,Board of Trustees Total,Chief Executive Officer Total,School Networks Total,Network 6 Total,Rodolfo Lozano Bilingual & International Center Total,Rodolfo Lozano Bilingual & International Ctr School,,Schools,,,,,,N
U23721,Charles R Henderson School,,CPS Public School,,Elementary School,1,6,U23720,Board of Trustees Total,Chief Executive Officer Total,School Networks Total,Network 8 Total,Charles R Henderson School Total,Charles R Henderson School,,Schools,,,,,,N
U23830,Oliver Wendell Holmes School Total,,,,,0,5,U02480,Board of Trustees Total,Chief Executive Officer Total,School Networks Total,Network 8 Total,Oliver Wendell Holmes School Total,,,,,,,,,N
U23831,Oliver Wendell Holmes School,,CPS Public School,,Elementary School,1,6,U23830,Board of Trustees Total,Chief Executive Officer Total,School Networks Total,Network 8 Total,Oliver Wendell Holmes School Total,Oliver Wendell Holmes School,,Schools,,,,,,N
U24670,Florence Nightingale School Total,,,,,0,5,U02480,Board of Trustees Total,Chief Executive Officer Total,School Networks Total,Network 8 Total,Florence Nightingale School Total,,,,,,,,,N
U29280,Mark Skinner School Total,,,,,0,5,U02460,Board of Trustees Total,Chief Executive Officer Total,School Networks Total,Network 6 Total,Mark Skinner School Total,,,,,,,,,N
U22820,John C Coonley School Total,,,,,0,5,U02420,Board of Trustees Total,Chief Executive Officer Total,School Networks Total,Network 2 Total,John C Coonley School Total,,,,,,,,,N
U24250,James Russell Lowell Elementary School Total,,,,,0,5,U02450,Board of Trustees Total,Chief Executive Officer Total,School Networks Total,Network 5 Total,James Russell Lowell Elementary School Total,,,,,,,,,N
U63101,Garfield Park Preparatory Academy,,Contract School,,Elementary School,1,6,U63100,Board of Trustees Total,Chief Executive Officer Total,School Networks Total,Network 5 Total,Garfield Park Preparatory Academy Total,Garfield Park Preparatory Academy,,Schools,,,,,,N
U24102,Rodolfo Lozano Annex,,CPS Public School,,Elementary School,1,6,U24100,Board of Trustees Total,Chief Executive Officer Total,School Networks Total,Network 6 Total,Rodolfo Lozano Bilingual & International Center Total,Rodolfo Lozano Annex,,Schools,,,,,,N
U29281,Mark Skinner School,,CPS Public School,,Elementary School,1,6,U29280,Board of Trustees Total,Chief Executive Officer Total,School Networks Total,Network 6 Total,Mark Skinner School Total,Mark Skinner School,,Schools,,,,,,N
U24852,Louis Pasteur Branch,,CPS Public School,,Elementary School,1,6,U24850,Board of Trustees Total,Chief Executive Officer Total,School Networks Total,Network 8 Total,Louis Pasteur School Total,Louis Pasteur Branch,,Schools,,,,,,N
U25230,Sidney Sawyer School Total,,,,,0,5,U02480,Board of Trustees Total,Chief Executive Officer Total,School Networks Total,Network 8 Total,Sidney Sawyer School Total,,,,,,,,,N
U25231,Sidney Sawyer School,,CPS Public School,,Elementary School,1,6,U25230,Board of Trustees Total,Chief Executive Officer Total,School Networks Total,Network 8 Total,Sidney Sawyer School Total,Sidney Sawyer School,,Schools,,,,,,N
U25301,William H Seward Communication Arts Academy,,CPS Public School,,Elementary School,1,6,U25300,Board of Trustees Total,Chief Executive Officer Total,School Networks Total,Network 8 Total,William H Seward Communication Arts Academy Total,William H Seward Communication Arts Academy,,Schools,,,,,,N
U23372,Jose J Marti Bil Ed Ctr - Goudy,,CPS Public School,,Elementary School,1,6,U23370,Board of Trustees Total,Chief Executive Officer Total,School Networks Total,Network 2 Total,William C Goudy School Total,Jose J Marti Bil Ed Ctr - Goudy,,Schools,,,,,,N
U24021,Joyce Kilmer School,,CPS Public School,,Elementary School,1,6,U24020,Board of Trustees Total,Chief Executive Officer Total,School Networks Total,Network 2 Total,Joyce Kilmer School Total,Joyce Kilmer School,,Schools,,,,,,N
U22120,Avondale Elementary School Total,,,,,0,5,U02440,Board of Trustees Total,Chief Executive Officer Total,School Networks Total,Network 4 Total,Avondale Elementary School Total,,,,,,,,,N
U28130,Frazier Campus Total,,,,,0,5,U02450,Board of Trustees Total,Chief Executive Officer Total,School Networks Total,Network 5 Total,Frazier Campus Total,,,,,,,,,N
U28190,Penn Multiplex Total,,,,,0,5,U02450,Board of Trustees Total,Chief Executive Officer Total,School Networks Total,Network 5 Total,Penn Multiplex Total,,,,,,,,,N
U29371,Albert R Sabin Magnet School,,CPS Public School,,Elementary School,1,6,U29370,Board of Trustees Total,Chief Executive Officer Total,School Networks Total,Network 6 Total,Albert R Sabin Magnet School Total,Albert R Sabin Magnet School,,Schools,,,,,,N
U30061,Near North Elementary School,,CPS Public School,,Elementary School,1,6,U30060,Board of Trustees Total,Chief Executive Officer Total,School Networks Total,Network 6 Total,The Near North Special Education Center School Total,Near North Elementary School,,Schools,,,,,,N
U25500,Joseph Stockton School Total,,,,,0,5,U02420,Board of Trustees Total,Chief Executive Officer Total,School Networks Total,Network 2 Total,Joseph Stockton School Total,,,,,,,,,N
U25650,Lyman Trumbull School Total,,,,,0,5,U02420,Board of Trustees Total,Chief Executive Officer Total,School Networks Total,Network 2 Total,Lyman Trumbull School Total,,,,,,,,,N
U29051,Leif Ericson Scholastic Academy,,CPS Public School,,Elementary School,1,6,U29050,Board of Trustees Total,Chief Executive Officer Total,School Networks Total,Network 5 Total,Leif Ericson Scholastic Academy Total,Leif Ericson Scholastic Academy,,Schools,,,,,,N
U26880,Suder Montessori School Total,,,,,0,5,U02460,Board of Trustees Total,Chief Executive Officer Total,School Networks Total,Network 6 Total,Suder Montessori School Total,,,,,,,,,N
U28290,Carpenter Multiplex Total,,,,,0,5,U02460,Board of Trustees Total,Chief Executive Officer Total,School Networks Total,Network 6 Total,Carpenter Multiplex Total,,,,,,,,,N
U31010,Andersen Community Academy Total,,,,,0,5,U02460,Board of Trustees Total,Chief Executive Officer Total,School Networks Total,Network 6 Total,Andersen Community Academy Total,,,,,,,,,N
U25780,Thomas J Waters School Total,,,,,0,5,U02420,Board of Trustees Total,Chief Executive Officer Total,School Networks Total,Network 2 Total,Thomas J Waters School Total,,,,,,,,,N
U26200,John T Mccutcheon School Total,,,,,0,5,U02420,Board of Trustees Total,Chief Executive Officer Total,School Networks Total,Network 2 Total,John T Mccutcheon School Total,,,,,,,,,N
U24991,Laura S Ward School,,CPS Public School,,Elementary School,1,6,U24990,Board of Trustees Total,Chief Executive Officer Total,School Networks Total,Network 5 Total,Laura S Ward School Total,Laura S Ward School,,Schools,,,,,,N
U28291,Carpenter Multiplex,,Multiplex,,,1,6,U28290,Board of Trustees Total,Chief Executive Officer Total,School Networks Total,Network 6 Total,Carpenter Multiplex Total,Carpenter Multiplex,,Schools,,,,,,N
U26570,Sojourner Truth School Total,,,,,0,5,U02440,Board of Trustees Total,Chief Executive Officer Total,School Networks Total,Network 4 Total,Sojourner Truth School Total,,,,,,,,,N
U44010,Grant Multiplex Total,,,,,0,5,U02460,Board of Trustees Total,Chief Executive Officer Total,School Networks Total,Network 6 Total,Grant Multiplex Total,,,,,,,,,N
U30140,Courtenay Language Arts Center Total,,,,,0,5,U02420,Board of Trustees Total,Chief Executive Officer Total,School Networks Total,Network 2 Total,Courtenay Language Arts Center Total,,,,,,,,,N
U31080,Stephen F Gale Community Academy Total,,,,,0,5,U02420,Board of Trustees Total,Chief Executive Officer Total,School Networks Total,Network 2 Total,Stephen F Gale Community Academy Total,,,,,,,,,N
U31081,Stephen F Gale Community Academy,,CPS Public School,,Elementary School,1,6,U31080,Board of Trustees Total,Chief Executive Officer Total,School Networks Total,Network 2 Total,Stephen F Gale Community Academy Total,Stephen F Gale Community Academy,,Schools,,,,,,N
U22340,Federico Garcia Lorca Elementary School Total,,,,,0,5,U02440,Board of Trustees Total,Chief Executive Officer Total,School Networks Total,Network 4 Total,Federico Garcia Lorca Elementary School Total,,,,,,,,,N
U29160,Lasalle Language Academy School Total,,,,,0,5,U02440,Board of Trustees Total,Chief Executive Officer Total,School Networks Total,Network 4 Total,Lasalle Language Academy School Total,,,,,,,,,N
U10200,Law Office Total,,,,,0,2,U10100,Board of Trustees Total,Law Office Total,,,,,,,,,,,,N
U10320,Inspector General,,Central Office,,,1,2,U10100,Board of Trustees Total,Inspector General,,,,,,Schools,,,,,,N
U49011,Jesse Spalding High School,,CPS Public School,,High School,1,6,U49010,Board of Trustees Total,Chief Executive Officer Total,School Networks Total,Network 6 Total,Jesse Spalding High School Total,Jesse Spalding High School,,Schools,,,,,,N
U50160,Crane Achievement Academy Total,,,,,0,5,U02460,Board of Trustees Total,Chief Executive Officer Total,School Networks Total,Network 6 Total,Crane Achievement Academy Total,,,,,,,,,N
U70231,Westown Academy: Fund 270 Only,,CPS Public School,,Grade Type TBD,1,5,U02460,Board of Trustees Total,Chief Executive Officer Total,School Networks Total,Network 6 Total,Westown Academy: Fund 270 Only,,,Schools,,,,,,N
U25620,George W Tilton School Total,,,,,0,5,U02450,Board of Trustees Total,Chief Executive Officer Total,School Networks Total,Network 5 Total,George W Tilton School Total,,,,,,,,,N
U22690,Marvin Camras Elementary School Total,,,,,0,5,U02270,Board of Trustees Total,Chief Executive Officer Total,School Networks Total,Independent Schools Network Total,Marvin Camras Elementary School Total,,,,,,,,,N
U23311,Joseph E Gary School,,CPS Public School,,Elementary School,1,6,U23310,Board of Trustees Total,Chief Executive Officer Total,School Networks Total,Network 7 Total,Joseph E Gary School Total,Joseph E Gary School,,Schools,,,,,,N
U23410,Josefa Ortiz De Dominguez Elementary School New Gary Total,,,,,0,5,U02470,Board of Trustees Total,Chief Executive Officer Total,School Networks Total,Network 7 Total,Josefa Ortiz De Dominguez Elementary School New Gary Total,,,,,,,,,N
U23530,Charles G Hammond School Total,,,,,0,5,U02470,Board of Trustees Total,Chief Executive Officer Total,School Networks Total,Network 7 Total,Charles G Hammond School Total,,,,,,,,,N
U23120,Robert Emmet School Total,,,,,0,5,U02430,Board of Trustees Total,Chief Executive Officer Total,School Networks Total,Network 3 Total,Robert Emmet School Total,,,,,,,,,N
U25781,Thomas J Waters School,,CPS Public School,,Elementary School,1,6,U25780,Board of Trustees Total,Chief Executive Officer Total,School Networks Total,Network 2 Total,Thomas J Waters School Total,Thomas J Waters School,,Schools,,,,,,N
U25621,George W Tilton School,,CPS Public School,,Elementary School,1,6,U25620,Board of Trustees Total,Chief Executive Officer Total,School Networks Total,Network 5 Total,George W Tilton School Total,George W Tilton School,,Schools,,,,,,N
U24491,Joseph Medill Intermediate & Upper Grades School,,CPS Public School,,Elementary School,1,6,U24490,Board of Trustees Total,Chief Executive Officer Total,School Networks Total,Network 6 Total,Joseph Medill Intermediate & Upper Grades School Total,Joseph Medill Intermediate & Upper Grades School,,Schools,,,,,,N
U22750,Dewitt Clinton School Total,,,,,0,5,U02270,Board of Trustees Total,Chief Executive Officer Total,School Networks Total,Independent Schools Network Total,Dewitt Clinton School Total,,,,,,,,,N
U70213,LR - Clinton Annex,,CPS Public School,,Elementary School,1,6,U22750,Board of Trustees Total,Chief Executive Officer Total,School Networks Total,Independent Schools Network Total,Dewitt Clinton School Total,LR - Clinton Annex,,Schools,,,,,,N
U23612,Good Sheppard Branch of Zapata School,,CPS Public School,,Elementary School,1,6,U23610,Board of Trustees Total,Chief Executive Officer Total,School Networks Total,Network 7 Total,Emiliano Zapata Academy Total,Good Sheppard Branch of Zapata School,,Schools,,,,,,N
U23900,Charles Evans Hughes School Total,,,,,0,5,U02470,Board of Trustees Total,Chief Executive Officer Total,School Networks Total,Network 7 Total,Charles Evans Hughes School Total,,,,,,,,,N
U24380,Roswell B Mason Elementary School Total,,,,,0,5,U02470,Board of Trustees Total,Chief Executive Officer Total,School Networks Total,Network 7 Total,Roswell B Mason Elementary School Total,,,,,,,,,N
U24280,Mary Lyon School Total,,,,,0,5,U02430,Board of Trustees Total,Chief Executive Officer Total,School Networks Total,Network 3 Total,Mary Lyon School Total,,,,,,,,,N
U24462,Hanson Park Branch,,CPS Public School,,Elementary School,1,6,U24460,Board of Trustees Total,Chief Executive Officer Total,School Networks Total,Network 3 Total,Hanson Park School Total,Hanson Park Branch,,Schools,,,,,,N
U22702,Salmon P Chase Annex,,CPS Public School,,Elementary School,1,6,U22700,Board of Trustees Total,Chief Executive Officer Total,School Networks Total,Network 4 Total,Salmon P Chase School Total,Salmon P Chase Annex,,Schools,,,,,,N
U23291,Frederick Funston School,,CPS Public School,,Elementary School,1,6,U23290,Board of Trustees Total,Chief Executive Officer Total,School Networks Total,Network 4 Total,Frederick Funston School Total,Frederick Funston School,,Schools,,,,,,N
U24431,Cyrus H Mccormick School,,CPS Public School,,Elementary School,1,6,U24430,Board of Trustees Total,Chief Executive Officer Total,School Networks Total,Network 7 Total,Cyrus H Mccormick School Total,Cyrus H Mccormick School,,Schools,,,,,,N
U24930,Irma C Ruiz School Total,,,,,0,5,U02470,Board of Trustees Total,Chief Executive Officer Total,School Networks Total,Network 7 Total,Irma C Ruiz School Total,,,,,,,,,N
U25841,Eli Whitney School,,CPS Public School,,Elementary School,1,6,U25840,Board of Trustees Total,Chief Executive Officer Total,School Networks Total,Network 7 Total,Eli Whitney School Total,Eli Whitney School,,Schools,,,,,,N
U22660,Horace Greeley School Total,,,,,0,5,U02440,Board of Trustees Total,Chief Executive Officer Total,School Networks Total,Network 4 Total,Horace Greeley School Total,,,,,,,,,N
U25692,Von Humboldt Child-Parent-Center Br - Von Humboldt,,CPS Public School,,Elementary School,1,6,U25690,Board of Trustees Total,Chief Executive Officer Total,School Networks Total,Network 5 Total,Alexander Von Humboldt School Total,Von Humboldt Child-Parent-Center Br - Von Humboldt,,Schools,,,,,,N
U25792,Lorraine Hansberry Child-Parent-Center Br - Webster,,CPS Public School,,Elementary School,1,6,U25790,Board of Trustees Total,Chief Executive Officer Total,School Networks Total,Network 5 Total,Daniel Webster School Total,Lorraine Hansberry Child-Parent-Center Br - Webster,,Schools,,,,,,N
U25911,Richard Yates Elementary School,,CPS Public School,,Elementary School,1,6,U25910,Board of Trustees Total,Chief Executive Officer Total,School Networks Total,Network 5 Total,Richard Yates Elementary School Total,Richard Yates Elementary School,,Schools,,,,,,N
U25860,John Greenleaf Whittier School Total,,,,,0,5,U02470,Board of Trustees Total,Chief Executive Officer Total,School Networks Total,Network 7 Total,John Greenleaf Whittier School Total,,,,,,,,,N
U26401,De La Cruz Math Science & Technology Academy,,CPS Public School,,Elementary School,1,6,U26400,Board of Trustees Total,Chief Executive Officer Total,School Networks Total,Network 7 Total,De La Cruz Math Science & Technology Academy Total,De La Cruz Math Science & Technology Academy,,Schools,,,,,,N
U23121,Robert Emmet School,,CPS Public School,,Elementary School,1,6,U23120,Board of Trustees Total,Chief Executive Officer Total,School Networks Total,Network 3 Total,Robert Emmet School Total,Robert Emmet School,,Schools,,,,,,N
U23391,Alexander Graham School,,CPS Public School,,Elementary School,1,6,U23390,Board of Trustees Total,Chief Executive Officer Total,School Networks Total,Network 6 Total,Alexander Graham School Total,Alexander Graham School,,Schools,,,,,,N
U23140,Edward Everett Elementary School Total,,,,,0,5,U02270,Board of Trustees Total,Chief Executive Officer Total,School Networks Total,Independent Schools Network Total,Edward Everett Elementary School Total,,,,,,,,,N
U29150,Maria Saucedo STEAM Magnet Academy Total,,,,,0,5,U02470,Board of Trustees Total,Chief Executive Officer Total,School Networks Total,Network 7 Total,Maria Saucedo STEAM Magnet Academy Total,,,,,,,,,N
U31280,Orozco Academy Total,,,,,0,5,U02470,Board of Trustees Total,Chief Executive Officer Total,School Networks Total,Network 7 Total,Orozco Academy Total,,,,,,,,,N
U26301,Ronald E McNair Elementary School,,CPS Public School,,Elementary School,1,6,U26300,Board of Trustees Total,Chief Executive Officer Total,School Networks Total,Network 3 Total,Ronald E McNair Elementary School Total,Ronald E McNair Elementary School,,Schools,,,,,,N
U29230,Walter L Newberry Mathematics & Science Academy Total,,,,,0,5,U02440,Board of Trustees Total,Chief Executive Officer Total,School Networks Total,Network 4 Total,Walter L Newberry Mathematics & Science Academy Total,,,,,,,,,N
U29231,Walter L Newberry Mathematics & Science Academy,,CPS Public School,,Elementary School,1,6,U29230,Board of Trustees Total,Chief Executive Officer Total,School Networks Total,Network 4 Total,Walter L Newberry Mathematics & Science Academy Total,Walter L Newberry Mathematics & Science Academy,,Schools,,,,,,N
U30151,Dr. Fisher Early Learning Center,,,,,1,6,U30150,Board of Trustees Total,Chief Executive Officer Total,School Networks Total,Network 4 Total,Dr. Fisher Early Learning Center Total,Dr. Fisher Early Learning Center,,Schools,,,,,,N
U66075,CICS - Loomis Primary,,Charter School,,Elementary School,1,5,U60005,Board of Trustees Total,Chief Executive Officer Total,School Networks Total,Charter Schools Network Total,CICS - Loomis Primary,,,Schools,,,,,,N
U66104,Community Youth Development Institute 66104,,Charter School,,High School,1,5,U60005,Board of Trustees Total,Chief Executive Officer Total,School Networks Total,Charter Schools Network Total,Community Youth Development Institute 66104,,,Schools,,,,,,N
U66107,YCCS- McKinley Lakeside Leadership HS,,,,,1,5,U60005,Board of Trustees Total,Chief Executive Officer Total,School Networks Total,Charter Schools Network Total,YCCS- McKinley Lakeside Leadership HS,,,Schools,,,,,,N
U22871,Everett Mckinley Dirksen School,,CPS Public School,,Elementary School,1,6,U22870,Board of Trustees Total,Chief Executive Officer Total,School Networks Total,Network 1 Total,Everett Mckinley Dirksen School Total,Everett Mckinley Dirksen School,,Schools,,,,,,N
U69614,St. Giles,,,,,1,5,U69000,Board of Trustees Total,Chief Executive Officer Total,School Networks Total,Non-Public Schools Network Total,St. Giles,,,Schools,,,,,,N
U02031,Ravenswood-Ridge Elementary Network,,Central Office,,,1,5,U02000,Board of Trustees Total,Chief Executive Officer Total,Chief Education Office Total,Network Offices Total,Ravenswood-Ridge Elementary Network,,,Central Office,,,,,,N
U69205,Chicago Friends Schools,,,,,1,5,U69000,Board of Trustees Total,Chief Executive Officer Total,School Networks Total,Non-Public Schools Network Total,Chicago Friends Schools,,,Schools,,,,,,N
U66381,Chicago International Charter School (CICS)- Wrightwood Campus,,Charter School,,Elementary School,1,5,U60005,Board of Trustees Total,Chief Executive Officer Total,School Networks Total,Charter Schools Network Total,Chicago International Charter School (CICS)- Wrightwood Campus,,,Schools,,,,,,N
U66391,Acero Charter Schools - Rufino Tamayo,,Charter School,,Elementary School,1,5,U60005,Board of Trustees Total,Chief Executive Officer Total,School Networks Total,Charter Schools Network Total,Acero Charter Schools - Rufino Tamayo,,,Schools,,,,,,N
U66392,Acero Charter Schools - Bartolome de las Casas,,Charter School,,Elementary School,1,5,U60005,Board of Trustees Total,Chief Executive Officer Total,School Networks Total,Charter Schools Network Total,Acero Charter Schools - Bartolome de las Casas,,,Schools,,,,,,N
U66398,Acero Charter Schools - Sandra Cisneros,,Charter School,,Elementary School,1,5,U60005,Board of Trustees Total,Chief Executive Officer Total,School Networks Total,Charter Schools Network Total,Acero Charter Schools - Sandra Cisneros,,,Schools,,,,,,N
U23071,Edgebrook School,,CPS Public School,,Elementary School,1,6,U23070,Board of Trustees Total,Chief Executive Officer Total,School Networks Total,Network 1 Total,Edgebrook School Total,Edgebrook School,,Schools,,,,,,N
U23300,John W Garvy School Total,,,,,0,5,U02410,Board of Trustees Total,Chief Executive Officer Total,School Networks Total,Network 1 Total,John W Garvy School Total,,,,,,,,,N
U23401,William P Gray School,,CPS Public School,,Elementary School,1,6,U23400,Board of Trustees Total,Chief Executive Officer Total,School Networks Total,Network 1 Total,William P Gray School Total,William P Gray School,,Schools,,,,,,N
U69127,Holy Family School,,,,,1,5,U69000,Board of Trustees Total,Chief Executive Officer Total,School Networks Total,Non-Public Schools Network Total,Holy Family School,,,Schools,,,,,,N
U69131,Baker Demonstration School,,,,,1,5,U69000,Board of Trustees Total,Chief Executive Officer Total,School Networks Total,Non-Public Schools Network Total,Baker Demonstration School,,,Schools,,,,,,N
U69310,Park View Lutheran School,,Non-Public School,,Elementary School,1,5,U69000,Board of Trustees Total,Chief Executive Officer Total,School Networks Total,Non-Public Schools Network Total,Park View Lutheran School,,,Schools,,,,,,N
U69206,St. Monica School,,Non-Public School,,Elementary School,1,5,U69000,Board of Trustees Total,Chief Executive Officer Total,School Networks Total,Non-Public Schools Network Total,St. Monica School,,,Schools,,,,,,N
U69207,Sanders Academy,,Non-Public School,,Elementary School,1,5,U69000,Board of Trustees Total,Chief Executive Officer Total,School Networks Total,Non-Public Schools Network Total,Sanders Academy,,,Schools,,,,,,N
U23731,Patrick Henry School,,CPS Public School,,Elementary School,1,6,U23730,Board of Trustees Total,Chief Executive Officer Total,School Networks Total,Network 1 Total,Patrick Henry School Total,Patrick Henry School,,Schools,,,,,,N
U24621,John B Murphy School,,CPS Public School,,Elementary School,1,6,U24620,Board of Trustees Total,Chief Executive Officer Total,School Networks Total,Network 1 Total,John B Murphy School Total,John B Murphy School,,Schools,,,,,,N
U69324,Prigrim Lutheran SchoolA,,Non-Public School,,Elementary School,1,5,U69000,Board of Trustees Total,Chief Executive Officer Total,School Networks Total,Non-Public Schools Network Total,Prigrim Lutheran SchoolA,,,Schools,,,,,,N
U24771,Oriole Park School,,CPS Public School,,Elementary School,1,6,U24770,Board of Trustees Total,Chief Executive Officer Total,School Networks Total,Network 1 Total,Oriole Park School Total,Oriole Park School,,Schools,,,,,,N
U25010,Portage Park Elementary School Total,,,,,0,5,U02410,Board of Trustees Total,Chief Executive Officer Total,School Networks Total,Network 1 Total,Portage Park Elementary School Total,,,,,,,,,N
U69633,Woodlands Academy of the Sacred Heart,,,,,1,5,U69000,Board of Trustees Total,Chief Executive Officer Total,School Networks Total,Non-Public Schools Network Total,Woodlands Academy of the Sacred Heart,,,Schools,,,,,,N
U69636,Thresholds,,,,,1,5,U69000,Board of Trustees Total,Chief Executive Officer Total,School Networks Total,Non-Public Schools Network Total,Thresholds,,,Schools,,,,,,N
U66135,UNO Charter School - UNO Elementary School Campus,,Charter School,,Elementary School,1,5,U60005,Board of Trustees Total,Chief Executive Officer Total,School Networks Total,Charter Schools Network Total,UNO Charter School - UNO Elementary School Campus,,,Schools,,,,,,N
U69233,Our Lady Of Victory School,,Non-Public School,,Elementary School,1,5,U69000,Board of Trustees Total,Chief Executive Officer Total,School Networks Total,Non-Public Schools Network Total,Our Lady Of Victory School,,,Schools,,,,,,N
U66300,LINC Alternative HS Total,,,,,0,5,U67000,Board of Trustees Total,Chief Executive Officer Total,School Networks Total,Alternative Schools Network Total,LINC Alternative HS Total,,,,,,,,,N
U66303,Banner LINC South,, Alternative School,,Elementary & High  School,1,6,U66300,Board of Trustees Total,Chief Executive Officer Total,School Networks Total,Alternative Schools Network Total,LINC Alternative HS Total,Banner LINC South,,Schools,,,,,,N
U63142,Excel Englewood HS,,,,,1,5,U63000,Board of Trustees Total,Chief Executive Officer Total,School Networks Total,Contract Schools Network Total,Excel Englewood HS,,,Schools,,,,,,N
U69637,Frederic L Chamberlain School -8645 -U69637,,,,,1,5,U69000,Board of Trustees Total,Chief Executive Officer Total,School Networks Total,Non-Public Schools Network Total,Frederic L Chamberlain School -8645 -U69637,,,Schools,,,,,,N
U10402,Executive Office Total,,,,,0,3,U10400,Board of Trustees Total,Chief Executive Officer Total,Executive Office Total,,,,,,,,,,,N
U66481,Chicago Virtual Charter School,,Charter School,,Elementary & High  School,1,5,U60005,Board of Trustees Total,Chief Executive Officer Total,School Networks Total,Charter Schools Network Total,Chicago Virtual Charter School,,,Schools,,,,,,N
U46111,Christian Fenger Academy,,CPS Public School,,High School,1,6,U46110,Board of Trustees Total,Chief Executive Officer Total,School Networks Total,Network 17 Total,Christian Fenger Academy Total,Christian Fenger Academy,,Schools,,,,,,N
U10470,Finance Total,,,,,0,3,U10400,Board of Trustees Total,Chief Executive Officer Total,Finance Total,,,,,,,,,,,N
U69151,St Jerome School,,Non-Public School,,Elementary School,1,5,U69000,Board of Trustees Total,Chief Executive Officer Total,School Networks Total,Non-Public Schools Network Total,St Jerome School,,,Schools,,,,,,N
U02101,Skyway Elementary Network,,Central Office,,,1,5,U02000,Board of Trustees Total,Chief Executive Officer Total,Chief Education Office Total,Network Offices Total,Skyway Elementary Network,,,Central Office,,,,,,N
U63111,Chicago Talent Development High School,,Charter School,,High School,1,5,U60005,Board of Trustees Total,Chief Executive Officer Total,School Networks Total,Charter Schools Network Total,Chicago Talent Development High School,,,Schools,,,,,,N
U69012,Chicago Hope Academy,,Non-Public School,,High School,1,5,U69000,Board of Trustees Total,Chief Executive Officer Total,School Networks Total,Non-Public Schools Network Total,Chicago Hope Academy,,,Schools,,,,,,N
U69351,The Nautilus School,,,,,1,5,U69000,Board of Trustees Total,Chief Executive Officer Total,School Networks Total,Non-Public Schools Network Total,The Nautilus School,,,Schools,,,,,,N
U69510,Office of Catholic Schools,,Non-Public School - Other,,Grade Type TBD,1,5,U69000,Board of Trustees Total,Chief Executive Officer Total,School Networks Total,Non-Public Schools Network Total,Office of Catholic Schools,,,Schools,,,,,,N
U66149,Noble Street Charter School -ITW David Speer Academy,,,,,1,5,U60005,Board of Trustees Total,Chief Executive Officer Total,School Networks Total,Charter Schools Network Total,Noble Street Charter School -ITW David Speer Academy,,,Schools,,,,,,N
U69359,Frances Xavier Warde Sch. - Holy Name Cathedral,,Non-Public School,,Elementary School,1,5,U69000,Board of Trustees Total,Chief Executive Officer Total,School Networks Total,Non-Public Schools Network Total,Frances Xavier Warde Sch. - Holy Name Cathedral,,,Schools,,,,,,N
U69535,Topsy Turbk Nursey - Kindergarten,,,,,1,5,U69000,Board of Trustees Total,Chief Executive Officer Total,School Networks Total,Non-Public Schools Network Total,Topsy Turbk Nursey - Kindergarten,,,Schools,,,,,,N
U66491,Early College Charter School,, Alternative School,,High School,1,5,U60005,Board of Trustees Total,Chief Executive Officer Total,School Networks Total,Charter Schools Network Total,Early College Charter School,,,Schools,,,,,,N
U66521,Howland Multiplex,,Multiplex,,,1,5,U60005,Board of Trustees Total,Chief Executive Officer Total,School Networks Total,Charter Schools Network Total,Howland Multiplex,,,Schools,,,,,,N
U66562,LEARN Charter ES - Charles and Dorothy Campbell,,Charter School,,Elementary School,1,5,U60005,Board of Trustees Total,Chief Executive Officer Total,School Networks Total,Charter Schools Network Total,LEARN Charter ES - Charles and Dorothy Campbell,,,Schools,,,,,,N
U66567,LEARN - Middle School Campus,,,,,1,5,U60005,Board of Trustees Total,Chief Executive Officer Total,School Networks Total,Charter Schools Network Total,LEARN - Middle School Campus,,,Schools,,,,,,N
U69051,St Bartholomew School,,Non-Public School,,Elementary School,1,5,U69000,Board of Trustees Total,Chief Executive Officer Total,School Networks Total,Non-Public Schools Network Total,St Bartholomew School,,,Schools,,,,,,N
U12440,Treasury,,Central Office,,,1,5,U12305,Board of Trustees Total,Chief Executive Officer Total,Finance Total,Treasury Total,Treasury,,,Central Office,,,,,,N
U12420,Children and Family Benefits Unit,,,,,1,4,U10470,Board of Trustees Total,Chief Executive Officer Total,Finance Total,Children and Family Benefits Unit,,,,Schools,,,,,,N
U69170,Christo Rey High School,,Non-Public School,,High School,1,5,U69000,Board of Trustees Total,Chief Executive Officer Total,School Networks Total,Non-Public Schools Network Total,Christo Rey High School,,,Schools,,,,,,N
U05211,Area High School Instructional Office 21,,Central Office,,,1,5,U02000,Board of Trustees Total,Chief Executive Officer Total,Chief Education Office Total,Network Offices Total,Area High School Instructional Office 21,,,Central Office,,,,,,N
U05241,Area High School Education Office 24,,Central Office,,,1,5,U02000,Board of Trustees Total,Chief Executive Officer Total,Chief Education Office Total,Network Offices Total,Area High School Education Office 24,,,Central Office,,,,,,N
U05261,Department of JROTC,,Central Office,,,1,5,U02000,Board of Trustees Total,Chief Executive Officer Total,Chief Education Office Total,Network Offices Total,Department of JROTC,,,Central Office,,,,,,N
U46361,Kenwood Academy,,CPS Public School,,High School,1,6,U46360,Board of Trustees Total,Chief Executive Officer Total,School Networks Total,Network 17 Total,Kenwood Academy Total,Kenwood Academy,,Schools,,,,,,N
U69176,Tabernacle Christian Academy,,Non-Public School,,Elementary School,1,5,U69000,Board of Trustees Total,Chief Executive Officer Total,School Networks Total,Non-Public Schools Network Total,Tabernacle Christian Academy,,,Schools,,,,,,N
U65017,Prologue - Winnie Mandela High School,,,,,1,5,U60005,Board of Trustees Total,Chief Executive Officer Total,School Networks Total,Charter Schools Network Total,Prologue - Winnie Mandela High School,,,Schools,,,,,,N
U65019,Banner Academy West,,,,,1,5,U60005,Board of Trustees Total,Chief Executive Officer Total,School Networks Total,Charter Schools Network Total,Banner Academy West,,,Schools,,,,,,N
U69032,Village Leadership Academy,,Non-Public School,,Elementary School,1,5,U69000,Board of Trustees Total,Chief Executive Officer Total,School Networks Total,Non-Public Schools Network Total,Village Leadership Academy,,,Schools,,,,,,N
U69091,St Dorothy School,,Non-Public School,,Elementary School,1,5,U69000,Board of Trustees Total,Chief Executive Officer Total,School Networks Total,Non-Public Schools Network Total,St Dorothy School,,,Schools,,,,,,N
U69378,Latin School of Chicago,,Non-Public School,,Elementary School,1,5,U69000,Board of Trustees Total,Chief Executive Officer Total,School Networks Total,Non-Public Schools Network Total,Latin School of Chicago,,,Schools,,,,,,N
U69383,Luther High School - South,,Non-Public School,,High School,1,5,U69000,Board of Trustees Total,Chief Executive Officer Total,School Networks Total,Non-Public Schools Network Total,Luther High School - South,,,Schools,,,,,,N
U02531,Network 13,,,,,1,5,U02000,Board of Trustees Total,Chief Executive Officer Total,Chief Education Office Total,Network Offices Total,Network 13,,,Schools,,,,,,N
U69556,Oakdale Christian Academy,,Non-Public School,,Elementary School,1,5,U69000,Board of Trustees Total,Chief Executive Officer Total,School Networks Total,Non-Public Schools Network Total,Oakdale Christian Academy,,,Schools,,,,,,N
U69572,Roseland Christian,,,,,1,5,U69000,Board of Trustees Total,Chief Executive Officer Total,School Networks Total,Non-Public Schools Network Total,Roseland Christian,,,Schools,,,,,,N
U69575,Lycee Francais,,,,,1,5,U69000,Board of Trustees Total,Chief Executive Officer Total,School Networks Total,Non-Public Schools Network Total,Lycee Francais,,,Schools,,,,,,N
U66012,Safe Achieve HS,,,,,1,5,U60005,Board of Trustees Total,Chief Executive Officer Total,School Networks Total,Charter Schools Network Total,Safe Achieve HS,,,Schools,,,,,,N
U69589,Queen of Martyrs,,,,,1,5,U69000,Board of Trustees Total,Chief Executive Officer Total,School Networks Total,Non-Public Schools Network Total,Queen of Martyrs,,,Schools,,,,,,N
U02261,Far South Side High School Network,,Central Office,,,1,5,U02000,Board of Trustees Total,Chief Executive Officer Total,Chief Education Office Total,Network Offices Total,Far South Side High School Network,,,Central Office,,,,,,N
U02491,Network 9,,,,,1,5,U02000,Board of Trustees Total,Chief Executive Officer Total,Chief Education Office Total,Network Offices Total,Network 9,,,Schools,,,,,,N
U02501,Network 10,,,,,1,5,U02000,Board of Trustees Total,Chief Executive Officer Total,Chief Education Office Total,Network Offices Total,Network 10,,,Schools,,,,,,N
U69107,St. Francis de Sales HS,,Non-Public School,,High School,1,5,U69000,Board of Trustees Total,Chief Executive Officer Total,School Networks Total,Non-Public Schools Network Total,St. Francis de Sales HS,,,Schools,,,,,,N
U69194,Walther Christian Academy,,,,,1,5,U69000,Board of Trustees Total,Chief Executive Officer Total,School Networks Total,Non-Public Schools Network Total,Walther Christian Academy,,,Schools,,,,,,N
U46610,Sarah E. Goode STEM Academy Total,,,,,0,5,U02660,Board of Trustees Total,Chief Executive Officer Total,School Networks Total,Network 16 Total,Sarah E. Goode STEM Academy Total,,,,,,,,,N
U22600,Rachel Carson Elementary School Total,,,,,0,5,U02270,Board of Trustees Total,Chief Executive Officer Total,School Networks Total,Independent Schools Network Total,Rachel Carson Elementary School Total,,,,,,,,,N
U69292,St Turibius School,,Non-Public School,,Elementary School,1,5,U69000,Board of Trustees Total,Chief Executive Officer Total,School Networks Total,Non-Public Schools Network Total,St Turibius School,,,Schools,,,,,,N
U69294,St Viator School,,Non-Public School,,Elementary School,1,5,U69000,Board of Trustees Total,Chief Executive Officer Total,School Networks Total,Non-Public Schools Network Total,St Viator School,,,Schools,,,,,,N
U69418,St Andrew Lutheran,,Non-Public School,,Elementary School,1,5,U69000,Board of Trustees Total,Chief Executive Officer Total,School Networks Total,Non-Public Schools Network Total,St Andrew Lutheran,,,Schools,,,,,,N
U70070,Chicago Military Academy High School,,CPS Public School,,High School,1,5,U02670,Board of Trustees Total,Chief Executive Officer Total,School Networks Total,Network 17 Total,Chicago Military Academy High School,,,Schools,,,,,,N
U26621,Charles H Wacker School,,CPS Public School,,Elementary School,1,6,U26620,Board of Trustees Total,Chief Executive Officer Total,School Networks Total,Independent Schools Network Total,Charles H Wacker School Total,Charles H Wacker School,,Schools,,,,,,N
U26930,CPS Virtual Academy - Total,,,,,0,5,U02270,Board of Trustees Total,Chief Executive Officer Total,School Networks Total,Independent Schools Network Total,CPS Virtual Academy - Total,,,,,,,,,N
U29101,LaSalle II Magnet Elementary School,,CPS Public School,,Elementary School,1,6,U29100,Board of Trustees Total,Chief Executive Officer Total,School Networks Total,Independent Schools Network Total,LaSalle Language Magnet Total,LaSalle II Magnet Elementary School,,Schools,,,,,,N
U69307,Greater Rock Gifted Learning Academy,,,,,1,5,U69000,Board of Trustees Total,Chief Executive Officer Total,School Networks Total,Non-Public Schools Network Total,Greater Rock Gifted Learning Academy,,,Schools,,,,,,N
U69607,Keeper of the Keys Learning Institute,,,,,1,5,U69000,Board of Trustees Total,Chief Executive Officer Total,School Networks Total,Non-Public Schools Network Total,Keeper of the Keys Learning Institute,,,Schools,,,,,,N
U69611,St. Ann (Lansing),,,,,1,5,U69000,Board of Trustees Total,Chief Executive Officer Total,School Networks Total,Non-Public Schools Network Total,St. Ann (Lansing),,,Schools,,,,,,N
U26591,Medgar Evers School,,CPS Public School,,Elementary School,1,6,U26590,Board of Trustees Total,Chief Executive Officer Total,School Networks Total,Network 11 Total,Medgar Evers School Total,Medgar Evers School,,Schools,,,,,,N
U46021,Hancock High School,,CPS Public School,,High School,1,6,U46020,Board of Trustees Total,Chief Executive Officer Total,School Networks Total,Network 15 Total,Hancock High School Total,Hancock High School,,Schools,,,,,,N
U30012,Center Factory Br - N Jefferson Alternative,, Alternative School,,High School,1,6,U30010,Board of Trustees Total,Chief Executive Officer Total,School Networks Total,Options Network Total,Nancy B Jefferson Alternative High School Total,Center Factory Br - N Jefferson Alternative,,Schools,,,,,,N
U46032,Roald Amundsen High School - Evening H.S.,,Inactive School,,High School,1,7,U46030,Board of Trustees Total,Chief Executive Officer Total,School Collaboratives Total,North Northwest Side Collaborative Total,North-Northwest Side High School Network Total,Roald Amundsen High School Total,,Schools,,,,,,N
U28210,Ross Multiplex Total,,(Parent),,,1,6,U02090,Board of Trustees Total,Chief Executive Office Total,School Collaboratives Total,South Side Collaborative Total,Burnham Park Elementary Network Total,Ross Multiplex Total,,Schools,,,,,,N
U25190,William H Ryder Math/Science Specialty School Total,,,,,0,5,U02510,Board of Trustees Total,Chief Executive Officer Total,School Networks Total,Network 11 Total,William H Ryder Math/Science Specialty School Total,,,,,,,,,N
U29040,Turner-Drew Language Academy Total,,,,,0,5,U02510,Board of Trustees Total,Chief Executive Officer Total,School Networks Total,Network 11 Total,Turner-Drew Language Academy Total,,,,,,,,,N
U24260,Robert H Lawrence Elementary School Total,,,,,0,5,U02530,Board of Trustees Total,Chief Executive Officer Total,School Networks Total,Network 13 Total,Robert H Lawrence Elementary School Total,,,,,,,,,N
U51091,Roberto Clemente Community Academy High School,,CPS Public School,,High School,1,6,U51090,Board of Trustees Total,Chief Executive Officer Total,School Networks Total,Network 15 Total,Roberto Clemente Community Academy High School Total,Roberto Clemente Community Academy High School,,Schools,,,,,,N
U52010,World Language Academy Total,,,,,0,5,U02650,Board of Trustees Total,Chief Executive Officer Total,School Networks Total,Network 15 Total,World Language Academy Total,,,,,,,,,N
U52011,World Language Academy High School,,CPS Public School,,High School,1,6,U52010,Board of Trustees Total,Chief Executive Officer Total,School Networks Total,Network 15 Total,World Language Academy Total,World Language Academy High School,,Schools,,,,,,N
U31182,Francis W Parker Child-Parent- Center - Parker,,CPS Public School,,Elementary School,1,6,U31180,Board of Trustees Total,Chief Executive Officer Total,School Networks Total,Network 11 Total,Francis W Parker Community Academy Total,Francis W Parker Child-Parent- Center - Parker,,Schools,,,,,,N
U46025,Construction of a replacement high school for Hancock High School,,,,,1,6,U46020,Board of Trustees Total,Chief Executive Officer Total,School Networks Total,Network 15 Total,Hancock High School Total,Construction of a replacement high school for Hancock High School,,Schools,,,,,,N
U26451,Brighton Park Elementary School,,CPS Public School,,Elementary School,1,6,U26450,Board of Trustees Total,Chief Executive Officer Total,School Networks Total,Network 8 Total,Brighton Park Elementary School Total,Brighton Park Elementary School,,Schools,,,,,,N
U02640,Network 14 Total,,,,,0,4,U02005,Board of Trustees Total,Chief Executive Officer Total,School Networks Total,Network 14 Total,,,,,,,,,,N
U55171,Greater Lawndale High School for Social Justice,,CPS Public School,,High School,1,6,U55170,Board of Trustees Total,Chief Executive Officer Total,School Networks Total,Network 15 Total,School of Social Justice (at Little Village) Total,Greater Lawndale High School for Social Justice,,Schools,,,,,,N
U50061,Hayes APC,,CPS Public School,,High School,1,6,U50060,Board of Trustees Total,Chief Executive Officer Total,School Networks Total,Network 11 Total,Hayes APC Total,Hayes APC,,Schools,,,,,,N
U46030,Roald Amundsen High School Total,,,,,0,5,U02640,Board of Trustees Total,Chief Executive Officer Total,School Networks Total,Network 14 Total,Roald Amundsen High School Total,,,,,,,,,N
U26291,Adam Clayton Powell Jr Paideia Community Academy,,CPS Public School,,Elementary School,1,6,U26290,Board of Trustees Total,Chief Executive Officer Total,School Networks Total,Network 12 Total,Adam Clayton Powell Jr Paid Eia Community Academy Total,Adam Clayton Powell Jr Paideia Community Academy,,Schools,,,,,,N
U24950,Marcus Moziah Garvey School Total,,,,,0,5,U02530,Board of Trustees Total,Chief Executive Officer Total,School Networks Total,Network 13 Total,Marcus Moziah Garvey School Total,,,,,,,,,N
U25490,Edward F Dunne School Total,,,,,0,5,U02530,Board of Trustees Total,Chief Executive Officer Total,School Networks Total,Network 13 Total,Edward F Dunne School Total,,,,,,,,,N
U66400,Barbara A. Sizemore Academy of Betty Shabazz International Chart Total,,,,,0,6,U60005,Board of Trustees Total,Chief Executive Officer Total,School Collaboratives Total,School Collaborative - Other Total,Charter/Contract Schools Total,Barbara A. Sizemore Academy of Betty Shabazz International Chart Total,,,,,,,,N
U50111,Robeson Academic Transition HS,,CPS Public School,,High School,1,6,U50110,Board of Trustees Total,Chief Executive Officer Total,School Networks Total,Network 11 Total,Robeson Academic Transition HS Total,Robeson Academic Transition HS,,Schools,,,,,,N
U53080,Calumet Career Preparation Academy High School Total,,,,,0,5,U02510,Board of Trustees Total,Chief Executive Officer Total,School Networks Total,Network 11 Total,Calumet Career Preparation Academy High School Total,,,,,,,,,N
U55110,Bowen Global Visions Academy Total,,,,,0,5,U02520,Board of Trustees Total,Chief Executive Officer Total,School Networks Total,Network 12 Total,Bowen Global Visions Academy Total,,,,,,,,,N
U70201,South Shore Branch,,CPS Public School,,Grade Type TBD,1,5,U02520,Board of Trustees Total,Chief Executive Officer Total,School Networks Total,Network 12 Total,South Shore Branch,,,Schools,,,,,,N
U11801,Facilities Total,,,,,1,5,U11800,Board of Trustees Total,Chief Executive Officer Total,Chief Operating Officer Total,Facility Operations & Management Total,Facilities Total,,,Schools,,,,,,N
U24070,John H Kinzie Elementary School Total,,,,,0,5,U02500,Board of Trustees Total,Chief Executive Officer Total,School Networks Total,Network 10 Total,John H Kinzie Elementary School Total,,,,,,,,,N
U22020,Jane Addams School Total,,,,,0,5,U02530,Board of Trustees Total,Chief Executive Officer Total,School Networks Total,Network 13 Total,Jane Addams School Total,,,,,,,,,N
U22240,Frank I Bennett School Total,,,,,0,5,U02530,Board of Trustees Total,Chief Executive Officer Total,School Networks Total,Network 13 Total,Frank I Bennett School Total,,,,,,,,,N
U46210,Lake View High School Total,,,,,0,5,U02640,Board of Trustees Total,Chief Executive Officer Total,School Networks Total,Network 14 Total,Lake View High School Total,,,,,,,,,N
U46211,Lake View High School,,CPS Public School,,High School,1,6,U46210,Board of Trustees Total,Chief Executive Officer Total,School Networks Total,Network 14 Total,Lake View High School Total,Lake View High School,,Schools,,,,,,N
U46621,Austin College and Career Academy High School,,CPS Public School,,High School,1,6,U46620,Board of Trustees Total,Chief Executive Officer Total,School Networks Total,Network 15 Total,Austin College and Career Academy High School Total,Austin College and Career Academy High School,,Schools,,,,,,N
U26441,Amelia Earhart Options For Knowledge Specialty School,,CPS Public School,,Elementary School,1,6,U26440,Board of Trustees Total,Chief Executive Officer Total,School Networks Total,Network 12 Total,Amelia Earhart Options For Knowledge Specialty School Total,Amelia Earhart Options For Knowledge Specialty School,,Schools,,,,,,N
U28350,Thorp Multiplex Total,,,,,0,5,U02520,Board of Trustees Total,Chief Executive Officer Total,School Networks Total,Network 12 Total,Thorp Multiplex Total,,,,,,,,,N
U23631,Woodlawn Community School,,CPS Public School,,Elementary School,1,6,U23630,Board of Trustees Total,Chief Executive Officer Total,School Networks Total,Network 9 Total,Woodlawn Community Total,Woodlawn Community School,,Schools,,,,,,N
U02520,Network 12 Total,,,,,0,4,U02005,Board of Trustees Total,Chief Executive Officer Total,School Networks Total,Network 12 Total,,,,,,,,,,N
U22251,South Shore Fine Arts Academy,,CPS Public School,,Elementary School,1,6,U22250,Board of Trustees Total,Chief Executive Officer Total,School Networks Total,Network 12 Total,South Shore Fine Arts Academy Total,South Shore Fine Arts Academy,,Schools,,,,,,N
U29020,Burnside Scholastic Academy Total,,,,,0,5,U02520,Board of Trustees Total,Chief Executive Officer Total,School Networks Total,Network 12 Total,Burnside Scholastic Academy Total,,,,,,,,,N
U25602,James N Thorp Vocational Guidance Center,,Inactive School,,Elementary School,1,7,U25600,Board of Trustees Total,Chief Executive Officer Total,School Collaboratives Total,South Side Collaborative Total,Skyway Elementary Network Total,James N Thorp Elementary School Total,,Schools,,,,,,N
U25660,Mark Twain School Total,,,,,0,5,U02500,Board of Trustees Total,Chief Executive Officer Total,School Networks Total,Network 10 Total,Mark Twain School Total,,,,,,,,,N
U26732,Barbara Vick Center - Vick Village,,,,,1,6,U26730,Board of Trustees Total,Chief Executive Officer Total,School Networks Total,Network 10 Total,Barbara Vick Early Childhood & Family Center Total,Barbara Vick Center - Vick Village,,Schools,,,,,,N
U22300,Alex Haley School Total,,,,,0,5,U02530,Board of Trustees Total,Chief Executive Officer Total,School Networks Total,Network 13 Total,Alex Haley School Total,,,,,,,,,N
U26601,William E B Dubois School,,CPS Public School,,Elementary School,1,6,U26600,Board of Trustees Total,Chief Executive Officer Total,School Networks Total,Network 13 Total,William E B Dubois School Total,William E B Dubois School,,Schools,,,,,,N
U26640,Langston Hughes School Total,,,,,0,5,U02530,Board of Trustees Total,Chief Executive Officer Total,School Networks Total,Network 13 Total,Langston Hughes School Total,,,,,,,,,N
U70241,Alcott College Preparatory High School,,,,,1,6,U70240,Board of Trustees Total,Chief Executive Officer Total,School Networks Total,Network 15 Total,Alcott College Preparatory West Campus Total - U70241,Alcott College Preparatory High School,,Schools,,,,,,N
U25451,John Spry Community School,,CPS Public School,,Elementary School,1,6,U25450,Board of Trustees Total,Chief Executive Officer Total,School Networks Total,Network 16 Total,John Spry Community School Total,John Spry Community School,,Schools,,,,,,N
U66340,Galapagos Total,,,,,0,6,U60005,Board of Trustees Total,Chief Executive Officer Total,School Collaboratives Total,School Collaborative - Other Total,Charter/Contract Schools Total,Galapagos Total,,,,,,,,N
U26830,Durkin Park School Total,,,,,0,5,U02500,Board of Trustees Total,Chief Executive Officer Total,School Networks Total,Network 10 Total,Durkin Park School Total,,,,,,,,,N
U29241,William Bishop Owen Scholastic Academy School,,CPS Public School,,Elementary School,1,6,U29240,Board of Trustees Total,Chief Executive Officer Total,School Networks Total,Network 10 Total,William Bishop Owen Scholastic Academy School Total,William Bishop Owen Scholastic Academy School,,Schools,,,,,,N
U46290,Charles P Steinmetz Academic Centre Total,,,,,0,5,U02640,Board of Trustees Total,Chief Executive Officer Total,School Networks Total,Network 14 Total,Charles P Steinmetz Academic Centre Total,,,,,,,,,N
U46291,Charles P Steinmetz College Prep School,,CPS Public School,,High School,1,6,U46290,Board of Trustees Total,Chief Executive Officer Total,School Networks Total,Network 14 Total,Charles P Steinmetz Academic Centre Total,Charles P Steinmetz College Prep School,,Schools,,,,,,N
U45231,Air Force Academy High School,,CPS Public School,,High School,1,6,U45230,Board of Trustees Total,Chief Executive Officer Total,School Networks Total,Network 16 Total,Air Force Academy High School Total,Air Force Academy High School,,Schools,,,,,,N
U30111,Kate S Buckingham Special Education Center,,CPS Public School,,Elementary School,1,6,U30110,Board of Trustees Total,Chief Executive Officer Total,School Networks Total,Network 12 Total,Kate S Buckingham Special Education Center Total,Kate S Buckingham Special Education Center,,Schools,,,,,,N
U09700,"""Surplus Property - 159th, 80th Ave""",,Inactive,,,1,5,U11800,Board of Trustees Total,Chief Executive Officer Total,Chief Administrative Office Total,Facility Operations & Management Total,"""Surplus Property - 159th, 80th Ave""",,,Schools,,,,,,N
U66380,CICS-Wrightwood Campus Total,,,,,0,6,U60005,Board of Trustees Total,Chief Executive Officer Total,School Collaboratives Total,School Collaborative - Other Total,Charter/Contract Schools Total,CICS-Wrightwood Campus Total,,,,,,,,N
U50141,Julian Academic Transition HS,,CPS Public School,,High School,1,6,U50140,Board of Trustees Total,Chief Executive Officer Total,School Networks Total,Network 10 Total,Julian Academic Transition HS Total,Julian Academic Transition HS,,Schools,,,,,,N
U31101,Ninos Heroes Academic Center,,CPS Public School,,Elementary School,1,6,U31100,Board of Trustees Total,Chief Executive Officer Total,School Networks Total,Network 12 Total,Ninos Heroes Academic Center Total,Ninos Heroes Academic Center,,Schools,,,,,,N
U26750,Johnnie Colemon School Total,,,,,0,5,U02530,Board of Trustees Total,Chief Executive Officer Total,School Networks Total,Network 13 Total,Johnnie Colemon School Total,,,,,,,,,N
U29090,Matthew Gallistel Language Academy Total,,,,,0,5,U02530,Board of Trustees Total,Chief Executive Officer Total,School Networks Total,Network 13 Total,Matthew Gallistel Language Academy Total,,,,,,,,,N
U02331,West Side Collaborative,,Inactive,,,1,5,U02330,Board of Trustees Total,Chief Executive Office Total,School Collaboratives Total,West Side Collaborative Total,West Side Collaborative,,,Schools,,,,,,N
U02340,South Side Collaborative Total,,,,,0,4,U02310,Board of Trustees Total,Chief Executive Office Total,School Collaboratives Total,South Side Collaborative Total,,,,,,,,,,N
U23321,Frank L Gillespie School,,CPS Public School,,Elementary School,1,6,U23320,Board of Trustees Total,Chief Executive Officer Total,School Networks Total,Network 12 Total,Frank L Gillespie School Total,Frank L Gillespie School,,Schools,,,,,,N
U22622,Phyllis Wheatley Child Parent Center,,CPS Public School,,Elementary School,1,6,U22620,Board of Trustees Total,Chief Executive Officer Total,School Networks Total,Network 13 Total,George Washington Carver Primary Total,Phyllis Wheatley Child Parent Center,,Schools,,,,,,N
U47100,Whitney M Young Magnet High School Total,,,,,0,5,U02650,Board of Trustees Total,Chief Executive Officer Total,School Networks Total,Network 15 Total,Whitney M Young Magnet High School Total,,,,,,,,,N
U66420,Bronzeville Lighthouse Charter School Total,,,,,0,6,U60005,Board of Trustees Total,Chief Executive Officer Total,School Collaboratives Total,School Collaborative - Other Total,Charter/Contract Schools Total,Bronzeville Lighthouse Charter School Total,,,,,,,,N
U55072,Excel - Orr Evening School,,Inactive School,,High School,1,7,U55070,Board of Trustees Total,Chief Executive Officer Total,School Collaboratives Total,School Collaborative - Other Total,Undesignated Schools Total,Excel - Orr HS Total,,Schools,,,,,,N
U22631,Edward E. Sadlowski Elementary School,,,,,1,6,U22630,Board of Trustees Total,Chief Executive Officer Total,School Networks Total,Network 13 Total,Southeast Area Elementary School Total,Edward E. Sadlowski Elementary School,,Schools,,,,,,N
U49121,Little Village Multiplex,,Multiplex,,,1,5,U02650,Board of Trustees Total,Chief Executive Officer Total,School Networks Total,Network 15 Total,Little Village Multiplex,,,Schools,,,,,,N
U46531,Bowen Multiplex,,Multiplex,,,1,6,U46530,Board of Trustees Total,Chief Executive Officer Total,School Networks Total,Network 12 Total,Bowen Multiplex Total,Bowen Multiplex,,Schools,,,,,,N
U49070,Bartholeme De Las Casas Occupational High School Total,,,,,0,5,U02520,Board of Trustees Total,Chief Executive Officer Total,School Networks Total,Network 12 Total,Bartholeme De Las Casas Occupational High School Total,,,,,,,,,N
U67090,Henry Ford Power House Charter High School Total,,,,,0,6,U60005,Board of Trustees Total,Chief Executive Officer Total,School Collaboratives Total,School Collaborative - Other Total,Charter/Contract Schools Total,Henry Ford Power House Charter High School Total,,,,,,,,N
U23881,Paul Cuffe Elementary School,,CPS Public School,,Elementary School,1,6,U23880,Board of Trustees Total,Chief Executive Officer Total,School Networks Total,Network 11 Total,Paul Cuffe Elementary School Total,Paul Cuffe Elementary School,,Schools,,,,,,N
U24500,Garrett A Morgan School Total,,,,,0,5,U02510,Board of Trustees Total,Chief Executive Officer Total,School Networks Total,Network 11 Total,Garrett A Morgan School Total,,,,,,,,,N
U49080,Jacqueline B Vaughn Occupational High School Total,,,,,0,5,U02640,Board of Trustees Total,Chief Executive Officer Total,School Networks Total,Network 14 Total,Jacqueline B Vaughn Occupational High School Total,,,,,,,,,N
U23871,Thomas Hoyne School,,CPS Public School,,Elementary School,1,6,U23870,Board of Trustees Total,Chief Executive Officer Total,School Networks Total,Network 12 Total,Thomas Hoyne School Total,Thomas Hoyne School,,Schools,,,,,,N
U50171,CVS Achievement Academy,,CPS Public School,,High School,1,6,U50170,Board of Trustees Total,Chief Executive Officer Total,School Networks Total,Network 12 Total,CVS Achievement Academy Total,CVS Achievement Academy,,Schools,,,,,,N
U41010,George Washington Carver Middle Total,,,,,0,5,U02530,Board of Trustees Total,Chief Executive Officer Total,School Networks Total,Network 13 Total,George Washington Carver Middle Total,,,,,,,,,N
U28060,Wadsworth Multiplex Total,,,,,0,6,U60005,Board of Trustees Total,Chief Executive Officer Total,School Collaboratives Total,School Collaborative - Other Total,Charter/Contract Schools Total,Wadsworth Multiplex Total,,,,,,,,N
U02100,Skyway Elementary Network Total,,,,,0,5,U02340,Board of Trustees Total,Chief Executive Office Total,School Collaboratives Total,South Side Collaborative Total,Skyway Elementary Network Total,,,,,,,,,N
U23350,Jesse Owens Elementary Community Academy Total,,,,,0,5,U02530,Board of Trustees Total,Chief Executive Officer Total,School Networks Total,Network 13 Total,Jesse Owens Elementary Community Academy Total,,,,,,,,,N
U46250,Morgan Park High School Total,,,,,0,5,U02660,Board of Trustees Total,Chief Executive Officer Total,School Networks Total,Network 16 Total,Morgan Park High School Total,,,,,,,,,N
U49101,Ray Graham Training Center,,CPS Public School,,High School,1,6,U49100,Board of Trustees Total,Chief Executive Officer Total,School Networks Total,Network 14 Total,Ray Graham Training Center Total,Ray Graham Training Center,,Schools,,,,,,N
U02650,Network 15 Total,,,,,0,4,U02005,Board of Trustees Total,Chief Executive Officer Total,School Networks Total,Network 15 Total,,,,,,,,,,N
U28150,Orr Academy Total,,,,,0,5,U02650,Board of Trustees Total,Chief Executive Officer Total,School Networks Total,Network 15 Total,Orr Academy Total,,,,,,,,,N
U28151,Orr Academy,,AUSL School,,High School,1,6,U28150,Board of Trustees Total,Chief Executive Officer Total,School Networks Total,Network 15 Total,Orr Academy Total,Orr Academy,,Schools,,,,,,N
U55021,School of Entrepreneurship High School,,CPS Public School,,High School,1,6,U55020,Board of Trustees Total,Chief Executive Officer Total,School Networks Total,Network 12 Total,School of Entrepreneurship High School Total,School of Entrepreneurship High School,,Schools,,,,,,N
U55050,School of the Arts High School Total,,,,,0,5,U02520,Board of Trustees Total,Chief Executive Officer Total,School Networks Total,Network 12 Total,School of the Arts High School Total,,,,,,,,,N
U02070,Fulton Elementary Network Total,,,,,0,5,U02330,Board of Trustees Total,Chief Executive Office Total,School Collaboratives Total,West Side Collaborative Total,Fulton Elementary Network Total,,,,,,,,,N
U27030,MSAC - Brighton Park 1 Area Elementary School Total,,,,,0,5,U02480,Board of Trustees Total,Chief Executive Officer Total,School Networks Total,Network 8 Total,MSAC - Brighton Park 1 Area Elementary School Total,,,,,,,,,N
U10816,Chief Education Office,,,,,1,4,U10800,Board of Trustees Total,Chief Executive Officer Total,Chief Education Office Total,Chief Education Office,,,,Schools,,,,,,N
U29251,John J. Pershing East Magnet School,,CPS Public School,,Elementary School,1,6,U29250,Board of Trustees Total,Chief Executive Officer Total,School Networks Total,Network 9 Total,John J. Pershing East Magnet School Total,John J. Pershing East Magnet School,,Schools,,,,,,N
U29320,Beasley Academic Center Magnet Total,,,,,0,5,U02490,Board of Trustees Total,Chief Executive Officer Total,School Networks Total,Network 9 Total,Beasley Academic Center Magnet Total,,,,,,,,,N
U66900,UNO Charter School - Academy High School Total,,,,,0,6,U60005,Board of Trustees Total,Chief Executive Officer Total,School Collaboratives Total,School Collaborative - Other Total,Charter/Contract Schools Total,UNO Charter School - Academy High School Total,,,,,,,,N
U67080,Polaris Charter Academy Total,,,,,0,6,U60005,Board of Trustees Total,Chief Executive Officer Total,School Collaboratives Total,School Collaborative - Other Total,Charter/Contract Schools Total,Polaris Charter Academy Total,,,,,,,,N
U05251,School Management Office,,Central Office,,,1,4,U10800,Board of Trustees Total,Chief Executive Officer Total,Chief Education Office Total,School Management Office,,,,Central Office,,,,,,N
U10440,Autonomy Office,,Central Office,,,1,4,U10800,Board of Trustees Total,Chief Executive Officer Total,Chief Education Office Total,Autonomy Office,,,,Central Office,,,,,,N
U66662,Approved Charter 4 - Christopher House,,,,,1,5,U60005,Board of Trustees Total,Chief Executive Officer Total,School Networks Total,Charter Schools Network Total,Approved Charter 4 - Christopher House,,,Schools,,,,,,N
U66701,Pending Charter 4 - Orange K-8,,,,,1,5,U60005,Board of Trustees Total,Chief Executive Officer Total,School Networks Total,Charter Schools Network Total,Pending Charter 4 - Orange K-8,,,Schools,,,,,,N
U66804,New charter for Pathways - Campus 4,,,,,1,5,U60005,Board of Trustees Total,Chief Executive Officer Total,School Networks Total,Charter Schools Network Total,New charter for Pathways - Campus 4,,,Schools,,,,,,N
U46571,Kelly Curie High School,,CPS Public School,,High School,1,6,U46570,Board of Trustees Total,Chief Executive Officer Total,School Networks Total,Network 8 Total,Kelly Curie High School Total,Kelly Curie High School,,Schools,,,,,,N
U55061,Big Picture HS 1,,CPS Public School,,High School,1,6,U55060,Board of Trustees Total,Chief Executive Officer Total,School Networks Total,Network 8 Total,Big Picture HS 1 Total,Big Picture HS 1,,Schools,,,,,,N
U02490,Network 9 Total,,,,,0,4,U02005,Board of Trustees Total,Chief Executive Officer Total,School Networks Total,Network 9 Total,,,,,,,,,,N
U10840,Educational Tools & Technologies,,Central Office,,,1,7,U10844,Board of Trustees Total,Chief Executive Officer Total,Chief Education Office Total,Chief Teaching and Learning Office Total,Core Curriculum Office Total,Educational Tools & Technologies Total,,Central Office,,,,,,N
U11310,Standards Based Instruction,,,,,1,6,U10802,Board of Trustees Total,Chief Executive Officer Total,Chief Education Office Total,Chief Teaching and Learning Office Total,Core Curriculum Office Total,Standards Based Instruction,,Schools,,,,,,N
U66560,LEARN West Garfield Park Total,,,,,0,6,U60005,Board of Trustees Total,Chief Executive Officer Total,School Collaboratives Total,School Collaborative - Other Total,Charter/Contract Schools Total,LEARN West Garfield Park Total,,,,,,,,N
U10843,Educational Tools & Technologies - City Wide,,City Wide,,,1,7,U10844,Board of Trustees Total,Chief Executive Officer Total,Chief Education Officer Total,Chief Instructional Office Total,Curriculum & Instruction Office Total,Educational Tools & Technologies Total,,City Wide,,,,,,N
U67081,Polaris Charter Academy,,Charter School,,Elementary School,1,5,U60005,Board of Trustees Total,Chief Executive Officer Total,School Networks Total,Charter Schools Network Total,Polaris Charter Academy,,,Schools,,,,,,N
U26071,George T Donoghue School,,CPS Public School,,Elementary School,1,6,U26070,Board of Trustees Total,Chief Executive Officer Total,School Networks Total,Network 9 Total,George T Donoghue School Total,George T Donoghue School,,Schools,,,,,,N
U70236,Association House Lunch Room,,Charter School,,Elementary School,1,5,U60005,Board of Trustees Total,Chief Executive Officer Total,School Networks Total,Charter Schools Network Total,Association House Lunch Room,,,Schools,,,,,,N
U46150,Harper High School Total,,,,,0,5,U63000,Board of Trustees Total,Chief Executive Officer Total,School Networks Total,Contract Schools Network Total,Harper High School Total,,,,,,,,,N
U46151,Harper High School,,CPS Public School,,High School,1,6,U46150,Board of Trustees Total,Chief Executive Officer Total,School Networks Total,Contract Schools Network Total,Harper High School Total,Harper High School,,Schools,,,,,,N
U02110,Midway Elementary Network Total,,,,,0,5,U02350,Board of Trustees Total,Chief Executive Office Total,School Collaboratives Total,Southwest Side Collaborative Total,Midway Elementary Network Total,,,,,,,,,N
U53012,Chicago Vocational Career Academy - Evening HS,,Inactive School,,High School,1,7,U53010,Board of Trustees Total,Chief Executive Officer Total,School Collaboratives Total,South Side Collaborative Total,South Side High School Network Total,Chicago Vocational Career Academy Total,,Schools,,,,,,N
U11395,School Based Programs - City Wide,,City Wide,,,1,4,U10800,Board of Trustees Total,Chief Executive Officer Total,Chief Education Office Total,School Based Programs - City Wide,,,,City Wide,,,,,,N
U11400,College and Career Success Total,,,,,0,4,U10800,Board of Trustees Total,Chief Executive Officer Total,Chief Education Office Total,College and Career Success Total,,,,,,,,,,N
U12500,Information & Technology Services Total,,,,,0,4,U11700,Board of Trustees Total,Chief Executive Officer Total,Chief Operating Officer Total,Information & Technology Services Total,,,,,,,,,,N
U23041,John F Eberhart School,,CPS Public School,,Elementary School,1,6,U23040,Board of Trustees Total,Chief Executive Officer Total,School Networks Total,Network 10 Total,John F Eberhart School Total,John F Eberhart School,,Schools,,,,,,N
U23131,Esmond Elementary School,,CPS Public School,,Elementary School,1,6,U23130,Board of Trustees Total,Chief Executive Officer Total,School Networks Total,Network 10 Total,Esmond Elementary School Total,Esmond Elementary School,,Schools,,,,,,N
U11870,Student Transportation,,Central Office,,,1,6,U11900,Board of Trustees Total,Chief Executive Officer Total,Chief Operating Officer Total,Chief Administrative Office Total,Student Transportation Total,Student Transportation,,Central Office,,,,,,N
U14010,Chief Administrative Officer,,Central Office,,,1,4,U11700,Board of Trustees Total,Chief Executive Officer Total,Chief Operating Officer Total,Chief Administrative Officer,,,,Central Office,,,,,,N
U23471,New Elementary School - New Clearing (Dore),,,,,1,6,U23470,Board of Trustees Total,Chief Executive Officer Total,School Networks Total,Network 10 Total,New Elementary School - New Clearing (Dore) Total,New Elementary School - New Clearing (Dore),,Schools,,,,,,N
U23010,John B Drake School Total,,,,,0,5,U02490,Board of Trustees Total,Chief Executive Officer Total,School Networks Total,Network 9 Total,John B Drake School Total,,,,,,,,,N
U10841,Instructional Systems and Supports,,,,,1,5,U10812,Board of Trustees Total,Chief Executive Officer Total,Chief Education Office Total,Chief Teaching and Learning Office Total,Instructional Systems and Supports,,,Schools,,,,,,N
U10901,Family & Community Engagement Office Total,,,,,0,4,U11700,Board of Trustees Total,Chief Executive Officer Total,Chief Operating Officer Total,Family & Community Engagement Office Total,,,,,,,,,,N
U46630,South Shore International College Prep High School Total,,,,,0,5,U02670,Board of Trustees Total,Chief Executive Officer Total,School Networks Total,Network 17 Total,South Shore International College Prep High School Total,,,,,,,,,N
U26170,Alexandre Dumas School Total,,,,,0,5,U02490,Board of Trustees Total,Chief Executive Officer Total,School Networks Total,Network 9 Total,Alexandre Dumas School Total,,,,,,,,,N
U10895,Social and Emotional Learning,,Central Office,,,1,6,U10899,Board of Trustees Total,Chief Executive Officer Total,Chief Education Office Total,College and Career Success Total,Social and Emotional Learning Total,Social and Emotional Learning,,Central Office,,,,,,N
U11379,Academic Learning & Support Total,,,,,0,5,U11400,Board of Trustees Total,Chief Executive Officer Total,Chief Education Office Total,College and Career Success Total,Academic Learning & Support Total,,,,,,,,,N
U66013,Camelot Safe Academy Elementary Garfield Park,,,,,1,5,U60005,Board of Trustees Total,Chief Executive Officer Total,School Networks Total,Charter Schools Network Total,Camelot Safe Academy Elementary Garfield Park,,,Schools,,,,,,N
U13745,Title I and School Improvement Programs - City Wide,,City Wide,,,1,5,U11205,Board of Trustees Total,Chief Executive Officer Total,Chief Education Office Total,Title I and School Improvement Programs Total,Title I and School Improvement Programs - City Wide,,,City Wide,,,,,,N
U13615,New School Development - City Wide,,City Wide,,,1,5,U10404,Board of Trustees Total,Chief Executive Officer Total,Portfolio Office Total,Innovation and Incubation Total,New School Development - City Wide,,,City Wide,,,,,,N
U13727,Early College and Career - City Wide,,City Wide,,,1,6,U13729,Board of Trustees Total,Chief Executive Officer Total,Chief Education Office Total,College and Career Success Total,Early College and Career Total,Early College and Career - City Wide,,City Wide,,,,,,N
U66321,University of Chicago Charter School - Donoghue Campus,,Charter School,,Elementary School,1,5,U60005,Board of Trustees Total,Chief Executive Officer Total,School Networks Total,Charter Schools Network Total,University of Chicago Charter School - Donoghue Campus,,,Schools,,,,,,N
U66331,Erie Elementary Charter School,,Charter School,,Elementary School,1,5,U60005,Board of Trustees Total,Chief Executive Officer Total,School Networks Total,Charter Schools Network Total,Erie Elementary Charter School,,,Schools,,,,,,N
U11545,Student Voice and Engagement,,,,,1,4,U10800,Board of Trustees Total,Chief Executive Officer Total,Chief Education Office Total,Student Voice and Engagement,,,,Schools,,,,,,N
U66574,Noble - Hansberry College Prep,,Charter School,,High School,1,5,U60005,Board of Trustees Total,Chief Executive Officer Total,School Networks Total,Charter Schools Network Total,Noble - Hansberry College Prep,,,Schools,,,,,,N
U66576,Noble - Butler College Prep,,,,,1,5,U60005,Board of Trustees Total,Chief Executive Officer Total,School Networks Total,Charter Schools Network Total,Noble - Butler College Prep,,,Schools,,,,,,N
U24410,William J & Charles H Mayo School Total,,,,,0,5,U02490,Board of Trustees Total,Chief Executive Officer Total,School Networks Total,Network 9 Total,William J & Charles H Mayo School Total,,,,,,,,,N
U66622,YCCS - Options Laboratory HS,,,,,1,5,U60005,Board of Trustees Total,Chief Executive Officer Total,School Networks Total,Charter Schools Network Total,YCCS - Options Laboratory HS,,,Schools,,,,,,N
U26760,State PreKindergarten Demonstration Center Total,,,,,0,5,U02490,Board of Trustees Total,Chief Executive Officer Total,School Networks Total,Network 9 Total,State PreKindergarten Demonstration Center Total,,,,,,,,,N
U68080,Young Stadium,,Stadium,,,1,6,U68000,Board of Trustees Total,Chief Executive Officer Total,Chief Operating Officer Total,Facility Operations & Management Total,Stadiums Total,Young Stadium,,Schools,,,,,,N
U25370,Beulah Shoesmith School Total,,,,,0,5,U02490,Board of Trustees Total,Chief Executive Officer Total,School Networks Total,Network 9 Total,Beulah Shoesmith School Total,,,,,,,,,N
U22131,Alice L Barnard Computer Math & Science Center,,CPS Public School,,Elementary School,1,6,U22130,Board of Trustees Total,Chief Executive Officer Total,School Networks Total,Network 10 Total,Alice L Barnard Computer Math & Science Center Total,Alice L Barnard Computer Math & Science Center,,Schools,,,,,,N
U22501,Michael M Byrne School,,CPS Public School,,Elementary School,1,6,U22500,Board of Trustees Total,Chief Executive Officer Total,School Networks Total,Network 10 Total,Michael M Byrne School Total,Michael M Byrne School,,Schools,,,,,,N
U11095,Citywide - Office of Human Capital,,City Wide,,,1,5,U11005,Board of Trustees Total,Chief Executive Officer Total,Talent Office Total,Human Capital Office Total,Citywide - Office of Human Capital,,,City Wide,,,,,,N
U44030,Von Humboldt Multiplex Total,,,,,0,5,U02450,Board of Trustees Total,Chief Executive Officer Total,School Networks Total,Network 5 Total,Von Humboldt Multiplex Total,,,,,,,,,N
U23591,Helge A Haugan School,,CPS Public School,,Elementary School,1,6,U23590,Board of Trustees Total,Chief Executive Officer Total,School Networks Total,Independent Schools Network Total,Helge A Haugan Total,Helge A Haugan School,,Schools,,,,,,N
U25151,Cesar E Chavez Multicultural Academic Center,,CPS Public School,,Elementary School,1,6,U25150,Board of Trustees Total,Chief Executive Officer Total,School Networks Total,Independent Schools Network Total,Cesar E Chavez Multicultural Academic Center Total,Cesar E Chavez Multicultural Academic Center,,Schools,,,,,,N
U25152,Second Chance Alternative,,CPS Public School,,Elementary School,1,6,U25150,Board of Trustees Total,Chief Executive Officer Total,School Networks Total,Independent Schools Network Total,Cesar E Chavez Multicultural Academic Center Total,Second Chance Alternative,,Schools,,,,,,N
U25153,Cesar E Chavez Branch,,CPS Public School,,Elementary School,1,6,U25150,Board of Trustees Total,Chief Executive Officer Total,School Networks Total,Independent Schools Network Total,Cesar E Chavez Multicultural Academic Center Total,Cesar E Chavez Branch,,Schools,,,,,,N
U02480,Network 8 Total,,,,,0,4,U02005,Board of Trustees Total,Chief Executive Officer Total,School Networks Total,Network 8 Total,,,,,,,,,,N
U22890,Nathan S Davis School & Annex Total,,,,,0,5,U02480,Board of Trustees Total,Chief Executive Officer Total,School Networks Total,Network 8 Total,Nathan S Davis School & Annex Total,,,,,,,,,N
U44071,Cather Multiplex,,Multiplex,,,1,6,U44070,Board of Trustees Total,Chief Executive Officer Total,School Networks Total,Network 5 Total,Cather Multiplex Total,Cather Multiplex,,Schools,,,,,,N
U46410,George W Collins High School Total,,,,,0,5,U02450,Board of Trustees Total,Chief Executive Officer Total,School Networks Total,Network 5 Total,George W Collins High School Total,,,,,,,,,N
U26770,Belmont-Cragin School Total,,,,,0,5,U02430,Board of Trustees Total,Chief Executive Officer Total,School Networks Total,Network 3 Total,Belmont-Cragin School Total,,,,,,,,,N
U27010,MSAC - Belmont Cragin Area Elementary School Total,,,,,0,5,U02430,Board of Trustees Total,Chief Executive Officer Total,School Networks Total,Network 3 Total,MSAC - Belmont Cragin Area Elementary School Total,,,,,,,,,N
U26090,Morton School of Excellence Total,,,,,0,5,U02450,Board of Trustees Total,Chief Executive Officer Total,School Networks Total,Network 5 Total,Morton School of Excellence Total,,,,,,,,,N
U26230,James Weldon Johnson STEAM Elementary School Total,,,,,0,5,U02450,Board of Trustees Total,Chief Executive Officer Total,School Networks Total,Network 5 Total,James Weldon Johnson STEAM Elementary School Total,,,,,,,,,N
U26331,Richard Henry Lee School,,CPS Public School,,Elementary School,1,6,U26330,Board of Trustees Total,Chief Executive Officer Total,School Networks Total,Independent Schools Network Total,Richard Henry Lee School Total,Richard Henry Lee School,,Schools,,,,,,N
U47051,Gwendolyn Brooks High School,,CPS Public School,,High School,1,6,U47050,Board of Trustees Total,Chief Executive Officer Total,School Networks Total,Independent Schools Network Total,Gwendolyn Brooks Total,Gwendolyn Brooks High School,,Schools,,,,,,N
U22171,Newton Bateman Elementary School,,CPS Public School,,Elementary School,1,6,U22170,Board of Trustees Total,Chief Executive Officer Total,School Networks Total,Network 1 Total,Newton Bateman Elementary School Total,Newton Bateman Elementary School,,Schools,,,,,,N
U02270,Independent Schools Network Total,,,,,0,4,U02005,Board of Trustees Total,Chief Executive Officer Total,School Networks Total,Independent Schools Network Total,,,,,,,,,,N
U23440,John Gregory School Total,,,,,0,5,U02450,Board of Trustees Total,Chief Executive Officer Total,School Networks Total,Network 5 Total,John Gregory School Total,,,,,,,,,N
U50130,Westinghouse Academic Transition HS Total,,,,,0,5,U02450,Board of Trustees Total,Chief Executive Officer Total,School Networks Total,Network 5 Total,Westinghouse Academic Transition HS Total,,,,,,,,,N
U25751,James Ward Elementary School,,CPS Public School,,Elementary School,1,6,U25750,Board of Trustees Total,Chief Executive Officer Total,School Networks Total,Network 6 Total,James Ward Elementary School Total,James Ward Elementary School,,Schools,,,,,,N
U24401,Oscar F Mayer Elementary School,,CPS Public School,,Elementary School,1,6,U24400,Board of Trustees Total,Chief Executive Officer Total,School Networks Total,Network 4 Total,Oscar F Mayer Elementary School Total,Oscar F Mayer Elementary School,,Schools,,,,,,N
U23082,Edwards ECC,,CPS Public School,,Elementary School,1,6,U23080,Board of Trustees Total,Chief Executive Officer Total,School Networks Total,Network 8 Total,Richard Edwards School Total,Edwards ECC,,Schools,,,,,,N
U23431,Nathanael Greene School,,CPS Public School,,Elementary School,1,6,U23430,Board of Trustees Total,Chief Executive Officer Total,School Networks Total,Network 8 Total,Nathanael Greene School Total,Nathanael Greene School,,Schools,,,,,,N
U28111,Albany Park Multiplex,,Multiplex,,,1,6,U28110,Board of Trustees Total,Chief Executive Officer Total,School Networks Total,Network 1 Total,Albany Park Multiplex Total,Albany Park Multiplex,,Schools,,,,,,N
U51010,Austin Community Academy High School Total,,,,,0,5,U02430,Board of Trustees Total,Chief Executive Officer Total,School Networks Total,Network 3 Total,Austin Community Academy High School Total,,,,,,,,,N
U26480,Ana Roque De Duprey Total,,,,,0,5,U02450,Board of Trustees Total,Chief Executive Officer Total,School Networks Total,Network 5 Total,Ana Roque De Duprey Total,,,,,,,,,N
U23683,James Hedges Elementary School Branch,,CPS Public School,,Elementary School,1,6,U23680,Board of Trustees Total,Chief Executive Officer Total,School Networks Total,Network 8 Total,James Hedges School Main Total,James Hedges Elementary School Branch,,Schools,,,,,,N
U22070,New Field School Total,,,,,0,5,U02420,Board of Trustees Total,Chief Executive Officer Total,School Networks Total,Network 2 Total,New Field School Total,,,,,,,,,N
U26560,Nathan R Goldblatt School Total,,,,,0,5,U02450,Board of Trustees Total,Chief Executive Officer Total,School Networks Total,Network 5 Total,Nathan R Goldblatt School Total,,,,,,,,,N
U22681,Eliza Chappell Elementary School,,CPS Public School,,Elementary School,1,6,U22680,Board of Trustees Total,Chief Executive Officer Total,School Networks Total,Network 2 Total,Eliza Chappell Elementary School Total,Eliza Chappell Elementary School,,Schools,,,,,,N
U22682,Eliza Chappell Annex,,CPS Public School,,Elementary School,1,6,U22680,Board of Trustees Total,Chief Executive Officer Total,School Networks Total,Network 2 Total,Eliza Chappell Elementary School Total,Eliza Chappell Annex,,Schools,,,,,,N
U25021,William H Prescott School,,CPS Public School,,Elementary School,1,6,U25020,Board of Trustees Total,Chief Executive Officer Total,School Networks Total,Network 4 Total,William H Prescott School Total,William H Prescott School,,Schools,,,,,,N
U25100,Frank W Reilly School Total,,,,,0,5,U02440,Board of Trustees Total,Chief Executive Officer Total,School Networks Total,Network 4 Total,Frank W Reilly School Total,,,,,,,,,N
U24851,Louis Pasteur School,,CPS Public School,,Elementary School,1,6,U24850,Board of Trustees Total,Chief Executive Officer Total,School Networks Total,Network 8 Total,Louis Pasteur School Total,Louis Pasteur School,,Schools,,,,,,N
U23621,Stephen K Hayt School,,CPS Public School,,Elementary School,1,6,U23620,Board of Trustees Total,Chief Executive Officer Total,School Networks Total,Network 2 Total,Stephen K Hayt School Total,Stephen K Hayt School,,Schools,,,,,,N
U22010,Robert S Abbott School Total,,,,,0,5,U02460,Board of Trustees Total,Chief Executive Officer Total,School Networks Total,Network 6 Total,Robert S Abbott School Total,,,,,,,,,N
U22030,Harriett Tubman School Total- U22030,,,,,0,5,U02440,Board of Trustees Total,Chief Executive Officer Total,School Networks Total,Network 4 Total,Harriett Tubman School Total- U22030,,,,,,,,,N
U22121,Avondale Elementary School,,CPS Public School,,Elementary School,1,6,U22120,Board of Trustees Total,Chief Executive Officer Total,School Networks Total,Network 4 Total,Avondale Elementary School Total,Avondale Elementary School,,Schools,,,,,,N
U24580,Samuel F B Morse School Total,,,,,0,5,U02450,Board of Trustees Total,Chief Executive Officer Total,School Networks Total,Network 5 Total,Samuel F B Morse School Total,,,,,,,,,N
U28251,Moos Multiplex,,Multiplex,,,1,6,U28250,Board of Trustees Total,Chief Executive Officer Total,School Networks Total,Network 5 Total,Moos Multiplex Total,Moos Multiplex,,Schools,,,,,,N
U28270,Tilton Multiplex Total,,,,,0,5,U02450,Board of Trustees Total,Chief Executive Officer Total,School Networks Total,Network 5 Total,Tilton Multiplex Total,,,,,,,,,N
U28101,Andersen Multiplex,,Multiplex,,,1,6,U28100,Board of Trustees Total,Chief Executive Officer Total,School Networks Total,Network 6 Total,Andersen Multiplex Total,Andersen Multiplex,,Schools,,,,,,N
U29291,Stone Scholastic Academy,,CPS Public School,,Elementary School,1,6,U29290,Board of Trustees Total,Chief Executive Officer Total,School Networks Total,Network 2 Total,Stone Scholastic Academy Total,Stone Scholastic Academy,,Schools,,,,,,N
U24781,Brian Piccolo Elementary School,,AUSL School,,Elementary School,1,6,U24780,Board of Trustees Total,Chief Executive Officer Total,School Networks Total,Network 5 Total,Brian Piccolo Elementary School Total,Brian Piccolo Elementary School,,Schools,,,,,,N
U22062,St George Br - Armour,,CPS Public School,,Elementary School,1,6,U22060,Board of Trustees Total,Chief Executive Officer Total,School Networks Total,Network 6 Total,Philip D Armour School Total,St George Br - Armour,,Schools,,,,,,N
U22350,William H Brown STEM Magnet Elementary School Total,,,,,0,5,U02460,Board of Trustees Total,Chief Executive Officer Total,School Networks Total,Network 6 Total,William H Brown STEM Magnet Elementary School Total,,,,,,,,,N
U22560,Philo Carpenter School Total,,,,,0,5,U02460,Board of Trustees Total,Chief Executive Officer Total,School Networks Total,Network 6 Total,Philo Carpenter School Total,,,,,,,,,N
U25281,George Schneider School,,CPS Public School,,Elementary School,1,6,U25280,Board of Trustees Total,Chief Executive Officer Total,School Networks Total,Network 4 Total,George Schneider School Total,George Schneider School,,Schools,,,,,,N
U26571,Sojourner Truth School,,CPS Public School,,Elementary School,1,6,U26570,Board of Trustees Total,Chief Executive Officer Total,School Networks Total,Network 4 Total,Sojourner Truth School Total,Sojourner Truth School,,Schools,,,,,,N
U44060,Medill Multiplex Total,,,,,0,5,U02460,Board of Trustees Total,Chief Executive Officer Total,School Networks Total,Network 6 Total,Medill Multiplex Total,,,,,,,,,N
U46010,Best Practices High School Total,,,,,0,5,U02460,Board of Trustees Total,Chief Executive Officer Total,School Networks Total,Network 6 Total,Best Practices High School Total,,,,,,,,,N
U46671,Northside Selective Enrollment High School,,,,,1,6,U46670,Board of Trustees Total,Chief Executive Officer Total,School Networks Total,Network 6 Total,Barak Obama College Preparatory High School Total,Northside Selective Enrollment High School,,Schools,,,,,,N
U22230,Alexander Graham Bell School Total,,,,,0,5,U02440,Board of Trustees Total,Chief Executive Officer Total,School Networks Total,Network 4 Total,Alexander Graham Bell School Total,,,,,,,,,N
U70206,LR - Graham Branch,,CPS Public School,,Elementary School,1,5,U02460,Board of Trustees Total,Chief Executive Officer Total,School Networks Total,Network 6 Total,LR - Graham Branch,,,Schools,,,,,,N
U50011,Rodriguez Prep,,CPS Public School,,High School,1,6,U50010,Board of Trustees Total,Chief Executive Officer Total,School Networks Total,Network 2 Total,Rodriguez Prep Total,Rodriguez Prep,,Schools,,,,,,N
U25001,Nathaniel Pope Elementary School,,CPS Public School,,Elementary School,1,6,U25000,Board of Trustees Total,Chief Executive Officer Total,School Networks Total,Network 5 Total,Nathaniel Pope Elementary School Total,Nathaniel Pope Elementary School,,Schools,,,,,,N
U22860,Manuel Perez Jr Elementary School Total,,,,,0,5,U02470,Board of Trustees Total,Chief Executive Officer Total,School Networks Total,Network 7 Total,Manuel Perez Jr Elementary School Total,,,,,,,,,N
U24150,Leslie Lewis School Total,,,,,0,5,U02430,Board of Trustees Total,Chief Executive Officer Total,School Networks Total,Network 3 Total,Leslie Lewis School Total,,,,,,,,,N
U25690,Alexander Von Humboldt School Total,,,,,0,5,U02450,Board of Trustees Total,Chief Executive Officer Total,School Networks Total,Network 5 Total,Alexander Von Humboldt School Total,,,,,,,,,N
U23331,William E Gladstone Elementary School,,CPS Public School,,Elementary School,1,6,U23330,Board of Trustees Total,Chief Executive Officer Total,School Networks Total,Network 6 Total,William E Gladstone Elementary School Total,William E Gladstone Elementary School,,Schools,,,,,,N
U24490,Joseph Medill Intermediate & Upper Grades School Total,,,,,0,5,U02460,Board of Trustees Total,Chief Executive Officer Total,School Networks Total,Network 6 Total,Joseph Medill Intermediate & Upper Grades School Total,,,,,,,,,N
U24790,James Otis School Total,,,,,0,5,U02460,Board of Trustees Total,Chief Executive Officer Total,School Networks Total,Network 6 Total,James Otis School Total,,,,,,,,,N
U24241,Joseph Lovett School,,CPS Public School,,Elementary School,1,6,U24240,Board of Trustees Total,Chief Executive Officer Total,School Networks Total,Network 3 Total,Joseph Lovett School Total,Joseph Lovett School,,Schools,,,,,,N
U24461,Hanson Park School,,CPS Public School,,Elementary School,1,6,U24460,Board of Trustees Total,Chief Executive Officer Total,School Networks Total,Network 3 Total,Hanson Park School Total,Hanson Park School,,Schools,,,,,,N
U24881,Washington Irving School,,CPS Public School,,Elementary School,1,6,U24880,Board of Trustees Total,Chief Executive Officer Total,School Networks Total,Network 6 Total,Washington Irving School Total,Washington Irving School,,Schools,,,,,,N
U30100,Ruben Salazar Bilingual Education Center School Total,,,,,0,5,U02270,Board of Trustees Total,Chief Executive Officer Total,School Networks Total,Independent Schools Network Total,Ruben Salazar Bilingual Education Center School Total,,,,,,,,,N
U25731,John A Walsh Elementary School,,CPS Public School,,Elementary School,1,6,U25730,Board of Trustees Total,Chief Executive Officer Total,School Networks Total,Network 7 Total,John A Walsh Elementary School Total,John A Walsh Elementary School,,Schools,,,,,,N
U29341,Jensen Scholastic Academy School,,CPS Public School,,Elementary School,1,6,U29340,Board of Trustees Total,Chief Executive Officer Total,School Networks Total,Network 5 Total,Jensen Scholastic Academy School Total,Jensen Scholastic Academy School,,Schools,,,,,,N
U29342,Dorie Miller Child-Parent-Center Br - Jensen Academy,,CPS Public School,,Elementary School,1,6,U29340,Board of Trustees Total,Chief Executive Officer Total,School Networks Total,Network 5 Total,Jensen Scholastic Academy School Total,Dorie Miller Child-Parent-Center Br - Jensen Academy,,Schools,,,,,,N
U31040,Crown Community Academy Fine Arts Center Total,,,,,0,5,U02450,Board of Trustees Total,Chief Executive Officer Total,School Networks Total,Network 5 Total,Crown Community Academy Fine Arts Center Total,,,,,,,,,N
U31160,Lawndale Community Academy School Total,,,,,0,5,U02450,Board of Trustees Total,Chief Executive Officer Total,School Networks Total,Network 5 Total,Lawndale Community Academy School Total,,,,,,,,,N
U27021,MSAC - Boone Clinton Area Elementary School,,CPS Public School,,Elementary School,1,6,U27020,Board of Trustees Total,Chief Executive Officer Total,School Networks Total,Undesignated Schools Network Total,MSAC - Boone Clinton Area Elementary School Total,MSAC - Boone Clinton Area Elementary School,,Schools,,,,,,N
U23840,Nia School Total,,,,,0,5,U02460,Board of Trustees Total,Chief Executive Officer Total,School Networks Total,Network 6 Total,Nia School Total,,,,,,,,,N
U30150,Dr. Fisher Early Learning Center Total,,,,,0,5,U02440,Board of Trustees Total,Chief Executive Officer Total,School Networks Total,Network 4 Total,Dr. Fisher Early Learning Center Total,,,,,,,,,N
U41090,Logandale Middle School Total,,,,,0,5,U02440,Board of Trustees Total,Chief Executive Officer Total,School Networks Total,Network 4 Total,Logandale Middle School Total,,,,,,,,,N
U66101,Youth Connection Charter School (YCCS),,Charter School,,High School,1,5,U60005,Board of Trustees Total,Chief Executive Officer Total,School Networks Total,Charter Schools Network Total,Youth Connection Charter School (YCCS),,,Schools,,,,,,N
U22201,Jean Baptiste Beaubien School,,CPS Public School,,Elementary School,1,6,U22200,Board of Trustees Total,Chief Executive Officer Total,School Networks Total,Network 1 Total,Jean Baptiste Beaubien School Total,Jean Baptiste Beaubien School,,Schools,,,,,,N
U10510,Communications Office,,Central Office,,,1,4,U10500,Board of Trustees Total,Chief Executive Officer Total,Communications Office Total,Communications Office,,,,Central Office,,,,,,N
U66393,Acero Charter Schools - Carlos Fuentes,,Charter School,,Elementary School,1,5,U60005,Board of Trustees Total,Chief Executive Officer Total,School Networks Total,Charter Schools Network Total,Acero Charter Schools - Carlos Fuentes,,,Schools,,,,,,N
U66399,Acero Charter Schools - Jovita Idar,,Charter School,,Elementary School,1,5,U60005,Board of Trustees Total,Chief Executive Officer Total,School Networks Total,Charter Schools Network Total,Acero Charter Schools - Jovita Idar,,,Schools,,,,,,N
U23070,Edgebrook School Total,,,,,0,5,U02410,Board of Trustees Total,Chief Executive Officer Total,School Networks Total,Network 1 Total,Edgebrook School Total,,,,,,,,,N
U23160,James B Farnsworth School Total,,,,,0,5,U02410,Board of Trustees Total,Chief Executive Officer Total,School Networks Total,Network 1 Total,James B Farnsworth School Total,,,,,,,,,N
U23301,John W Garvy School,,CPS Public School,,Elementary School,1,6,U23300,Board of Trustees Total,Chief Executive Officer Total,School Networks Total,Network 1 Total,John W Garvy School Total,John W Garvy School,,Schools,,,,,,N
U69427,St Scholastica High School,,Non-Public School,,High School,1,5,U69000,Board of Trustees Total,Chief Executive Officer Total,School Networks Total,Non-Public Schools Network Total,St Scholastica High School,,,Schools,,,,,,N
U47130,New Bronzeville and Englewood High School Total,,,,,0,5,U02660,Board of Trustees Total,Chief Executive Officer Total,School Networks Total,Network 16 Total,New Bronzeville and Englewood High School Total,,,,,,,,,N
U23810,Rufus M Hitch School Total,,,,,0,5,U02410,Board of Trustees Total,Chief Executive Officer Total,School Networks Total,Network 1 Total,Rufus M Hitch School Total,,,,,,,,,N
U24711,Norwood Park Elementary School,,CPS Public School,,Elementary School,1,6,U24710,Board of Trustees Total,Chief Executive Officer Total,School Networks Total,Network 1 Total,Norwood Park Elementary School Total,Norwood Park Elementary School,,Schools,,,,,,N
U24770,Oriole Park School Total,,,,,0,5,U02410,Board of Trustees Total,Chief Executive Officer Total,School Networks Total,Network 1 Total,Oriole Park School Total,,,,,,,,,N
U69316,New Hope Lutheran,,Non-Public School,,Elementary School,1,5,U69000,Board of Trustees Total,Chief Executive Officer Total,School Networks Total,Non-Public Schools Network Total,New Hope Lutheran,,,Schools,,,,,,N
U69624,Guidance Education System,,,,,1,5,U69000,Board of Trustees Total,Chief Executive Officer Total,School Networks Total,Non-Public Schools Network Total,Guidance Education System,,,Schools,,,,,,N
U69444,Ashburn Lutheran School,,Non-Public School,,Elementary School,1,5,U69000,Board of Trustees Total,Chief Executive Officer Total,School Networks Total,Non-Public Schools Network Total,Ashburn Lutheran School,,,Schools,,,,,,N
U26611,Mary McLeod Bethune Elementary School of Excellence,,AUSL School,,Elementary School,1,6,U26610,Board of Trustees Total,Chief Executive Officer Total,School Networks Total,AUSL Schools Network Total,Mary Mcleod Bethune Elementary School Total,Mary McLeod Bethune Elementary School of Excellence,,Schools,,,,,,N
U05091,Area Elementary Instructional Office 9,,Central Office,,,1,5,U02000,Board of Trustees Total,Chief Executive Officer Total,Chief Education Office Total,Network Offices Total,Area Elementary Instructional Office 9,,,Central Office,,,,,,N
U05111,Area Elementary Instructional Office 11,,Central Office,,,1,5,U02000,Board of Trustees Total,Chief Executive Officer Total,Chief Education Office Total,Network Offices Total,Area Elementary Instructional Office 11,,,Central Office,,,,,,N
U05141,Area Elementary Instructional Office 14,,Central Office,,,1,5,U02000,Board of Trustees Total,Chief Executive Officer Total,Chief Education Office Total,Network Offices Total,Area Elementary Instructional Office 14,,,Central Office,,,,,,N
U66112,University of Chicago Charter School - Woodlawn Campus,,Charter School,,High School,1,5,U60005,Board of Trustees Total,Chief Executive Officer Total,School Networks Total,Charter Schools Network Total,University of Chicago Charter School - Woodlawn Campus,,,Schools,,,,,,N
U69142,San Miguel School,,Non-Public School,,Elementary School,1,5,U69000,Board of Trustees Total,Chief Executive Officer Total,School Networks Total,Non-Public Schools Network Total,San Miguel School,,,Schools,,,,,,N
U69149,Lake Forest Montessori School,,,,,1,5,U69000,Board of Trustees Total,Chief Executive Officer Total,School Networks Total,Non-Public Schools Network Total,Lake Forest Montessori School,,,Schools,,,,,,N
U69457,Academy Of Scholastic Achievement,,CPS Public School,,Grade Type TBD,1,5,U69000,Board of Trustees Total,Chief Executive Officer Total,School Networks Total,Non-Public Schools Network Total,Academy Of Scholastic Achievement,,,Schools,,,,,,N
U66471,Providence Englewood Charter School,,Charter School,,Elementary School,1,5,U60005,Board of Trustees Total,Chief Executive Officer Total,School Networks Total,Charter Schools Network Total,Providence Englewood Charter School,,,Schools,,,,,,N
U63143,Excel SouthShore HS,,,,,1,5,U63000,Board of Trustees Total,Chief Executive Officer Total,School Networks Total,Contract Schools Network Total,Excel SouthShore HS,,,Schools,,,,,,N
U66301,LINC Alternative HS,, Alternative School,,High School,1,6,U66300,Board of Trustees Total,Chief Executive Officer Total,School Networks Total,Alternative Schools Network Total,LINC Alternative HS Total,LINC Alternative HS,,Schools,,,,,,N
U69504,Pui Tak Christian School,,Non-Public School,,Elementary School,1,5,U69000,Board of Trustees Total,Chief Executive Officer Total,School Networks Total,Non-Public Schools Network Total,Pui Tak Christian School,,,Schools,,,,,,N
U53092,Farragut Evening High School,,CPS Public School,,High School,1,6,U53090,Board of Trustees Total,Chief Executive Officer Total,School Networks Total,Network 16 Total,David G Farragut Career Academy High School Total,Farragut Evening High School,,Schools,,,,,,N
U46261,Wendell Phillips Academy,,AUSL School,,High School,1,6,U46260,Board of Trustees Total,Chief Executive Officer Total,School Networks Total,Network 17 Total,Wendell Phillips Academy Total,Wendell Phillips Academy,,Schools,,,,,,N
U67060,Lake View Alternative School Total,,,,,0,5,U67000,Board of Trustees Total,Chief Executive Officer Total,School Networks Total,Alternative Schools Network Total,Lake View Alternative School Total,,,,,,,,,N
U67061,Lake View Alternative School,, Alternative School,,Elementary School,1,6,U67060,Board of Trustees Total,Chief Executive Officer Total,School Networks Total,Alternative Schools Network Total,Lake View Alternative School Total,Lake View Alternative School,,Schools,,,,,,N
U10410,Chief Executive Officer,,Central Office,,,1,3,U10400,Board of Trustees Total,Chief Executive Officer Total,Chief Executive Officer,,,,,Central Office,,,,,,N
U00020,District Wide Liabilities & Contingencies Total,,,,,0,5,U00010,Board of Trustees Total,Chief Executive Officer Total,Finance Total,Budget Management Office Total,District Wide Liabilities & Contingencies Total,,,,,,,,,N
U02091,Burnham Park Elementary Network,,Central Office,,,1,5,U02000,Board of Trustees Total,Chief Executive Officer Total,Chief Education Office Total,Network Offices Total,Burnham Park Elementary Network,,,Central Office,,,,,,N
U69242,St. Agatha (4-8),,Non-Public School,,Elementary School,1,5,U69000,Board of Trustees Total,Chief Executive Officer Total,School Networks Total,Non-Public Schools Network Total,St. Agatha (4-8),,,Schools,,,,,,N
U63181,Horizon Science Academy - Southwest Chicago Charter,,,,,1,5,U60005,Board of Trustees Total,Chief Executive Officer Total,School Networks Total,Charter Schools Network Total,Horizon Science Academy - Southwest Chicago Charter,,,Schools,,,,,,N
U65012,Bridgescape Academy Roseland,,,,,1,5,U60005,Board of Trustees Total,Chief Executive Officer Total,School Networks Total,Charter Schools Network Total,Bridgescape Academy Roseland,,,Schools,,,,,,N
U69028,F Xavier School,,,,,1,5,U69000,Board of Trustees Total,Chief Executive Officer Total,School Networks Total,Non-Public Schools Network Total,F Xavier School,,,Schools,,,,,,N
U69159,Trinity High School,,,,,1,5,U69000,Board of Trustees Total,Chief Executive Officer Total,School Networks Total,Non-Public Schools Network Total,Trinity High School,,,Schools,,,,,,N
U69164,Chicago Free School,,,,,1,5,U69000,Board of Trustees Total,Chief Executive Officer Total,School Networks Total,Non-Public Schools Network Total,Chicago Free School,,,Schools,,,,,,N
U69353,Humboldt Park Montessori,,,,,1,5,U69000,Board of Trustees Total,Chief Executive Officer Total,School Networks Total,Non-Public Schools Network Total,Humboldt Park Montessori,,,Schools,,,,,,N
U69355,Echo School HS -U69355,,,,,1,5,U69000,Board of Trustees Total,Chief Executive Officer Total,School Networks Total,Non-Public Schools Network Total,Echo School HS -U69355,,,Schools,,,,,,N
U69248,Rogers Park Montessori School,,Non-Public School,,Elementary School,1,5,U69000,Board of Trustees Total,Chief Executive Officer Total,School Networks Total,Non-Public Schools Network Total,Rogers Park Montessori School,,,Schools,,,,,,N
U66143,Noble Street Charter High School - Rauner College Prep Campus,,Charter School,,High School,1,5,U60005,Board of Trustees Total,Chief Executive Officer Total,School Networks Total,Charter Schools Network Total,Noble Street Charter High School - Rauner College Prep Campus,,,Schools,,,,,,N
U66147,Noble Street Charter High School - UIC Campus,,Charter School,,High School,1,5,U60005,Board of Trustees Total,Chief Executive Officer Total,School Networks Total,Charter Schools Network Total,Noble Street Charter High School - UIC Campus,,,Schools,,,,,,N
U69041,CS Academy,,Non-Public School,,Elementary School,1,5,U69000,Board of Trustees Total,Chief Executive Officer Total,School Networks Total,Non-Public Schools Network Total,CS Academy,,,Schools,,,,,,N
U69357,Brother Rice High School B,,Non-Public School,,High School,1,5,U69000,Board of Trustees Total,Chief Executive Officer Total,School Networks Total,Non-Public Schools Network Total,Brother Rice High School B,,,Schools,,,,,,N
U12692,Dept Control Revenue - City Wide,,City Wide,,,1,6,U00020,Board of Trustees Total,Chief Executive Officer Total,Finance Total,Budget Management Office Total,District Wide Liabilities & Contingencies Total,Dept Control Revenue - City Wide,,City Wide,,,,,,N
U69537,ICC Full Time School,,,,,1,5,U69000,Board of Trustees Total,Chief Executive Officer Total,School Networks Total,Non-Public Schools Network Total,ICC Full Time School,,,Schools,,,,,,N
U69538,Council Oak Montessori,,Non-Public School,,Elementary School,1,5,U69000,Board of Trustees Total,Chief Executive Officer Total,School Networks Total,Non-Public Schools Network Total,Council Oak Montessori,,,Schools,,,,,,N
U69539,Yeshiva Netzach Eliyahu,,,,,1,5,U69000,Board of Trustees Total,Chief Executive Officer Total,School Networks Total,Non-Public Schools Network Total,Yeshiva Netzach Eliyahu,,,Schools,,,,,,N
U66551,Amandla Charter School,,Charter School,,Elementary School,1,5,U60005,Board of Trustees Total,Chief Executive Officer Total,School Networks Total,Charter Schools Network Total,Amandla Charter School,,,Schools,,,,,,N
U69050,St Barnabas School,,Non-Public School,,Elementary School,1,5,U69000,Board of Trustees Total,Chief Executive Officer Total,School Networks Total,Non-Public Schools Network Total,St Barnabas School,,,Schools,,,,,,N
U69053,St Bede The Venerable School,,Non-Public School,,Elementary School,1,5,U69000,Board of Trustees Total,Chief Executive Officer Total,School Networks Total,Non-Public Schools Network Total,St Bede The Venerable School,,,Schools,,,,,,N
U12305,Treasury Total,,,,,0,4,U10470,Board of Trustees Total,Chief Executive Officer Total,Finance Total,Treasury Total,,,,,,,,,,N
U69168,St. Juliana School,,Non-Public School,,Elementary School,1,5,U69000,Board of Trustees Total,Chief Executive Officer Total,School Networks Total,Non-Public Schools Network Total,St. Juliana School,,,Schools,,,,,,N
U69068,Seton Academy High School,,Non-Public School,,High School,1,5,U69000,Board of Trustees Total,Chief Executive Officer Total,School Networks Total,Non-Public Schools Network Total,Seton Academy High School,,,Schools,,,,,,N
U69073,Christ The King School,,Non-Public School,,Elementary School,1,5,U69000,Board of Trustees Total,Chief Executive Officer Total,School Networks Total,Non-Public Schools Network Total,Christ The King School,,,Schools,,,,,,N
U69375,Josephinum High School,,Non-Public School,,High School,1,5,U69000,Board of Trustees Total,Chief Executive Officer Total,School Networks Total,Non-Public Schools Network Total,Josephinum High School,,,Schools,,,,,,N
U69277,St Stanislaus - Kosta,,Non-Public School,,Elementary School,1,5,U69000,Board of Trustees Total,Chief Executive Officer Total,School Networks Total,Non-Public Schools Network Total,St Stanislaus - Kosta,,,Schools,,,,,,N
U69286,St Thomas The Apostle School,,Non-Public School,,Elementary School,1,5,U69000,Board of Trustees Total,Chief Executive Officer Total,School Networks Total,Non-Public Schools Network Total,St Thomas The Apostle School,,,Schools,,,,,,N
U65022,Magic Johnson Englewood,,,,,1,5,U60005,Board of Trustees Total,Chief Executive Officer Total,School Networks Total,Charter Schools Network Total,Magic Johnson Englewood,,,Schools,,,,,,N
U65025,New ALOP unit (Ombudsman),,,,,1,5,U60005,Board of Trustees Total,Chief Executive Officer Total,School Networks Total,Charter Schools Network Total,New ALOP unit (Ombudsman),,,Schools,,,,,,N
U66011,Safe Achieve Academy Elementary,, Alternative School,,High School,1,5,U60005,Board of Trustees Total,Chief Executive Officer Total,School Networks Total,Charter Schools Network Total,Safe Achieve Academy Elementary,,,Schools,,,,,,N
U69084,Our Lady of Charity,,Non-Public School,,Elementary School,1,5,U69000,Board of Trustees Total,Chief Executive Officer Total,School Networks Total,Non-Public Schools Network Total,Our Lady of Charity,,,Schools,,,,,,N
U69095,St Ethelreda School,,Non-Public School,,Elementary School,1,5,U69000,Board of Trustees Total,Chief Executive Officer Total,School Networks Total,Non-Public Schools Network Total,St Ethelreda School,,,Schools,,,,,,N
U69096,St. Eugene School,,Non-Public School,,Elementary School,1,5,U69000,Board of Trustees Total,Chief Executive Officer Total,School Networks Total,Non-Public Schools Network Total,St. Eugene School,,,Schools,,,,,,N
U69389,Salem Christian School,,Non-Public School,,Elementary School,1,5,U69000,Board of Trustees Total,Chief Executive Officer Total,School Networks Total,Non-Public Schools Network Total,Salem Christian School,,,Schools,,,,,,N
U02511,Network 11,,,,,1,5,U02000,Board of Trustees Total,Chief Executive Officer Total,Chief Education Office Total,Network Offices Total,Network 11,,,Schools,,,,,,N
U02551,Options Network,,,,,1,5,U02000,Board of Trustees Total,Chief Executive Officer Total,Chief Education Office Total,Network Offices Total,Options Network,,,Schools,,,,,,N
U69553,Bais Yaakov High School Of Chicago,,Non-Public School,,High School,1,5,U69000,Board of Trustees Total,Chief Executive Officer Total,School Networks Total,Non-Public Schools Network Total,Bais Yaakov High School Of Chicago,,,Schools,,,,,,N
U69569,Grace English Lutheran,,Non-Public School,,Elementary School,1,5,U69000,Board of Trustees Total,Chief Executive Officer Total,School Networks Total,Non-Public Schools Network Total,Grace English Lutheran,,,Schools,,,,,,N
U69576,A-Karrasel,,,,,1,5,U69000,Board of Trustees Total,Chief Executive Officer Total,School Networks Total,Non-Public Schools Network Total,A-Karrasel,,,Schools,,,,,,N
U66211,LEARN - Romano Butler Campus,,Charter School,,Elementary School,1,5,U60005,Board of Trustees Total,Chief Executive Officer Total,School Networks Total,Charter Schools Network Total,LEARN - Romano Butler Campus,,,Schools,,,,,,N
U69046,World Language Academy of Scholars,,Non-Public School,,Elementary School,1,5,U69000,Board of Trustees Total,Chief Executive Officer Total,School Networks Total,Non-Public Schools Network Total,World Language Academy of Scholars,,,Schools,,,,,,N
U69593,Cheder Lubavitch,,Non-Public School,,Elementary School,1,5,U69000,Board of Trustees Total,Chief Executive Officer Total,School Networks Total,Non-Public Schools Network Total,Cheder Lubavitch,,,Schools,,,,,,N
U69594,Fasman Yeshiva HS,,Non-Public School,,High School,1,5,U69000,Board of Trustees Total,Chief Executive Officer Total,School Networks Total,Non-Public Schools Network Total,Fasman Yeshiva HS,,,Schools,,,,,,N
U02641,Network 14,,,,,1,5,U02000,Board of Trustees Total,Chief Executive Officer Total,Chief Education Office Total,Network Offices Total,Network 14,,,Schools,,,,,,N
U02661,Network 16,,,,,1,5,U02000,Board of Trustees Total,Chief Executive Officer Total,Chief Education Office Total,Network Offices Total,Network 16,,,Schools,,,,,,N
U02481,Network 8,,,,,1,5,U02000,Board of Trustees Total,Chief Executive Officer Total,Chief Education Office Total,Network Offices Total,Network 8,,,Schools,,,,,,N
U22391,Lyman A Budlong School,,CPS Public School,,Elementary School,1,6,U22390,Board of Trustees Total,Chief Executive Officer Total,School Networks Total,Independent Schools Network Total,Lyman A Budlong School Total,Lyman A Budlong School,,Schools,,,,,,N
U22511,Daisy Bates Academy of Social Justice,,CPS Public School,,Elementary School,1,6,U22510,Board of Trustees Total,Chief Executive Officer Total,School Networks Total,Independent Schools Network Total,Daisy Bates Academy of Social Justice Total,Daisy Bates Academy of Social Justice,,Schools,,,,,,N
U69601,All Day Montessori School,,,,,1,5,U69000,Board of Trustees Total,Chief Executive Officer Total,School Networks Total,Non-Public Schools Network Total,All Day Montessori School,,,Schools,,,,,,N
U69108,St. Gerald,,,,,1,5,U69000,Board of Trustees Total,Chief Executive Officer Total,School Networks Total,Non-Public Schools Network Total,St. Gerald,,,Schools,,,,,,N
U69393,Notre Dame High School,,Non-Public School,,High School,1,5,U69000,Board of Trustees Total,Chief Executive Officer Total,School Networks Total,Non-Public Schools Network Total,Notre Dame High School,,,Schools,,,,,,N
U46511,Lindblom Math and Science Academy High School,,CPS Public School,,High School,1,6,U46510,Board of Trustees Total,Chief Executive Officer Total,School Networks Total,Network 16 Total,Lindblom Math and Science Academy High School Total,Lindblom Math and Science Academy High School,,Schools,,,,,,N
U23791,Agustin Lara Academy,,CPS Public School,,Elementary School,1,6,U23790,Board of Trustees Total,Chief Executive Officer Total,School Networks Total,Independent Schools Network Total,Agustin Lara Academy Total,Agustin Lara Academy,,Schools,,,,,,N
U69110,St Gall School,,Non-Public School,,Elementary School,1,5,U69000,Board of Trustees Total,Chief Executive Officer Total,School Networks Total,Non-Public Schools Network Total,St Gall School,,,Schools,,,,,,N
U69296,Visitation Campus School,,Non-Public School,,Elementary School,1,5,U69000,Board of Trustees Total,Chief Executive Officer Total,School Networks Total,Non-Public Schools Network Total,Visitation Campus School,,,Schools,,,,,,N
U69405,Our Lady of Tepeyac High School,,Non-Public School,,High School,1,5,U69000,Board of Trustees Total,Chief Executive Officer Total,School Networks Total,Non-Public Schools Network Total,Our Lady of Tepeyac High School,,,Schools,,,,,,N
U69410,St Gregory High School Ng&B,,Non-Public School,,High School,1,5,U69000,Board of Trustees Total,Chief Executive Officer Total,School Networks Total,Non-Public Schools Network Total,St Gregory High School Ng&B,,,Schools,,,,,,N
U69411,St Ignatius College Prep,,Non-Public School,,High School,1,5,U69000,Board of Trustees Total,Chief Executive Officer Total,School Networks Total,Non-Public Schools Network Total,St Ignatius College Prep,,,Schools,,,,,,N
U12605,Grant Funded Programs Total,,,,,0,4,U10470,Board of Trustees Total,Chief Executive Officer Total,Finance Total,Grant Funded Programs Total,,,,,,,,,,N
U26931,CPS Virtual Academy- U26931,,,,,1,6,U26930,Board of Trustees Total,Chief Executive Officer Total,School Networks Total,Independent Schools Network Total,CPS Virtual Academy - Total,CPS Virtual Academy- U26931,,Schools,,,,,,N
U26520,Amos A Stagg School Total,,,,,0,5,U02510,Board of Trustees Total,Chief Executive Officer Total,School Networks Total,Network 11 Total,Amos A Stagg School Total,,,,,,,,,N
U55051,School of the Arts High School,,CPS Public School,,High School,1,6,U55050,Board of Trustees Total,Chief Executive Officer Total,School Networks Total,Network 12 Total,School of the Arts High School Total,School of the Arts High School,,Schools,,,,,,N
U28031,Parker Multiplex,,Multiplex,,,1,6,U28030,Board of Trustees Total,Chief Executive Officer Total,School Networks Total,Network 11 Total,Parker Multiplex Total,Parker Multiplex,,Schools,,,,,,N
U67021,Peace and Education Coalition High School,, Alternative School,,High School,1,6,U67020,Board of Trustees Total,Chief Executive Officer Total,School Networks Total,Options Network Total,Peace and Education Coalition High School Total,Peace and Education Coalition High School,,Schools,,,,,,N
U51070,Wells Community Academy High School Total,,,,,0,5,U02650,Board of Trustees Total,Chief Executive Officer Total,School Networks Total,Network 15 Total,Wells Community Academy High School Total,,,,,,,,,N
U51090,Roberto Clemente Community Academy High School Total,,,,,0,5,U02650,Board of Trustees Total,Chief Executive Officer Total,School Networks Total,Network 15 Total,Roberto Clemente Community Academy High School Total,,,,,,,,,N
U66270,Namaste Charter School Total,,,,,0,6,U60005,Board of Trustees Total,Chief Executive Officer Total,School Collaboratives Total,School Collaborative - Other Total,Charter/Contract Schools Total,Namaste Charter School Total,,,,,,,,N
U41062,Frederick A Douglass - Evening HS,,Inactive School,,High School,1,7,U41060,Board of Trustees Total,Chief Executive Officer Total,School Collaboratives Total,West Side Collaborative Total,West Side High School Network Total,Frederick A Douglass Middle Academy Total,,Schools,,,,,,N
U02020,O'Hare Elementary Network Total,,,,,0,5,U02320,Board of Trustees Total,Chief Executive Office Total,School Collaboratives Total,North Northwest Side Collaborative Total,O'Hare Elementary Network Total,,,,,,,,,N
U70239,LR - Randolph,,CPS Public School,,Elementary School,1,6,U29110,Board of Trustees Total,Chief Executive Officer Total,School Networks Total,Network 11 Total,A Philip Randolph Magnet School Total,LR - Randolph,,Schools,,,,,,N
U26150,Walter Reed School Total,,,,,0,5,U02510,Board of Trustees Total,Chief Executive Officer Total,School Networks Total,Network 11 Total,Walter Reed School Total,,,,,,,,,N
U23171,John Farren Elementary School,,CPS Public School,,Elementary School,1,6,U23170,Board of Trustees Total,Chief Executive Officer Total,School Networks Total,Network 9 Total,John Farren Elementary School Total,John Farren Elementary School,,Schools,,,,,,N
U23421,Ariel Community Academy,,CPS Public School,,Elementary School,1,6,U23420,Board of Trustees Total,Chief Executive Officer Total,School Networks Total,Network 9 Total,Ariel Community Academy Total,Ariel Community Academy,,Schools,,,,,,N
U25541,William K New Sullivan Elementary School,,CPS Public School,,Elementary School,1,6,U25540,Board of Trustees Total,Chief Executive Officer Total,School Networks Total,Network 12 Total,William K Sullivan Specialty School Total,William K New Sullivan Elementary School,,Schools,,,,,,N
U25600,James N Thorp Elementary School Total,,,,,0,5,U02520,Board of Trustees Total,Chief Executive Officer Total,School Networks Total,Network 12 Total,James N Thorp Elementary School Total,,,,,,,,,N
U25760,Joseph Warren Elementary School Total,,,,,0,5,U02520,Board of Trustees Total,Chief Executive Officer Total,School Networks Total,Network 12 Total,Joseph Warren Elementary School Total,,,,,,,,,N
U26190,Arthur R Ashe Jr Elementary School Total,,,,,0,5,U02520,Board of Trustees Total,Chief Executive Officer Total,School Networks Total,Network 12 Total,Arthur R Ashe Jr Elementary School Total,,,,,,,,,N
U23660,Hyde Park Day Lemont - Total,,,,,0,5,U02000,Board of Trustees Total,Chief Executive Officer Total,Chief Education Office Total,Network Offices Total,Hyde Park Day Lemont - Total,,,,,,,,,N
U23570,Hartigan Community Arts Specialty School Total,,,,,0,5,U02490,Board of Trustees Total,Chief Executive Officer Total,School Networks Total,Network 9 Total,Hartigan Community Arts Specialty School Total,,,,,,,,,N
U50030,Partee APC Total,,,,,0,5,U02510,Board of Trustees Total,Chief Executive Officer Total,School Networks Total,Network 11 Total,Partee APC Total,,,,,,,,,N
U50060,Hayes APC Total,,,,,0,5,U02510,Board of Trustees Total,Chief Executive Officer Total,School Networks Total,Network 11 Total,Hayes APC Total,,,,,,,,,N
U25040,George M Pullman School Total,,,,,0,5,U02530,Board of Trustees Total,Chief Executive Officer Total,School Networks Total,Network 13 Total,George M Pullman School Total,,,,,,,,,N
U26540,Carter G Woodson South Total,,,,,0,5,U02490,Board of Trustees Total,Chief Executive Officer Total,School Networks Total,Network 9 Total,Carter G Woodson South Total,,,,,,,,,N
U46540,DuSable Multiplex Total,,,,,0,5,U02490,Board of Trustees Total,Chief Executive Officer Total,School Networks Total,Network 9 Total,DuSable Multiplex Total,,,,,,,,,N
U50051,John H Sengstacke/Transition Center D,,CPS Public School,,High School,1,6,U50050,Board of Trustees Total,Chief Executive Officer Total,School Networks Total,Network 9 Total,John H Sengstacke/Transition Center D Total,John H Sengstacke/Transition Center D,,Schools,,,,,,N
U50101,Dr. Samuel D. Proctor Transition Center,,CPS Public School,,High School,1,6,U50100,Board of Trustees Total,Chief Executive Officer Total,School Networks Total,Network 11 Total,Dr. Samuel D. Proctor Transition Center Total,Dr. Samuel D. Proctor Transition Center,,Schools,,,,,,N
U25491,Edward F Dunne School,,CPS Public School,,Elementary School,1,6,U25490,Board of Trustees Total,Chief Executive Officer Total,School Networks Total,Network 13 Total,Edward F Dunne School Total,Edward F Dunne School,,Schools,,,,,,N
U46431,North Grand High School,,CPS Public School,,High School,1,6,U46430,Board of Trustees Total,Chief Executive Officer Total,School Networks Total,Network 15 Total,North Grand High School Total,North Grand High School,,Schools,,,,,,N
U46471,Al Raby High School,,CPS Public School,,High School,1,6,U46470,Board of Trustees Total,Chief Executive Officer Total,School Networks Total,Network 15 Total,Al Raby High School Total,Al Raby High School,,Schools,,,,,,N
U46092,Jean Baptiste Point Du Sable High School - Evening HS,,Inactive School,,High School,1,7,U46090,Board of Trustees Total,Chief Executive Officer Total,School Collaboratives Total,School Collaborative - Other Total,Undesignated Schools Total,Jean Baptiste Point Du Sable High School Total,,Schools,,,,,,N
U46220,Albert G Lane Technical High School Total,,,,,0,5,U02640,Board of Trustees Total,Chief Executive Officer Total,School Networks Total,Network 14 Total,Albert G Lane Technical High School Total,,,,,,,,,N
U26292,St. Bride Branch of Powell School,,CPS Public School,,Elementary School,1,6,U26290,Board of Trustees Total,Chief Executive Officer Total,School Networks Total,Network 12 Total,Adam Clayton Powell Jr Paid Eia Community Academy Total,St. Bride Branch of Powell School,,Schools,,,,,,N
U28230,Fermi Multiplex Total,,,,,0,5,U02520,Board of Trustees Total,Chief Executive Officer Total,School Networks Total,Network 12 Total,Fermi Multiplex Total,,,,,,,,,N
U66600,UNO Charter School - UNO Elementary School Campus Total,,,,,0,6,U60005,Board of Trustees Total,Chief Executive Officer Total,School Collaboratives Total,School Collaborative - Other Total,Charter/Contract Schools Total,UNO Charter School - UNO Elementary School Campus Total,,,,,,,,N
U24452,Francis M Mckay Early Child,,CPS Public School,,Elementary School,1,6,U24450,Board of Trustees Total,Chief Executive Officer Total,School Networks Total,Network 10 Total,Francis M Mckay School Total,Francis M Mckay Early Child,,Schools,,,,,,N
U24571,Donald L Morrill Mathematics & Science Specialty School,,CPS Public School,,Elementary School,1,6,U24570,Board of Trustees Total,Chief Executive Officer Total,School Networks Total,Network 10 Total,Donald L Morrill Mathematics & Science Specialty School Total,Donald L Morrill Mathematics & Science Specialty School,,Schools,,,,,,N
U46240,Stephen T Mather High School Total,,,,,0,5,U02640,Board of Trustees Total,Chief Executive Officer Total,School Networks Total,Network 14 Total,Stephen T Mather High School Total,,,,,,,,,N
U25830,John Whistler Elementary School Total,,,,,0,5,U02530,Board of Trustees Total,Chief Executive Officer Total,School Networks Total,Network 13 Total,John Whistler Elementary School Total,,,,,,,,,N
U26430,Edward H White Total,,,,,0,5,U02530,Board of Trustees Total,Chief Executive Officer Total,School Networks Total,Network 13 Total,Edward H White Total,,,,,,,,,N
U41102,Perspectives Branch of Dyett,,Inactive School,,Elementary School,1,7,U41100,Board of Trustees Total,Chief Executive Officer Total,School Collaboratives Total,School Collaborative - Other Total,Undesignated Schools Total,Walter H Dyett Middle School Total,,Schools,,,,,,N
U26542,Woodson South Child-Parent-Center Br - Woodson South,,CPS Public School,,Elementary School,1,6,U26540,Board of Trustees Total,Chief Executive Officer Total,School Networks Total,Network 9 Total,Carter G Woodson South Total,Woodson South Child-Parent-Center Br - Woodson South,,Schools,,,,,,N
U22371,Bouchet Academy,,CPS Public School,,Elementary School,1,6,U22370,Board of Trustees Total,Chief Executive Officer Total,School Networks Total,Network 12 Total,Bouchet Academy Total,Bouchet Academy,,Schools,,,,,,N
U46042,William J Bogan Computer Technical High School - Evening HS,,Inactive School,,High School,1,7,U46040,Board of Trustees Total,Chief Executive Officer Total,School Collaboratives Total,Southwest Side Collaborative Total,Southwest Side High School Network Total,William J Bogan Computer Technical High School Total,,Schools,,,,,,N
U66350,Haugan Middle - Aspira Total,,,,,0,6,U60005,Board of Trustees Total,Chief Executive Officer Total,School Collaboratives Total,School Collaborative - Other Total,Charter/Contract Schools Total,Haugan Middle - Aspira Total,,,,,,,,N
U66370,CICS - South Shore Campus Total,,,,,0,6,U60005,Board of Trustees Total,Chief Executive Officer Total,School Collaboratives Total,School Collaborative - Other Total,Charter/Contract Schools Total,CICS - South Shore Campus Total,,,,,,,,N
U66020,Dyett High School Total,,,,,0,5,U02490,Board of Trustees Total,Chief Executive Officer Total,School Networks Total,Network 9 Total,Dyett High School Total,,,,,,,,,N
U29210,Annie Keller Regional Gifted Magnet School Total,,,,,0,5,U02500,Board of Trustees Total,Chief Executive Officer Total,School Networks Total,Network 10 Total,Annie Keller Regional Gifted Magnet School Total,,,,,,,,,N
U29311,John H Vanderpoel Magnet School,,CPS Public School,,Elementary School,1,6,U29310,Board of Trustees Total,Chief Executive Officer Total,School Networks Total,Network 10 Total,John H Vanderpoel Magnet School Total,John H Vanderpoel Magnet School,,Schools,,,,,,N
U29180,James E Mcdade Classical School Total,,,,,0,5,U02520,Board of Trustees Total,Chief Executive Officer Total,School Networks Total,Network 12 Total,James E Mcdade Classical School Total,,,,,,,,,N
U66050,Perspectives Charter School Total,,,,,0,6,U60005,Board of Trustees Total,Chief Executive Officer Total,School Collaboratives Total,School Collaborative - Other Total,Charter/Contract Schools Total,Perspectives Charter School Total,,,,,,,,N
U66055,Perspectives Charter School - Chicago Lawn Campus,,Inactive School,,Grade Type TBD,1,7,U66050,Board of Trustees Total,Chief Executive Officer Total,School Collaboratives Total,School Collaborative - Other Total,Charter/Contract Schools Total,Perspectives Charter School Total,,Schools,,,,,,N
U66390,UNO-Rufino Tamayo Campus Total,,,,,0,6,U60005,Board of Trustees Total,Chief Executive Officer Total,School Collaboratives Total,School Collaborative - Other Total,Charter/Contract Schools Total,UNO-Rufino Tamayo Campus Total,,,,,,,,N
U22050,John P Altgeld School Total,,,,,0,5,U02510,Board of Trustees Total,Chief Executive Officer Total,School Networks Total,Network 11 Total,John P Altgeld School Total,,,,,,,,,N
U22970,Arthur Dixon School Total,,,,,0,5,U02520,Board of Trustees Total,Chief Executive Officer Total,School Networks Total,Network 12 Total,Arthur Dixon School Total,,,,,,,,,N
U27061,MSAC - Langston Hughes / Davis Replacement Elementary School,,,,,1,6,U27060,Board of Trustees Total,Chief Executive Officer Total,School Networks Total,Network 13 Total,MSAC - Langston Hughes / Davis Replacement Elementary School Total,MSAC - Langston Hughes / Davis Replacement Elementary School,,Schools,,,,,,N
U00140,Contract Schools Collaborative Total,,,,,0,4,U02310,Board of Trustees Total,Chief Executive Office Total,School Collaboratives Total,Contract Schools Collaborative Total,,,,,,,,,,N
U46441,Bronzeville PJT,,Inactive School,,High School,1,7,U46440,Board of Trustees Total,Chief Executive Officer Total,School Collaboratives Total,School Collaborative - Other Total,Undesignated Schools Total,Bronzeville PJT Total,,Schools,,,,,,N
U22840,Anna R. Langford Community Academy Total,,,,,0,5,U02510,Board of Trustees Total,Chief Executive Officer Total,School Networks Total,Network 11 Total,Anna R. Langford Community Academy Total,,,,,,,,,N
U22451,Langston Hughes Elementary School,,CPS Public School,,Elementary School,1,6,U22450,Board of Trustees Total,Chief Executive Officer Total,School Networks Total,Network 13 Total,Hughes/Davis Total,Langston Hughes Elementary School,,Schools,,,,,,N
U47041,John Marshall Metropolitan High School,,CPS Public School,,High School,1,6,U47040,Board of Trustees Total,Chief Executive Officer Total,School Networks Total,Network 15 Total,John Marshall Metropolitan High School Total,John Marshall Metropolitan High School,,Schools,,,,,,N
U23031,Charles W Earle School,,CPS Public School,,Elementary School,1,6,U23030,Board of Trustees Total,Chief Executive Officer Total,School Networks Total,Network 11 Total,Charles W Earle School Total,Charles W Earle School,,Schools,,,,,,N
U23261,Foster Park School,,CPS Public School,,Elementary School,1,6,U23260,Board of Trustees Total,Chief Executive Officer Total,School Networks Total,Network 11 Total,Foster Park School Total,Foster Park School,,Schools,,,,,,N
U32070,South Chicago Community School Total,,,,,0,5,U02520,Board of Trustees Total,Chief Executive Officer Total,School Networks Total,Network 12 Total,South Chicago Community School Total,,,,,,,,,N
U00160,Undesignated Schools Collaborative Total,,,,,0,4,U02310,Board of Trustees Total,Chief Executive Office Total,School Collaboratives Total,Undesignated Schools Collaborative Total,,,,,,,,,,N
U50122,Tilden Academic Transition - Evening School,,Inactive School,,High School,1,7,U50120,Board of Trustees Total,Chief Executive Officer Total,School Collaboratives Total,Southwest Side Collaborative Total,Southwest Side High School Network Total,Tilden Academic Transition HS Total,,Schools,,,,,,N
U24501,Garrett A Morgan School,,CPS Public School,,Elementary School,1,6,U24500,Board of Trustees Total,Chief Executive Officer Total,School Networks Total,Network 11 Total,Garrett A Morgan School Total,Garrett A Morgan School,,Schools,,,,,,N
U24750,Isabell C O'Keeffe School Total,,,,,0,5,U02520,Board of Trustees Total,Chief Executive Officer Total,School Networks Total,Network 12 Total,Isabell C O'Keeffe School Total,,,,,,,,,N
U31070,Jesse Owens Community Academy Total,,,,,0,5,U02530,Board of Trustees Total,Chief Executive Officer Total,School Networks Total,Network 13 Total,Jesse Owens Community Academy Total,,,,,,,,,N
U02321,North Northwest Side Collaborative,,Inactive,,,1,5,U02320,Board of Trustees Total,Chief Executive Office Total,School Collaboratives Total,North Northwest Side Collaborative Total,North Northwest Side Collaborative,,,Schools,,,,,,N
U02330,West Side Collaborative Total,,,,,0,4,U02310,Board of Trustees Total,Chief Executive Office Total,School Collaboratives Total,West Side Collaborative Total,,,,,,,,,,N
U25050,Vernon Johns Community Academy Total,,,,,0,5,U02510,Board of Trustees Total,Chief Executive Officer Total,School Networks Total,Network 11 Total,Vernon Johns Community Academy Total,,,,,,,,,N
U25811,Daniel S Wentworth School,,CPS Public School,,Elementary School,1,6,U25810,Board of Trustees Total,Chief Executive Officer Total,School Networks Total,Network 11 Total,Daniel S Wentworth School Total,Daniel S Wentworth School,,Schools,,,,,,N
U25900,Elihu Yale School Total,,,,,0,5,U02510,Board of Trustees Total,Chief Executive Officer Total,School Networks Total,Network 11 Total,Elihu Yale School Total,,,,,,,,,N
U25940,Carrie Jacobs Bond Total,,,,,0,5,U02510,Board of Trustees Total,Chief Executive Officer Total,School Networks Total,Network 11 Total,Carrie Jacobs Bond Total,,,,,,,,,N
U23060,George W Curtis Elementary School Total,,,,,0,5,U02530,Board of Trustees Total,Chief Executive Officer Total,School Networks Total,Network 13 Total,George W Curtis Elementary School Total,,,,,,,,,N
U25672,Lavizzo Annex,,Inactive School,,Elementary School,1,7,U25670,Board of Trustees Total,Chief Executive Officer Total,School Collaboratives Total,Far South Side Collaborative Total,Rock Island Elementary Network Total,Lavizzo Elementray Total,,Schools,,,,,,N
U63030,Hope Institute Learning Academy Total,,,,,0,6,U60005,Board of Trustees Total,Chief Executive Officer Total,School Collaboratives Total,School Collaborative - Other Total,Charter/Contract Schools Total,Hope Institute Learning Academy Total,,,,,,,,N
U26161,Benjamin Banneker School,,CPS Public School,,Elementary School,1,6,U26160,Board of Trustees Total,Chief Executive Officer Total,School Networks Total,Network 11 Total,Benjamin Banneker School Total,Benjamin Banneker School,,Schools,,,,,,N
U26320,Benjamin E Mays Academy Total,,,,,0,5,U02510,Board of Trustees Total,Chief Executive Officer Total,School Networks Total,Network 11 Total,Benjamin E Mays Academy Total,,,,,,,,,N
U23890,Countee Cullen School Total,,,,,0,5,U02530,Board of Trustees Total,Chief Executive Officer Total,School Networks Total,Network 13 Total,Countee Cullen School Total,,,,,,,,,N
U24730,William B Ogden School Total,,,,,0,5,U02650,Board of Trustees Total,Chief Executive Officer Total,School Networks Total,Network 15 Total,William B Ogden School Total,,,,,,,,,N
U24732,William B Ogden Branch,,CPS Public School,,Elementary School,1,6,U24730,Board of Trustees Total,Chief Executive Officer Total,School Networks Total,Network 15 Total,William B Ogden School Total,William B Ogden Branch,,Schools,,,,,,N
U55040,Chicago Discovery Academy Total,,,,,0,5,U02520,Board of Trustees Total,Chief Executive Officer Total,School Networks Total,Network 12 Total,Chicago Discovery Academy Total,,,,,,,,,N
U22732,Clay Pre-K/Rainbow University,,Inactive School,,Elementary School,1,7,U22730,Board of Trustees Total,Chief Executive Officer Total,School Collaboratives Total,Far South Side Collaborative Total,Far South Side K-12 Network Total,Henry Clay Elementary School Total,,Schools,,,,,,N
U22570,Charles Carroll School Total,,,,,0,5,U02500,Board of Trustees Total,Chief Executive Officer Total,School Networks Total,Network 10 Total,Charles Carroll School Total,,,,,,,,,N
U10842,Department of Continuous Improvement and Data Transparency,,,,,1,4,U10800,Board of Trustees Total,Chief Executive Officer Total,Chief Education Office Total,Department of Continuous Improvement and Data Transparency,,,,Schools,,,,,,N
U25371,Beulah Shoesmith School,,CPS Public School,,Elementary School,1,6,U25370,Board of Trustees Total,Chief Executive Officer Total,School Networks Total,Network 9 Total,Beulah Shoesmith School Total,Beulah Shoesmith School,,Schools,,,,,,N
U28330,Williams Multiplex Total,,,,,0,5,U02490,Board of Trustees Total,Chief Executive Officer Total,School Networks Total,Network 9 Total,Williams Multiplex Total,,,,,,,,,N
U12600,Budget & Management Office Total,,,,,0,6,U00010,Board of Trustees Total,Chief Executive Office Total,Chief Administrative Office Total,Chief Financial Officer Total,Budget & Grants Management Office Total,Budget & Management Office Total,,,,,,,,N
U66631,YCCS - Chatham Academy,,,,,1,5,U60005,Board of Trustees Total,Chief Executive Officer Total,School Networks Total,Charter Schools Network Total,YCCS - Chatham Academy,,,Schools,,,,,,N
U22572,Julius Rosenwald Br - Carroll,,CPS Public School,,Elementary School,1,6,U22570,Board of Trustees Total,Chief Executive Officer Total,School Networks Total,Network 10 Total,Charles Carroll School Total,Julius Rosenwald Br - Carroll,,Schools,,,,,,N
U46400,Percy L Julian High School Total,,,,,0,5,U02660,Board of Trustees Total,Chief Executive Officer Total,School Networks Total,Network 16 Total,Percy L Julian High School Total,,,,,,,,,N
U66671,Chicago Collegiate,,,,,1,5,U60005,Board of Trustees Total,Chief Executive Officer Total,School Networks Total,Charter Schools Network Total,Chicago Collegiate,,,Schools,,,,,,N
U22410,Edmund Burke Elementary School Total,,,,,0,5,U02490,Board of Trustees Total,Chief Executive Officer Total,School Networks Total,Network 9 Total,Edmund Burke Elementary School Total,,,,,,,,,N
U66932,KIPP Ascend Primary Charter,,,,,1,5,U60005,Board of Trustees Total,Chief Executive Officer Total,School Networks Total,Charter Schools Network Total,KIPP Ascend Primary Charter,,,Schools,,,,,,N
U67091,Henry Ford Academy: Power House Charter High School,,Charter School,,High School,1,5,U60005,Board of Trustees Total,Chief Executive Officer Total,School Networks Total,Charter Schools Network Total,Henry Ford Academy: Power House Charter High School,,,Schools,,,,,,N
U69228,Art in Motion Charter School,,,,,1,5,U60005,Board of Trustees Total,Chief Executive Officer Total,School Networks Total,Charter Schools Network Total,Art in Motion Charter School,,,Schools,,,,,,N
U25891,Williams Elementary School,,CPS Public School,,Elementary School,1,6,U25890,Board of Trustees Total,Chief Executive Officer Total,School Networks Total,Network 9 Total,Williams Elementary School Total,Williams Elementary School,,Schools,,,,,,N
U63020,Plato Learning Academy Total,,,,,0,6,U60005,Board of Trustees Total,Chief Executive Officer Total,School Collaboratives Total,School Collaborative - Other Total,Charter/Contract Schools Total,Plato Learning Academy Total,,,,,,,,N
U25232,Sidney Sawyer School,,Inactive School,,Elementary School,1,7,U25230,Board of Trustees Total,Chief Executive Officer Total,School Collaboratives Total,Southwest Side Collaborative Total,Midway Elementary Network Total,Sidney Sawyer School Total,,Schools,,,,,,N
U70238,Sullivan House Alt Lunch Room,,Charter School,,Elementary School,1,5,U60005,Board of Trustees Total,Chief Executive Officer Total,School Networks Total,Charter Schools Network Total,Sullivan House Alt Lunch Room,,,Schools,,,,,,N
U63031,Hope Institute Learning Academy,,Contract School,,Elementary School,1,5,U63000,Board of Trustees Total,Chief Executive Officer Total,School Networks Total,Contract Schools Network Total,Hope Institute Learning Academy,,,Schools,,,,,,N
U63091,Chicago Technology Academy High School,,Contract School,,High School,1,5,U63000,Board of Trustees Total,Chief Executive Officer Total,School Networks Total,Contract Schools Network Total,Chicago Technology Academy High School,,,Schools,,,,,,N
U31120,Thomas A Hendricks Community Academy Total,,,,,0,5,U02490,Board of Trustees Total,Chief Executive Officer Total,School Networks Total,Network 9 Total,Thomas A Hendricks Community Academy Total,,,,,,,,,N
U31150,Charles Kozminski Community Academy School Total,,,,,0,5,U02490,Board of Trustees Total,Chief Executive Officer Total,School Networks Total,Network 9 Total,Charles Kozminski Community Academy School Total,,,,,,,,,N
U41101,Walter H Dyett Middle School,,CPS Public School,,High School,1,6,U41100,Board of Trustees Total,Chief Executive Officer Total,School Networks Total,Network 9 Total,Walter H Dyett Middle School Total,Walter H Dyett Middle School,,Schools,,,,,,N
U11340,Education Enhancements,,,,,1,3,U10400,Board of Trustees Total,Chief Executive Officer Total,Education Enhancements,,,,,Schools,,,,,,N
U10415,Chief Operating Officer,,,,,1,4,U11700,Board of Trustees Total,Chief Executive Officer Total,Chief Operating Officer Total,Chief Operating Officer,,,,Schools,,,,,,N
U10600,Safety & Security Total,,,,,0,4,U11700,Board of Trustees Total,Chief Executive Officer Total,Chief Operating Officer Total,Safety & Security Total,,,,,,,,,,N
U10615,Safety and Security - City Wide,,City Wide,,,1,5,U10600,Board of Trustees Total,Chief Executive Officer Total,Chief Operating Officer Total,Safety & Security Total,Safety and Security - City Wide,,,City Wide,,,,,,N
U23470,New Elementary School - New Clearing (Dore) Total,,,,,0,5,U02500,Board of Trustees Total,Chief Executive Officer Total,School Networks Total,Network 10 Total,New Elementary School - New Clearing (Dore) Total,,,,,,,,,N
U46160,Future Commons Professional Tech Total,,,,,0,5,U02490,Board of Trustees Total,Chief Executive Officer Total,School Networks Total,Network 9 Total,Future Commons Professional Tech Total,,,,,,,,,N
U13720,Multiple Pathways,,Central Office,,,1,7,U13724,Board of Trustees Total,Chief Executive Officer Total,Chief Education Office Total,College and Career Success Total,Student Support and Engagement Total,Multiple Pathways Total,,Central Office,,,,,,N
U11370,Standards Based Instruction City Wide,,,,,1,6,U10802,Board of Trustees Total,Chief Executive Officer Total,Chief Education Office Total,Chief Teaching and Learning Office Total,Core Curriculum Office Total,Standards Based Instruction City Wide,,Schools,,,,,,N
U13520,Audit Services,,,,,1,3,U10400,Board of Trustees Total,Chief Executive Officer Total,Audit Services,,,,,Schools,,,,,,N
U23490,Nathan Hale School Total,,,,,0,5,U02500,Board of Trustees Total,Chief Executive Officer Total,School Networks Total,Network 10 Total,Nathan Hale School Total,,,,,,,,,N
U22610,William W Carter School Total,,,,,0,5,U02490,Board of Trustees Total,Chief Executive Officer Total,School Networks Total,Network 9 Total,William W Carter School Total,,,,,,,,,N
U10865,Humanities Office - City Wide,,City Wide,,,1,5,U10812,Board of Trustees Total,Chief Executive Officer Total,Chief Education Office Total,Chief Teaching and Learning Office Total,Humanities Office - City Wide,,,City Wide,,,,,,N
U10450,Intergovernmental Relations,,Central Office,,,1,5,U10900,Board of Trustees Total,Chief Executive Officer Total,Chief Operating Officer Total,Intergovernmental Relations Total,Intergovernmental Relations,,,Central Office,,,,,,N
U26171,Alexandre Dumas School,,CPS Public School,,Elementary School,1,6,U26170,Board of Trustees Total,Chief Executive Officer Total,School Networks Total,Network 9 Total,Alexandre Dumas School Total,Alexandre Dumas School,,Schools,,,,,,N
U26172,Dumas Child-Parent-Center Br - Dumas,,CPS Public School,,Elementary School,1,6,U26170,Board of Trustees Total,Chief Executive Officer Total,School Networks Total,Network 9 Total,Alexandre Dumas School Total,Dumas Child-Parent-Center Br - Dumas,,Schools,,,,,,N
U10855,Counseling and Postsecondary Advising - City Wide,,City Wide,,,1,6,U10859,Board of Trustees Total,Chief Executive Officer Total,Chief Education Office Total,College and Career Success Total,Counseling and Postsecondary Advising Total,Counseling and Postsecondary Advising - City Wide,,City Wide,,,,,,N
U10899,Social and Emotional Learning Total,,,,,0,5,U11400,Board of Trustees Total,Chief Executive Officer Total,Chief Education Office Total,College and Career Success Total,Social and Emotional Learning Total,,,,,,,,,N
U16010,Former Washburn Building - Capital Purposes,,Central Office,,,1,5,U11800,Board of Trustees Total,Chief Executive Officer Total,Chief Operating Officer Total,Facility Operations & Management Total,Former Washburn Building - Capital Purposes,,,Central Office,,,,,,N
U66051,Perspectives Charter School - Rodney D. Joslin Campus,,Charter School,,High School,1,5,U60005,Board of Trustees Total,Chief Executive Officer Total,School Networks Total,Charter Schools Network Total,Perspectives Charter School - Rodney D. Joslin Campus,,,Schools,,,,,,N
U11385,Early Childhood Development - City Wide,,City Wide,,,1,5,U11369,Board of Trustees Total,Chief Executive Officer Total,Chief Education Office Total,Early Childhood Development Total,Early Childhood Development - City Wide,,,City Wide,,,,,,N
U11380,Supplemental Learning and Support - City Wide,,City Wide,,,1,4,U10800,Board of Trustees Total,Chief Executive Officer Total,Chief Education Office Total,Supplemental Learning and Support - City Wide,,,,City Wide,,,,,,N
U10891,Health and Physical Education,,,,,1,5,U10812,Board of Trustees Total,Chief Executive Officer Total,Chief Education Office Total,Chief Teaching and Learning Office Total,Health and Physical Education,,,Schools,,,,,,N
U66341,Galapagos Charter School,,Charter School,,Elementary School,1,5,U60005,Board of Trustees Total,Chief Executive Officer Total,School Networks Total,Charter Schools Network Total,Galapagos Charter School,,,Schools,,,,,,N
U10650,Accountability,,,,,1,5,U11200,Board of Trustees Total,Chief Executive Officer Total,Portfolio Office Total,Accountability Total,Accountability,,,Schools,,,,,,N
U11290,Assessment - City Wide,,City Wide,,,1,6,U11209,Board of Trustees Total,Chief Executive Officer Total,Chief Education Office Total,Chief Teaching and Learning Office Total,Assessment Total,Assessment - City Wide,,City Wide,,,,,,N
U11550,Core Supports,,,,,1,4,U10800,Board of Trustees Total,Chief Executive Officer Total,Chief Education Office Total,Core Supports,,,,Schools,,,,,,N
U66577,Noble - Baker College Prep,,,,,1,5,U60005,Board of Trustees Total,Chief Executive Officer Total,School Networks Total,Charter Schools Network Total,Noble - Baker College Prep,,,Schools,,,,,,N
U66601,Acero Charter Schools - Esmeralda Santiago,,Charter School,,Elementary School,1,5,U60005,Board of Trustees Total,Chief Executive Officer Total,School Networks Total,Charter Schools Network Total,Acero Charter Schools - Esmeralda Santiago,,,Schools,,,,,,N
U11600,Office for Students with Disabilities (OSD) Total,,,,,0,4,U10800,Board of Trustees Total,Chief Executive Officer Total,Chief Education Office Total,Office for Students with Disabilities (OSD) Total,,,,,,,,,,N
U11670,Office for Students with Disabilities - City Wide,,City Wide,,,1,5,U11600,Board of Trustees Total,Chief Executive Officer Total,Chief Education Office Total,Office for Students with Disabilities (OSD) Total,Office for Students with Disabilities - City Wide,,,City Wide,,,,,,N
U11673,Office for Students with Disabilities - Service Delivery,,,,,1,5,U11600,Board of Trustees Total,Chief Executive Officer Total,Chief Education Office Total,Office for Students with Disabilities (OSD) Total,Office for Students with Disabilities - Service Delivery,,,Schools,,,,,,N
U66618,YCCS - Jane Addams Alternative HS,,,,,1,5,U60005,Board of Trustees Total,Chief Executive Officer Total,School Networks Total,Charter Schools Network Total,YCCS - Jane Addams Alternative HS,,,Schools,,,,,,N
U25070,William H Ray School Total,,,,,0,5,U02490,Board of Trustees Total,Chief Executive Officer Total,School Networks Total,Network 9 Total,William H Ray School Total,,,,,,,,,N
U25071,William H Ray School,,CPS Public School,,Elementary School,1,6,U25070,Board of Trustees Total,Chief Executive Officer Total,School Networks Total,Network 9 Total,William H Ray School Total,William H Ray School,,Schools,,,,,,N
U12050,Nutrition Support Services - City Wide,,City Wide,,,1,6,U12005,Board of Trustees Total,Chief Executive Officer Total,Chief Operating Officer Total,Food Services Total,Nutrition Support Services Total,Nutrition Support Services - City Wide,,City Wide,,,,,,N
U25091,William Claude Reavis School,,CPS Public School,,Elementary School,1,6,U25090,Board of Trustees Total,Chief Executive Officer Total,School Networks Total,Network 9 Total,William Claude Reavis School Total,William Claude Reavis School,,Schools,,,,,,N
U25160,Betsy Ross School Total,,,,,0,5,U02490,Board of Trustees Total,Chief Executive Officer Total,School Networks Total,Network 9 Total,Betsy Ross School Total,,,,,,,,,N
U25321,Austin O Sexton Elementary School,,CPS Public School,,Elementary School,1,6,U25320,Board of Trustees Total,Chief Executive Officer Total,School Networks Total,Network 9 Total,Austin O Sexton Elementary School Total,Austin O Sexton Elementary School,,Schools,,,,,,N
U66021,Dyett High School,,CPS Public School,,High School,1,6,U66020,Board of Trustees Total,Chief Executive Officer Total,School Networks Total,Network 9 Total,Dyett High School Total,Dyett High School,,Schools,,,,,,N
U13732,Academic Initiatives - City Wide,,City Wide,,,1,4,U10800,Board of Trustees Total,Chief Executive Officer Total,Chief Education Office Total,Academic Initiatives - City Wide,,,,City Wide,,,,,,N
U11090,Human Capital Office,,Central Office,,,1,5,U11005,Board of Trustees Total,Chief Executive Officer Total,Talent Office Total,Human Capital Office Total,Human Capital Office,,,Central Office,,,,,,N
U13715,Mathematics & Science - City Wide,,City Wide,,,1,6,U13719,Board of Trustees Total,Chief Executive Officer Total,Chief Education Office Total,Chief Teaching and Learning Office Total,Mathematics & Science Total,Mathematics & Science - City Wide,,City Wide,,,,,,N
U44020,Collins Multiplex Total,,,,,0,5,U02450,Board of Trustees Total,Chief Executive Officer Total,School Networks Total,Network 5 Total,Collins Multiplex Total,,,,,,,,,N
U23550,Sharon Christa Mcauliffe Elementary School Total,,,,,0,5,U02440,Board of Trustees Total,Chief Executive Officer Total,School Networks Total,Network 4 Total,Sharon Christa Mcauliffe Elementary School Total,,,,,,,,,N
U25150,Cesar E Chavez Multicultural Academic Center Total,,,,,0,5,U02270,Board of Trustees Total,Chief Executive Officer Total,School Networks Total,Independent Schools Network Total,Cesar E Chavez Multicultural Academic Center Total,,,,,,,,,N
U25350,Jesse Sherwood School Total,,,,,0,5,U02270,Board of Trustees Total,Chief Executive Officer Total,School Networks Total,Independent Schools Network Total,Jesse Sherwood School Total,,,,,,,,,N
U22891,Nathan S Davis School,,CPS Public School,,Elementary School,1,6,U22890,Board of Trustees Total,Chief Executive Officer Total,School Networks Total,Network 8 Total,Nathan S Davis School & Annex Total,Nathan S Davis School,,Schools,,,,,,N
U70220,Nathan Davis Annex,,CPS Public School,,Elementary School,1,6,U22890,Board of Trustees Total,Chief Executive Officer Total,School Networks Total,Network 8 Total,Nathan S Davis School & Annex Total,Nathan Davis Annex,,Schools,,,,,,N
U26631,Oscar Depriest School,,CPS Public School,,Elementary School,1,6,U26630,Board of Trustees Total,Chief Executive Officer Total,School Networks Total,Network 3 Total,Oscar Depriest School Total,Oscar Depriest School,,Schools,,,,,,N
U47050,Gwendolyn Brooks Total,,,,,0,5,U02270,Board of Trustees Total,Chief Executive Officer Total,School Networks Total,Independent Schools Network Total,Gwendolyn Brooks Total,,,,,,,,,N
U47071,DNU - The Virtual Academy High School- U47071,,,,,1,5,U02270,Board of Trustees Total,Chief Executive Officer Total,School Networks Total,Independent Schools Network Total,DNU - The Virtual Academy High School- U47071,,,Schools,,,,,,N
U47090,Chicago High School For Agricultural Sciences Total,,,,,0,5,U02270,Board of Trustees Total,Chief Executive Officer Total,School Networks Total,Independent Schools Network Total,Chicago High School For Agricultural Sciences Total,,,,,,,,,N
U55010,Phoenix Military Academy Total,,,,,0,5,U02270,Board of Trustees Total,Chief Executive Officer Total,School Networks Total,Independent Schools Network Total,Phoenix Military Academy Total,,,,,,,,,N
U23080,Richard Edwards School Total,,,,,0,5,U02480,Board of Trustees Total,Chief Executive Officer Total,School Networks Total,Network 8 Total,Richard Edwards School Total,,,,,,,,,N
U22910,Edward C Delano School Total,,,,,0,5,U02450,Board of Trustees Total,Chief Executive Officer Total,School Networks Total,Network 5 Total,Edward C Delano School Total,,,,,,,,,N
U25412,Bernice F Joyner Child-Parent- Center Br - Smyth,,CPS Public School,,Elementary School,1,6,U25410,Board of Trustees Total,Chief Executive Officer Total,School Networks Total,Network 6 Total,John M Smyth Elementary School Total,Bernice F Joyner Child-Parent- Center Br - Smyth,,Schools,,,,,,N
U56011,Rickover Military High School at Luther North,,,,,1,5,U02270,Board of Trustees Total,Chief Executive Officer Total,School Networks Total,Independent Schools Network Total,Rickover Military High School at Luther North,,,Schools,,,,,,N
U46581,MSAC - South Shore Replacement High School,,CPS Public School,,High School,1,6,U46580,Board of Trustees Total,Chief Executive Officer Total,School Networks Total,Undesignated Schools Network Total,MSAC - South Shore Replacement High School Total,MSAC - South Shore Replacement High School,,Schools,,,,,,N
U22080,George Armstrong Elementary School Total,,,,,0,5,U02270,Board of Trustees Total,Chief Executive Officer Total,School Networks Total,Independent Schools Network Total,George Armstrong Elementary School Total,,,,,,,,,N
U22190,George Rogers Clark Elementary School Total,,,,,0,5,U02270,Board of Trustees Total,Chief Executive Officer Total,School Networks Total,Independent Schools Network Total,George Rogers Clark Elementary School Total,,,,,,,,,N
U26840,North River Elementary School Total,,,,,0,5,U02410,Board of Trustees Total,Chief Executive Officer Total,School Networks Total,Network 1 Total,North River Elementary School Total,,,,,,,,,N
U28080,Edison Park Elementary Total,,,,,0,5,U02410,Board of Trustees Total,Chief Executive Officer Total,School Networks Total,Network 1 Total,Edison Park Elementary Total,,,,,,,,,N
U30081,Frederick Stock School,,CPS Public School,,Elementary School,1,6,U30080,Board of Trustees Total,Chief Executive Officer Total,School Networks Total,Network 1 Total,Frederick Stock School Total,Frederick Stock School,,Schools,,,,,,N
U41120,Northwest Middle Total,,,,,0,5,U02430,Board of Trustees Total,Chief Executive Officer Total,School Networks Total,Network 3 Total,Northwest Middle Total,,,,,,,,,N
U23681,James Hedges School,,CPS Public School,,Elementary School,1,6,U23680,Board of Trustees Total,Chief Executive Officer Total,School Networks Total,Network 8 Total,James Hedges School Main Total,James Hedges School,,Schools,,,,,,N
U24940,Mary G Peterson School Total,,,,,0,5,U02410,Board of Trustees Total,Chief Executive Officer Total,School Networks Total,Network 1 Total,Mary G Peterson School Total,,,,,,,,,N
U41080,Thurgood Marshall Middle School Total,,,,,0,5,U02410,Board of Trustees Total,Chief Executive Officer Total,School Networks Total,Network 1 Total,Thurgood Marshall Middle School Total,,,,,,,,,N
U02420,Network 2 Total,,,,,0,4,U02005,Board of Trustees Total,Chief Executive Officer Total,School Networks Total,Network 2 Total,,,,,,,,,,N
U66511,Austin Multiplex,,Multiplex,,,1,6,U66510,Board of Trustees Total,Chief Executive Officer Total,School Networks Total,Network 3 Total,Austin Multiplex Total,Austin Multiplex,,Schools,,,,,,N
U23710,Helen M Hefferan School Total,,,,,0,5,U02450,Board of Trustees Total,Chief Executive Officer Total,School Networks Total,Network 5 Total,Helen M Hefferan School Total,,,,,,,,,N
U23711,Helen M Hefferan School,,CPS Public School,,Elementary School,1,6,U23710,Board of Trustees Total,Chief Executive Officer Total,School Networks Total,Network 5 Total,Helen M Hefferan School Total,Helen M Hefferan School,,Schools,,,,,,N
U24032,Charles Dickens Child-Parent-Center Br - King,,CPS Public School,,Elementary School,1,6,U24030,Board of Trustees Total,Chief Executive Officer Total,School Networks Total,Network 6 Total,William H King School Total,Charles Dickens Child-Parent-Center Br - King,,Schools,,,,,,N
U24171,Arthur A Libby School,,CPS Public School,,Elementary School,1,6,U24170,Board of Trustees Total,Chief Executive Officer Total,School Networks Total,Network 8 Total,Arthur A Libby School Total,Arthur A Libby School,,Schools,,,,,,N
U22811,Jordan Community School,,CPS Public School,,Elementary School,1,6,U22810,Board of Trustees Total,Chief Executive Officer Total,School Networks Total,Network 2 Total,Jordan Community School Total,Jordan Community School,,Schools,,,,,,N
U24121,M Jean De Lafayette School,,CPS Public School,,Elementary School,1,6,U24120,Board of Trustees Total,Chief Executive Officer Total,School Networks Total,Network 5 Total,M Jean De Lafayette School Total,M Jean De Lafayette School,,Schools,,,,,,N
U24251,James Russell Lowell Elementary School,,CPS Public School,,Elementary School,1,6,U24250,Board of Trustees Total,Chief Executive Officer Total,School Networks Total,Network 5 Total,James Russell Lowell Elementary School Total,James Russell Lowell Elementary School,,Schools,,,,,,N
U55100,Moses Vines Prep Academy Total,,,,,0,5,U02450,Board of Trustees Total,Chief Executive Officer Total,School Networks Total,Network 5 Total,Moses Vines Prep Academy Total,,,,,,,,,N
U63100,Garfield Park Preparatory Academy Total,,,,,0,5,U02450,Board of Trustees Total,Chief Executive Officer Total,School Networks Total,Network 5 Total,Garfield Park Preparatory Academy Total,,,,,,,,,N
U24480,Joseph Medill Primary Total,,,,,0,5,U02460,Board of Trustees Total,Chief Executive Officer Total,School Networks Total,Network 6 Total,Joseph Medill Primary Total,,,,,,,,,N
U25020,William H Prescott School Total,,,,,0,5,U02440,Board of Trustees Total,Chief Executive Officer Total,School Networks Total,Network 4 Total,William H Prescott School Total,,,,,,,,,N
U24850,Louis Pasteur School Total,,,,,0,5,U02480,Board of Trustees Total,Chief Executive Officer Total,School Networks Total,Network 8 Total,Louis Pasteur School Total,,,,,,,,,N
U25302,William H Seward Communication Arts Academy Br - Seward,,CPS Public School,,Elementary School,1,6,U25300,Board of Trustees Total,Chief Executive Officer Total,School Networks Total,Network 8 Total,William H Seward Communication Arts Academy Total,William H Seward Communication Arts Academy Br - Seward,,Schools,,,,,,N
U22011,Robert S Abbott School,,CPS Public School,,Elementary School,1,6,U22010,Board of Trustees Total,Chief Executive Officer Total,School Networks Total,Network 6 Total,Robert S Abbott School Total,Robert S Abbott School,,Schools,,,,,,N
U25280,George Schneider School Total,,,,,0,5,U02440,Board of Trustees Total,Chief Executive Officer Total,School Networks Total,Network 4 Total,George Schneider School Total,,,,,,,,,N
U28051,Sumner Multiplex,,Multiplex,,,1,6,U28050,Board of Trustees Total,Chief Executive Officer Total,School Networks Total,Network 5 Total,Sumner Multiplex Total,Sumner Multiplex,,Schools,,,,,,N
U28131,Frazier Multiplex,,Multiplex,,,1,6,U28130,Board of Trustees Total,Chief Executive Officer Total,School Networks Total,Network 5 Total,Frazier Campus Total,Frazier Multiplex,,Schools,,,,,,N
U28221,Faraday Multiplex,,Multiplex,,,1,6,U28220,Board of Trustees Total,Chief Executive Officer Total,School Networks Total,Network 5 Total,Faraday Multiplex Total,Faraday Multiplex,,Schools,,,,,,N
U29282,Skinner Pre-K Center,,CPS Public School,,Elementary School,1,6,U29280,Board of Trustees Total,Chief Executive Officer Total,School Networks Total,Network 6 Total,Mark Skinner School Total,Skinner Pre-K Center,,Schools,,,,,,N
U30040,Moses Montefiore Special School Total,,,,,0,5,U02460,Board of Trustees Total,Chief Executive Officer Total,School Networks Total,Network 6 Total,Moses Montefiore Special School Total,,,,,,,,,N
U30091,Jesse Spalding School,,,,,1,6,U30090,Board of Trustees Total,Chief Executive Officer Total,School Networks Total,Network 6 Total,Jesse Spalding School Total,Jesse Spalding School,,Schools,,,,,,N
U25502,Joseph Stockton Child-Parent-Center - Stockton,,CPS Public School,,Elementary School,1,6,U25500,Board of Trustees Total,Chief Executive Officer Total,School Networks Total,Network 2 Total,Joseph Stockton School Total,Joseph Stockton Child-Parent-Center - Stockton,,Schools,,,,,,N
U25570,George B Swift Specialty School Total,,,,,0,5,U02420,Board of Trustees Total,Chief Executive Officer Total,School Networks Total,Network 2 Total,George B Swift Specialty School Total,,,,,,,,,N
U25571,George B Swift Specialty School,,CPS Public School,,Elementary School,1,6,U25570,Board of Trustees Total,Chief Executive Officer Total,School Networks Total,Network 2 Total,George B Swift Specialty School Total,George B Swift Specialty School,,Schools,,,,,,N
U26660,Cregier Multiplex Total,,,,,0,5,U02460,Board of Trustees Total,Chief Executive Officer Total,School Networks Total,Network 6 Total,Cregier Multiplex Total,,,,,,,,,N
U31210,Casimir Pulaski International Academy Elementary School Total,,,,,0,5,U02460,Board of Trustees Total,Chief Executive Officer Total,School Networks Total,Network 6 Total,Casimir Pulaski International Academy Elementary School Total,,,,,,,,,N
U25991,Joseph Brennemann School,,CPS Public School,,Elementary School,1,6,U25990,Board of Trustees Total,Chief Executive Officer Total,School Networks Total,Network 2 Total,Joseph Brennemann School Total,Joseph Brennemann School,,Schools,,,,,,N
U22351,William H Brown STEM Magnet Elementary School,,CPS Public School,,Elementary School,1,6,U22350,Board of Trustees Total,Chief Executive Officer Total,School Networks Total,Network 6 Total,William H Brown STEM Magnet Elementary School Total,William H Brown STEM Magnet Elementary School,,Schools,,,,,,N
U26572,Truth Child-Parent-Center Br - Truth,,CPS Public School,,Elementary School,1,6,U26570,Board of Trustees Total,Chief Executive Officer Total,School Networks Total,Network 4 Total,Sojourner Truth School Total,Truth Child-Parent-Center Br - Truth,,Schools,,,,,,N
U28281,Schneider Multiplex,,Multiplex,,,1,6,U28280,Board of Trustees Total,Chief Executive Officer Total,School Networks Total,Network 4 Total,Schneider Multiplex Total,Schneider Multiplex,,Schools,,,,,,N
U44011,Grant Multiplex,,Multiplex,,,1,6,U44010,Board of Trustees Total,Chief Executive Officer Total,School Networks Total,Network 6 Total,Grant Multiplex Total,Grant Multiplex,,Schools,,,,,,N
U45102,Gallery 37 Center Art,,CPS Public School,,Grade Type TBD,1,6,U45100,Board of Trustees Total,Chief Executive Officer Total,School Networks Total,Network 6 Total,Gallery 37 Center Art Total,Gallery 37 Center Art,,Schools,,,,,,N
U23181,Foundations School,,CPS Public School,,Elementary School,1,6,U23180,Board of Trustees Total,Chief Executive Officer Total,School Networks Total,Network 6 Total,Foundations School Total,Foundations School,,Schools,,,,,,N
U22341,Federico Garcia Lorca Elementary School,,CPS Public School,,Elementary School,1,6,U22340,Board of Trustees Total,Chief Executive Officer Total,School Networks Total,Network 4 Total,Federico Garcia Lorca Elementary School Total,Federico Garcia Lorca Elementary School,,Schools,,,,,,N
U29131,Hawthorne Scholastic Academy,,CPS Public School,,Elementary School,1,6,U29130,Board of Trustees Total,Chief Executive Officer Total,School Networks Total,Network 4 Total,Hawthorne Scholastic Academy Total,Hawthorne Scholastic Academy,,Schools,,,,,,N
U10210,Law Office,,Central Office,,,1,3,U10200,Board of Trustees Total,Law Office Total,Law Office,,,,,Central Office,,,,,,N
U10455,Law Office - City Wide,,City Wide,,,1,3,U10200,Board of Trustees Total,Law Office Total,Law Office - City Wide,,,,,City Wide,,,,,,N
U00180,Pensions and District-Wide Set-Asides Total,,,,,0,3,U10400,Board of Trustees Total,Chief Executive Officer Total,Pensions and District-Wide Set-Asides Total,,,,,,,,,,,N
U49010,Jesse Spalding High School Total,,,,,0,5,U02460,Board of Trustees Total,Chief Executive Officer Total,School Networks Total,Network 6 Total,Jesse Spalding High School Total,,,,,,,,,N
U49151,Marine Military Academy,,CPS Public School,,High School,1,6,U49150,Board of Trustees Total,Chief Executive Officer Total,School Networks Total,Network 6 Total,Marine Military Academy Total,Marine Military Academy,,Schools,,,,,,N
U50150,Senn Academic Transition HS Total,,,,,0,5,U02420,Board of Trustees Total,Chief Executive Officer Total,School Networks Total,Network 2 Total,Senn Academic Transition HS Total,,,,,,,,,N
U23101,Edward (Duke) K Ellington School,,CPS Public School,,Elementary School,1,6,U23100,Board of Trustees Total,Chief Executive Officer Total,School Networks Total,Network 3 Total,Edward (Duke) K Ellington School Total,Edward (Duke) K Ellington School,,Schools,,,,,,N
U25460,Recovering The Gifted Child Academy Total,,,,,0,5,U02450,Board of Trustees Total,Chief Executive Officer Total,School Networks Total,Network 5 Total,Recovering The Gifted Child Academy Total,,,,,,,,,N
U25520,Harriet Beecher Stowe School Total,,,,,0,5,U02450,Board of Trustees Total,Chief Executive Officer Total,School Networks Total,Network 5 Total,Harriet Beecher Stowe School Total,,,,,,,,,N
U26911,Burroughs II Elementary School,,CPS Public School,,Elementary School,1,6,U26910,Board of Trustees Total,Chief Executive Officer Total,School Networks Total,Undesignated Schools Network Total,Burroughs II Elementary School Total,Burroughs II Elementary School,,Schools,,,,,,N
U22710,STEM Magnet Academy Total,,,,,0,5,U02270,Board of Trustees Total,Chief Executive Officer Total,School Networks Total,Independent Schools Network Total,STEM Magnet Academy Total,,,,,,,,,N
U23531,Charles G Hammond School,,CPS Public School,,Elementary School,1,6,U23530,Board of Trustees Total,Chief Executive Officer Total,School Networks Total,Network 7 Total,Charles G Hammond School Total,Charles G Hammond School,,Schools,,,,,,N
U24591,Mount Greenwood Elementary School,,CPS Public School,,Elementary School,1,6,U24590,Board of Trustees Total,Chief Executive Officer Total,School Networks Total,Independent Schools Network Total,Mount Greenwood Elementary School Total,Mount Greenwood Elementary School,,Schools,,,,,,N
U24691,Alfred Nobel Elementary School,,CPS Public School,,Elementary School,1,6,U24690,Board of Trustees Total,Chief Executive Officer Total,School Networks Total,Independent Schools Network Total,Alfred Nobel Elementary School Total,Alfred Nobel Elementary School,,Schools,,,,,,N
U24381,Roswell B Mason Elementary School,,CPS Public School,,Elementary & High  School,1,6,U24380,Board of Trustees Total,Chief Executive Officer Total,School Networks Total,Network 7 Total,Roswell B Mason Elementary School Total,Roswell B Mason Elementary School,,Schools,,,,,,N
U22701,Salmon P Chase School,,CPS Public School,,Elementary School,1,6,U22700,Board of Trustees Total,Chief Executive Officer Total,School Networks Total,Network 4 Total,Salmon P Chase School Total,Salmon P Chase School,,Schools,,,,,,N
U24430,Cyrus H Mccormick School Total,,,,,0,5,U02470,Board of Trustees Total,Chief Executive Officer Total,School Networks Total,Network 7 Total,Cyrus H Mccormick School Total,,,,,,,,,N
U24911,William Penn School,,CPS Public School,,Elementary School,1,6,U24910,Board of Trustees Total,Chief Executive Officer Total,School Networks Total,Network 7 Total,William Penn School Total,William Penn School,,Schools,,,,,,N
U25791,Daniel Webster School,,CPS Public School,,Elementary School,1,6,U25790,Board of Trustees Total,Chief Executive Officer Total,School Networks Total,Network 5 Total,Daniel Webster School Total,Daniel Webster School,,Schools,,,,,,N
U25910,Richard Yates Elementary School Total,,,,,0,5,U02450,Board of Trustees Total,Chief Executive Officer Total,School Networks Total,Network 5 Total,Richard Yates Elementary School Total,,,,,,,,,N
U30101,Ruben Salazar Bilingual Education Center School,,CPS Public School,,Elementary School,1,6,U30100,Board of Trustees Total,Chief Executive Officer Total,School Networks Total,Independent Schools Network Total,Ruben Salazar Bilingual Education Center School Total,Ruben Salazar Bilingual Education Center School,,Schools,,,,,,N
U27000,MSAC - Avondale Irving Park Area Elementary School Total,,,,,0,5,U00080,Board of Trustees Total,Chief Executive Officer Total,School Networks Total,Undesignated Schools Network Total,MSAC - Avondale Irving Park Area Elementary School Total,,,,,,,,,N
U26220,Ignace Paderewski School Total,,,,,0,5,U02470,Board of Trustees Total,Chief Executive Officer Total,School Networks Total,Network 7 Total,Ignace Paderewski School Total,,,,,,,,,N
U31221,Charles Sumner Mathematics & Science Community Academy,,CPS Public School,,Elementary School,1,6,U31220,Board of Trustees Total,Chief Executive Officer Total,School Networks Total,Network 5 Total,Charles Sumner Mathematics & Science Community Academy Total,Charles Sumner Mathematics & Science Community Academy,,Schools,,,,,,N
U25291,Franz Peter Schubert School,,CPS Public School,,Elementary School,1,6,U25290,Board of Trustees Total,Chief Executive Officer Total,School Networks Total,Network 3 Total,Franz Peter Schubert School Total,Franz Peter Schubert School,,Schools,,,,,,N
U25441,Herbert Spencer Math & Science Academy,,CPS Public School,,Elementary School,1,6,U25440,Board of Trustees Total,Chief Executive Officer Total,School Networks Total,Network 3 Total,Herbert Spencer Math & Science Academy Total,Herbert Spencer Math & Science Academy,,Schools,,,,,,N
U46580,MSAC - South Shore Replacement High School Total,,,,,0,5,U00080,Board of Trustees Total,Chief Executive Officer Total,School Networks Total,Undesignated Schools Network Total,MSAC - South Shore Replacement High School Total,,,,,,,,,N
U22961,New Elementary School - South Loop ES,,,,,1,6,U22960,Board of Trustees Total,Chief Executive Officer Total,School Networks Total,Independent Schools Network Total,New Elementary School - South Loop ES Total,New Elementary School - South Loop ES,,Schools,,,,,,N
U31141,Pilsen Community Academy,,CPS Public School,,Elementary School,1,6,U31140,Board of Trustees Total,Chief Executive Officer Total,School Networks Total,Network 7 Total,Pilsen Community Academy Total,Pilsen Community Academy,,Schools,,,,,,N
U41041,Francisco I Madero Middle School,,CPS Public School,,Elementary School,1,6,U41040,Board of Trustees Total,Chief Executive Officer Total,School Networks Total,Network 7 Total,Francisco I Madero Middle School Total,Francisco I Madero Middle School,,Schools,,,,,,N
U66531,Addams High School,,CPS Public School,,High School,1,6,U66530,Board of Trustees Total,Chief Executive Officer Total,School Networks Total,Network 7 Total,Addams High School Total,Addams High School,,Schools,,,,,,N
U25290,Franz Peter Schubert School Total,,,,,0,5,U02430,Board of Trustees Total,Chief Executive Officer Total,School Networks Total,Network 3 Total,Franz Peter Schubert School Total,,,,,,,,,N
U66106,YCCS - Academy of Scholastic Achievement HS,,,,,1,5,U60005,Board of Trustees Total,Chief Executive Officer Total,School Networks Total,Charter Schools Network Total,YCCS - Academy of Scholastic Achievement HS,,,Schools,,,,,,N
U66108,YCCS - ASPIRA Antonia Pantoja Alternative HS,,,,,1,5,U60005,Board of Trustees Total,Chief Executive Officer Total,School Networks Total,Charter Schools Network Total,YCCS - ASPIRA Antonia Pantoja Alternative HS,,,Schools,,,,,,N
U69115,Northside Cath Academy,,Non-Public School,,Elementary School,1,5,U69000,Board of Trustees Total,Chief Executive Officer Total,School Networks Total,Non-Public Schools Network Total,Northside Cath Academy,,,Schools,,,,,,N
U69119,St. Catherine of Alexandria,,,,,1,5,U69000,Board of Trustees Total,Chief Executive Officer Total,School Networks Total,Non-Public Schools Network Total,St. Catherine of Alexandria,,,Schools,,,,,,N
U69120,St Helen School,,Non-Public School,,Elementary School,1,5,U69000,Board of Trustees Total,Chief Executive Officer Total,School Networks Total,Non-Public Schools Network Total,St Helen School,,,Schools,,,,,,N
U66394,Acero Charter Schools - Major Hector P. Garcia MD,,Charter School,,High School,1,5,U60005,Board of Trustees Total,Chief Executive Officer Total,School Networks Total,Charter Schools Network Total,Acero Charter Schools - Major Hector P. Garcia MD,,,Schools,,,,,,N
U23161,James B Farnsworth School,,CPS Public School,,Elementary School,1,6,U23160,Board of Trustees Total,Chief Executive Officer Total,School Networks Total,Network 1 Total,James B Farnsworth School Total,James B Farnsworth School,,Schools,,,,,,N
U23730,Patrick Henry School Total,,,,,0,5,U02410,Board of Trustees Total,Chief Executive Officer Total,School Networks Total,Network 1 Total,Patrick Henry School Total,,,,,,,,,N
U69123,St. Hilary School,,Non-Public School,,Elementary School,1,5,U69000,Board of Trustees Total,Chief Executive Officer Total,School Networks Total,Non-Public Schools Network Total,St. Hilary School,,,Schools,,,,,,N
U69314,Joan Dachs Bais Yaakov Elem,,Non-Public School,,Elementary School,1,5,U69000,Board of Trustees Total,Chief Executive Officer Total,School Networks Total,Non-Public Schools Network Total,Joan Dachs Bais Yaakov Elem,,,Schools,,,,,,N
U69208,Nativity Bvm School,,Non-Public School,,Elementary School,1,5,U69000,Board of Trustees Total,Chief Executive Officer Total,School Networks Total,Non-Public Schools Network Total,Nativity Bvm School,,,Schools,,,,,,N
U69216,Our Lady Of Heaven School,,,,,1,5,U69000,Board of Trustees Total,Chief Executive Officer Total,School Networks Total,Non-Public Schools Network Total,Our Lady Of Heaven School,,,Schools,,,,,,N
U49090,Hope College Prep HS Total,,,,,0,5,U02660,Board of Trustees Total,Chief Executive Officer Total,School Networks Total,Network 16 Total,Hope College Prep HS Total,,,,,,,,,N
U49091,Hope College Prep HS,,CPS Public School,,High School,1,6,U49090,Board of Trustees Total,Chief Executive Officer Total,School Networks Total,Network 16 Total,Hope College Prep HS Total,Hope College Prep HS,,Schools,,,,,,N
U49160,TEAM Englewood Community Academy Total,,,,,0,5,U02660,Board of Trustees Total,Chief Executive Officer Total,School Networks Total,Network 16 Total,TEAM Englewood Community Academy Total,,,,,,,,,N
U24761,William J Onahan School,,CPS Public School,,Elementary School,1,6,U24760,Board of Trustees Total,Chief Executive Officer Total,School Networks Total,Network 1 Total,William J Onahan School Total,William J Onahan School,,Schools,,,,,,N
U69629,Shaarei Chinuch Day School,,,,,1,5,U69000,Board of Trustees Total,Chief Executive Officer Total,School Networks Total,Non-Public Schools Network Total,Shaarei Chinuch Day School,,,Schools,,,,,,N
U05061,Area Elementary Instructional Office 6,,Central Office,,,1,5,U02000,Board of Trustees Total,Chief Executive Officer Total,Chief Education Office Total,Network Offices Total,Area Elementary Instructional Office 6,,,Central Office,,,,,,N
U05071,Area Elementary Instructional Office 7,,Central Office,,,1,5,U02000,Board of Trustees Total,Chief Executive Officer Total,Chief Education Office Total,Network Offices Total,Area Elementary Instructional Office 7,,,Central Office,,,,,,N
U53090,David G Farragut Career Academy High School Total,,,,,0,5,U02660,Board of Trustees Total,Chief Executive Officer Total,School Networks Total,Network 16 Total,David G Farragut Career Academy High School Total,,,,,,,,,N
U28361,Chicago Academy Multiplex,,Multiplex,,,1,6,U28360,Board of Trustees Total,Chief Executive Officer Total,School Networks Total,AUSL Schools Network Total,Chicago Academy Multiplex Total,Chicago Academy Multiplex,,Schools,,,,,,N
U26901,Frazier Prepartatory Academy Charter School,,Contract School,,Elementary School,1,5,U60005,Board of Trustees Total,Chief Executive Officer Total,School Networks Total,Charter Schools Network Total,Frazier Prepartatory Academy Charter School,,,Schools,,,,,,N
U29301,Ole A Thorp Scholastic Academy,,CPS Public School,,Elementary School,1,6,U29300,Board of Trustees Total,Chief Executive Officer Total,School Networks Total,Independent Schools Network Total,Ole A Thorp Scholastic Academy Total,Ole A Thorp Scholastic Academy,,Schools,,,,,,N
U69135,Children of Peace,,Non-Public School,,Elementary School,1,5,U69000,Board of Trustees Total,Chief Executive Officer Total,School Networks Total,Non-Public Schools Network Total,Children of Peace,,,Schools,,,,,,N
U69140,Immaculate Conception School (W. Talcott),,Non-Public School,,Elementary School,1,5,U69000,Board of Trustees Total,Chief Executive Officer Total,School Networks Total,Non-Public Schools Network Total,Immaculate Conception School (W. Talcott),,,Schools,,,,,,N
U05121,Area Elementary Instructional Office 12,,Central Office,,,1,5,U02000,Board of Trustees Total,Chief Executive Officer Total,Chief Education Office Total,Network Offices Total,Area Elementary Instructional Office 12,,,Central Office,,,,,,N
U05131,Area Elementary Instructional Office 13,,Central Office,,,1,5,U02000,Board of Trustees Total,Chief Executive Officer Total,Chief Education Office Total,Network Offices Total,Area Elementary Instructional Office 13,,,Central Office,,,,,,N
U05161,Area Elementary Instructional Office 16,,Central Office,,,1,5,U02000,Board of Trustees Total,Chief Executive Officer Total,Chief Education Office Total,Network Offices Total,Area Elementary Instructional Office 16,,,Central Office,,,,,,N
U69219,Our Lady Of Grace School,,Non-Public School,,Elementary School,1,5,U69000,Board of Trustees Total,Chief Executive Officer Total,School Networks Total,Non-Public Schools Network Total,Our Lady Of Grace School,,,Schools,,,,,,N
U66131,Acero Charter Schools - Octavio Paz Campus,,Charter School,,Elementary School,1,5,U60005,Board of Trustees Total,Chief Executive Officer Total,School Networks Total,Charter Schools Network Total,Acero Charter Schools - Octavio Paz Campus,,,Schools,,,,,,N
U66133,Acero Charter Schools - Roberto Clemente,,Charter School,,Elementary School,1,5,U60005,Board of Trustees Total,Chief Executive Officer Total,School Networks Total,Charter Schools Network Total,Acero Charter Schools - Roberto Clemente,,,Schools,,,,,,N
U66134,Acero Charter Schools - Sor Juana Ines de la Cruz,,Charter School,,Elementary School,1,5,U60005,Board of Trustees Total,Chief Executive Officer Total,School Networks Total,Charter Schools Network Total,Acero Charter Schools - Sor Juana Ines de la Cruz,,,Schools,,,,,,N
U69148,St Jane De Chantal School,,Non-Public School,,Elementary School,1,5,U69000,Board of Trustees Total,Chief Executive Officer Total,School Networks Total,Non-Public Schools Network Total,St Jane De Chantal School,,,Schools,,,,,,N
U69327,North Shore SDA Junior Academy,,,,,1,5,U69000,Board of Trustees Total,Chief Executive Officer Total,School Networks Total,Non-Public Schools Network Total,North Shore SDA Junior Academy,,,Schools,,,,,,N
U69331,St. Paul Lutheran School (Menard),,Non-Public School,,Elementary School,1,5,U69000,Board of Trustees Total,Chief Executive Officer Total,School Networks Total,Non-Public Schools Network Total,St. Paul Lutheran School (Menard),,,Schools,,,,,,N
U69230,Our Lady Of The Snows School,,Non-Public School,,Elementary School,1,5,U69000,Board of Trustees Total,Chief Executive Officer Total,School Networks Total,Non-Public Schools Network Total,Our Lady Of The Snows School,,,Schools,,,,,,N
U69458,Near North Montessori A,,Non-Public School,,Elementary School,1,5,U69000,Board of Trustees Total,Chief Executive Officer Total,School Networks Total,Non-Public Schools Network Total,Near North Montessori A,,,Schools,,,,,,N
U63144,Excel Southwest HS,,,,,1,5,U63000,Board of Trustees Total,Chief Executive Officer Total,School Networks Total,Contract Schools Network Total,Excel Southwest HS,,,Schools,,,,,,N
U69336,Lutheran Education Foundation,,Non-Public School - Other,,Grade Type TBD,1,5,U69000,Board of Trustees Total,Chief Executive Officer Total,School Networks Total,Non-Public Schools Network Total,Lutheran Education Foundation,,,Schools,,,,,,N
U69337,St. Philip Lutheran,,Non-Public School,,Elementary School,1,5,U69000,Board of Trustees Total,Chief Executive Officer Total,School Networks Total,Non-Public Schools Network Total,St. Philip Lutheran,,,Schools,,,,,,N
U69638,CHAMBERLAIN INT 61366 -U69638,,,,,1,5,U69000,Board of Trustees Total,Chief Executive Officer Total,School Networks Total,Non-Public Schools Network Total,CHAMBERLAIN INT 61366 -U69638,,,Schools,,,,,,N
U69639,Little Keswick,,,,,1,5,U69000,Board of Trustees Total,Chief Executive Officer Total,School Networks Total,Non-Public Schools Network Total,Little Keswick,,,Schools,,,,,,N
U69466,Sullivan House (A),,Non-Public School - Other,,Grade Type TBD,1,5,U69000,Board of Trustees Total,Chief Executive Officer Total,School Networks Total,Non-Public Schools Network Total,Sullivan House (A),,,Schools,,,,,,N
U46170,Hyde Park Career Academy Total,,,,,0,5,U02670,Board of Trustees Total,Chief Executive Officer Total,School Networks Total,Network 17 Total,Hyde Park Career Academy Total,,,,,,,,,N
U69000,Non-Public Schools Network Total,,,,,0,4,U02005,Board of Trustees Total,Chief Executive Officer Total,School Networks Total,Non-Public Schools Network Total,,,,,,,,,,N
U69155,Mesivta Shaarei Adirim,,,,,1,5,U69000,Board of Trustees Total,Chief Executive Officer Total,School Networks Total,Non-Public Schools Network Total,Mesivta Shaarei Adirim,,,Schools,,,,,,N
U69156,St John De La Salle School,,Non-Public School,,Elementary School,1,5,U69000,Board of Trustees Total,Chief Executive Officer Total,School Networks Total,Non-Public Schools Network Total,St John De La Salle School,,,Schools,,,,,,N
U02121,Pershing Elementary Network,,Central Office,,,1,5,U02000,Board of Trustees Total,Chief Executive Officer Total,Chief Education Office Total,Network Offices Total,Pershing Elementary Network,,,Central Office,,,,,,N
U02131,Englewood-Gresham Elementary Network,,Central Office,,,1,5,U02000,Board of Trustees Total,Chief Executive Officer Total,Chief Education Office Total,Network Offices Total,Englewood-Gresham Elementary Network,,,Central Office,,,,,,N
U46330,George Washington High School Total,,,,,0,5,U02670,Board of Trustees Total,Chief Executive Officer Total,School Networks Total,Network 17 Total,George Washington High School Total,,,,,,,,,N
U63071,Urban Prep Charter Academy for Young Men High School - West Campus,,Charter School,,High School,1,5,U60005,Board of Trustees Total,Chief Executive Officer Total,School Networks Total,Charter Schools Network Total,Urban Prep Charter Academy for Young Men High School - West Campus,,,Schools,,,,,,N
U69013,Mercy Home for Girls,,Non-Public School - Other,,Grade Type TBD,1,5,U69000,Board of Trustees Total,Chief Executive Officer Total,School Networks Total,Non-Public Schools Network Total,Mercy Home for Girls,,,Schools,,,,,,N
U69016,Francis W. Parker School,,Non-Public School,,Elementary School,1,5,U69000,Board of Trustees Total,Chief Executive Officer Total,School Networks Total,Non-Public Schools Network Total,Francis W. Parker School,,,Schools,,,,,,N
U69024,Master's Academy,,Non-Public School,,Elementary School,1,5,U69000,Board of Trustees Total,Chief Executive Officer Total,School Networks Total,Non-Public Schools Network Total,Master's Academy,,,Schools,,,,,,N
U69253,Queen Of All Saints School,,Non-Public School,,Elementary School,1,5,U69000,Board of Trustees Total,Chief Executive Officer Total,School Networks Total,Non-Public Schools Network Total,Queen Of All Saints School,,,Schools,,,,,,N
U66145,Noble Street Charter High School - Golder Campus,,Charter School,,High School,1,5,U60005,Board of Trustees Total,Chief Executive Officer Total,School Networks Total,Charter Schools Network Total,Noble Street Charter High School - Golder Campus,,,Schools,,,,,,N
U66148,Noble - John and Eunice Johnson College Prep,,Charter School,,High School,1,5,U60005,Board of Trustees Total,Chief Executive Officer Total,School Networks Total,Charter Schools Network Total,Noble - John and Eunice Johnson College Prep,,,Schools,,,,,,N
U66151,Alain Locke Charter School,,Charter School,,Elementary School,1,5,U60005,Board of Trustees Total,Chief Executive Officer Total,School Networks Total,Charter Schools Network Total,Alain Locke Charter School,,,Schools,,,,,,N
U12694,Other Government Funded,,Central Office,,,1,6,U00020,Board of Trustees Total,Chief Executive Officer Total,Finance Total,Budget Management Office Total,District Wide Liabilities & Contingencies Total,Other Government Funded,,Central Office,,,,,,N
U69536,German School of Chicago,,,,,1,5,U69000,Board of Trustees Total,Chief Executive Officer Total,School Networks Total,Non-Public Schools Network Total,German School of Chicago,,,Schools,,,,,,N
U05171,Area Elementary Instructional Office 17,,Central Office,,,1,5,U02000,Board of Trustees Total,Chief Executive Officer Total,Chief Education Office Total,Network Offices Total,Area Elementary Instructional Office 17,,,Central Office,,,,,,N
U66501,Calumet Multiplex,,Multiplex,,,1,5,U60005,Board of Trustees Total,Chief Executive Officer Total,School Networks Total,Charter Schools Network Total,Calumet Multiplex,,,Schools,,,,,,N
U66565,LEARN Charter School - 6th Campus,,Charter School,,Grade Type TBD,1,5,U60005,Board of Trustees Total,Chief Executive Officer Total,School Networks Total,Charter Schools Network Total,LEARN Charter School - 6th Campus,,,Schools,,,,,,N
U66304,Banner LINC North,, Alternative School,,Elementary School,1,6,U66300,Board of Trustees Total,Chief Executive Officer Total,School Networks Total,Alternative Schools Network Total,LINC Alternative HS Total,Banner LINC North,,Schools,,,,,,N
U69049,St Barbara,,Non-Public School,,Elementary School,1,5,U69000,Board of Trustees Total,Chief Executive Officer Total,School Networks Total,Non-Public Schools Network Total,St Barbara,,,Schools,,,,,,N
U69055,UCAN,,Non-Public School - Other,,Grade Type TBD,1,5,U69000,Board of Trustees Total,Chief Executive Officer Total,School Networks Total,Non-Public Schools Network Total,UCAN,,,Schools,,,,,,N
U12910,Region Two Administration - City Wide,,City Wide,,,1,5,U02000,Board of Trustees Total,Chief Executive Officer Total,Chief Education Office Total,Network Offices Total,Region Two Administration - City Wide,,,City Wide,,,,,,N
U66571,Rowe Elementary Charter School,,Charter School,,Elementary School,1,5,U60005,Board of Trustees Total,Chief Executive Officer Total,School Networks Total,Charter Schools Network Total,Rowe Elementary Charter School,,,Schools,,,,,,N
U46371,Dr Martin Luther King Jr College Prep HS,,CPS Public School,,High School,1,6,U46370,Board of Trustees Total,Chief Executive Officer Total,School Networks Total,Network 17 Total,KIng Selective Enrollment HS Total,Dr Martin Luther King Jr College Prep HS,,Schools,,,,,,N
U46372,KIng Selective Enrollment HS,,CPS Public School,,High School,1,6,U46370,Board of Trustees Total,Chief Executive Officer Total,School Networks Total,Network 17 Total,KIng Selective Enrollment HS Total,KIng Selective Enrollment HS,,Schools,,,,,,N
U69082,St Constance School,,Non-Public School,,Elementary School,1,5,U69000,Board of Trustees Total,Chief Executive Officer Total,School Networks Total,Non-Public Schools Network Total,St Constance School,,,Schools,,,,,,N
U69179,Interculture Montessori,,,,,1,5,U69000,Board of Trustees Total,Chief Executive Officer Total,School Networks Total,Non-Public Schools Network Total,Interculture Montessori,,,Schools,,,,,,N
U69371,Cornerstone Academy,,Non-Public School,,High School,1,5,U69000,Board of Trustees Total,Chief Executive Officer Total,School Networks Total,Non-Public Schools Network Total,Cornerstone Academy,,,Schools,,,,,,N
U69270,Sacred Heart School,,Non-Public School,,Elementary School,1,5,U69000,Board of Trustees Total,Chief Executive Officer Total,School Networks Total,Non-Public Schools Network Total,Sacred Heart School,,,Schools,,,,,,N
U69281,St. Tarcissus School,,Non-Public School,,Elementary School,1,5,U69000,Board of Trustees Total,Chief Executive Officer Total,School Networks Total,Non-Public Schools Network Total,St. Tarcissus School,,,Schools,,,,,,N
U69285,St Therese School,,Non-Public School,,Elementary School,1,5,U69000,Board of Trustees Total,Chief Executive Officer Total,School Networks Total,Non-Public Schools Network Total,St Therese School,,,Schools,,,,,,N
U65021,Bridgescape Academy Brainerd,,,,,1,5,U60005,Board of Trustees Total,Chief Executive Officer Total,School Networks Total,Charter Schools Network Total,Bridgescape Academy Brainerd,,,Schools,,,,,,N
U69089,Association House of Chicago,,Non-Public School - Other,,Grade Type TBD,1,5,U69000,Board of Trustees Total,Chief Executive Officer Total,School Networks Total,Non-Public Schools Network Total,Association House of Chicago,,,Schools,,,,,,N
U02521,Network 12,,,,,1,5,U02000,Board of Trustees Total,Chief Executive Officer Total,Chief Education Office Total,Network Offices Total,Network 12,,,Schools,,,,,,N
U69563,Metro Primary Academy,,Non-Public School,,Elementary School,1,5,U69000,Board of Trustees Total,Chief Executive Officer Total,School Networks Total,Non-Public Schools Network Total,Metro Primary Academy,,,Schools,,,,,,N
U69099,Cheder Lubavitch Hebrew School,,,,,1,5,U69000,Board of Trustees Total,Chief Executive Officer Total,School Networks Total,Non-Public Schools Network Total,Cheder Lubavitch Hebrew School,,,Schools,,,,,,N
U02231,West Side High School Network,,Central Office,,,1,5,U02000,Board of Trustees Total,Chief Executive Officer Total,Chief Education Office Total,Network Offices Total,West Side High School Network,,,Central Office,,,,,,N
U02241,South Side High School Network,,Central Office,,,1,5,U02000,Board of Trustees Total,Chief Executive Officer Total,Chief Education Office Total,Network Offices Total,South Side High School Network,,,Central Office,,,,,,N
U69604,GCE Lab School,,,,,1,5,U69000,Board of Trustees Total,Chief Executive Officer Total,School Networks Total,Non-Public Schools Network Total,GCE Lab School,,,Schools,,,,,,N
U69102,St Florian School,,Non-Public School,,Elementary School,1,5,U69000,Board of Trustees Total,Chief Executive Officer Total,School Networks Total,Non-Public Schools Network Total,St Florian School,,,Schools,,,,,,N
U23821,Charles N Holden School,,CPS Public School,,Elementary School,1,6,U23820,Board of Trustees Total,Chief Executive Officer Total,School Networks Total,Independent Schools Network Total,Charles N Holden School Total,Charles N Holden School,,Schools,,,,,,N
U23961,Joseph Jungman STEM Magnet Elementary School,,CPS Public School,,Elementary School,1,6,U23960,Board of Trustees Total,Chief Executive Officer Total,School Networks Total,Independent Schools Network Total,Joseph Jungman STEM Magnet Elementary School Total,Joseph Jungman STEM Magnet Elementary School,,Schools,,,,,,N
U24052,Cardenas Branch,,CPS Public School,,Elementary School,1,6,U24050,Board of Trustees Total,Chief Executive Officer Total,School Networks Total,Independent Schools Network Total,Lazaro Cardenas School Total,Cardenas Branch,,Schools,,,,,,N
U69398,Resurrection High School,,Non-Public School,,High School,1,5,U69000,Board of Trustees Total,Chief Executive Officer Total,School Networks Total,Non-Public Schools Network Total,Resurrection High School,,,Schools,,,,,,N
U53021,Dunbar Career Academy High School,,CPS Public School,,High School,1,6,U53020,Board of Trustees Total,Chief Executive Officer Total,School Networks Total,Network 17 Total,Dunbar Vocational Career Academy Total,Dunbar Career Academy High School,,Schools,,,,,,N
U53022,Dunbar Vocational Career Academy - Evening HS,,CPS Public School,,High School,1,6,U53020,Board of Trustees Total,Chief Executive Officer Total,School Networks Total,Network 17 Total,Dunbar Vocational Career Academy Total,Dunbar Vocational Career Academy - Evening HS,,Schools,,,,,,N
U20100,AUSL Schools Network Total,,,,,0,4,U02005,Board of Trustees Total,Chief Executive Officer Total,School Networks Total,AUSL Schools Network Total,,,,,,,,,,N
U29100,LaSalle Language Magnet Total,,,,,0,5,U02270,Board of Trustees Total,Chief Executive Officer Total,School Networks Total,Independent Schools Network Total,LaSalle Language Magnet Total,,,,,,,,,N
U69301,American School,,,,,1,5,U69000,Board of Trustees Total,Chief Executive Officer Total,School Networks Total,Non-Public Schools Network Total,American School,,,Schools,,,,,,N
U69609,Notre Dame College Prep,,,,,1,5,U69000,Board of Trustees Total,Chief Executive Officer Total,School Networks Total,Non-Public Schools Network Total,Notre Dame College Prep,,,Schools,,,,,,N
U69612,Ravenswood Baptist Christian School,,,,,1,5,U69000,Board of Trustees Total,Chief Executive Officer Total,School Networks Total,Non-Public Schools Network Total,Ravenswood Baptist Christian School,,,Schools,,,,,,N
U26850,Princeton AC Total,,,,,0,5,U02510,Board of Trustees Total,Chief Executive Officer Total,School Networks Total,Network 11 Total,Princeton AC Total,,,,,,,,,N
U41061,Frederick A Douglass Academy High School,,CPS Public School,,High School,1,6,U41060,Board of Trustees Total,Chief Executive Officer Total,School Networks Total,Network 15 Total,Frederick A Douglass Middle Academy Total,Frederick A Douglass Academy High School,,Schools,,,,,,N
U49040,Consuella B York Alternative High School Total,,,,,0,5,U02550,Board of Trustees Total,Chief Executive Officer Total,School Networks Total,Options Network Total,Consuella B York Alternative High School Total,,,,,,,,,N
U49050,Simpson Academy for Young Women Total,,,,,0,5,U02550,Board of Trustees Total,Chief Executive Officer Total,School Networks Total,Options Network Total,Simpson Academy for Young Women Total,,,,,,,,,N
U66490,Prologue W.E.B. DuBois Academy Total,,,,,0,6,U67000,Board of Trustees Total,Chief Executive Officer Total,School Collaboratives Total,School Collaborative - Other Total,Alternative Schools Total,Prologue W.E.B. DuBois Academy Total,,,,,,,,N
U29060,Elaine O Goodlow Magnet School Total,,,,,0,5,U02510,Board of Trustees Total,Chief Executive Officer Total,School Networks Total,Network 11 Total,Elaine O Goodlow Magnet School Total,,,,,,,,,N
U29061,Elaine O Goodlow Magnet School,,CPS Public School,,Elementary School,1,6,U29060,Board of Trustees Total,Chief Executive Officer Total,School Networks Total,Network 11 Total,Elaine O Goodlow Magnet School Total,Elaine O Goodlow Magnet School,,Schools,,,,,,N
U25540,William K Sullivan Specialty School Total,,,,,0,5,U02520,Board of Trustees Total,Chief Executive Officer Total,School Networks Total,Network 12 Total,William K Sullivan Specialty School Total,,,,,,,,,N
U24261,Robert H Lawrence Elementary School,,CPS Public School,,Elementary School,1,6,U24260,Board of Trustees Total,Chief Executive Officer Total,School Networks Total,Network 13 Total,Robert H Lawrence Elementary School Total,Robert H Lawrence Elementary School,,Schools,,,,,,N
U28211,Ross Multiplex,,Multiplex,,,1,7,U28210,Board of Trustees Total,Chief Executive Officer Total,School Collaboratives Total,South Side Collaborative Total,Burnham Park Elementary Network Total,Ross Multiplex Total,,Schools,,,,,,N
U66640,Legal Prep Charter Academy Total,,,,,0,6,U60005,Board of Trustees Total,Chief Executive Officer Total,School Collaboratives Total,School Collaborative - Other Total,Charter/Contract Schools Total,Legal Prep Charter Academy Total,,,,,,,,N
U29111,A Philip Randolph Magnet School,,CPS Public School,,Elementary School,1,6,U29110,Board of Trustees Total,Chief Executive Officer Total,School Networks Total,Network 11 Total,A Philip Randolph Magnet School Total,A Philip Randolph Magnet School,,Schools,,,,,,N
U29360,Ted Lenart Regional Gifted Center Total,,,,,0,5,U02510,Board of Trustees Total,Chief Executive Officer Total,School Networks Total,Network 11 Total,Ted Lenart Regional Gifted Center Total,,,,,,,,,N
U29361,Ted Lenart Regional Gifted Center,,CPS Public School,,Elementary School,1,6,U29360,Board of Trustees Total,Chief Executive Officer Total,School Networks Total,Network 11 Total,Ted Lenart Regional Gifted Center Total,Ted Lenart Regional Gifted Center,,Schools,,,,,,N
U53100,Marie Sklodowska Curie Metropolitan High School Total,,,,,0,5,U02650,Board of Trustees Total,Chief Executive Officer Total,School Networks Total,Network 15 Total,Marie Sklodowska Curie Metropolitan High School Total,,,,,,,,,N
U55150,Infinity Math Total,,,,,0,5,U02650,Board of Trustees Total,Chief Executive Officer Total,School Networks Total,Network 15 Total,Infinity Math Total,,,,,,,,,N
U25630,Monarcas Academy Total,,,,,0,5,U02480,Board of Trustees Total,Chief Executive Officer Total,School Networks Total,Network 8 Total,Monarcas Academy Total,,,,,,,,,N
U25631,Monarcas Academy,,CPS Public School,,Elementary School,1,6,U25630,Board of Trustees Total,Chief Executive Officer Total,School Networks Total,Network 8 Total,Monarcas Academy Total,Monarcas Academy,,Schools,,,,,,N
U25952,Daley Branch,,CPS Public School,,Elementary School,1,6,U25950,Board of Trustees Total,Chief Executive Officer Total,School Networks Total,Network 8 Total,Richard J Daley Academy Total,Daley Branch,,Schools,,,,,,N
U23560,Bret Harte Elementary School Total,,,,,0,5,U02490,Board of Trustees Total,Chief Executive Officer Total,School Networks Total,Network 9 Total,Bret Harte Elementary School Total,,,,,,,,,N
U46120,Paul Robeson High School Total,,,,,0,5,U02510,Board of Trustees Total,Chief Executive Officer Total,School Networks Total,Network 11 Total,Paul Robeson High School Total,,,,,,,,,N
U46230,Robert Lindblom Technical High School Total,,,,,0,5,U02510,Board of Trustees Total,Chief Executive Officer Total,School Networks Total,Network 11 Total,Robert Lindblom Technical High School Total,,,,,,,,,N
U26921,Disney II Magnet School,,CPS Public School,,Elementary School,1,6,U26920,Board of Trustees Total,Chief Executive Officer Total,School Networks Total,Network 14 Total,Disney II Magnet School Total,Disney II Magnet School,,Schools,,,,,,N
U55170,School of Social Justice (at Little Village) Total,,,,,0,5,U02650,Board of Trustees Total,Chief Executive Officer Total,School Networks Total,Network 15 Total,School of Social Justice (at Little Village) Total,,,,,,,,,N
U25761,Joseph Warren Elementary School,,CPS Public School,,Elementary School,1,6,U25760,Board of Trustees Total,Chief Executive Officer Total,School Networks Total,Network 12 Total,Joseph Warren Elementary School Total,Joseph Warren Elementary School,,Schools,,,,,,N
U26191,Arthur R Ashe Jr Elementary School,,CPS Public School,,Elementary School,1,6,U26190,Board of Trustees Total,Chief Executive Officer Total,School Networks Total,Network 12 Total,Arthur R Ashe Jr Elementary School Total,Arthur R Ashe Jr Elementary School,,Schools,,,,,,N
U25360,James Shields Elementary School Total,,,,,0,5,U02480,Board of Trustees Total,Chief Executive Officer Total,School Networks Total,Network 8 Total,James Shields Elementary School Total,,,,,,,,,N
U26261,Anthony Overton School,,CPS Public School,,Elementary School,1,6,U26260,Board of Trustees Total,Chief Executive Officer Total,School Networks Total,Network 9 Total,Anthony Overton School Total,Anthony Overton School,,Schools,,,,,,N
U26262,Overton Child-Parent-Center - Overton,,CPS Public School,,Elementary School,1,6,U26260,Board of Trustees Total,Chief Executive Officer Total,School Networks Total,Network 9 Total,Anthony Overton School Total,Overton Child-Parent-Center - Overton,,Schools,,,,,,N
U46031,Roald Amundsen High School,,CPS Public School,,High School,1,6,U46030,Board of Trustees Total,Chief Executive Officer Total,School Networks Total,Network 14 Total,Roald Amundsen High School Total,Roald Amundsen High School,,Schools,,,,,,N
U50031,Partee APC,,CPS Public School,,High School,1,6,U50030,Board of Trustees Total,Chief Executive Officer Total,School Networks Total,Network 11 Total,Partee APC Total,Partee APC,,Schools,,,,,,N
U26290,Adam Clayton Powell Jr Paid Eia Community Academy Total,,,,,0,5,U02520,Board of Trustees Total,Chief Executive Officer Total,School Networks Total,Network 12 Total,Adam Clayton Powell Jr Paid Eia Community Academy Total,,,,,,,,,N
U25041,George M Pullman School,,CPS Public School,,Elementary School,1,6,U25040,Board of Trustees Total,Chief Executive Officer Total,School Networks Total,Network 13 Total,George M Pullman School Total,George M Pullman School,,Schools,,,,,,N
U25250,Songhai Learning Institute Total,,,,,0,5,U02530,Board of Trustees Total,Chief Executive Officer Total,School Networks Total,Network 13 Total,Songhai Learning Institute Total,,,,,,,,,N
U25380,John D Shoop Elementary School Total,,,,,0,5,U02530,Board of Trustees Total,Chief Executive Officer Total,School Networks Total,Network 13 Total,John D Shoop Elementary School Total,,,,,,,,,N
U66130,UNO Charter School - Octavia Paz Total,,,,,0,6,U60005,Board of Trustees Total,Chief Executive Officer Total,School Collaboratives Total,School Collaborative - Other Total,Charter/Contract Schools Total,UNO Charter School - Octavia Paz Total,,,,,,,,N
U46541,DuSable Multiplex,,Multiplex,,,1,6,U46540,Board of Trustees Total,Chief Executive Officer Total,School Networks Total,Network 9 Total,DuSable Multiplex Total,DuSable Multiplex,,Schools,,,,,,N
U50050,John H Sengstacke/Transition Center D Total,,,,,0,5,U02490,Board of Trustees Total,Chief Executive Officer Total,School Networks Total,Network 9 Total,John H Sengstacke/Transition Center D Total,,,,,,,,,N
U55120,KIPP- CYVA Total,,,,,0,5,U02490,Board of Trustees Total,Chief Executive Officer Total,School Networks Total,Network 9 Total,KIPP- CYVA Total,,,,,,,,,N
U55090,South Shore School of Technology Total,,,,,0,5,U02520,Board of Trustees Total,Chief Executive Officer Total,School Networks Total,Network 12 Total,South Shore School of Technology Total,,,,,,,,,N
U24152,Lewis Br - Lewis,,Inactive School,,Elementary School,1,7,U24150,Board of Trustees Total,Chief Executive Officer Total,School Collaboratives Total,West Side Collaborative Total,Austin-North Lawndale Elementary Network Total,Leslie Lewis School Total,,Schools,,,,,,N
U55131,Williams Middle School,,CPS Public School,,Elementary School,1,6,U55130,Board of Trustees Total,Chief Executive Officer Total,School Networks Total,Network 9 Total,Williams Middle School Total,Williams Middle School,,Schools,,,,,,N
U46190,Kelvyn Park High School Total,,,,,0,5,U02640,Board of Trustees Total,Chief Executive Officer Total,School Networks Total,Network 14 Total,Kelvyn Park High School Total,,,,,,,,,N
U46191,Kelvyn Park High School,,CPS Public School,,High School,1,6,U46190,Board of Trustees Total,Chief Executive Officer Total,School Networks Total,Network 14 Total,Kelvyn Park High School Total,Kelvyn Park High School,,Schools,,,,,,N
U27101,MSAC - Powell Replacement Elementary School,,CPS Public School,,Elementary School,1,6,U27100,Board of Trustees Total,Chief Executive Officer Total,School Networks Total,Network 12 Total,MSAC - Powell Replacement Elementary School Total,MSAC - Powell Replacement Elementary School,,Schools,,,,,,N
U28231,Fermi Multiplex,,Multiplex,,,1,6,U28230,Board of Trustees Total,Chief Executive Officer Total,School Networks Total,Network 12 Total,Fermi Multiplex Total,Fermi Multiplex,,Schools,,,,,,N
U63130,Instituto Health Sciences Career Academy Total,,,,,0,6,U60005,Board of Trustees Total,Chief Executive Officer Total,School Collaboratives Total,School Collaborative - Other Total,Charter/Contract Schools Total,Instituto Health Sciences Career Academy Total,,,,,,,,N
U24341,Marquette Elementary,,AUSL School,,Elementary School,1,6,U24340,Board of Trustees Total,Chief Executive Officer Total,School Networks Total,Network 10 Total,Marquette Elementary Total,Marquette Elementary,,Schools,,,,,,N
U25472,Adlai E Stevenson Branch,,CPS Public School,,Elementary School,1,6,U25470,Board of Trustees Total,Chief Executive Officer Total,School Networks Total,Network 10 Total,Adlai E Stevenson School Total,Adlai E Stevenson Branch,,Schools,,,,,,N
U46221,Albert G Lane Technical High School,,CPS Public School,,High School,1,6,U46220,Board of Trustees Total,Chief Executive Officer Total,School Networks Total,Network 14 Total,Albert G Lane Technical High School Total,Albert G Lane Technical High School,,Schools,,,,,,N
U46241,Stephen T Mather High School,,CPS Public School,,High School,1,6,U46240,Board of Trustees Total,Chief Executive Officer Total,School Networks Total,Network 14 Total,Stephen T Mather High School Total,Stephen T Mather High School,,Schools,,,,,,N
U25771,George Washington School,,CPS Public School,,Elementary School,1,6,U25770,Board of Trustees Total,Chief Executive Officer Total,School Networks Total,Network 13 Total,George Washington School Total,George Washington School,,Schools,,,,,,N
U25831,John Whistler Elementary School,,CPS Public School,,Elementary School,1,6,U25830,Board of Trustees Total,Chief Executive Officer Total,School Networks Total,Network 13 Total,John Whistler Elementary School Total,John Whistler Elementary School,,Schools,,,,,,N
U46202,John F Kennedy High School - Evening HS,,Inactive School,,High School,1,7,U46200,Board of Trustees Total,Chief Executive Officer Total,School Collaboratives Total,Southwest Side Collaborative Total,Southwest Side High School Network Total,John F Kennedy High School Total,,Schools,,,,,,N
U26702,New Hope - Fairfield Branch,,CPS Public School,,Elementary School,1,6,U26700,Board of Trustees Total,Chief Executive Officer Total,School Networks Total,Network 10 Total,Fairfield Academy Total,New Hope - Fairfield Branch,,Schools,,,,,,N
U22291,Myra Bradwell Communication Arts & Sciences Academy,,AUSL School,,Elementary School,1,6,U22290,Board of Trustees Total,Chief Executive Officer Total,School Networks Total,Network 12 Total,Myra Bradwell Communication Arts & Sciences Academy Total,Myra Bradwell Communication Arts & Sciences Academy,,Schools,,,,,,N
U70020,Walter Payton College Preperatory HS,,CPS Public School,,High School,1,5,U02650,Board of Trustees Total,Chief Executive Officer Total,School Networks Total,Network 15 Total,Walter Payton College Preperatory HS,,,Schools,,,,,,N
U25450,John Spry Community School Total,,,,,0,5,U02660,Board of Trustees Total,Chief Executive Officer Total,School Networks Total,Network 16 Total,John Spry Community School Total,,,,,,,,,N
U02240,South Side High School Network Total,,,,,0,5,U02340,Board of Trustees Total,Chief Executive Office Total,School Collaboratives Total,South Side Collaborative Total,South Side High School Network Total,,,,,,,,,N
U22832,Peter Cooper Dual Language Academy Branch,,Inactive School,,Elementary School,1,7,U22830,Board of Trustees Total,Chief Executive Officer Total,School Collaboratives Total,West Side Collaborative Total,Pilsen-Little Village Elementary Network Total,Peter Cooper Dual Language Academy Total,,Schools,,,,,,N
U22242,John G Shedd Branch - Bennett,,CPS Public School,,Elementary School,1,6,U22240,Board of Trustees Total,Chief Executive Officer Total,School Networks Total,Network 13 Total,Frank I Bennett School Total,John G Shedd Branch - Bennett,,Schools,,,,,,N
U29380,Robert A Black Magnet School Total,,,,,0,5,U02520,Board of Trustees Total,Chief Executive Officer Total,School Networks Total,Network 12 Total,Robert A Black Magnet School Total,,,,,,,,,N
U29382,Black Robert A Br - Black Magnet,,CPS Public School,,Elementary School,1,6,U29380,Board of Trustees Total,Chief Executive Officer Total,School Networks Total,Network 12 Total,Robert A Black Magnet School Total,Black Robert A Br - Black Magnet,,Schools,,,,,,N
U30070,Blair Early Childhood Center Total,,,,,0,5,U02500,Board of Trustees Total,Chief Executive Officer Total,School Networks Total,Network 10 Total,Blair Early Childhood Center Total,,,,,,,,,N
U32021,Lionel Hampton Fine and Performing Arts School,,CPS Public School,,Elementary School,1,6,U32020,Board of Trustees Total,Chief Executive Officer Total,School Networks Total,Network 10 Total,Lionel Hampton Fine and Performing Arts School Total,Lionel Hampton Fine and Performing Arts School,,Schools,,,,,,N
U22931,Charles S Deneen School,,AUSL School,,Elementary School,1,5,U02520,Board of Trustees Total,Chief Executive Officer Total,School Networks Total,Network 12 Total,Charles S Deneen School,,,Schools,,,,,,N
U26751,Johnnie Colemon School,,CPS Public School,,Elementary School,1,6,U26750,Board of Trustees Total,Chief Executive Officer Total,School Networks Total,Network 13 Total,Johnnie Colemon School Total,Johnnie Colemon School,,Schools,,,,,,N
U27060,MSAC - Langston Hughes / Davis Replacement Elementary School Total,,,,,0,5,U02530,Board of Trustees Total,Chief Executive Officer Total,School Networks Total,Network 13 Total,MSAC - Langston Hughes / Davis Replacement Elementary School Total,,,,,,,,,N
U23822,Holden Branch Delivery,,Inactive School,,Elementary School,1,7,U23820,Board of Trustees Total,Chief Executive Officer Total,School Collaboratives Total,Southwest Side Collaborative Total,Pershing Elementary Network Total,Charles N Holden School Total,,Schools,,,,,,N
U22161,Perkins Bass School,,CPS Public School,,Elementary School,1,6,U22160,Board of Trustees Total,Chief Executive Officer Total,School Networks Total,Network 11 Total,Perkins Bass School Total,Perkins Bass School,,Schools,,,,,,N
U22181,Lillian R. Nicholson STEM Academy,,CPS Public School,,Elementary School,1,6,U22180,Board of Trustees Total,Chief Executive Officer Total,School Networks Total,Network 11 Total,Lillian R. Nicholson STEM Academy Total,Lillian R. Nicholson STEM Academy,,Schools,,,,,,N
U23191,Enrico Fermi School,,CPS Public School,,Elementary School,1,6,U23190,Board of Trustees Total,Chief Executive Officer Total,School Networks Total,Network 12 Total,Enrico Fermi School Total,Enrico Fermi School,,Schools,,,,,,N
U22450,Hughes/Davis Total,,,,,0,5,U02530,Board of Trustees Total,Chief Executive Officer Total,School Networks Total,Network 13 Total,Hughes/Davis Total,,,,,,,,,N
U22621,George Washington Carver Elementary School,,CPS Public School,,Elementary School,1,6,U22620,Board of Trustees Total,Chief Executive Officer Total,School Networks Total,Network 13 Total,George Washington Carver Primary Total,George Washington Carver Elementary School,,Schools,,,,,,N
U47010,Near North Career Metropolitan High School Total,,,,,0,5,U02650,Board of Trustees Total,Chief Executive Officer Total,School Networks Total,Network 15 Total,Near North Career Metropolitan High School Total,,,,,,,,,N
U23282,Robert Fulton Branch,,Inactive School,,Elementary School,1,7,U23280,Board of Trustees Total,Chief Executive Officer Total,School Collaboratives Total,Southwest Side Collaborative Total,Pershing Elementary Network Total,Robert Fulton School Total,,Schools,,,,,,N
U66210,L.E.A.R.N. Charter School Total,,,,,0,6,U60005,Board of Trustees Total,Chief Executive Officer Total,School Collaboratives Total,School Collaborative - Other Total,Charter/Contract Schools Total,L.E.A.R.N. Charter School Total,,,,,,,,N
U47081,Frederick W on Steuben Metropolitan High School,,CPS Public School,,High School,1,6,U47080,Board of Trustees Total,Chief Executive Officer Total,School Networks Total,Network 14 Total,Frederick W on Steuben Metropolitan Science Center Total,Frederick W on Steuben Metropolitan High School,,Schools,,,,,,N
U00150,Options Schools Collaborative Total,,,,,0,4,U02310,Board of Trustees Total,Chief Executive Office Total,School Collaboratives Total,Options Schools Collaborative Total,,,,,,,,,,N
U49020,Northside Learning Center Total,,,,,0,5,U02640,Board of Trustees Total,Chief Executive Officer Total,School Networks Total,Network 14 Total,Northside Learning Center Total,,,,,,,,,N
U24300,James Madison School Total,,,,,0,5,U02520,Board of Trustees Total,Chief Executive Officer Total,School Networks Total,Network 12 Total,James Madison School Total,,,,,,,,,N
U24330,Horace Mann School Total,,,,,0,5,U02520,Board of Trustees Total,Chief Executive Officer Total,School Networks Total,Network 12 Total,Horace Mann School Total,,,,,,,,,N
U24331,Horace Mann School,,CPS Public School,,Elementary School,1,6,U24330,Board of Trustees Total,Chief Executive Officer Total,School Networks Total,Network 12 Total,Horace Mann School Total,Horace Mann School,,Schools,,,,,,N
U99999,Error,,,,,1,1,Total Entity,Error,,,,,,,Schools,,,,,,N
U66140,Noble Street Charter School Total,,,,,0,6,U60005,Board of Trustees Total,Chief Executive Officer Total,School Collaboratives Total,School Collaborative - Other Total,Charter/Contract Schools Total,Noble Street Charter School Total,,,,,,,,N
U25810,Daniel S Wentworth School Total,,,,,0,5,U02510,Board of Trustees Total,Chief Executive Officer Total,School Networks Total,Network 11 Total,Daniel S Wentworth School Total,,,,,,,,,N
U25901,Elihu Yale School,,CPS Public School,,Elementary School,1,6,U25900,Board of Trustees Total,Chief Executive Officer Total,School Networks Total,Network 11 Total,Elihu Yale School Total,Elihu Yale School,,Schools,,,,,,N
U24920,Harold Washington School Total,,,,,0,5,U02520,Board of Trustees Total,Chief Executive Officer Total,School Networks Total,Network 12 Total,Harold Washington School Total,,,,,,,,,N
U22731,Henry Clay Elementary School,,CPS Public School,,Elementary School,1,6,U22730,Board of Trustees Total,Chief Executive Officer Total,School Networks Total,Network 13 Total,Henry Clay Elementary School Total,Henry Clay Elementary School,,Schools,,,,,,N
U46041,William J Bogan High School,,CPS Public School,,High School,1,6,U46040,Board of Trustees Total,Chief Executive Officer Total,School Networks Total,Network 16 Total,William J Bogan Computer Technical High School Total,William J Bogan High School,,Schools,,,,,,N
U66170,Young Women Lead Charter School Total,,,,,0,6,U60005,Board of Trustees Total,Chief Executive Officer Total,School Collaboratives Total,School Collaborative - Other Total,Charter/Contract Schools Total,Young Women Lead Charter School Total,,,,,,,,N
U23240,Fort Dearborn Elementary School Total,,,,,0,5,U02510,Board of Trustees Total,Chief Executive Officer Total,School Networks Total,Network 11 Total,Fort Dearborn Elementary School Total,,,,,,,,,N
U26310,Simon Guggenheim School Total,,,,,0,5,U02510,Board of Trustees Total,Chief Executive Officer Total,School Networks Total,Network 11 Total,Simon Guggenheim School Total,,,,,,,,,N
U26321,Benjamin E Mays Academy,,CPS Public School,,Elementary School,1,6,U26320,Board of Trustees Total,Chief Executive Officer Total,School Networks Total,Network 11 Total,Benjamin E Mays Academy Total,Benjamin E Mays Academy,,Schools,,,,,,N
U49100,Ray Graham Training Center Total,,,,,0,5,U02640,Board of Trustees Total,Chief Executive Officer Total,School Networks Total,Network 14 Total,Ray Graham Training Center Total,,,,,,,,,N
U55020,School of Entrepreneurship High School Total,,,,,0,5,U02520,Board of Trustees Total,Chief Executive Officer Total,School Networks Total,Network 12 Total,School of Entrepreneurship High School Total,,,,,,,,,N
U02250,Southwest Side High School Network Total,,,,,0,5,U02350,Board of Trustees Total,Chief Executive Office Total,School Collaboratives Total,Southwest Side Collaborative Total,Southwest Side High School Network Total,,,,,,,,,N
U02220,North-Northwest Side High School Network Total,,,,,0,5,U02320,Board of Trustees Total,Chief Executive Office Total,School Collaboratives Total,North Northwest Side Collaborative Total,North-Northwest Side High School Network Total,,,,,,,,,N
U22102,Avalon Park Extension,,Inactive School,,Elementary School,1,7,U22100,Board of Trustees Total,Chief Executive Officer Total,School Collaboratives Total,South Side Collaborative Total,Skyway Elementary Network Total,Avalon Park School Total,,Schools,,,,,,N
U22571,Carroll-Rosenwald Specialty Elementary School,,CPS Public School,,Elementary School,1,6,U22570,Board of Trustees Total,Chief Executive Officer Total,School Networks Total,Network 10 Total,Charles Carroll School Total,Carroll-Rosenwald Specialty Elementary School,,Schools,,,,,,N
U27090,James Shields Middle School Total,,,,,0,5,U02480,Board of Trustees Total,Chief Executive Officer Total,School Networks Total,Network 8 Total,James Shields Middle School Total,,,,,,,,,N
U10815,Chief Instructional Office,,Central Office,,,1,4,U10800,Board of Trustees Total,Chief Executive Officer Total,Chief Education Office Total,Chief Instructional Office,,,,Central Office,,,,,,N
U13815,Citywide - Principal Development,,,,,1,5,U10829,Board of Trustees Total,Chief Executive Officer Total,Chief Education Office Total,Personalized Learning Office Total,Citywide - Principal Development,,,Schools,,,,,,N
U10880,Academic Enhancement,,Central Office,,,1,4,U10800,Board of Trustees Total,Chief Executive Officer Total,Chief Education Office Total,Academic Enhancement,,,,Central Office,,,,,,N
U29250,John J. Pershing East Magnet School Total,,,,,0,5,U02490,Board of Trustees Total,Chief Executive Officer Total,School Networks Total,Network 9 Total,John J. Pershing East Magnet School Total,,,,,,,,,N
U46422,Benito Juarez High School - Evening HS,,Inactive School,,High School,1,7,U46420,Board of Trustees Total,Chief Executive Officer Total,School Collaboratives Total,West Side Collaborative Total,West Side High School Network Total,Benito Juarez High School Total,,Schools,,,,,,N
U66623,YCCS - Sullivan House Alternative HS,,,,,1,5,U60005,Board of Trustees Total,Chief Executive Officer Total,School Networks Total,Charter Schools Network Total,YCCS - Sullivan House Alternative HS,,,Schools,,,,,,N
U66624,YCCS - The Paul Simon Academy (Job Corps) HS,,,,,1,5,U60005,Board of Trustees Total,Chief Executive Officer Total,School Networks Total,Charter Schools Network Total,YCCS - The Paul Simon Academy (Job Corps) HS,,,Schools,,,,,,N
U66626,YCCS - Virtual HS,,,,,1,5,U60005,Board of Trustees Total,Chief Executive Officer Total,School Networks Total,Charter Schools Network Total,YCCS - Virtual HS,,,Schools,,,,,,N
U22920,Mariano Azuela Elementary School Total,,,,,0,5,U02500,Board of Trustees Total,Chief Executive Officer Total,School Networks Total,Network 10 Total,Mariano Azuela Elementary School Total,,,,,,,,,N
U22921,Mariano Azuela Elementary School,,CPS Public School,,Elementary School,1,6,U22920,Board of Trustees Total,Chief Executive Officer Total,School Networks Total,Network 10 Total,Mariano Azuela Elementary School Total,Mariano Azuela Elementary School,,Schools,,,,,,N
U66550,Amandla Charter School Total,,,,,0,6,U60005,Board of Trustees Total,Chief Executive Officer Total,School Collaboratives Total,School Collaborative - Other Total,Charter/Contract Schools Total,Amandla Charter School Total,,,,,,,,N
U66602,Acero Charter Schools - Brighton Park,,,,,1,5,U60005,Board of Trustees Total,Chief Executive Officer Total,School Networks Total,Charter Schools Network Total,Acero Charter Schools - Brighton Park,,,Schools,,,,,,N
U10802,Core Curriculum Office Total,,,,,0,5,U10812,Board of Trustees Total,Chief Executive Officer Total,Chief Education Office Total,Chief Teaching and Learning Office Total,Core Curriculum Office Total,,,,,,,,,N
U10745,Citywide - Office of School Management,,,,,1,4,U10800,Board of Trustees Total,Chief Executive Officer Total,Chief Education Office Total,Citywide - Office of School Management,,,,Schools,,,,,,N
U66951,Great Lakes Academy Charter School,,,,,1,5,U60005,Board of Trustees Total,Chief Executive Officer Total,School Networks Total,Charter Schools Network Total,Great Lakes Academy Charter School,,,Schools,,,,,,N
U22550,Andrew Carnegie School Total,,,,,0,5,U02490,Board of Trustees Total,Chief Executive Officer Total,School Networks Total,Network 9 Total,Andrew Carnegie School Total,,,,,,,,,N
U26060,Jackie R Robinson Total,,,,,0,5,U02490,Board of Trustees Total,Chief Executive Officer Total,School Networks Total,Network 9 Total,Jackie R Robinson Total,,,,,,,,,N
U63012,Academy of Global Citizenship Annex,,Inactive School,,Elementary School,1,7,U63010,Board of Trustees Total,Chief Executive Officer Total,School Collaboratives Total,School Collaborative - Other Total,Charter/Contract Schools Total,Academy for Global Citizenship Total,,Schools,,,,,,N
U66030,Academy Of Communications & Technology Charter School Total,,,,,0,6,U60005,Board of Trustees Total,Chief Executive Officer Total,School Collaboratives Total,School Collaborative - Other Total,Charter/Contract Schools Total,Academy Of Communications & Technology Charter School Total,,,,,,,,N
U70237,Olive-Harvey Lunch Room,,Charter School,,Elementary School,1,5,U60005,Board of Trustees Total,Chief Executive Officer Total,School Networks Total,Charter Schools Network Total,Olive-Harvey Lunch Room,,,Schools,,,,,,N
U63021,Plato Learning Academy,,Contract School,,Elementary School,1,5,U63000,Board of Trustees Total,Chief Executive Officer Total,School Networks Total,Contract Schools Network Total,Plato Learning Academy,,,Schools,,,,,,N
U31051,Stephen A Douglas Community Academy School,,CPS Public School,,Elementary School,1,6,U31050,Board of Trustees Total,Chief Executive Officer Total,School Networks Total,Network 9 Total,Stephen A Douglas Community Academy School Total,Stephen A Douglas Community Academy School,,Schools,,,,,,N
U11010,Talent Office,,Central Office,,,1,4,U11000,Board of Trustees Total,Chief Executive Officer Total,Talent Office Total,Talent Office,,,,Central Office,,,,,,N
U14040,External Affairs and Partnerships,,Central Office,,,1,5,U10700,Board of Trustees Total,Chief Executive Officer Total,Chief Operating Officer Total,Public and External Affairs Office Total,External Affairs and Partnerships,,,Central Office,,,,,,N
U11410,Department of Education to Careers,,,,,1,7,U13724,Board of Trustees Total,Chief Executive Officer Total,Chief Education Office Total,College and Career Success Total,Student Support and Engagement Total,Multiple Pathways Total,,Schools,,,,,,N
U11415,Education to Careers - Citywide,,,,,1,7,U13724,Board of Trustees Total,Chief Executive Officer Total,Chief Education Office Total,College and Career Success Total,Student Support and Engagement Total,Multiple Pathways Total,,Schools,,,,,,N
U11460,Vocational/Technical Education City Wide,,,,,1,7,U13724,Board of Trustees Total,Chief Executive Officer Total,Chief Education Office Total,College and Career Success Total,Student Support and Engagement Total,Multiple Pathways Total,,Schools,,,,,,N
U10810,Teaching and Learning Office,,Central Office,,,1,5,U10812,Board of Trustees Total,Chief Executive Officer Total,Chief Education Office Total,Chief Teaching and Learning Office Total,Teaching and Learning Office,,,Central Office,,,,,,N
U14000,Chief Administrative Office Total,,,,,0,4,U11700,Board of Trustees Total,Chief Executive Officer Total,Chief Operating Officer Total,Chief Administrative Office Total,,,,,,,,,,N
U22990,James R Doolittle Jr Intermediate & Upper Cycle East Total,,,,,0,5,U02490,Board of Trustees Total,Chief Executive Officer Total,School Networks Total,Network 9 Total,James R Doolittle Jr Intermediate & Upper Cycle East Total,,,,,,,,,N
U10845,Advanced Learning & Specialty Programs,,Central Office,,,1,5,U10812,Board of Trustees Total,Chief Executive Officer Total,Chief Education Office Total,Chief Teaching and Learning Office Total,Advanced Learning & Specialty Programs,,,Central Office,,,,,,N
U10859,Counseling and Postsecondary Advising Total,,,,,0,5,U11400,Board of Trustees Total,Chief Executive Officer Total,Chief Education Office Total,College and Career Success Total,Counseling and Postsecondary Advising Total,,,,,,,,,N
U10850,Counseling and Postsecondary Advising,,Central Office,,,1,6,U10859,Board of Trustees Total,Chief Executive Officer Total,Chief Education Office Total,College and Career Success Total,Counseling and Postsecondary Advising Total,Counseling and Postsecondary Advising,,Central Office,,,,,,N
U10915,LSC Relations - City Wide,,City Wide,,,1,6,U10905,Board of Trustees Total,Chief Executive Officer Total,Chief Operating Officer Total,Family & Community Engagement Office Total,LSC Relations Total,LSC Relations - City Wide,,City Wide,,,,,,N
U14060,Family & Community Engagement Office,,Central Office,,,1,5,U10901,Board of Trustees Total,Chief Executive Officer Total,Chief Operating Officer Total,Family & Community Engagement Office Total,Family & Community Engagement Office,,,Central Office,,,,,,N
U26141,John Foster Dulles Elementary School of Excellence,,AUSL School,,Elementary School,1,6,U26140,Board of Trustees Total,Chief Executive Officer Total,School Networks Total,Network 9 Total,John Foster Dulles School Total,John Foster Dulles Elementary School of Excellence,,Schools,,,,,,N
U26180,Bronzeville Classical Elementary School Total,,,,,0,5,U02490,Board of Trustees Total,Chief Executive Officer Total,School Networks Total,Network 9 Total,Bronzeville Classical Elementary School Total,,,,,,,,,N
U47031,Emil G Hirsch Metropolitan High School,,CPS Public School,,High School,1,6,U47030,Board of Trustees Total,Chief Executive Officer Total,School Networks Total,Network 17 Total,Emil G Hirsch Metropolitan High School Total,Emil G Hirsch Metropolitan High School,,Schools,,,,,,N
U10950,Knowledge Management & Quality Practices,,Central Office,,,1,4,U10800,Board of Trustees Total,Chief Executive Officer Total,Chief Education Office Total,Knowledge Management & Quality Practices,,,,Central Office,,,,,,N
U66032,KIPP One Academy,,,,,1,5,U60005,Board of Trustees Total,Chief Executive Officer Total,School Networks Total,Charter Schools Network Total,KIPP One Academy,,,Schools,,,,,,N
U66255,ASPIRA Business & Finance High School,,,,,1,5,U60005,Board of Trustees Total,Chief Executive Officer Total,School Networks Total,Charter Schools Network Total,ASPIRA Business & Finance High School,,,Schools,,,,,,N
U10404,Innovation and Incubation Total,,,,,0,4,U13600,Board of Trustees Total,Chief Executive Officer Total,Portfolio Office Total,Innovation and Incubation Total,,,,,,,,,,N
U13729,Early College and Career Total,,,,,0,5,U11400,Board of Trustees Total,Chief Executive Officer Total,Chief Education Office Total,College and Career Success Total,Early College and Career Total,,,,,,,,,N
U66261,KIPP Ascend Charter School,,Charter School,,Elementary School,1,5,U60005,Board of Trustees Total,Chief Executive Officer Total,School Networks Total,Charter Schools Network Total,KIPP Ascend Charter School,,,Schools,,,,,,N
U66281,Chicago Math and Science Academy (CMSA) Charter School,,Charter School,,High School,1,5,U60005,Board of Trustees Total,Chief Executive Officer Total,School Networks Total,Charter Schools Network Total,Chicago Math and Science Academy (CMSA) Charter School,,,Schools,,,,,,N
U66291,ACE Technical Charter School,,Charter School,,High School,1,5,U60005,Board of Trustees Total,Chief Executive Officer Total,School Networks Total,Charter Schools Network Total,ACE Technical Charter School,,,Schools,,,,,,N
U66311,Betty Shabazz International Charter School-DuSable Leadership,,Charter School,,High School,1,5,U60005,Board of Trustees Total,Chief Executive Officer Total,School Networks Total,Charter Schools Network Total,Betty Shabazz International Charter School-DuSable Leadership,,,Schools,,,,,,N
U66573,Noble Street Charter High School - Muchin College Prep Campus,,Charter School,,High School,1,5,U60005,Board of Trustees Total,Chief Executive Officer Total,School Networks Total,Charter Schools Network Total,Noble Street Charter High School - Muchin College Prep Campus,,,Schools,,,,,,N
U66575,Noble - DRW College Prep,,Charter School,,High School,1,5,U60005,Board of Trustees Total,Chief Executive Officer Total,School Networks Total,Charter Schools Network Total,Noble - DRW College Prep,,,Schools,,,,,,N
U66591,The Montessori School of Englewood Charter,,Charter School,,Grade Type TBD,1,5,U60005,Board of Trustees Total,Chief Executive Officer Total,School Networks Total,Charter Schools Network Total,The Montessori School of Englewood Charter,,,Schools,,,,,,N
U26460,Evergreen Academy School Total,,,,,0,5,U02480,Board of Trustees Total,Chief Executive Officer Total,School Networks Total,Network 8 Total,Evergreen Academy School Total,,,,,,,,,N
U24441,Emmit Louis Till Math and Science Academy,,CPS Public School,,Elementary School,1,6,U24440,Board of Trustees Total,Chief Executive Officer Total,School Networks Total,Network 9 Total,Emmit Louis Till Math and Science Academy Total,Emmit Louis Till Math and Science Academy,,Schools,,,,,,N
U66611,YCCS - Austin Career Education Center HS,,,,,1,5,U60005,Board of Trustees Total,Chief Executive Officer Total,School Networks Total,Charter Schools Network Total,YCCS - Austin Career Education Center HS,,,Schools,,,,,,N
U29120,Frank W Gunsaulus Scholastic Academy School Total,,,,,0,5,U02480,Board of Trustees Total,Chief Executive Officer Total,School Networks Total,Network 8 Total,Frank W Gunsaulus Scholastic Academy School Total,,,,,,,,,N
U22500,Michael M Byrne School Total,,,,,0,5,U02500,Board of Trustees Total,Chief Executive Officer Total,School Networks Total,Network 10 Total,Michael M Byrne School Total,,,,,,,,,N
U13730,Academic Initiatives,,Central Office,,,1,4,U10800,Board of Trustees Total,Chief Executive Officer Total,Chief Education Office Total,Academic Initiatives,,,,Central Office,,,,,,N
U31231,Guglielmo Marconi Community Academy School,,CPS Public School,,Elementary School,1,6,U31230,Board of Trustees Total,Chief Executive Officer Total,School Networks Total,Network 5 Total,Guglielmo Marconi Community Academy School Total,Guglielmo Marconi Community Academy School,,Schools,,,,,,N
U23920,Friedrich L. Jahn Elementary of the Fine Arts Total,,,,,0,5,U02440,Board of Trustees Total,Chief Executive Officer Total,School Networks Total,Network 4 Total,Friedrich L. Jahn Elementary of the Fine Arts Total,,,,,,,,,N
U23752,South Loop Br - South Loop,,CPS Public School,,Elementary School,1,6,U23750,Board of Trustees Total,Chief Executive Officer Total,School Networks Total,Independent Schools Network Total,South Loop School Total,South Loop Br - South Loop,,Schools,,,,,,N
U70230,Instituto Del Progresso,,CPS Public School,,Grade Type TBD,1,5,U02470,Board of Trustees Total,Chief Executive Officer Total,School Networks Total,Network 7 Total,Instituto Del Progresso,,,Schools,,,,,,N
U22441,Irene C. Hernandez Middle School for the Advancement of the Sciences,,CPS Public School,,Elementary School,1,6,U22440,Board of Trustees Total,Chief Executive Officer Total,School Networks Total,Network 8 Total,Irene C. Hernandez Middle School - Advancement of the Sciences Total,Irene C. Hernandez Middle School for the Advancement of the Sciences,,Schools,,,,,,N
U22950,Dewey Academy Of Multicultural Studies Total,,,,,0,5,U02480,Board of Trustees Total,Chief Executive Officer Total,School Networks Total,Network 8 Total,Dewey Academy Of Multicultural Studies Total,,,,,,,,,N
U29270,Harriet E Sayre Language Academy Total,,,,,0,5,U02430,Board of Trustees Total,Chief Executive Officer Total,School Networks Total,Network 3 Total,Harriet E Sayre Language Academy Total,,,,,,,,,N
U26011,Munoz Marin Primary Center,,CPS Public School,,Elementary School,1,6,U26010,Board of Trustees Total,Chief Executive Officer Total,School Networks Total,Network 5 Total,Munoz Marin Primary Center Total,Munoz Marin Primary Center,,Schools,,,,,,N
U26020,Willa Cather School Total,,,,,0,5,U02450,Board of Trustees Total,Chief Executive Officer Total,School Networks Total,Network 5 Total,Willa Cather School Total,,,,,,,,,N
U26091,Morton School of Excellence,,AUSL School,,Elementary School,1,6,U26090,Board of Trustees Total,Chief Executive Officer Total,School Networks Total,Network 5 Total,Morton School of Excellence Total,Morton School of Excellence,,Schools,,,,,,N
U22952,Dewey Child-Parent-Center Br - Dewey,,CPS Public School,,Elementary School,1,6,U22950,Board of Trustees Total,Chief Executive Officer Total,School Networks Total,Network 8 Total,Dewey Academy Of Multicultural Studies Total,Dewey Child-Parent-Center Br - Dewey,,Schools,,,,,,N
U31111,John Hay Community Academy School,,CPS Public School,,Elementary School,1,6,U31110,Board of Trustees Total,Chief Executive Officer Total,School Networks Total,Network 3 Total,John Hay Community Academy School Total,John Hay Community Academy School,,Schools,,,,,,N
U26350,Genevieve Melody School Total,,,,,0,5,U02450,Board of Trustees Total,Chief Executive Officer Total,School Networks Total,Network 5 Total,Genevieve Melody School Total,,,,,,,,,N
U55011,Phoenix Military Academy,,CPS Public School,,High School,1,6,U55010,Board of Trustees Total,Chief Executive Officer Total,School Networks Total,Independent Schools Network Total,Phoenix Military Academy Total,Phoenix Military Academy,,Schools,,,,,,N
U50200,Clemente Achievement Academy Total,,,,,0,5,U02450,Board of Trustees Total,Chief Executive Officer Total,School Networks Total,Network 5 Total,Clemente Achievement Academy Total,,,,,,,,,N
U24311,George Manierre School,,CPS Public School,,Elementary School,1,6,U24310,Board of Trustees Total,Chief Executive Officer Total,School Networks Total,Network 4 Total,George Manierre School Total,George Manierre School,,Schools,,,,,,N
U24312,Catherine Ferguson Child-Parent-Center Br - Manierre,,CPS Public School,,Elementary School,1,6,U24310,Board of Trustees Total,Chief Executive Officer Total,School Networks Total,Network 4 Total,George Manierre School Total,Catherine Ferguson Child-Parent-Center Br - Manierre,,Schools,,,,,,N
U29011,Thomas A Edison Regional Gifted Center,,CPS Public School,,Elementary School,1,6,U29010,Board of Trustees Total,Chief Executive Officer Total,School Networks Total,Network 1 Total,Thomas A Edison Regional Gifted Center Total,Thomas A Edison Regional Gifted Center,,Schools,,,,,,N
U51011,Austin Community Academy High School,,CPS Public School,,High School,1,6,U51010,Board of Trustees Total,Chief Executive Officer Total,School Networks Total,Network 3 Total,Austin Community Academy High School Total,Austin Community Academy High School,,Schools,,,,,,N
U26352,Nathaniel Cole Child-Parent-Center Br - Melody,,CPS Public School,,Elementary School,1,6,U26350,Board of Trustees Total,Chief Executive Officer Total,School Networks Total,Network 5 Total,Genevieve Melody School Total,Nathaniel Cole Child-Parent-Center Br - Melody,,Schools,,,,,,N
U23521,Sor Juana Ines de la Cruz ES,,,,,1,6,U23520,Board of Trustees Total,Chief Executive Officer Total,School Networks Total,Network 8 Total,Sor Juana Ines de la Cruz ES Total,Sor Juana Ines de la Cruz ES,,Schools,,,,,,N
U23720,Charles R Henderson School Total,,,,,0,5,U02480,Board of Trustees Total,Chief Executive Officer Total,School Networks Total,Network 8 Total,Charles R Henderson School Total,,,,,,,,,N
U28020,Mason Multiplex Total,,,,,0,5,U02450,Board of Trustees Total,Chief Executive Officer Total,School Networks Total,Network 5 Total,Mason Multiplex Total,,,,,,,,,N
U28021,Mason Multiplex,,Multiplex,,,1,6,U28020,Board of Trustees Total,Chief Executive Officer Total,School Networks Total,Network 5 Total,Mason Multiplex Total,Mason Multiplex,,Schools,,,,,,N
U24030,William H King School Total,,,,,0,5,U02460,Board of Trustees Total,Chief Executive Officer Total,School Networks Total,Network 6 Total,William H King School Total,,,,,,,,,N
U22810,Jordan Community School Total,,,,,0,5,U02420,Board of Trustees Total,Chief Executive Officer Total,School Networks Total,Network 2 Total,Jordan Community School Total,,,,,,,,,N
U22821,John C Coonley School,,CPS Public School,,Elementary School,1,6,U22820,Board of Trustees Total,Chief Executive Officer Total,School Networks Total,Network 2 Total,John C Coonley School Total,John C Coonley School,,Schools,,,,,,N
U24370,Michael Faraday Elementary School Total,,,,,0,5,U02450,Board of Trustees Total,Chief Executive Officer Total,School Networks Total,Network 5 Total,Michael Faraday Elementary School Total,,,,,,,,,N
U24421,Minnie Minoso Academy,,CPS Public School,,Elementary School,1,6,U24420,Board of Trustees Total,Chief Executive Officer Total,School Networks Total,Network 6 Total,Minnie Minoso Academy Total,Minnie Minoso Academy,,Schools,,,,,,N
U26841,North River Elementary School,,CPS Public School,,Elementary School,1,6,U26840,Board of Trustees Total,Chief Executive Officer Total,School Networks Total,Network 1 Total,North River Elementary School Total,North River Elementary School,,Schools,,,,,,N
U23931,Minnie Mars Jamieson School,,CPS Public School,,Elementary School,1,6,U23930,Board of Trustees Total,Chief Executive Officer Total,School Networks Total,Network 2 Total,Minnie Mars Jamieson School Total,Minnie Mars Jamieson School,,Schools,,,,,,N
U22042,Louisa May Alcott Branch,,CPS Public School,,Elementary School,1,6,U22040,Board of Trustees Total,Chief Executive Officer Total,School Networks Total,Network 4 Total,Louisa May Alcott School Total,Louisa May Alcott Branch,,Schools,,,,,,N
U28220,Faraday Multiplex Total,,,,,0,5,U02450,Board of Trustees Total,Chief Executive Officer Total,School Networks Total,Network 5 Total,Faraday Multiplex Total,,,,,,,,,N
U28250,Moos Multiplex Total,,,,,0,5,U02450,Board of Trustees Total,Chief Executive Officer Total,School Networks Total,Network 5 Total,Moos Multiplex Total,,,,,,,,,N
U29370,Albert R Sabin Magnet School Total,,,,,0,5,U02460,Board of Trustees Total,Chief Executive Officer Total,School Networks Total,Network 6 Total,Albert R Sabin Magnet School Total,,,,,,,,,N
U32011,Albany Park Multicultural Academy Elementary School,,CPS Public School,,Elementary School,1,6,U32010,Board of Trustees Total,Chief Executive Officer Total,School Networks Total,Network 1 Total,Albany Park Multicultural Academy Elementary School Total,Albany Park Multicultural Academy Elementary School,,Schools,,,,,,N
U25501,Joseph Stockton School,,CPS Public School,,Elementary School,1,6,U25500,Board of Trustees Total,Chief Executive Officer Total,School Networks Total,Network 2 Total,Joseph Stockton School Total,Joseph Stockton School,,Schools,,,,,,N
U22140,John Barry Elementary School Total,,,,,0,5,U02440,Board of Trustees Total,Chief Executive Officer Total,School Networks Total,Network 4 Total,John Barry Elementary School Total,,,,,,,,,N
U24550,Bernhard Moos School Total,,,,,0,5,U02450,Board of Trustees Total,Chief Executive Officer Total,School Networks Total,Network 5 Total,Bernhard Moos School Total,,,,,,,,,N
U24720,West Park Academy Total,,,,,0,5,U02450,Board of Trustees Total,Chief Executive Officer Total,School Networks Total,Network 5 Total,West Park Academy Total,,,,,,,,,N
U32031,National Teachers' Academy (NTA),,AUSL School,,Elementary School,1,6,U32030,Board of Trustees Total,Chief Executive Officer Total,School Networks Total,Network 6 Total,National Teachers Academy Total,National Teachers' Academy (NTA),,Schools,,,,,,N
U29030,Stephen Decatur Classical School Total,,,,,0,5,U02420,Board of Trustees Total,Chief Executive Officer Total,School Networks Total,Network 2 Total,Stephen Decatur Classical School Total,,,,,,,,,N
U23020,Thomas Drummond Elementary School Total,,,,,0,5,U02460,Board of Trustees Total,Chief Executive Officer Total,School Networks Total,Network 6 Total,Thomas Drummond Elementary School Total,,,,,,,,,N
U28320,Wells High Multiplex Total,,,,,0,5,U02460,Board of Trustees Total,Chief Executive Officer Total,School Networks Total,Network 6 Total,Wells High Multiplex Total,,,,,,,,,N
U28321,Wells High Multiplex,,Multiplex,,,1,6,U28320,Board of Trustees Total,Chief Executive Officer Total,School Networks Total,Network 6 Total,Wells High Multiplex Total,Wells High Multiplex,,Schools,,,,,,N
U29140,Galileo Scholastic Academy Of Math & Science Total,,,,,0,5,U02460,Board of Trustees Total,Chief Executive Officer Total,School Networks Total,Network 6 Total,Galileo Scholastic Academy Of Math & Science Total,,,,,,,,,N
U29141,Galileo Scholastic Academy Of Math & Science,,CPS Public School,,Elementary School,1,6,U29140,Board of Trustees Total,Chief Executive Officer Total,School Networks Total,Network 6 Total,Galileo Scholastic Academy Of Math & Science Total,Galileo Scholastic Academy Of Math & Science,,Schools,,,,,,N
U46011,Best Practices High School,,CPS Public School,,High School,1,6,U46010,Board of Trustees Total,Chief Executive Officer Total,School Networks Total,Network 6 Total,Best Practices High School Total,Best Practices High School,,Schools,,,,,,N
U46080,Richard T Crane Tech Prep Comm On School Total,,,,,0,5,U02460,Board of Trustees Total,Chief Executive Officer Total,School Networks Total,Network 6 Total,Richard T Crane Tech Prep Comm On School Total,,,,,,,,,N
U41021,Joan F Arai Middle School,,CPS Public School,,Elementary School,1,6,U41020,Board of Trustees Total,Chief Executive Officer Total,School Networks Total,Network 2 Total,Joan F Arai Middle School Total,Joan F Arai Middle School,,Schools,,,,,,N
U23021,Thomas Drummond Elementary School,,CPS Public School,,Elementary School,1,6,U23020,Board of Trustees Total,Chief Executive Officer Total,School Networks Total,Network 6 Total,Thomas Drummond Elementary School Total,Thomas Drummond Elementary School,,Schools,,,,,,N
U22311,Brentano Math & Science Academy,,CPS Public School,,Elementary School,1,6,U22310,Board of Trustees Total,Chief Executive Officer Total,School Networks Total,Network 4 Total,Brentano Math & Science Academy Total,Brentano Math & Science Academy,,Schools,,,,,,N
U10110,Board of Trustees,,Central Office,,,1,2,U10100,Board of Trustees Total,Board of Trustees,,,,,,Schools,,,,,,N
U25140,Philip Rogers School Total,,,,,0,5,U02420,Board of Trustees Total,Chief Executive Officer Total,School Networks Total,Network 2 Total,Philip Rogers School Total,,,,,,,,,N
U25200,Martin A Ryerson Elementary School Total,,,,,0,5,U02450,Board of Trustees Total,Chief Executive Officer Total,School Networks Total,Network 5 Total,Martin A Ryerson Elementary School Total,,,,,,,,,N
U12670,Education General - City Wide,,City Wide,,,1,4,U00180,Board of Trustees Total,Chief Executive Officer Total,Pensions and District-Wide Set-Asides Total,Education General - City Wide,,,,City Wide,,,,,,N
U02005,School Networks Total,,,,,0,3,U10400,Board of Trustees Total,Chief Executive Officer Total,School Networks Total,,,,,,,,,,,N
U23851,Julia Ward Howe School,,AUSL School,,Elementary School,1,6,U23850,Board of Trustees Total,Chief Executive Officer Total,School Networks Total,Network 3 Total,Julia Ward Howe School Total,Julia Ward Howe School,,Schools,,,,,,N
U24000,Francis Scott Key School Total,,,,,0,5,U02430,Board of Trustees Total,Chief Executive Officer Total,School Networks Total,Network 3 Total,Francis Scott Key School Total,,,,,,,,,N
U24230,Josephine C Locke School Total,,,,,0,5,U02430,Board of Trustees Total,Chief Executive Officer Total,School Networks Total,Network 3 Total,Josephine C Locke School Total,,,,,,,,,N
U24640,Henry H Nash School Total,,,,,0,5,U02430,Board of Trustees Total,Chief Executive Officer Total,School Networks Total,Network 3 Total,Henry H Nash School Total,,,,,,,,,N
U25130,Riis Full Service Academy Total,,,,,0,5,U02460,Board of Trustees Total,Chief Executive Officer Total,School Networks Total,Network 6 Total,Riis Full Service Academy Total,,,,,,,,,N
U25131,Riis Full Service Academy,,CPS Public School,,Elementary School,1,6,U25130,Board of Trustees Total,Chief Executive Officer Total,School Networks Total,Network 6 Total,Riis Full Service Academy Total,Riis Full Service Academy,,Schools,,,,,,N
U22880,Charles R Darwin School Total,,,,,0,5,U02440,Board of Trustees Total,Chief Executive Officer Total,School Networks Total,Network 4 Total,Charles R Darwin School Total,,,,,,,,,N
U29411,Frazier International Magnet Elementary School,,CPS Public School,,Elementary School,1,6,U29410,Board of Trustees Total,Chief Executive Officer Total,School Networks Total,Independent Schools Network Total,Frazier International Magnet Elementary School Total,Frazier International Magnet Elementary School,,Schools,,,,,,N
U25840,Eli Whitney School Total,,,,,0,5,U02470,Board of Trustees Total,Chief Executive Officer Total,School Networks Total,Network 7 Total,Eli Whitney School Total,,,,,,,,,N
U25220,Louis Armstrong Mathematics & Science Specialty School Total,,,,,0,5,U02430,Board of Trustees Total,Chief Executive Officer Total,School Networks Total,Network 3 Total,Louis Armstrong Mathematics & Science Specialty School Total,,,,,,,,,N
U29340,Jensen Scholastic Academy School Total,,,,,0,5,U02450,Board of Trustees Total,Chief Executive Officer Total,School Networks Total,Network 5 Total,Jensen Scholastic Academy School Total,,,,,,,,,N
U31161,Lawndale Community Academy School,,CPS Public School,,Elementary School,1,6,U31160,Board of Trustees Total,Chief Executive Officer Total,School Networks Total,Network 5 Total,Lawndale Community Academy School Total,Lawndale Community Academy School,,Schools,,,,,,N
U25790,Daniel Webster School Total,,,,,0,5,U02450,Board of Trustees Total,Chief Executive Officer Total,School Networks Total,Network 5 Total,Daniel Webster School Total,,,,,,,,,N
U25970,Matthew A Henson School Total,,,,,0,5,U02450,Board of Trustees Total,Chief Executive Officer Total,School Networks Total,Network 5 Total,Matthew A Henson School Total,,,,,,,,,N
U29071,Gerald Delgado Kanoon Magnet School,,CPS Public School,,Elementary School,1,6,U29070,Board of Trustees Total,Chief Executive Officer Total,School Networks Total,Network 7 Total,Gerald Delgado Kanoon Magnet School Total,Gerald Delgado Kanoon Magnet School,,Schools,,,,,,N
U31220,Charles Sumner Mathematics & Science Community Academy Total,,,,,0,5,U02450,Board of Trustees Total,Chief Executive Officer Total,School Networks Total,Network 5 Total,Charles Sumner Mathematics & Science Community Academy Total,,,,,,,,,N
U26000,John Calhoun North School Total,,,,,0,5,U02450,Board of Trustees Total,Chief Executive Officer Total,School Networks Total,Network 5 Total,John Calhoun North School Total,,,,,,,,,N
U23650,Robert Healy School Total,,,,,0,5,U02460,Board of Trustees Total,Chief Executive Officer Total,School Networks Total,Network 6 Total,Robert Healy School Total,,,,,,,,,N
U23651,Robert Healy School,,CPS Public School,,Elementary School,1,6,U23650,Board of Trustees Total,Chief Executive Officer Total,School Networks Total,Network 6 Total,Robert Healy School Total,Robert Healy School,,Schools,,,,,,N
U46451,Olive/Proctor Comprehensive High School,,CPS Public School,,High School,1,5,U00080,Board of Trustees Total,Chief Executive Officer Total,School Networks Total,Undesignated Schools Network Total,Olive/Proctor Comprehensive High School,,,Schools,,,,,,N
U31140,Pilsen Community Academy Total,,,,,0,5,U02470,Board of Trustees Total,Chief Executive Officer Total,School Networks Total,Network 7 Total,Pilsen Community Academy Total,,,,,,,,,N
U41040,Francisco I Madero Middle School Total,,,,,0,5,U02470,Board of Trustees Total,Chief Executive Officer Total,School Networks Total,Network 7 Total,Francisco I Madero Middle School Total,,,,,,,,,N
U69401,Latino Youth High School A,,CPS Public School,,High School,1,5,U02470,Board of Trustees Total,Chief Executive Officer Total,School Networks Total,Network 7 Total,Latino Youth High School A,,,Schools,,,,,,N
U26390,George Leland Elementary School Total,,,,,0,5,U02430,Board of Trustees Total,Chief Executive Officer Total,School Networks Total,Network 3 Total,George Leland Elementary School Total,,,,,,,,,N
U26630,Oscar Depriest School Total,,,,,0,5,U02430,Board of Trustees Total,Chief Executive Officer Total,School Networks Total,Network 3 Total,Oscar Depriest School Total,,,,,,,,,N
U66091,North Lawndale College Prep - Christiana,,Charter School,,High School,1,5,U60005,Board of Trustees Total,Chief Executive Officer Total,School Networks Total,Charter Schools Network Total,North Lawndale College Prep - Christiana,,,Schools,,,,,,N
U66092,North Lawndale College Prep - Collins,,Charter School,,High School,1,5,U60005,Board of Trustees Total,Chief Executive Officer Total,School Networks Total,Charter Schools Network Total,North Lawndale College Prep - Collins,,,Schools,,,,,,N
U22221,Hiram H Belding School,,CPS Public School,,Elementary School,1,6,U22220,Board of Trustees Total,Chief Executive Officer Total,School Networks Total,Network 1 Total,Hiram H Belding School Total,Hiram H Belding School,,Schools,,,,,,N
U22870,Everett Mckinley Dirksen School Total,,,,,0,5,U02410,Board of Trustees Total,Chief Executive Officer Total,School Networks Total,Network 1 Total,Everett Mckinley Dirksen School Total,,,,,,,,,N
U69113,St. Catherine of Siena - St. Lucy School,,,,,1,5,U69000,Board of Trustees Total,Chief Executive Officer Total,School Networks Total,Non-Public Schools Network Total,St. Catherine of Siena - St. Lucy School,,,Schools,,,,,,N
U69121,St Helena Of The Cross School,,Non-Public School,,Elementary School,1,5,U69000,Board of Trustees Total,Chief Executive Officer Total,School Networks Total,Non-Public Schools Network Total,St Helena Of The Cross School,,,Schools,,,,,,N
U69201,Yeshiva Derech HaTorah of Chicago,,,,,1,5,U69000,Board of Trustees Total,Chief Executive Officer Total,School Networks Total,Non-Public Schools Network Total,Yeshiva Derech HaTorah of Chicago,,,Schools,,,,,,N
U66401,Betty Shabazz - Barbara A. Sizemore,,Charter School,,Elementary School,1,5,U60005,Board of Trustees Total,Chief Executive Officer Total,School Networks Total,Charter Schools Network Total,Betty Shabazz - Barbara A. Sizemore,,,Schools,,,,,,N
U23050,Christian Ebinger Total,,,,,0,5,U02410,Board of Trustees Total,Chief Executive Officer Total,School Networks Total,Network 1 Total,Christian Ebinger Total,,,,,,,,,N
U69210,St Nicholas Cathedral School,,Non-Public School,,Elementary School,1,5,U69000,Board of Trustees Total,Chief Executive Officer Total,School Networks Total,Non-Public Schools Network Total,St Nicholas Cathedral School,,,Schools,,,,,,N
U69212,St Nicholas Of Tolentine School,,Non-Public School,,Elementary School,1,5,U69000,Board of Trustees Total,Chief Executive Officer Total,School Networks Total,Non-Public Schools Network Total,St Nicholas Of Tolentine School,,,Schools,,,,,,N
U69422,Chicago Waldorf School,,Non-Public School,,Elementary School,1,5,U69000,Board of Trustees Total,Chief Executive Officer Total,School Networks Total,Non-Public Schools Network Total,Chicago Waldorf School,,,Schools,,,,,,N
U23801,William G Hibbard School,,CPS Public School,,Elementary School,1,6,U23800,Board of Trustees Total,Chief Executive Officer Total,School Networks Total,Network 1 Total,William G Hibbard School Total,William G Hibbard School,,Schools,,,,,,N
U69626,Montessori Foundations of Chicago,,,,,1,5,U69000,Board of Trustees Total,Chief Executive Officer Total,School Networks Total,Non-Public Schools Network Total,Montessori Foundations of Chicago,,,Schools,,,,,,N
U69627,Prairie Academy,,,,,1,5,U69000,Board of Trustees Total,Chief Executive Officer Total,School Networks Total,Non-Public Schools Network Total,Prairie Academy,,,Schools,,,,,,N
U69442,Yeshivas Tiferes TZVI,,Non-Public School,,Elementary School,1,5,U69000,Board of Trustees Total,Chief Executive Officer Total,School Networks Total,Non-Public Schools Network Total,Yeshivas Tiferes TZVI,,,Schools,,,,,,N
U69450,Chicago SDA Academy,,Non-Public School,,Elementary School,1,5,U69000,Board of Trustees Total,Chief Executive Officer Total,School Networks Total,Non-Public Schools Network Total,Chicago SDA Academy,,,Schools,,,,,,N
U22981,Dodge Renaissance Academy,,AUSL School,,Elementary School,1,6,U22980,Board of Trustees Total,Chief Executive Officer Total,School Networks Total,AUSL Schools Network Total,Dodge Renaissance Academy Total,Dodge Renaissance Academy,,Schools,,,,,,N
U60005,Charter Schools Network Total,,,,,0,4,U02005,Board of Trustees Total,Chief Executive Officer Total,School Networks Total,Charter Schools Network Total,,,,,,,,,,N
U24941,Mary G Peterson School,,CPS Public School,,Elementary School,1,6,U24940,Board of Trustees Total,Chief Executive Officer Total,School Networks Total,Network 1 Total,Mary G Peterson School Total,Mary G Peterson School,,Schools,,,,,,N
U25011,Portage Park Elementary School,,CPS Public School,,Elementary School,1,6,U25010,Board of Trustees Total,Chief Executive Officer Total,School Networks Total,Network 1 Total,Portage Park Elementary School Total,Portage Park Elementary School,,Schools,,,,,,N
U25030,Ernst Prussing Total,,,,,0,5,U02410,Board of Trustees Total,Chief Executive Officer Total,School Networks Total,Network 1 Total,Ernst Prussing Total,,,,,,,,,N
U25031,Ernst Prussing School,,CPS Public School,,Elementary School,1,6,U25030,Board of Trustees Total,Chief Executive Officer Total,School Networks Total,Network 1 Total,Ernst Prussing Total,Ernst Prussing School,,Schools,,,,,,N
U25110,Peter A Reinberg Total,,,,,0,5,U02410,Board of Trustees Total,Chief Executive Officer Total,School Networks Total,Network 1 Total,Peter A Reinberg Total,,,,,,,,,N
U69136,Northshore 7Th Day Adventist,,,,,1,5,U69000,Board of Trustees Total,Chief Executive Officer Total,School Networks Total,Non-Public Schools Network Total,Northshore 7Th Day Adventist,,,Schools,,,,,,N
U69138,Faith Walk Community Christian Academy,,,,,1,5,U69000,Board of Trustees Total,Chief Executive Officer Total,School Networks Total,Non-Public Schools Network Total,Faith Walk Community Christian Academy,,,Schools,,,,,,N
U05101,Area Elementary Instructional Office 10,,Central Office,,,1,5,U02000,Board of Trustees Total,Chief Executive Officer Total,Chief Education Office Total,Network Offices Total,Area Elementary Instructional Office 10,,,Central Office,,,,,,N
U22941,William E Dever School,,CPS Public School,,Elementary School,1,6,U22940,Board of Trustees Total,Chief Executive Officer Total,School Networks Total,Network 1 Total,William E Dever School Total,William E Dever School,,Schools,,,,,,N
U25680,Alessandro Volta School Total,,,,,0,5,U02410,Board of Trustees Total,Chief Executive Officer Total,School Networks Total,Network 1 Total,Alessandro Volta School Total,,,,,,,,,N
U25880,Wildwood School Total,,,,,0,5,U02410,Board of Trustees Total,Chief Executive Officer Total,School Networks Total,Network 1 Total,Wildwood School Total,,,,,,,,,N
U26080,Catalpa Early Childhood Center Total,,,,,0,5,U02410,Board of Trustees Total,Chief Executive Officer Total,School Networks Total,Network 1 Total,Catalpa Early Childhood Center Total,,,,,,,,,N
U69224,Cambridge Classical Academy,,,,,1,5,U69000,Board of Trustees Total,Chief Executive Officer Total,School Networks Total,Non-Public Schools Network Total,Cambridge Classical Academy,,,Schools,,,,,,N
U69236,St Pascal School,,Non-Public School,,Elementary School,1,5,U69000,Board of Trustees Total,Chief Executive Officer Total,School Networks Total,Non-Public Schools Network Total,St Pascal School,,,Schools,,,,,,N
U66422,Urban Prep Charter Academy for Young Men High School - South Shore,,Charter School,,High School,1,5,U60005,Board of Trustees Total,Chief Executive Officer Total,School Networks Total,Charter Schools Network Total,Urban Prep Charter Academy for Young Men High School - South Shore,,,Schools,,,,,,N
U66432,Catalyst Elementary School - Circle Rock,,Charter School,,Elementary School,1,5,U60005,Board of Trustees Total,Chief Executive Officer Total,School Networks Total,Charter Schools Network Total,Catalyst Elementary School - Circle Rock,,,Schools,,,,,,N
U66433,Catalyst - Maria Charter School,,Charter School,,Grade Type TBD,1,5,U60005,Board of Trustees Total,Chief Executive Officer Total,School Networks Total,Charter Schools Network Total,Catalyst - Maria Charter School,,,Schools,,,,,,N
U66451,21st Century Charter School,,Charter School,,Grade Type TBD,1,5,U60005,Board of Trustees Total,Chief Executive Officer Total,School Networks Total,Charter Schools Network Total,21st Century Charter School,,,Schools,,,,,,N
U66911,Moving Everest Charter School,,,,,1,5,U60005,Board of Trustees Total,Chief Executive Officer Total,School Networks Total,Charter Schools Network Total,Moving Everest Charter School,,,Schools,,,,,,N
U70140,Independent Schools Of Chicago,,Non-Public School - Other,,Grade Type TBD,1,5,U69000,Board of Trustees Total,Chief Executive Officer Total,School Networks Total,Non-Public Schools Network Total,Independent Schools Of Chicago,,,Schools,,,,,,N
U02051,Austin-North Lawndale Elementary Network,,Central Office,,,1,5,U02000,Board of Trustees Total,Chief Executive Officer Total,Chief Education Office Total,Network Offices Total,Austin-North Lawndale Elementary Network,,,Central Office,,,,,,N
U69580,Vivian Summers Alternative High School,, Alternative School,,High School,1,5,U67000,Board of Trustees Total,Chief Executive Officer Total,School Networks Total,Alternative Schools Network Total,Vivian Summers Alternative High School,,,Schools,,,,,,N
U69001,Bnos Rabbeinu High School,,Non-Public School,,High School,1,5,U69000,Board of Trustees Total,Chief Executive Officer Total,School Networks Total,Non-Public Schools Network Total,Bnos Rabbeinu High School,,,Schools,,,,,,N
U12690,Consolidated Pointer Line Unit,,Central Office,,,1,6,U00020,Board of Trustees Total,Chief Executive Officer Total,Finance Total,Budget Management Office Total,District Wide Liabilities & Contingencies Total,Consolidated Pointer Line Unit,,Central Office,,,,,,N
U02111,Midway Elementary Network,,Central Office,,,1,5,U02000,Board of Trustees Total,Chief Executive Officer Total,Chief Education Office Total,Network Offices Total,Midway Elementary Network,,,Central Office,,,,,,N
U63171,Horizon Science Academy - Clay Evans Charter,,,,,1,5,U60005,Board of Trustees Total,Chief Executive Officer Total,School Networks Total,Charter Schools Network Total,Horizon Science Academy - Clay Evans Charter,,,Schools,,,,,,N
U69010,Islamic Community Center of IL,,Non-Public School,,Elementary School,1,5,U69000,Board of Trustees Total,Chief Executive Officer Total,School Networks Total,Non-Public Schools Network Total,Islamic Community Center of IL,,,Schools,,,,,,N
U69031,Gesher HaTorah Day School,,Non-Public School,,Elementary School,1,5,U69000,Board of Trustees Total,Chief Executive Officer Total,School Networks Total,Non-Public Schools Network Total,Gesher HaTorah Day School,,,Schools,,,,,,N
U69257,Academy of St. Benedict the African Laflin,,Non-Public School,,Elementary School,1,5,U69000,Board of Trustees Total,Chief Executive Officer Total,School Networks Total,Non-Public Schools Network Total,Academy of St. Benedict the African Laflin,,,Schools,,,,,,N
U69509,North Park Elementary School,,Non-Public School,,Elementary School,1,5,U69000,Board of Trustees Total,Chief Executive Officer Total,School Networks Total,Non-Public Schools Network Total,North Park Elementary School,,,Schools,,,,,,N
U66141,Noble - Noble College Prep,,Charter School,,High School,1,5,U60005,Board of Trustees Total,Chief Executive Officer Total,School Networks Total,Charter Schools Network Total,Noble - Noble College Prep,,,Schools,,,,,,N
U69044,United Educational Cultural Academy,,Non-Public School,,Elementary School,1,5,U69000,Board of Trustees Total,Chief Executive Officer Total,School Networks Total,Non-Public Schools Network Total,United Educational Cultural Academy,,,Schools,,,,,,N
U63141,Chicago Excel HS,,Contract School,,High School,1,5,U63000,Board of Trustees Total,Chief Executive Officer Total,School Networks Total,Contract Schools Network Total,Chicago Excel HS,,,Schools,,,,,,N
U69361,Ida Crown Jewish Academy High School,,Non-Public School,,Elementary School,1,5,U69000,Board of Trustees Total,Chief Executive Officer Total,School Networks Total,Non-Public Schools Network Total,Ida Crown Jewish Academy High School,,,Schools,,,,,,N
U69362,Academy of Sacred Heart/Hardey Prep,,Non-Public School,,Elementary School,1,5,U69000,Board of Trustees Total,Chief Executive Officer Total,School Networks Total,Non-Public Schools Network Total,Academy of Sacred Heart/Hardey Prep,,,Schools,,,,,,N
U12610,Budget & Management Office,,Central Office,,,1,5,U00010,Board of Trustees Total,Chief Executive Officer Total,Finance Total,Budget Management Office Total,Budget & Management Office,,,Central Office,,,,,,N
U69533,New Life Christian Academy,,,,,1,5,U69000,Board of Trustees Total,Chief Executive Officer Total,School Networks Total,Non-Public Schools Network Total,New Life Christian Academy,,,Schools,,,,,,N
U69534,Pass It On Academy,,,,,1,5,U69000,Board of Trustees Total,Chief Executive Officer Total,School Networks Total,Non-Public Schools Network Total,Pass It On Academy,,,Schools,,,,,,N
U66566,LEARN Charter School - 7th Campus,,,,,1,5,U60005,Board of Trustees Total,Chief Executive Officer Total,School Networks Total,Charter Schools Network Total,LEARN Charter School - 7th Campus,,,Schools,,,,,,N
U13010,Region Three Administration City Wide,,,,,1,5,U02000,Board of Trustees Total,Chief Executive Officer Total,Chief Education Office Total,Network Offices Total,Region Three Administration City Wide,,,Schools,,,,,,N
U69260,St Richard School,,Non-Public School,,Elementary School,1,5,U69000,Board of Trustees Total,Chief Executive Officer Total,School Networks Total,Non-Public Schools Network Total,St Richard School,,,Schools,,,,,,N
U46390,George Henry Corliss High School Total,,,,,0,5,U02670,Board of Trustees Total,Chief Executive Officer Total,School Networks Total,Network 17 Total,George Henry Corliss High School Total,,,,,,,,,N
U69064,St Bruno School,,Non-Public School,,Elementary School,1,5,U69000,Board of Trustees Total,Chief Executive Officer Total,School Networks Total,Non-Public Schools Network Total,St Bruno School,,,Schools,,,,,,N
U69081,St. Joseph School,,Non-Public School,,High School,1,5,U69000,Board of Trustees Total,Chief Executive Officer Total,School Networks Total,Non-Public Schools Network Total,St. Joseph School,,,Schools,,,,,,N
U69372,Holy Trinity High School,,Non-Public School,,High School,1,5,U69000,Board of Trustees Total,Chief Executive Officer Total,School Networks Total,Non-Public Schools Network Total,Holy Trinity High School,,,Schools,,,,,,N
U69283,St. Thecla,,Non-Public School,,Elementary School,1,5,U69000,Board of Trustees Total,Chief Executive Officer Total,School Networks Total,Non-Public Schools Network Total,St. Thecla,,,Schools,,,,,,N
U69284,Wonder Montessori School,,,,,1,5,U69000,Board of Trustees Total,Chief Executive Officer Total,School Networks Total,Non-Public Schools Network Total,Wonder Montessori School,,,Schools,,,,,,N
U12450,Payroll Services,,Central Office,,,1,4,U10470,Board of Trustees Total,Chief Executive Officer Total,Finance Total,Payroll Services,,,,Central Office,,,,,,N
U66181,Chicago International Charter School (CICS)- Washington Park Campus,,Charter School,,Elementary School,1,5,U60005,Board of Trustees Total,Chief Executive Officer Total,School Networks Total,Charter Schools Network Total,Chicago International Charter School (CICS)- Washington Park Campus,,,Schools,,,,,,N
U66231,Chicago International Charter School (CICS)- Basil Campus,,Charter School,,Elementary School,1,5,U60005,Board of Trustees Total,Chief Executive Officer Total,School Networks Total,Charter Schools Network Total,Chicago International Charter School (CICS)- Basil Campus,,,Schools,,,,,,N
U66251,ASPIRA Charter- Mirta Ramirez Computer Science HS,,Charter School,,High School,1,5,U60005,Board of Trustees Total,Chief Executive Officer Total,School Networks Total,Charter Schools Network Total,ASPIRA Charter- Mirta Ramirez Computer Science HS,,,Schools,,,,,,N
U66252,ASPIRA Charter School - Rosa Parks HS,,Charter School,,High School,1,5,U60005,Board of Trustees Total,Chief Executive Officer Total,School Networks Total,Charter Schools Network Total,ASPIRA Charter School - Rosa Parks HS,,,Schools,,,,,,N
U69186,Academy Of St Benedict The African - Stewart,,Non-Public School,,Elementary School,1,5,U69000,Board of Trustees Total,Chief Executive Officer Total,School Networks Total,Non-Public Schools Network Total,Academy Of St Benedict The African - Stewart,,,Schools,,,,,,N
U02411,Network 1,,,,,1,5,U02000,Board of Trustees Total,Chief Executive Officer Total,Chief Education Office Total,Network Offices Total,Network 1,,,Schools,,,,,,N
U02431,Network 3,,,,,1,5,U02000,Board of Trustees Total,Chief Executive Officer Total,Chief Education Office Total,Network Offices Total,Network 3,,,Schools,,,,,,N
U02461,Network 6,,,,,1,5,U02000,Board of Trustees Total,Chief Executive Officer Total,Chief Education Office Total,Network Offices Total,Network 6,,,Schools,,,,,,N
U22460,Castellanos Total,,,,,0,5,U02270,Board of Trustees Total,Chief Executive Officer Total,School Networks Total,Independent Schools Network Total,Castellanos Total,,,,,,,,,N
U22521,Little Village Elementary School,,CPS Public School,,Elementary School,1,6,U22520,Board of Trustees Total,Chief Executive Officer Total,School Networks Total,Independent Schools Network Total,Little Village Academy Total,Little Village Elementary School,,Schools,,,,,,N
U69603,College Prepatory School of America,,,,,1,5,U69000,Board of Trustees Total,Chief Executive Officer Total,School Networks Total,Non-Public Schools Network Total,College Prepatory School of America,,,Schools,,,,,,N
U46461,Spry Community Links High School,,CPS Public School,,High School,1,6,U46460,Board of Trustees Total,Chief Executive Officer Total,School Networks Total,Network 16 Total,Spry Community Links High School Total,Spry Community Links High School,,Schools,,,,,,N
U46550,Back of the Yards IB High School Total,,,,,0,5,U02660,Board of Trustees Total,Chief Executive Officer Total,School Networks Total,Network 16 Total,Back of the Yards IB High School Total,,,,,,,,,N
U69109,St Gabriel School,,Non-Public School,,Elementary School,1,5,U69000,Board of Trustees Total,Chief Executive Officer Total,School Networks Total,Non-Public Schools Network Total,St Gabriel School,,,Schools,,,,,,N
U69112,St Joseph's Carondelet Child Center/Solace Place,,,,,1,5,U69000,Board of Trustees Total,Chief Executive Officer Total,School Networks Total,Non-Public Schools Network Total,St Joseph's Carondelet Child Center/Solace Place,,,Schools,,,,,,N
U69295,South Loop Montessori School,,,,,1,5,U69000,Board of Trustees Total,Chief Executive Officer Total,School Networks Total,Non-Public Schools Network Total,South Loop Montessori School,,,Schools,,,,,,N
U69415,Zion Hill Christian Academy,,,,,1,5,U69000,Board of Trustees Total,Chief Executive Officer Total,School Networks Total,Non-Public Schools Network Total,Zion Hill Christian Academy,,,Schools,,,,,,N
U53060,Neal F Simeon Vocational High School Total,,,,,0,5,U02670,Board of Trustees Total,Chief Executive Officer Total,School Networks Total,Network 17 Total,Neal F Simeon Vocational High School Total,,,,,,,,,N
U55160,Daniel Hale Williams Prep School of Medicine Total,,,,,0,5,U02670,Board of Trustees Total,Chief Executive Officer Total,School Networks Total,Network 17 Total,Daniel Hale Williams Prep School of Medicine Total,,,,,,,,,N
U22980,Dodge Renaissance Academy Total,,,,,0,5,U20100,Board of Trustees Total,Chief Executive Officer Total,School Networks Total,AUSL Schools Network Total,Dodge Renaissance Academy Total,,,,,,,,,N
U69608,Most Holy Redeemer,,,,,1,5,U69000,Board of Trustees Total,Chief Executive Officer Total,School Networks Total,Non-Public Schools Network Total,Most Holy Redeemer,,,Schools,,,,,,N
U55112,Bowen Global Visions Academy - Evening School,,Inactive School,,High School,1,7,U55110,Board of Trustees Total,Chief Executive Officer Total,School Collaboratives Total,South Side Collaborative Total,South Side High School Network Total,Bowen Global Visions Academy Total,,Schools,,,,,,N
U66520,Howland Multiplex Total,,,,,0,6,U60005,Board of Trustees Total,Chief Executive Officer Total,School Collaboratives Total,School Collaborative - Other Total,Charter/Contract Schools Total,Howland Multiplex Total,,,,,,,,N
U26341,Sir Miles Davis Academy,,CPS Public School,,Elementary School,1,6,U26340,Board of Trustees Total,Chief Executive Officer Total,School Networks Total,Network 11 Total,Sir Miles Davis Academy Total,Sir Miles Davis Academy,,Schools,,,,,,N
U26371,Dr. Martin Luther King Jr. Academy of Social Justice,,CPS Public School,,Elementary School,1,6,U26370,Board of Trustees Total,Chief Executive Officer Total,School Networks Total,Network 11 Total,Dr. Martin Luther King Jr. Academy of Social Justice Total,Dr. Martin Luther King Jr. Academy of Social Justice,,Schools,,,,,,N
U26590,Medgar Evers School Total,,,,,0,5,U02510,Board of Trustees Total,Chief Executive Officer Total,School Networks Total,Network 11 Total,Medgar Evers School Total,,,,,,,,,N
U25121,Paul Revere Accelerated School,,CPS Public School,,Elementary School,1,6,U25120,Board of Trustees Total,Chief Executive Officer Total,School Networks Total,Network 12 Total,Paul Revere Accelerated School Total,Paul Revere Accelerated School,,Schools,,,,,,N
U30014,S T E P Br - N Jefferson Alternative School,, Alternative School,,High School,1,6,U30010,Board of Trustees Total,Chief Executive Officer Total,School Networks Total,Options Network Total,Nancy B Jefferson Alternative High School Total,S T E P Br - N Jefferson Alternative School,,Schools,,,,,,N
U49041,Consuella B York Alternative High School,, Alternative School,,High School,1,6,U49040,Board of Trustees Total,Chief Executive Officer Total,School Networks Total,Options Network Total,Consuella B York Alternative High School Total,Consuella B York Alternative High School,,Schools,,,,,,N
U02090,Burnham Park Elementary Network Total,,,,,0,5,U02340,Board of Trustees Total,Chief Executive Office Total,School Collaboratives Total,South Side Collaborative Total,Burnham Park Elementary Network Total,,,,,,,,,N
U49042,Consuella B. York Evening HS,,Inactive School,,High School,1,7,U49040,Board of Trustees Total,Chief Executive Officer Total,School Collaboratives Total,School Collaborative - Other Total,Alternative Schools Total,Consuella B. York Alternative HS Total,,Schools,,,,,,N
U28030,Parker Multiplex Total,,,,,0,5,U02510,Board of Trustees Total,Chief Executive Officer Total,School Networks Total,Network 11 Total,Parker Multiplex Total,,,,,,,,,N
U24090,Alfred David Kohn School Total,,,,,0,5,U02530,Board of Trustees Total,Chief Executive Officer Total,School Networks Total,Network 13 Total,Alfred David Kohn School Total,,,,,,,,,N
U67020,Peace and Education Coalition High School Total,,,,,0,5,U02550,Board of Trustees Total,Chief Executive Officer Total,School Networks Total,Options Network Total,Peace and Education Coalition High School Total,,,,,,,,,N
U66280,Chicago Mathematics & Science Academy Charter School Total,,,,,0,6,U60005,Board of Trustees Total,Chief Executive Officer Total,School Collaboratives Total,School Collaborative - Other Total,Charter/Contract Schools Total,Chicago Mathematics & Science Academy Charter School Total,,,,,,,,N
U31181,Francis W Parker Community Academy,,CPS Public School,,Elementary School,1,6,U31180,Board of Trustees Total,Chief Executive Officer Total,School Networks Total,Network 11 Total,Francis W Parker Community Academy Total,Francis W Parker Community Academy,,Schools,,,,,,N
U24601,Mount Vernon Elementary School,,CPS Public School,,Elementary School,1,6,U24600,Board of Trustees Total,Chief Executive Officer Total,School Networks Total,Network 13 Total,Mount Vernon Elementary School Total,Mount Vernon Elementary School,,Schools,,,,,,N
U53070,George Westinghouse Career Academy Total,,,,,0,5,U02650,Board of Trustees Total,Chief Executive Officer Total,School Networks Total,Network 15 Total,George Westinghouse Career Academy Total,,,,,,,,,N
U63060,Community Services West Total,,,,,0,6,U60005,Board of Trustees Total,Chief Executive Officer Total,School Collaboratives Total,School Collaborative - Other Total,Charter/Contract Schools Total,Community Services West Total,,,,,,,,N
U23220,John Fiske School Total,,,,,0,5,U02490,Board of Trustees Total,Chief Executive Officer Total,School Networks Total,Network 9 Total,John Fiske School Total,,,,,,,,,N
U26380,Oliver S Westcott Elementary School Total,,,,,0,5,U02510,Board of Trustees Total,Chief Executive Officer Total,School Networks Total,Network 11 Total,Oliver S Westcott Elementary School Total,,,,,,,,,N
U26860,Uplift Community High School Total,,,,,0,5,U02640,Board of Trustees Total,Chief Executive Officer Total,School Networks Total,Network 14 Total,Uplift Community High School Total,,,,,,,,,N
U26861,Uplift Community High School,,CPS Public School,,High School,1,6,U26860,Board of Trustees Total,Chief Executive Officer Total,School Networks Total,Network 14 Total,Uplift Community High School Total,Uplift Community High School,,Schools,,,,,,N
U24552,Frances S Rocha Early Childhood Center Br - Moos,,Inactive School,,Elementary School,1,7,U24550,Board of Trustees Total,Chief Executive Officer Total,School Collaboratives Total,West Side Collaborative Total,Fulton Elementary Network Total,Bernhard Moos School Total,,Schools,,,,,,N
U23630,Woodlawn Community Total,,,,,0,5,U02490,Board of Trustees Total,Chief Executive Officer Total,School Networks Total,Network 9 Total,Woodlawn Community Total,,,,,,,,,N
U26491,James R Doolittle Jr Primary West School,,CPS Public School,,Elementary School,1,6,U26490,Board of Trustees Total,Chief Executive Officer Total,School Networks Total,Network 9 Total,James R Doolittle Jr Primary West School Total,James R Doolittle Jr Primary West School,,Schools,,,,,,N
U50100,Dr. Samuel D. Proctor Transition Center Total,,,,,0,5,U02510,Board of Trustees Total,Chief Executive Officer Total,School Networks Total,Network 11 Total,Dr. Samuel D. Proctor Transition Center Total,,,,,,,,,N
U25251,Songhai Learning Institute,,CPS Public School,,Elementary School,1,6,U25250,Board of Trustees Total,Chief Executive Officer Total,School Networks Total,Network 13 Total,Songhai Learning Institute Total,Songhai Learning Institute,,Schools,,,,,,N
U25381,John D Shoop Elementary School,,CPS Public School,,Elementary School,1,6,U25380,Board of Trustees Total,Chief Executive Officer Total,School Networks Total,Network 13 Total,John D Shoop Elementary School Total,John D Shoop Elementary School,,Schools,,,,,,N
U46421,Benito Juarez High School,,CPS Public School,,High School,1,6,U46420,Board of Trustees Total,Chief Executive Officer Total,School Networks Total,Network 15 Total,Benito Juarez High School Total,Benito Juarez High School,,Schools,,,,,,N
U51072,William H Wells Community Academy High School Evening School Program William H Wells Community Academy High School Evening School Program,,Inactive School,,High School,1,7,U51070,Board of Trustees Total,Chief Executive Officer Total,School Collaboratives Total,West Side Collaborative Total,West Side High School Network Total,William H Wells Community Academy High School Total,,Schools,,,,,,N
U66580,Joshua Johnston Charter School for Fine Art and Design Total,,,,,0,6,U60005,Board of Trustees Total,Chief Executive Officer Total,School Collaboratives Total,School Collaborative - Other Total,Charter/Contract Schools Total,Joshua Johnston Charter School for Fine Art and Design Total,,,,,,,,N
U55140,Big Picture School (MET) School Total,,,,,0,5,U02490,Board of Trustees Total,Chief Executive Officer Total,School Networks Total,Network 9 Total,Big Picture School (MET) School Total,,,,,,,,,N
U23671,Phoebe Apperson Hearst School,,CPS Public School,,Elementary School,1,6,U23670,Board of Trustees Total,Chief Executive Officer Total,School Networks Total,Network 10 Total,Phoebe Apperson Hearst School Total,Phoebe Apperson Hearst School,,Schools,,,,,,N
U23911,Edward N Hurley School,,CPS Public School,,Elementary School,1,6,U23910,Board of Trustees Total,Chief Executive Officer Total,School Networks Total,Network 10 Total,Edward N Hurley School Total,Edward N Hurley School,,Schools,,,,,,N
U23971,Kate S Kellogg School,,CPS Public School,,Elementary School,1,6,U23970,Board of Trustees Total,Chief Executive Officer Total,School Networks Total,Network 10 Total,Kate S Kellogg School Total,Kate S Kellogg School,,Schools,,,,,,N
U22021,Jane Addams School,,CPS Public School,,Elementary School,1,6,U22020,Board of Trustees Total,Chief Executive Officer Total,School Networks Total,Network 13 Total,Jane Addams School Total,Jane Addams School,,Schools,,,,,,N
U46130,Edwin G. Foreman College and Career Academy Total,,,,,0,5,U02640,Board of Trustees Total,Chief Executive Officer Total,School Networks Total,Network 14 Total,Edwin G. Foreman College and Career Academy Total,,,,,,,,,N
U30042,Family Guidance Center Iasa Title 1,,Inactive School,,Elementary School,1,7,U30040,Board of Trustees Total,Chief Executive Officer Total,School Collaboratives Total,West Side Collaborative Total,Fulton Elementary Network Total,Moses Montefiore Special School Total,,Schools,,,,,,N
U46052,James H Bowen High School - Evening HS,,Inactive School,,High School,1,7,U46050,Board of Trustees Total,Chief Executive Officer Total,School Collaboratives Total,School Collaborative - Other Total,Undesignated Schools Total,James H Bowen High School Total,,Schools,,,,,,N
U24570,Donald L Morrill Mathematics & Science Specialty School Total,,,,,0,5,U02500,Board of Trustees Total,Chief Executive Officer Total,School Networks Total,Network 10 Total,Donald L Morrill Mathematics & Science Specialty School Total,,,,,,,,,N
U25471,Adlai E Stevenson School,,CPS Public School,,Elementary School,1,6,U25470,Board of Trustees Total,Chief Executive Officer Total,School Networks Total,Network 10 Total,Adlai E Stevenson School Total,Adlai E Stevenson School,,Schools,,,,,,N
U22101,Avalon Park School,,CPS Public School,,Elementary School,1,6,U22100,Board of Trustees Total,Chief Executive Officer Total,School Networks Total,Network 12 Total,Avalon Park School Total,Avalon Park School,,Schools,,,,,,N
U25820,West Pullman School Total,,,,,0,5,U02530,Board of Trustees Total,Chief Executive Officer Total,School Networks Total,Network 13 Total,West Pullman School Total,,,,,,,,,N
U11905,Student Transportation Services Total,,,,,0,5,U11900,Board of Trustees Total,Chief Executive Officer Total,Chief Administrative Office Total,Student Transportation Total,Student Transportation Services Total,,,,,,,,,N
U26700,Fairfield Academy Total,,,,,0,5,U02500,Board of Trustees Total,Chief Executive Officer Total,School Networks Total,Network 10 Total,Fairfield Academy Total,,,,,,,,,N
U22360,Charles S Brownell School Total,,,,,0,5,U02520,Board of Trustees Total,Chief Executive Officer Total,School Networks Total,Network 12 Total,Charles S Brownell School Total,,,,,,,,,N
U22330,Orville T Bright Elementary School Total,,,,,0,5,U02530,Board of Trustees Total,Chief Executive Officer Total,School Networks Total,Network 13 Total,Orville T Bright Elementary School Total,,,,,,,,,N
U22332,Bright Br - Bright,,CPS Public School,,Elementary School,1,6,U22330,Board of Trustees Total,Chief Executive Officer Total,School Networks Total,Network 13 Total,Orville T Bright Elementary School Total,Bright Br - Bright,,Schools,,,,,,N
U55180,Multicultural Arts High School (at Little Village) Total,,,,,0,5,U02650,Board of Trustees Total,Chief Executive Officer Total,School Networks Total,Network 15 Total,Multicultural Arts High School (at Little Village) Total,,,,,,,,,N
U27071,MSAC - Lee Pasteur Area Elementary School,,,,,1,6,U27070,Board of Trustees Total,Chief Executive Officer Total,School Networks Total,Network 10 Total,MSAC - Lee Pasteur Area Elementary School Total,MSAC - Lee Pasteur Area Elementary School,,Schools,,,,,,N
U22431,Burnham Elementary Inclusive Academy,,CPS Public School,,Elementary School,1,6,U22430,Board of Trustees Total,Chief Executive Officer Total,School Networks Total,Network 13 Total,Augustus H Burley Elem School Burnham/Anthony Inclusive Academy Total,Burnham Elementary Inclusive Academy,,Schools,,,,,,N
U46040,William J Bogan Computer Technical High School Total,,,,,0,5,U02660,Board of Trustees Total,Chief Executive Officer Total,School Networks Total,Network 16 Total,William J Bogan Computer Technical High School Total,,,,,,,,,N
U30110,Kate S Buckingham Special Education Center Total,,,,,0,5,U02520,Board of Trustees Total,Chief Executive Officer Total,School Networks Total,Network 12 Total,Kate S Buckingham Special Education Center Total,,,,,,,,,N
U25732,John A Walsh Annex,,Inactive School,,Elementary School,1,7,U25730,Board of Trustees Total,Chief Executive Officer Total,School Collaboratives Total,West Side Collaborative Total,Pilsen-Little Village Elementary Network Total,John A Walsh Elementary School Total,,Schools,,,,,,N
U66060,Chicago International Charter - Longwood Total,,,,,0,6,U60005,Board of Trustees Total,Chief Executive Officer Total,School Collaboratives Total,School Collaborative - Other Total,Charter/Contract Schools Total,Chicago International Charter - Longwood Total,,,,,,,,N
U30071,Blair Early Childhood Center,,CPS Public School,,Elementary School,1,6,U30070,Board of Trustees Total,Chief Executive Officer Total,School Networks Total,Network 10 Total,Blair Early Childhood Center Total,Blair Early Childhood Center,,Schools,,,,,,N
U32081,Ashburn Community Area School,,CPS Public School,,Elementary School,1,6,U32080,Board of Trustees Total,Chief Executive Officer Total,School Networks Total,Network 10 Total,Ashburn Community Area School Total,Ashburn Community Area School,,Schools,,,,,,N
U22770,Edward Coles Model For Excellence School Total,,,,,0,5,U02520,Board of Trustees Total,Chief Executive Officer Total,School Networks Total,Network 12 Total,Edward Coles Model For Excellence School Total,,,,,,,,,N
U22771,Edward Coles Model For Excellence School,,CPS Public School,,Elementary School,1,6,U22770,Board of Trustees Total,Chief Executive Officer Total,School Networks Total,Network 12 Total,Edward Coles Model For Excellence School Total,Edward Coles Model For Excellence School,,Schools,,,,,,N
U22930,Charles S Deneen School Total,,,,,1,5,U02520,Board of Trustees Total,Chief Executive Officer Total,School Networks Total,Network 12 Total,Charles S Deneen School Total,,,Schools,,,,,,N
U22800,John W Cook Elementary School Total,,,,,0,5,U02510,Board of Trustees Total,Chief Executive Officer Total,School Networks Total,Network 11 Total,John W Cook Elementary School Total,,,,,,,,,N
U23320,Frank L Gillespie School Total,,,,,0,5,U02520,Board of Trustees Total,Chief Executive Officer Total,School Networks Total,Network 12 Total,Frank L Gillespie School Total,,,,,,,,,N
U31060,Ralph H Metcalfe Community Academy Elementary School Total,,,,,0,5,U02530,Board of Trustees Total,Chief Executive Officer Total,School Networks Total,Network 13 Total,Ralph H Metcalfe Community Academy Elementary School Total,,,,,,,,,N
U23451,Walter Q Gresham Elementary School,,CPS Public School,,Elementary School,1,6,U23450,Board of Trustees Total,Chief Executive Officer Total,School Networks Total,Network 11 Total,Walter Q Gresham Elementary School Total,Walter Q Gresham Elementary School,,Schools,,,,,,N
U23880,Paul Cuffe Elementary School Total,,,,,0,5,U02510,Board of Trustees Total,Chief Executive Officer Total,School Networks Total,Network 11 Total,Paul Cuffe Elementary School Total,,,,,,,,,N
U22641,Ira F Aldridge Elementary School,,CPS Public School,,Elementary School,1,6,U22640,Board of Trustees Total,Chief Executive Officer Total,School Networks Total,Network 13 Total,Ira F Aldridge Elementary School Total,Ira F Aldridge Elementary School,,Schools,,,,,,N
U46520,Devry University Advantage Academy Total,,,,,0,5,U02640,Board of Trustees Total,Chief Executive Officer Total,School Networks Total,Network 14 Total,Devry University Advantage Academy Total,,,,,,,,,N
U47061,Nicholas Senn High School,,CPS Public School,,High School,1,6,U47060,Board of Trustees Total,Chief Executive Officer Total,School Networks Total,Network 14 Total,Senn Metropolitan Academy Of Liberal Arts & Technology Total,Nicholas Senn High School,,Schools,,,,,,N
U47080,Frederick W on Steuben Metropolitan Science Center Total,,,,,0,5,U02640,Board of Trustees Total,Chief Executive Officer Total,School Networks Total,Network 14 Total,Frederick W on Steuben Metropolitan Science Center Total,,,,,,,,,N
U32071,South Chicago Community School,,CPS Public School,,Elementary School,1,6,U32070,Board of Trustees Total,Chief Executive Officer Total,School Networks Total,Network 12 Total,South Chicago Community School Total,South Chicago Community School,,Schools,,,,,,N
U53053,Richards Evening High School,,Inactive School,,High School,1,7,U53050,Board of Trustees Total,Chief Executive Officer Total,School Collaboratives Total,Southwest Side Collaborative Total,Southwest Side High School Network Total,Ellen H Richards Career Academy Total,,Schools,,,,,,N
U24301,James Madison School,,CPS Public School,,Elementary School,1,6,U24300,Board of Trustees Total,Chief Executive Officer Total,School Networks Total,Network 12 Total,James Madison School Total,James Madison School,,Schools,,,,,,N
U24650,Jane A Neil School Total,,,,,0,5,U02520,Board of Trustees Total,Chief Executive Officer Total,School Networks Total,Network 12 Total,Jane A Neil School Total,,,,,,,,,N
U31251,Thomas J Higgins Community Academy,,CPS Public School,,Elementary School,1,6,U31250,Board of Trustees Total,Chief Executive Officer Total,School Networks Total,Network 13 Total,Thomas J Higgins Community Academy Total,Thomas J Higgins Community Academy,,Schools,,,,,,N
U50191,Fenger Achievement Academy,,CPS Public School,,High School,1,6,U50190,Board of Trustees Total,Chief Executive Officer Total,School Networks Total,Network 13 Total,Fenger Achievement Academy Total,Fenger Achievement Academy,,Schools,,,,,,N
U13605,Portfolio Planning & Analytics Total,,,,,0,4,U13600,Board of Trustees Total,Chief Executive Officer Total,Portfolio Office Total  - Portfolio Office Total,Portfolio Planning & Analytics Total,,,,,,,,,,N
U25191,William H Ryder Math/Science Specialty School,,CPS Public School,,Elementary School,1,6,U25190,Board of Trustees Total,Chief Executive Officer Total,School Networks Total,Network 11 Total,William H Ryder Math/Science Specialty School Total,William H Ryder Math/Science Specialty School,,Schools,,,,,,N
U24751,Isabell C O'Keeffe School,,CPS Public School,,Elementary School,1,6,U24750,Board of Trustees Total,Chief Executive Officer Total,School Networks Total,Network 12 Total,Isabell C O'Keeffe School Total,Isabell C O'Keeffe School,,Schools,,,,,,N
U24841,Park Manor Elementary School,,CPS Public School,,Elementary School,1,6,U24840,Board of Trustees Total,Chief Executive Officer Total,School Networks Total,Network 12 Total,Park Manor Elementary School Total,Park Manor Elementary School,,Schools,,,,,,N
U23061,George W Curtis Elementary School,,AUSL School,,Elementary School,1,6,U23060,Board of Trustees Total,Chief Executive Officer Total,School Networks Total,Network 13 Total,George W Curtis Elementary School Total,George W Curtis Elementary School,,Schools,,,,,,N
U46141,Gage Park High School,,CPS Public School,,High School,1,6,U46140,Board of Trustees Total,Chief Executive Officer Total,School Networks Total,Network 16 Total,Gage Park High School Total,Gage Park High School,,Schools,,,,,,N
U46180,Thomas Kelly High School Total,,,,,0,5,U02660,Board of Trustees Total,Chief Executive Officer Total,School Networks Total,Network 16 Total,Thomas Kelly High School Total,,,,,,,,,N
U46182,Kelly Evening High School,,CPS Public School,,High School,1,6,U46180,Board of Trustees Total,Chief Executive Officer Total,School Networks Total,Network 16 Total,Thomas Kelly High School Total,Kelly Evening High School,,Schools,,,,,,N
U46340,Gurdon S Hubbard High School Total,,,,,0,5,U02660,Board of Trustees Total,Chief Executive Officer Total,School Networks Total,Network 16 Total,Gurdon S Hubbard High School Total,,,,,,,,,N
U26121,Ralph Johnson Bunche School,,CPS Public School,,Elementary School,1,6,U26120,Board of Trustees Total,Chief Executive Officer Total,School Networks Total,Network 11 Total,Ralph Johnson Bunche School Total,Ralph Johnson Bunche School,,Schools,,,,,,N
U41060,Frederick A Douglass Middle Academy Total,,,,,0,5,U02650,Board of Trustees Total,Chief Executive Officer Total,School Networks Total,Network 15 Total,Frederick A Douglass Middle Academy Total,,,,,,,,,N
U51042,South Shore High School - Branch - Fund 270 Only -,,CPS Public School,,High School,1,6,U51040,Board of Trustees Total,Chief Executive Officer Total,School Networks Total,Network 12 Total,South Shore Multiplex Total,South Shore High School - Branch - Fund 270 Only -,,Schools,,,,,,N
U66073,Chicago International Charter High School,,Inactive School,,High School,1,7,U66070,Board of Trustees Total,Chief Executive Officer Total,School Collaboratives Total,School Collaborative - Other Total,Charter/Contract Schools Total,Chicago International Charter - Bucktown Total,,Schools,,,,,,N
U26720,Sandoval Elementary School Total,,,,,0,5,U02480,Board of Trustees Total,Chief Executive Officer Total,School Networks Total,Network 8 Total,Sandoval Elementary School Total,,,,,,,,,N
U26820,Calmeca Academy of Fine Arts and Dual Language Total,,,,,0,5,U02480,Board of Trustees Total,Chief Executive Officer Total,School Networks Total,Network 8 Total,Calmeca Academy of Fine Arts and Dual Language Total,,,,,,,,,N
U26821,Calmeca Academy of Fine Arts and Dual Language,,CPS Public School,,Elementary School,1,6,U26820,Board of Trustees Total,Chief Executive Officer Total,School Networks Total,Network 8 Total,Calmeca Academy of Fine Arts and Dual Language Total,Calmeca Academy of Fine Arts and Dual Language,,Schools,,,,,,N
U10820,Professional Development,,,,,1,4,U10800,Board of Trustees Total,Chief Executive Officer Total,Chief Education Office Total,Professional Development,,,,Schools,,,,,,N
U29220,Philip Murray Language Academy Total,,,,,0,5,U02490,Board of Trustees Total,Chief Executive Officer Total,School Networks Total,Network 9 Total,Philip Murray Language Academy Total,,,,,,,,,N
U29221,Philip Murray Language Academy,,CPS Public School,,Elementary School,1,6,U29220,Board of Trustees Total,Chief Executive Officer Total,School Networks Total,Network 9 Total,Philip Murray Language Academy Total,Philip Murray Language Academy,,Schools,,,,,,N
U66660,Christopher House Charter School Total,,,,,0,6,U60005,Board of Trustees Total,Chief Executive Officer Total,School Collaboratives Total,School Collaborative - Other Total,Charter/Contract Schools Total,Christopher House Charter School Total,,,,,,,,N
U66628,YCCS-Westside Holistic Leadership Acad HS,,,,,1,5,U60005,Board of Trustees Total,Chief Executive Officer Total,School Networks Total,Charter Schools Network Total,YCCS-Westside Holistic Leadership Acad HS,,,Schools,,,,,,N
U66641,Legal Prep Charter Academy,,Charter School,,Grade Type TBD,1,5,U60005,Board of Trustees Total,Chief Executive Officer Total,School Networks Total,Charter Schools Network Total,Legal Prep Charter Academy,,,Schools,,,,,,N
U22760,Henry R Clissold School Total,,,,,0,5,U02500,Board of Trustees Total,Chief Executive Officer Total,School Networks Total,Network 10 Total,Henry R Clissold School Total,,,,,,,,,N
U22900,Charles Gates Dawes School Total,,,,,0,5,U02500,Board of Trustees Total,Chief Executive Officer Total,School Networks Total,Network 10 Total,Charles Gates Dawes School Total,,,,,,,,,N
U66190,Passages Charter School Total,,,,,0,6,U60005,Board of Trustees Total,Chief Executive Officer Total,School Collaboratives Total,School Collaborative - Other Total,Charter/Contract Schools Total,Passages Charter School Total,,,,,,,,N
U11201,Access and Enrollment,,,,,1,4,U13600,Board of Trustees Total,Chief Executive Officer Total,Portfolio Office Total,Access and Enrollment,,,,Schools,,,,,,N
U23001,John C Dore School,,CPS Public School,,Elementary School,1,6,U23000,Board of Trustees Total,Chief Executive Officer Total,School Networks Total,Network 10 Total,John C Dore School Total,John C Dore School,,Schools,,,,,,N
U23040,John F Eberhart School Total,,,,,0,5,U02500,Board of Trustees Total,Chief Executive Officer Total,School Networks Total,Network 10 Total,John F Eberhart School Total,,,,,,,,,N
U30031,Walter S Christopher School,,CPS Public School,,Elementary School,1,6,U30030,Board of Trustees Total,Chief Executive Officer Total,School Networks Total,Network 8 Total,Walter S Christopher School Total,Walter S Christopher School,,Schools,,,,,,N
U50121,Tilden Academic Transition HS,,CPS Public School,,High School,1,6,U50120,Board of Trustees Total,Chief Executive Officer Total,School Networks Total,Network 8 Total,Tilden Academic Transition HS Total,Tilden Academic Transition HS,,Schools,,,,,,N
U22411,Edmund Burke Elementary School,,CPS Public School,,Elementary School,1,6,U22410,Board of Trustees Total,Chief Executive Officer Total,School Networks Total,Network 9 Total,Edmund Burke Elementary School Total,Edmund Burke Elementary School,,Schools,,,,,,N
U10835,Core Curriculum Office,,Central Office,,,1,6,U10802,Board of Trustees Total,Chief Executive Officer Total,Chief Education Office Total,Chief Teaching and Learning Office Total,Core Curriculum Office Total,Core Curriculum Office,,Central Office,,,,,,N
U66931,KIPP-Bloom,,,,,1,5,U60005,Board of Trustees Total,Chief Executive Officer Total,School Networks Total,Charter Schools Network Total,KIPP-Bloom,,,Schools,,,,,,N
U66941,Foundations College Preparatory Charter School,,,,,1,5,U60005,Board of Trustees Total,Chief Executive Officer Total,School Networks Total,Charter Schools Network Total,Foundations College Preparatory Charter School,,,Schools,,,,,,N
U25890,Williams Elementary School Total,,,,,0,5,U02490,Board of Trustees Total,Chief Executive Officer Total,School Networks Total,Network 9 Total,Williams Elementary School Total,,,,,,,,,N
U66260,Kipp Ascend Charter School Total,,,,,0,6,U60005,Board of Trustees Total,Chief Executive Officer Total,School Collaboratives Total,School Collaborative - Other Total,Charter/Contract Schools Total,Kipp Ascend Charter School Total,,,,,,,,N
U63000,Contract Schools Network Total,,,,,0,4,U02005,Board of Trustees Total,Chief Executive Officer Total,School Networks Total,Contract Schools Network Total,,,,,,,,,,N
U26101,Florence B Price Elementary School,,CPS Public School,,Elementary School,1,6,U26100,Board of Trustees Total,Chief Executive Officer Total,School Networks Total,Network 9 Total,Florence B Price Elementary School Total,Florence B Price Elementary School,,Schools,,,,,,N
U31121,Thomas A Hendricks Community Academy,,CPS Public School,,Elementary School,1,6,U31120,Board of Trustees Total,Chief Executive Officer Total,School Networks Total,Network 9 Total,Thomas A Hendricks Community Academy Total,Thomas A Hendricks Community Academy,,Schools,,,,,,N
U11050,Labor Relations Office,,Central Office,,,1,4,U11000,Board of Trustees Total,Chief Executive Officer Total,Talent Office Total,Labor Relations Office,,,,Central Office,,,,,,N
U10720,Public and External Affairs Office,,Central Office,,,1,5,U10700,Board of Trustees Total,Chief Executive Officer Total,Chief Operating Officer Total,Public and External Affairs Office Total,Public and External Affairs Office,,,Central Office,,,,,,N
U23130,Esmond Elementary School Total,,,,,0,5,U02500,Board of Trustees Total,Chief Executive Officer Total,School Networks Total,Network 10 Total,Esmond Elementary School Total,,,,,,,,,N
U12200,Procurement and Contracts Total,,,,,1,5,U14000,Board of Trustees Total,Chief Executive Officer Total,Chief Operating Officer Total,Chief Administrative Office Total,Procurement and Contracts Total,,,Schools,,,,,,N
U23011,John B Drake School,,CPS Public School,,Elementary School,1,6,U23010,Board of Trustees Total,Chief Executive Officer Total,School Networks Total,Network 9 Total,John B Drake School Total,John B Drake School,,Schools,,,,,,N
U10871,Science Technology Engineering & Math (STEM) Programs,,,,,1,5,U10812,Board of Trustees Total,Chief Executive Officer Total,Chief Education Office Total,Chief Teaching and Learning Office Total,Science Technology Engineering & Math (STEM) Programs,,,Schools,,,,,,N
U10910,LSC Relations,,Central Office,,,1,6,U10905,Board of Trustees Total,Chief Executive Officer Total,Chief Operating Officer Total,Family & Community Engagement Office Total,LSC Relations Total,LSC Relations,,Central Office,,,,,,N
U23170,John Farren Elementary School Total,,,,,0,5,U02490,Board of Trustees Total,Chief Executive Officer Total,School Networks Total,Network 9 Total,John Farren Elementary School Total,,,,,,,,,N
U26131,Mary C Terrell Elementary School,,CPS Public School,,Elementary School,1,6,U26130,Board of Trustees Total,Chief Executive Officer Total,School Networks Total,Network 9 Total,Mary C Terrell Elementary School Total,Mary C Terrell Elementary School,,Schools,,,,,,N
U11955,Colman,,,,,1,6,U11950,Board of Trustees Total,Chief Executive Officer Total,Chief Operating Officer Total,Facility Operations & Management Total,CPS Administrative Buildings Total,Colman,,Schools,,,,,,N
U26250,Irvin C Mollison School Total,,,,,0,5,U02490,Board of Trustees Total,Chief Executive Officer Total,School Networks Total,Network 9 Total,Irvin C Mollison School Total,,,,,,,,,N
U46442,Bronzeville FD 270,,CPS Public School,,High School,1,6,U46440,Board of Trustees Total,Chief Executive Officer Total,School Networks Total,Network 9 Total,Bronzeville PJT Total,Bronzeville FD 270,,Schools,,,,,,N
U11205,Title I and School Improvement Programs Total,,,,,0,4,U10800,Board of Trustees Total,Chief Executive Officer Total,Chief Education Office Total,Title I and School Improvement Programs Total,,,,,,,,,,N
U11320,High School Programs,,Central Office,,,1,4,U10800,Board of Trustees Total,Chief Executive Officer Total,Chief Education Office Total,High School Programs,,,,Central Office,,,,,,N
U68010,Eckersall Stadium,,Stadium,,,1,6,U68000,Board of Trustees Total,Chief Executive Officer Total,Chief Operating Officer Total,Facility Operations & Management Total,Stadiums Total,Eckersall Stadium,,Schools,,,,,,N
U11390,Academic Learning & Support - City Wide,,City Wide,,,1,6,U11379,Board of Trustees Total,Chief Executive Officer Total,Chief Education Office Total,College and Career Success Total,Academic Learning & Support Total,Academic Learning & Support - City Wide,,City Wide,,,,,,N
U11405,Computer Science,,,,,1,5,U11400,Board of Trustees Total,Chief Executive Officer Total,Chief Education Office Total,College and Career Success Total,Computer Science,,,Schools,,,,,,N
U66054,Perspectives Charter School - Calumet Middle School Campus,,Charter School,,Elementary School,1,5,U60005,Board of Trustees Total,Chief Executive Officer Total,School Networks Total,Charter Schools Network Total,Perspectives Charter School - Calumet Middle School Campus,,,Schools,,,,,,N
U11950,CPS Administrative Buildings Total,,,,,0,5,U11800,Board of Trustees Total,Chief Executive Officer Total,Chief Operating Officer Total,Facility Operations & Management Total,CPS Administrative Buildings Total,,,,,,,,,N
U11953,Hayes,,,,,1,6,U11950,Board of Trustees Total,Chief Executive Officer Total,Chief Operating Officer Total,Facility Operations & Management Total,CPS Administrative Buildings Total,Hayes,,Schools,,,,,,N
U13610,Innovation and Incubation,,Central Office,,,1,5,U10404,Board of Trustees Total,Chief Executive Officer Total,Portfolio Office Total,Innovation and Incubation Total,Innovation and Incubation,,,Central Office,,,,,,N
U10890,Arts,,Central Office,,,1,5,U10812,Board of Trustees Total,Chief Executive Officer Total,Chief Education Office Total,Chief Teaching and Learning Office Total,Arts,,,Central Office,,,,,,N
U10811,Office of School Quality Measurement,,,,,1,4,U13600,Board of Trustees Total,Chief Executive Officer Total,Portfolio Office Total,Office of School Quality Measurement,,,,Schools,,,,,,N
U11210,Student Assessment & MTSS,,Central Office,,,1,6,U11209,Board of Trustees Total,Chief Executive Officer Total,Chief Education Office Total,Chief Teaching and Learning Office Total,Assessment Total,Student Assessment & MTSS,,Central Office,,,,,,N
U11551,Teacher Leader Development and Innovation,,,,,1,5,U10812,Board of Trustees Total,Chief Executive Officer Total,Chief Education Office Total,Chief Teaching and Learning Office Total,Teacher Leader Development and Innovation,,,Schools,,,,,,N
U13700,Literacy,,Central Office,,,1,6,U13709,Board of Trustees Total,Chief Executive Officer Total,Chief Education Office Total,Chief Teaching and Learning Office Total,Literacy Total,Literacy,,Central Office,,,,,,N
U13716,Science,,,,,1,5,U10812,Board of Trustees Total,Chief Executive Officer Total,Chief Education Office Total,Chief Teaching and Learning Office Total,Science,,,Schools,,,,,,N
U23980,Canter Middle School Total,,,,,0,5,U02490,Board of Trustees Total,Chief Executive Officer Total,School Networks Total,Network 9 Total,Canter Middle School Total,,,,,,,,,N
U66616,YCCS - Howard Leadership Academy HS,,,,,1,5,U60005,Board of Trustees Total,Chief Executive Officer Total,School Networks Total,Charter Schools Network Total,YCCS - Howard Leadership Academy HS,,,Schools,,,,,,N
U66617,YCCS - Innovations of Arts Integration HS,,,,,1,5,U60005,Board of Trustees Total,Chief Executive Officer Total,School Networks Total,Charter Schools Network Total,YCCS - Innovations of Arts Integration HS,,,Schools,,,,,,N
U66619,YCCS - Latino Youth Alternative HS,,,,,1,5,U60005,Board of Trustees Total,Chief Executive Officer Total,School Networks Total,Charter Schools Network Total,YCCS - Latino Youth Alternative HS,,,Schools,,,,,,N
U26761,State PreKindergarten Demonstration Center,,CPS Public School,,Elementary School,1,6,U26760,Board of Trustees Total,Chief Executive Officer Total,School Networks Total,Network 9 Total,State PreKindergarten Demonstration Center Total,State PreKindergarten Demonstration Center,,Schools,,,,,,N
U28311,Pershing West Multiplex,,Multiplex,,,1,6,U28310,Board of Trustees Total,Chief Executive Officer Total,School Networks Total,Network 9 Total,Pershing West Multiplex Total,Pershing West Multiplex,,Schools,,,,,,N
U69618,Pathways in Education Humboldt Park,,,,,1,5,U02490,Board of Trustees Total,Chief Executive Officer Total,School Networks Total,Network 9 Total,Pathways in Education Humboldt Park,,,Schools,,,,,,N
U02500,Network 10 Total,,,,,0,4,U02005,Board of Trustees Total,Chief Executive Officer Total,School Networks Total,Network 10 Total,,,,,,,,,,N
U22110,Midway Academy Total,,,,,0,5,U02500,Board of Trustees Total,Chief Executive Officer Total,School Networks Total,Network 10 Total,Midway Academy Total,,,,,,,,,N
U22111,Midway Academy,,CPS Public School,,Elementary School,1,6,U22110,Board of Trustees Total,Chief Executive Officer Total,School Networks Total,Network 10 Total,Midway Academy Total,Midway Academy,,Schools,,,,,,N
U22130,Alice L Barnard Computer Math & Science Center Total,,,,,0,5,U02500,Board of Trustees Total,Chief Executive Officer Total,School Networks Total,Network 10 Total,Alice L Barnard Computer Math & Science Center Total,,,,,,,,,N
U13735,Sports Administration and Facilities Management,,Central Office,,,1,5,U13750,Board of Trustees Total,Chief Executive Officer Total,Chief Education Office Total,Sports Administration Total,Sports Administration and Facilities Management,,,Central Office,,,,,,N
U70211,LR Nash Annex,,,,,1,5,U02440,Board of Trustees Total,Chief Executive Officer Total,School Networks Total,Network 4 Total,LR Nash Annex,,,Schools,,,,,,N
U31260,Jose De Diego Community Academy Total,,,,,0,5,U02450,Board of Trustees Total,Chief Executive Officer Total,School Networks Total,Network 5 Total,Jose De Diego Community Academy Total,,,,,,,,,N
U41070,Brian Piccolo Middle School Total,,,,,0,5,U02450,Board of Trustees Total,Chief Executive Officer Total,School Networks Total,Network 5 Total,Brian Piccolo Middle School Total,,,,,,,,,N
U23941,Thomas Jefferson School,,CPS Public School,,Elementary School,1,6,U23940,Board of Trustees Total,Chief Executive Officer Total,School Networks Total,Network 6 Total,Thomas Jefferson School Total,Thomas Jefferson School,,Schools,,,,,,N
U44031,Von Humboldt Multiplex,,Multiplex,,,1,6,U44030,Board of Trustees Total,Chief Executive Officer Total,School Networks Total,Network 5 Total,Von Humboldt Multiplex Total,Von Humboldt Multiplex,,Schools,,,,,,N
U26421,Mary E Mcdowell Elementary School,,CPS Public School,,Elementary School,1,6,U26420,Board of Trustees Total,Chief Executive Officer Total,School Networks Total,Independent Schools Network Total,Mary E Mcdowell Elementary School Total,Mary E Mcdowell Elementary School,,Schools,,,,,,N
U23081,Richard Edwards School,,CPS Public School,,Elementary School,1,6,U23080,Board of Trustees Total,Chief Executive Officer Total,School Networks Total,Network 8 Total,Richard Edwards School Total,Richard Edwards School,,Schools,,,,,,N
U31170,Horatio May Community Academy Total,,,,,0,5,U02430,Board of Trustees Total,Chief Executive Officer Total,School Networks Total,Network 3 Total,Horatio May Community Academy Total,,,,,,,,,N
U22530,Daniel R Cameron Elementary School Total,,,,,0,5,U02450,Board of Trustees Total,Chief Executive Officer Total,School Networks Total,Network 5 Total,Daniel R Cameron Elementary School Total,,,,,,,,,N
U22912,Delano Child-Parent-Center Br - Delano,,CPS Public School,,Elementary School,1,6,U22910,Board of Trustees Total,Chief Executive Officer Total,School Networks Total,Network 5 Total,Edward C Delano School Total,Delano Child-Parent-Center Br - Delano,,Schools,,,,,,N
U25411,John M Smyth Elementary School,,CPS Public School,,Elementary School,1,6,U25410,Board of Trustees Total,Chief Executive Officer Total,School Networks Total,Network 6 Total,John M Smyth Elementary School Total,John M Smyth Elementary School,,Schools,,,,,,N
U25870,A N Pritzker School Total,,,,,0,5,U02460,Board of Trustees Total,Chief Executive Officer Total,School Networks Total,Network 6 Total,A N Pritzker School Total,,,,,,,,,N
U24400,Oscar F Mayer Elementary School Total,,,,,0,5,U02440,Board of Trustees Total,Chief Executive Officer Total,School Networks Total,Network 4 Total,Oscar F Mayer Elementary School Total,,,,,,,,,N
U20071,Columbia Explorers Academy,,CPS Public School,,Elementary School,1,6,U20070,Board of Trustees Total,Chief Executive Officer Total,School Networks Total,Independent Schools Network Total,Columbia Explorers Academy Total,Columbia Explorers Academy,,Schools,,,,,,N
U28081,Edison Park Elementary School,,CPS Public School,,Elementary School,1,6,U28080,Board of Trustees Total,Chief Executive Officer Total,School Networks Total,Network 1 Total,Edison Park Elementary Total,Edison Park Elementary School,,Schools,,,,,,N
U30051,Daniel Carter Beard School,,CPS Public School,,Elementary School,1,6,U30050,Board of Trustees Total,Chief Executive Officer Total,School Networks Total,Network 1 Total,Daniel Carter Beard School Total,Daniel Carter Beard School,,Schools,,,,,,N
U30080,Frederick Stock School Total,,,,,0,5,U02410,Board of Trustees Total,Chief Executive Officer Total,School Networks Total,Network 1 Total,Frederick Stock School Total,,,,,,,,,N
U51081,Rezin Orr Community Academy High School,,CPS Public School,,High School,1,6,U51080,Board of Trustees Total,Chief Executive Officer Total,School Networks Total,Network 5 Total,Rezin Orr Community Academy High School Total,Rezin Orr Community Academy High School,,Schools,,,,,,N
U26351,Genevieve Melody School,,CPS Public School,,Elementary School,1,6,U26350,Board of Trustees Total,Chief Executive Officer Total,School Networks Total,Network 5 Total,Genevieve Melody School Total,Genevieve Melody School,,Schools,,,,,,N
U23512,John H Hamline Br - Hamline,,CPS Public School,,Elementary School,1,6,U23510,Board of Trustees Total,Chief Executive Officer Total,School Networks Total,Network 8 Total,John H Hamline Elementary School Total,John H Hamline Br - Hamline,,Schools,,,,,,N
U23680,James Hedges School Main Total,,,,,0,5,U02480,Board of Trustees Total,Chief Executive Officer Total,School Networks Total,Network 8 Total,James Hedges School Main Total,,,,,,,,,N
U45211,Chicago Academy Elementary School,,AUSL School,,Elementary School,1,6,U45210,Board of Trustees Total,Chief Executive Officer Total,School Networks Total,Network 1 Total,Chicago Academy Elementary School Total,Chicago Academy Elementary School,,Schools,,,,,,N
U24011,Pablo Casals School,,AUSL School,,Elementary School,1,6,U24010,Board of Trustees Total,Chief Executive Officer Total,School Networks Total,Network 5 Total,Pablo Casals Total,Pablo Casals School,,Schools,,,,,,N
U24120,M Jean De Lafayette School Total,,,,,0,5,U02450,Board of Trustees Total,Chief Executive Officer Total,School Networks Total,Network 5 Total,M Jean De Lafayette School Total,,,,,,,,,N
U24100,Rodolfo Lozano Bilingual & International Center Total,,,,,0,5,U02460,Board of Trustees Total,Chief Executive Officer Total,School Networks Total,Network 6 Total,Rodolfo Lozano Bilingual & International Center Total,,,,,,,,,N
U29171,Chicago World Language Academy,,CPS Public School,,Elementary School,1,6,U29170,Board of Trustees Total,Chief Executive Officer Total,School Networks Total,Network 6 Total,Andrew Jackson Language Academy Total,Chicago World Language Academy,,Schools,,,,,,N
U29201,Mark Sheridan Math & Science Academy,,CPS Public School,,Elementary School,1,6,U29200,Board of Trustees Total,Chief Executive Officer Total,School Networks Total,Network 6 Total,Mark Sheridan Mathematics & Science Academy Total,Mark Sheridan Math & Science Academy,,Schools,,,,,,N
U53031,Lucy L Flower Vocational High School,,CPS Public School,,High School,1,6,U53030,Board of Trustees Total,Chief Executive Officer Total,School Networks Total,Network 5 Total,Lucy L Flower Vocational High School Total,Lucy L Flower Vocational High School,,Schools,,,,,,N
U24681,William P Nixon School,,CPS Public School,,Elementary School,1,6,U24680,Board of Trustees Total,Chief Executive Officer Total,School Networks Total,Network 4 Total,William P Nixon School Total,William P Nixon School,,Schools,,,,,,N
U70222,Reilly Annex,,,,,1,6,U25100,Board of Trustees Total,Chief Executive Officer Total,School Networks Total,Network 4 Total,Frank W Reilly School Total,Reilly Annex,,Schools,,,,,,N
U23370,William C Goudy School Total,,,,,0,5,U02420,Board of Trustees Total,Chief Executive Officer Total,School Networks Total,Network 2 Total,William C Goudy School Total,,,,,,,,,N
U24470,James B Mcpherson Elementary School Total,,,,,0,5,U02420,Board of Trustees Total,Chief Executive Officer Total,School Networks Total,Network 2 Total,James B Mcpherson Elementary School Total,,,,,,,,,N
U22060,Philip D Armour School Total,,,,,0,5,U02460,Board of Trustees Total,Chief Executive Officer Total,School Networks Total,Network 6 Total,Philip D Armour School Total,,,,,,,,,N
U22061,Philip D Armour School,,CPS Public School,,Elementary School,1,6,U22060,Board of Trustees Total,Chief Executive Officer Total,School Networks Total,Network 6 Total,Philip D Armour School Total,Philip D Armour School,,Schools,,,,,,N
U28191,Penn Multiplex,,Multiplex,,,1,6,U28190,Board of Trustees Total,Chief Executive Officer Total,School Networks Total,Network 5 Total,Penn Multiplex Total,Penn Multiplex,,Schools,,,,,,N
U30060,The Near North Special Education Center School Total,,,,,0,5,U02460,Board of Trustees Total,Chief Executive Officer Total,School Networks Total,Network 6 Total,The Near North Special Education Center School Total,,,,,,,,,N
U30120,Wilma G Rudolph Learning Center Total,,,,,0,5,U02460,Board of Trustees Total,Chief Executive Officer Total,School Networks Total,Network 6 Total,Wilma G Rudolph Learning Center Total,,,,,,,,,N
U25480,Graeme Stewart Elementary School Total,,,,,0,5,U02420,Board of Trustees Total,Chief Executive Officer Total,School Networks Total,Network 2 Total,Graeme Stewart Elementary School Total,,,,,,,,,N
U26801,Early Childhood Demonstration Center Hall Mall,,,,,1,6,U22140,Board of Trustees Total,Chief Executive Officer Total,School Networks Total,Network 4 Total,John Barry Elementary School Total,Early Childhood Demonstration Center Hall Mall,,Schools,,,,,,N
U24721,West Park Academy,,CPS Public School,,Elementary School,1,6,U24720,Board of Trustees Total,Chief Executive Officer Total,School Networks Total,Network 5 Total,West Park Academy Total,West Park Academy,,Schools,,,,,,N
U28100,Andersen Multiplex Total,,,,,0,5,U02460,Board of Trustees Total,Chief Executive Officer Total,School Networks Total,Network 6 Total,Andersen Multiplex Total,,,,,,,,,N
U31031,Richard E Byrd Community Academy,,,,,1,6,U31030,Board of Trustees Total,Chief Executive Officer Total,School Networks Total,Network 6 Total,Richard E Byrd Community Academy Total,Richard E Byrd Community Academy,,Schools,,,,,,N
U31211,Casimir Pulaski International Academy Elementary School,,CPS Public School,,Elementary School,1,6,U31210,Board of Trustees Total,Chief Executive Officer Total,School Networks Total,Network 6 Total,Casimir Pulaski International Academy Elementary School Total,Casimir Pulaski International Academy Elementary School,,Schools,,,,,,N
U25651,Lyman Trumbull School,,CPS Public School,,Elementary School,1,6,U25650,Board of Trustees Total,Chief Executive Officer Total,School Networks Total,Network 2 Total,Lyman Trumbull School Total,Lyman Trumbull School,,Schools,,,,,,N
U29031,Stephen Decatur Classical School,,CPS Public School,,Elementary School,1,6,U29030,Board of Trustees Total,Chief Executive Officer Total,School Networks Total,Network 2 Total,Stephen Decatur Classical School Total,Stephen Decatur Classical School,,Schools,,,,,,N
U29290,Stone Scholastic Academy Total,,,,,0,5,U02420,Board of Trustees Total,Chief Executive Officer Total,School Networks Total,Network 2 Total,Stone Scholastic Academy Total,,,,,,,,,N
U25000,Nathaniel Pope Elementary School Total,,,,,0,5,U02450,Board of Trustees Total,Chief Executive Officer Total,School Networks Total,Network 5 Total,Nathaniel Pope Elementary School Total,,,,,,,,,N
U22471,Jonathan Burr Elementary School,,CPS Public School,,Elementary School,1,6,U22470,Board of Trustees Total,Chief Executive Officer Total,School Networks Total,Network 6 Total,Jonathan Burr Elementary School Total,Jonathan Burr Elementary School,,Schools,,,,,,N
U46081,Richard T Crane Tech Prep Comm On School,,CPS Public School,,High School,1,6,U46080,Board of Trustees Total,Chief Executive Officer Total,School Networks Total,Network 6 Total,Richard T Crane Tech Prep Comm On School Total,Richard T Crane Tech Prep Comm On School,,Schools,,,,,,N
U29400,Walt Disney Magnet School Total,,,,,0,5,U02420,Board of Trustees Total,Chief Executive Officer Total,School Networks Total,Network 2 Total,Walt Disney Magnet School Total,,,,,,,,,N
U30141,Courtenay Language Arts Center,,CPS Public School,,Elementary School,1,6,U30140,Board of Trustees Total,Chief Executive Officer Total,School Networks Total,Network 2 Total,Courtenay Language Arts Center Total,Courtenay Language Arts Center,,Schools,,,,,,N
U50010,Rodriguez Prep Total,,,,,0,5,U02420,Board of Trustees Total,Chief Executive Officer Total,School Networks Total,Network 2 Total,Rodriguez Prep Total,,,,,,,,,N
U23330,William E Gladstone Elementary School Total,,,,,0,5,U02460,Board of Trustees Total,Chief Executive Officer Total,School Networks Total,Network 6 Total,William E Gladstone Elementary School Total,,,,,,,,,N
U22261,James G Blaine School,,CPS Public School,,Elementary School,1,6,U22260,Board of Trustees Total,Chief Executive Officer Total,School Networks Total,Network 4 Total,James G Blaine School Total,James G Blaine School,,Schools,,,,,,N
U10100,Board of Trustees Total,,,,,0,1,Total Entity,Board of Trustees Total,,,,,,,,,,,,,N
U50020,Harvey APC Total,,,,,0,5,U02460,Board of Trustees Total,Chief Executive Officer Total,School Networks Total,Network 6 Total,Harvey APC Total,,,,,,,,,N
U50161,Crane Achievement Academy,,CPS Public School,,High School,1,6,U50160,Board of Trustees Total,Chief Executive Officer Total,School Networks Total,Network 6 Total,Crane Achievement Academy Total,Crane Achievement Academy,,Schools,,,,,,N
U02470,Network 7 Total,,,,,0,4,U02005,Board of Trustees Total,Chief Executive Officer Total,School Networks Total,Network 7 Total,,,,,,,,,,N
U22400,Luther Burbank School Total,,,,,0,5,U02430,Board of Trustees Total,Chief Executive Officer Total,School Networks Total,Network 3 Total,Luther Burbank School Total,,,,,,,,,N
U22401,Luther Burbank School,,CPS Public School,,Elementary School,1,6,U22400,Board of Trustees Total,Chief Executive Officer Total,School Networks Total,Network 3 Total,Luther Burbank School Total,Luther Burbank School,,Schools,,,,,,N
U22491,Milton Brunson Specialty Elementary School,,CPS Public School,,Elementary School,1,6,U22490,Board of Trustees Total,Chief Executive Officer Total,School Networks Total,Network 3 Total,Milton Brunson Specialty Elementary School Total,Milton Brunson Specialty Elementary School,,Schools,,,,,,N
U23100,Edward (Duke) K Ellington School Total,,,,,0,5,U02430,Board of Trustees Total,Chief Executive Officer Total,School Networks Total,Network 3 Total,Edward (Duke) K Ellington School Total,,,,,,,,,N
U22590,Skinner North Total,,,,,0,5,U02440,Board of Trustees Total,Chief Executive Officer Total,School Networks Total,Network 4 Total,Skinner North Total,,,,,,,,,N
U22591,Skinner North,,CPS Public School,,Elementary School,1,6,U22590,Board of Trustees Total,Chief Executive Officer Total,School Networks Total,Network 4 Total,Skinner North Total,Skinner North,,Schools,,,,,,N
U26910,Burroughs II Elementary School Total,,,,,0,5,U00080,Board of Trustees Total,Chief Executive Officer Total,School Networks Total,Undesignated Schools Network Total,Burroughs II Elementary School Total,,,,,,,,,N
U23411,Josefa Ortiz De Dominguez Elementary School,,CPS Public School,,Elementary School,1,6,U23410,Board of Trustees Total,Chief Executive Officer Total,School Networks Total,Network 7 Total,Josefa Ortiz De Dominguez Elementary School New Gary Total,Josefa Ortiz De Dominguez Elementary School,,Schools,,,,,,N
U23150,Laughlin Falconer School Total,,,,,0,5,U02430,Board of Trustees Total,Chief Executive Officer Total,School Networks Total,Network 3 Total,Laughlin Falconer School Total,,,,,,,,,N
U24151,Leslie Lewis School,,CPS Public School,,Elementary School,1,6,U24150,Board of Trustees Total,Chief Executive Officer Total,School Networks Total,Network 3 Total,Leslie Lewis School Total,Leslie Lewis School,,Schools,,,,,,N
U24860,Elizabeth Peabody School Total,,,,,0,5,U02460,Board of Trustees Total,Chief Executive Officer Total,School Networks Total,Network 6 Total,Elizabeth Peabody School Total,,,,,,,,,N
U22711,STEM Magnet Academy,,CPS Public School,,Elementary School,1,6,U22710,Board of Trustees Total,Chief Executive Officer Total,School Networks Total,Independent Schools Network Total,STEM Magnet Academy Total,STEM Magnet Academy,,Schools,,,,,,N
U22790,Ruth Bader Ginsburg Elementary School Total,,,,,0,5,U02270,Board of Trustees Total,Chief Executive Officer Total,School Networks Total,Independent Schools Network Total,Ruth Bader Ginsburg Elementary School Total,,,,,,,,,N
U23540,William F Finkl Total,,,,,0,5,U02470,Board of Trustees Total,Chief Executive Officer Total,School Networks Total,Network 7 Total,William F Finkl Total,,,,,,,,,N
U23541,William F Finkl School,,CPS Public School,,Elementary School,1,6,U23540,Board of Trustees Total,Chief Executive Officer Total,School Networks Total,Network 7 Total,William F Finkl Total,William F Finkl School,,Schools,,,,,,N
U29402,Walt Disney Communication Arts Center,,CPS Public School,,Elementary School,1,6,U29400,Board of Trustees Total,Chief Executive Officer Total,School Networks Total,Network 2 Total,Walt Disney Magnet School Total,Walt Disney Communication Arts Center,,Schools,,,,,,N
U24281,Mary Lyon School,,CPS Public School,,Elementary School,1,6,U24280,Board of Trustees Total,Chief Executive Officer Total,School Networks Total,Network 3 Total,Mary Lyon School Total,Mary Lyon School,,Schools,,,,,,N
U24460,Hanson Park School Total,,,,,0,5,U02430,Board of Trustees Total,Chief Executive Officer Total,School Networks Total,Network 3 Total,Hanson Park School Total,,,,,,,,,N
U24890,Helen C Peirce School Of International Studies Total,,,,,0,5,U02270,Board of Trustees Total,Chief Executive Officer Total,School Networks Total,Independent Schools Network Total,Helen C Peirce School Of International Studies Total,,,,,,,,,N
U29410,Frazier International Magnet Elementary School Total,,,,,0,5,U02270,Board of Trustees Total,Chief Executive Officer Total,School Networks Total,Independent Schools Network Total,Frazier International Magnet Elementary School Total,,,,,,,,,N
U25221,Louis Armstrong Mathematics & Science Specialty School,,CPS Public School,,Elementary School,1,6,U25220,Board of Trustees Total,Chief Executive Officer Total,School Networks Total,Network 3 Total,Louis Armstrong Mathematics & Science Specialty School Total,Louis Armstrong Mathematics & Science Specialty School,,Schools,,,,,,N
U45220,Hyman G. Rickover Naval Academy Total,,,,,0,5,U02270,Board of Trustees Total,Chief Executive Officer Total,School Networks Total,Independent Schools Network Total,Hyman G. Rickover Naval Academy Total,,,,,,,,,N
U27020,MSAC - Boone Clinton Area Elementary School Total,,,,,0,5,U00080,Board of Trustees Total,Chief Executive Officer Total,School Networks Total,Undesignated Schools Network Total,MSAC - Boone Clinton Area Elementary School Total,,,,,,,,,N
U29070,Gerald Delgado Kanoon Magnet School Total,,,,,0,5,U02470,Board of Trustees Total,Chief Executive Officer Total,School Networks Total,Network 7 Total,Gerald Delgado Kanoon Magnet School Total,,,,,,,,,N
U25972,Pfc Milton L Olive LII Child-Parent-Center Br - Henson,,CPS Public School,,Elementary School,1,6,U25970,Board of Trustees Total,Chief Executive Officer Total,School Networks Total,Network 5 Total,Matthew A Henson School Total,Pfc Milton L Olive LII Child-Parent-Center Br - Henson,,Schools,,,,,,N
U23740,Victor Herbert School Total,,,,,0,5,U02460,Board of Trustees Total,Chief Executive Officer Total,School Networks Total,Network 6 Total,Victor Herbert School Total,,,,,,,,,N
U66076,Chicago International Charter School - Lloyd Bond Campus,,Charter School,,Elementary School,1,5,U60005,Board of Trustees Total,Chief Executive Officer Total,School Networks Total,Charter Schools Network Total,Chicago International Charter School - Lloyd Bond Campus,,,Schools,,,,,,N
U22321,Norman Bridge School,,CPS Public School,,Elementary School,1,6,U22320,Board of Trustees Total,Chief Executive Officer Total,School Networks Total,Network 1 Total,Norman Bridge School Total,Norman Bridge School,,Schools,,,,,,N
U22540,Arthur E Canty Total,,,,,0,5,U02410,Board of Trustees Total,Chief Executive Officer Total,School Networks Total,Network 1 Total,Arthur E Canty Total,,,,,,,,,N
U22740,Grover Cleveland School Total,,,,,0,5,U02410,Board of Trustees Total,Chief Executive Officer Total,School Networks Total,Network 1 Total,Grover Cleveland School Total,,,,,,,,,N
U69615,St. John's Lutheran (LaGrange),,,,,1,5,U69000,Board of Trustees Total,Chief Executive Officer Total,School Networks Total,Non-Public Schools Network Total,St. John's Lutheran (LaGrange),,,Schools,,,,,,N
U10500,Communications Office Total,,,,,0,3,U10400,Board of Trustees Total,Chief Executive Officer Total,Communications Office Total,,,,,,,,,,,N
U10760,Office of Student Protections & Title IX,,,,,1,3,U10400,Board of Trustees Total,Chief Executive Officer Total,Office of Student Protections & Title IX,,,,,Schools,,,,,,N
U10800,Chief Education Office Total,,,,,0,3,U10400,Board of Trustees Total,Chief Executive Officer Total,Chief Education Office Total,,,,,,,,,,,N
U02021,O'Hare Elementary Network,,Central Office,,,1,5,U02000,Board of Trustees Total,Chief Executive Officer Total,Chief Education Office Total,Network Offices Total,O'Hare Elementary Network,,,Central Office,,,,,,N
U69204,St Michael School,,Non-Public School,,Elementary School,1,5,U69000,Board of Trustees Total,Chief Executive Officer Total,School Networks Total,Non-Public Schools Network Total,St Michael School,,,Schools,,,,,,N
U22940,William E Dever School Total,,,,,0,5,U02410,Board of Trustees Total,Chief Executive Officer Total,School Networks Total,Network 1 Total,William E Dever School Total,,,,,,,,,N
U23400,William P Gray School Total,,,,,0,5,U02410,Board of Trustees Total,Chief Executive Officer Total,School Networks Total,Network 1 Total,William P Gray School Total,,,,,,,,,N
U69125,Our Savior Lutheran School (Canfield),,Non-Public School,,Elementary School,1,5,U69000,Board of Trustees Total,Chief Executive Officer Total,School Networks Total,Non-Public Schools Network Total,Our Savior Lutheran School (Canfield),,,Schools,,,,,,N
U69311,Gloria Dei Lutheran School,,Non-Public School,,Elementary School,1,5,U69000,Board of Trustees Total,Chief Executive Officer Total,School Networks Total,Non-Public Schools Network Total,Gloria Dei Lutheran School,,,Schools,,,,,,N
U69209,Bridgeport Catholic Academy School - South,,Non-Public School,,Elementary School,1,5,U69000,Board of Trustees Total,Chief Executive Officer Total,School Networks Total,Non-Public Schools Network Total,Bridgeport Catholic Academy School - South,,,Schools,,,,,,N
U47131,New Bronzeville and Englewood High School,,,,,1,6,U47130,Board of Trustees Total,Chief Executive Officer Total,School Networks Total,Network 16 Total,New Bronzeville and Englewood High School Total,New Bronzeville and Englewood High School,,Schools,,,,,,N
U49030,Southside Occupational Academy Total,,,,,0,5,U02660,Board of Trustees Total,Chief Executive Officer Total,School Networks Total,Network 16 Total,Southside Occupational Academy Total,,,,,,,,,N
U24590,Mount Greenwood Elementary School Total,,,,,0,5,U02270,Board of Trustees Total,Chief Executive Officer Total,School Networks Total,Independent Schools Network Total,Mount Greenwood Elementary School Total,,,,,,,,,N
U24710,Norwood Park Elementary School Total,,,,,0,5,U02410,Board of Trustees Total,Chief Executive Officer Total,School Networks Total,Network 1 Total,Norwood Park Elementary School Total,,,,,,,,,N
U69628,Ryan Banks Academy,,,,,1,5,U69000,Board of Trustees Total,Chief Executive Officer Total,School Networks Total,Non-Public Schools Network Total,Ryan Banks Academy,,,Schools,,,,,,N
U69437,Reach Academy (Mighty God),,Non-Public School,,Elementary School,1,5,U69000,Board of Trustees Total,Chief Executive Officer Total,School Networks Total,Non-Public Schools Network Total,Reach Academy (Mighty God),,,Schools,,,,,,N
U05041,Area Elementary Instructional Office 4,,Central Office,,,1,5,U02000,Board of Trustees Total,Chief Executive Officer Total,Chief Education Office Total,Network Offices Total,Area Elementary Instructional Office 4,,,Central Office,,,,,,N
U50181,Phillips Achievement Academy,,AUSL School,,High School,1,6,U50180,Board of Trustees Total,Chief Executive Officer Total,School Networks Total,AUSL Schools Network Total,Phillips Achievement Academy Total,Phillips Achievement Academy,,Schools,,,,,,N
U25210,Sauganash Elementary School Total,,,,,0,5,U02410,Board of Trustees Total,Chief Executive Officer Total,School Networks Total,Network 1 Total,Sauganash Elementary School Total,,,,,,,,,N
U69632,Torah Academy,,,,,1,5,U69000,Board of Trustees Total,Chief Executive Officer Total,School Networks Total,Non-Public Schools Network Total,Torah Academy,,,Schools,,,,,,N
U69137,St Hyacinth,,Non-Public School,,Elementary School,1,5,U69000,Board of Trustees Total,Chief Executive Officer Total,School Networks Total,Non-Public Schools Network Total,St Hyacinth,,,Schools,,,,,,N
U69141,Hanna Sachs Bias Yaakov High School Of Chicago,,Non-Public School,,High School,1,5,U69000,Board of Trustees Total,Chief Executive Officer Total,School Networks Total,Non-Public Schools Network Total,Hanna Sachs Bias Yaakov High School Of Chicago,,,Schools,,,,,,N
U05151,Area Elementary Instructional Office 15,,Central Office,,,1,5,U02000,Board of Trustees Total,Chief Executive Officer Total,Chief Education Office Total,Network Offices Total,Area Elementary Instructional Office 15,,,Central Office,,,,,,N
U69223,Our Lady Of Lourdes School,,,,,1,5,U69000,Board of Trustees Total,Chief Executive Officer Total,School Networks Total,Non-Public Schools Network Total,Our Lady Of Lourdes School,,,Schools,,,,,,N
U63011,Academy for Global Citizenship,,Charter School,,Elementary School,1,5,U60005,Board of Trustees Total,Chief Executive Officer Total,School Networks Total,Charter Schools Network Total,Academy for Global Citizenship,,,Schools,,,,,,N
U66111,University of Chicago Charter School - North Kenwood/Oakland (NKO) Camp,,Charter School,,Elementary School,1,5,U60005,Board of Trustees Total,Chief Executive Officer Total,School Networks Total,Charter Schools Network Total,University of Chicago Charter School - North Kenwood/Oakland (NKO) Camp,,,Schools,,,,,,N
U66114,New Contract school for YCCS,,,,,1,5,U60005,Board of Trustees Total,Chief Executive Officer Total,School Networks Total,Charter Schools Network Total,New Contract school for YCCS,,,Schools,,,,,,N
U66121,Betty Shabazz International Charter School,,Charter School,,Elementary School,1,5,U60005,Board of Trustees Total,Chief Executive Officer Total,School Networks Total,Charter Schools Network Total,Betty Shabazz International Charter School,,,Schools,,,,,,N
U25402,Smyser Primary Ctr,,CPS Public School,,Elementary School,1,6,U25400,Board of Trustees Total,Chief Executive Officer Total,School Networks Total,Network 1 Total,Washington D Smyser School Total,Smyser Primary Ctr,,Schools,,,,,,N
U25431,Hannah G Solomon School,,CPS Public School,,Elementary School,1,6,U25430,Board of Trustees Total,Chief Executive Officer Total,School Networks Total,Network 1 Total,Hannah G Solomon School Total,Hannah G Solomon School,,Schools,,,,,,N
U25681,Alessandro Volta School,,CPS Public School,,Elementary School,1,6,U25680,Board of Trustees Total,Chief Executive Officer Total,School Networks Total,Network 1 Total,Alessandro Volta School Total,Alessandro Volta School,,Schools,,,,,,N
U69143,A Step Ahead Academy,,,,,1,5,U69000,Board of Trustees Total,Chief Executive Officer Total,School Networks Total,Non-Public Schools Network Total,A Step Ahead Academy,,,Schools,,,,,,N
U69145,Northside Cath Academy,,Non-Public School,,Elementary School,1,5,U69000,Board of Trustees Total,Chief Executive Officer Total,School Networks Total,Non-Public Schools Network Total,Northside Cath Academy,,,Schools,,,,,,N
U69325,Resurrection Lutheran School,,Non-Public School,,Elementary School,1,5,U69000,Board of Trustees Total,Chief Executive Officer Total,School Networks Total,Non-Public Schools Network Total,Resurrection Lutheran School,,,Schools,,,,,,N
U66421,Bronzeville Lighthouse Charter School,,Charter School,,Elementary School,1,5,U60005,Board of Trustees Total,Chief Executive Officer Total,School Networks Total,Charter Schools Network Total,Bronzeville Lighthouse Charter School,,,Schools,,,,,,N
U66431,Catalyst Charter School - Howland,,Charter School,,Elementary School,1,5,U60005,Board of Trustees Total,Chief Executive Officer Total,School Networks Total,Charter Schools Network Total,Catalyst Charter School - Howland,,,Schools,,,,,,N
U66441,Urban Prep Academy for Young Men Charter School-Englewood Campus,,Charter School,,High School,1,5,U60005,Board of Trustees Total,Chief Executive Officer Total,School Networks Total,Charter Schools Network Total,Urban Prep Academy for Young Men Charter School-Englewood Campus,,,Schools,,,,,,N
U66010,Safe Schools Alternative Total,,,,,1,5,U67000,Board of Trustees Total,Chief Executive Officer Total,School Networks Total,Alternative Schools Network Total,Safe Schools Alternative Total,,,Schools,,,,,,N
U66302,Houston,, Alternative School,,Grade Type TBD,1,6,U66300,Board of Trustees Total,Chief Executive Officer Total,School Networks Total,Alternative Schools Network Total,LINC Alternative HS Total,Houston,,Schools,,,,,,N
U69341,Zion Lutheran School,,,,,1,5,U69000,Board of Trustees Total,Chief Executive Officer Total,School Networks Total,Non-Public Schools Network Total,Zion Lutheran School,,,Schools,,,,,,N
U69478,Holy Family Lutheran,,Non-Public School,,Elementary School,1,5,U69000,Board of Trustees Total,Chief Executive Officer Total,School Networks Total,Non-Public Schools Network Total,Holy Family Lutheran,,,Schools,,,,,,N
U69501,P L A I D Academy,,Non-Public School,,Elementary School,1,5,U69000,Board of Trustees Total,Chief Executive Officer Total,School Networks Total,Non-Public Schools Network Total,P L A I D Academy,,,Schools,,,,,,N
U69507,Loop Lab School,,Non-Public School - Other,,Grade Type TBD,1,5,U69000,Board of Trustees Total,Chief Executive Officer Total,School Networks Total,Non-Public Schools Network Total,Loop Lab School,,,Schools,,,,,,N
U46110,Christian Fenger Academy Total,,,,,0,5,U02670,Board of Trustees Total,Chief Executive Officer Total,School Networks Total,Network 17 Total,Christian Fenger Academy Total,,,,,,,,,N
U46171,Hyde Park Career Academy,,CPS Public School,,High School,1,6,U46170,Board of Trustees Total,Chief Executive Officer Total,School Networks Total,Network 17 Total,Hyde Park Career Academy Total,Hyde Park Career Academy,,Schools,,,,,,N
U69004,Yeshivas Meor HaTorah of Chicago,,Non-Public School,,High School,1,5,U69000,Board of Trustees Total,Chief Executive Officer Total,School Networks Total,Non-Public Schools Network Total,Yeshivas Meor HaTorah of Chicago,,,Schools,,,,,,N
U10465,Chief Equity Office,,,,,1,3,U10400,Board of Trustees Total,Chief Executive Officer Total,Chief Equity Office,,,,,Schools,,,,,,N
U02081,Pilsen-Little Village Elementary Network,,Central Office,,,1,5,U02000,Board of Trustees Total,Chief Executive Officer Total,Chief Education Office Total,Network Offices Total,Pilsen-Little Village Elementary Network,,,Central Office,,,,,,N
U02141,Rock Island Elementary Network,,Central Office,,,1,5,U02000,Board of Trustees Total,Chief Executive Officer Total,Chief Education Office Total,Network Offices Total,Rock Island Elementary Network,,,Central Office,,,,,,N
U69014,Benjamin E Mays Academy,,,,,1,5,U69000,Board of Trustees Total,Chief Executive Officer Total,School Networks Total,Non-Public Schools Network Total,Benjamin E Mays Academy,,,Schools,,,,,,N
U69022,The Cambridge School,,Non-Public School,,Elementary School,1,5,U69000,Board of Trustees Total,Chief Executive Officer Total,School Networks Total,Non-Public Schools Network Total,The Cambridge School,,,Schools,,,,,,N
U69350,Roseland Christian School A,,Non-Public School,,Elementary School,1,5,U69000,Board of Trustees Total,Chief Executive Officer Total,School Networks Total,Non-Public Schools Network Total,Roseland Christian School A,,,Schools,,,,,,N
U69352,Academy Of Our Lady School G,,,,,1,5,U69000,Board of Trustees Total,Chief Executive Officer Total,School Networks Total,Non-Public Schools Network Total,Academy Of Our Lady School G,,,Schools,,,,,,N
U69247,St Pius V,,Non-Public School,,Elementary School,1,5,U69000,Board of Trustees Total,Chief Executive Officer Total,School Networks Total,Non-Public Schools Network Total,St Pius V,,,Schools,,,,,,N
U69037,St Angela School,,Non-Public School,,Elementary School,1,5,U69000,Board of Trustees Total,Chief Executive Officer Total,School Networks Total,Non-Public Schools Network Total,St Angela School,,,Schools,,,,,,N
U69038,St Ann School,,Non-Public School,,Elementary School,1,5,U69000,Board of Trustees Total,Chief Executive Officer Total,School Networks Total,Non-Public Schools Network Total,St Ann School,,,Schools,,,,,,N
U69530,Associated Talmud Torah Of Chicago,,Non-Public School - Other,,Grade Type TBD,1,5,U69000,Board of Trustees Total,Chief Executive Officer Total,School Networks Total,Non-Public Schools Network Total,Associated Talmud Torah Of Chicago,,,Schools,,,,,,N
U66561,LEARN Charter School - Excel Campus,,Charter School,,Elementary School,1,5,U60005,Board of Trustees Total,Chief Executive Officer Total,School Networks Total,Charter Schools Network Total,LEARN Charter School - Excel Campus,,,Schools,,,,,,N
U69048,Lawrence Hall Youth Services,,Non-Public School - Other,,Grade Type TBD,1,5,U69000,Board of Trustees Total,Chief Executive Officer Total,School Networks Total,Non-Public Schools Network Total,Lawrence Hall Youth Services,,,Schools,,,,,,N
U11810,Finance,,,,,1,4,U10470,Board of Trustees Total,Chief Executive Officer Total,Finance Total,Finance,,,,Schools,,,,,,N
U12480,Debt Services - City Wide,,City Wide,,,1,5,U12305,Board of Trustees Total,Chief Executive Officer Total,Finance Total,Treasury Total,Debt Services - City Wide,,,City Wide,,,,,,N
U12430,Accounts Payable,,Central Office,,,1,5,U12400,Board of Trustees Total,Chief Executive Officer Total,Finance Total,Corporate Accounting Total,Accounts Payable,,,Central Office,,,,,,N
U69171,Christian STEM Scholars Academy,,,,,1,5,U69000,Board of Trustees Total,Chief Executive Officer Total,School Networks Total,Non-Public Schools Network Total,Christian STEM Scholars Academy,,,Schools,,,,,,N
U69173,St Albert the Great,,,,,1,5,U69000,Board of Trustees Total,Chief Executive Officer Total,School Networks Total,Non-Public Schools Network Total,St Albert the Great,,,Schools,,,,,,N
U05191,Area High School Instructional Office 19,,Central Office,,,1,5,U02000,Board of Trustees Total,Chief Executive Officer Total,Chief Education Office Total,Network Offices Total,Area High School Instructional Office 19,,,Central Office,,,,,,N
U11110,Network Support,,Central Office,,,1,5,U02000,Board of Trustees Total,Chief Executive Officer Total,Chief Education Office Total,Network Offices Total,Network Support,,,Central Office,,,,,,N
U69259,St Martin De Porres,,,,,1,5,U69000,Board of Trustees Total,Chief Executive Officer Total,School Networks Total,Non-Public Schools Network Total,St Martin De Porres,,,Schools,,,,,,N
U46331,George Washington High School,,CPS Public School,,High School,1,6,U46330,Board of Trustees Total,Chief Executive Officer Total,School Networks Total,Network 17 Total,George Washington High School Total,George Washington High School,,Schools,,,,,,N
U46380,Carver Military High School Total,,,,,0,5,U02670,Board of Trustees Total,Chief Executive Officer Total,School Networks Total,Network 17 Total,Carver Military High School Total,,,,,,,,,N
U46391,George Henry Corliss High School,,CPS Public School,,High School,1,6,U46390,Board of Trustees Total,Chief Executive Officer Total,School Networks Total,Network 17 Total,George Henry Corliss High School Total,George Henry Corliss High School,,Schools,,,,,,N
U69063,Mercy Home for Boys,,Non-Public School - Other,,Grade Type TBD,1,5,U69000,Board of Trustees Total,Chief Executive Officer Total,School Networks Total,Non-Public Schools Network Total,Mercy Home for Boys,,,Schools,,,,,,N
U69184,Santa Lucia School,,Non-Public School,,Elementary School,1,5,U69000,Board of Trustees Total,Chief Executive Officer Total,School Networks Total,Non-Public Schools Network Total,Santa Lucia School,,,Schools,,,,,,N
U69368,Hales Franciscan High School-B,,Non-Public School,,High School,1,5,U69000,Board of Trustees Total,Chief Executive Officer Total,School Networks Total,Non-Public Schools Network Total,Hales Franciscan High School-B,,,Schools,,,,,,N
U69385,Maria High School,,Non-Public School,,High School,1,5,U69000,Board of Trustees Total,Chief Executive Officer Total,School Networks Total,Non-Public Schools Network Total,Maria High School,,,Schools,,,,,,N
U69570,St. James Lutheran,,Non-Public School,,Elementary School,1,5,U69000,Board of Trustees Total,Chief Executive Officer Total,School Networks Total,Non-Public Schools Network Total,St. James Lutheran,,,Schools,,,,,,N
U66191,Asian Human Services - Passages Charter School,,Charter School,,Elementary School,1,5,U60005,Board of Trustees Total,Chief Executive Officer Total,School Networks Total,Charter Schools Network Total,Asian Human Services - Passages Charter School,,,Schools,,,,,,N
U69189,St Mary Of The Angels School,,Non-Public School,,Elementary School,1,5,U69000,Board of Trustees Total,Chief Executive Officer Total,School Networks Total,Non-Public Schools Network Total,St Mary Of The Angels School,,,Schools,,,,,,N
U02421,Network 2,,,,,1,5,U02000,Board of Trustees Total,Chief Executive Officer Total,Chief Education Office Total,Network Offices Total,Network 2,,,Schools,,,,,,N
U02471,Network 7,,,,,1,5,U02000,Board of Trustees Total,Chief Executive Officer Total,Chief Education Office Total,Network Offices Total,Network 7,,,Schools,,,,,,N
U66254,ASPIRA Charter - Early College Campus,,Charter School,,High School,1,5,U60005,Board of Trustees Total,Chief Executive Officer Total,School Networks Total,Charter Schools Network Total,ASPIRA Charter - Early College Campus,,,Schools,,,,,,N
U69103,GFP/Other Private Schools,,,,,1,5,U69000,Board of Trustees Total,Chief Executive Officer Total,School Networks Total,Non-Public Schools Network Total,GFP/Other Private Schools,,,Schools,,,,,,N
U69105,St Francis Borgia School,,Non-Public School,,Elementary School,1,5,U69000,Board of Trustees Total,Chief Executive Officer Total,School Networks Total,Non-Public Schools Network Total,St Francis Borgia School,,,Schools,,,,,,N
U69196,St Mary Of The Woods School,,Non-Public School,,Elementary School,1,5,U69000,Board of Trustees Total,Chief Executive Officer Total,School Networks Total,Non-Public Schools Network Total,St Mary Of The Woods School,,,Schools,,,,,,N
U69197,Maternity Bvm School,,Non-Public School,,Elementary School,1,5,U69000,Board of Trustees Total,Chief Executive Officer Total,School Networks Total,Non-Public Schools Network Total,Maternity Bvm School,,,Schools,,,,,,N
U69199,St Matthias School,,Non-Public School,,Elementary School,1,5,U69000,Board of Trustees Total,Chief Executive Officer Total,School Networks Total,Non-Public Schools Network Total,St Matthias School,,,Schools,,,,,,N
U69395,Providence - St. Mel School High Schol,,Non-Public School,,High School,1,5,U69000,Board of Trustees Total,Chief Executive Officer Total,School Networks Total,Non-Public Schools Network Total,Providence - St. Mel School High Schol,,,Schools,,,,,,N
U46460,Spry Community Links High School Total,,,,,0,5,U02660,Board of Trustees Total,Chief Executive Officer Total,School Networks Total,Network 16 Total,Spry Community Links High School Total,,,,,,,,,N
U46510,Lindblom Math and Science Academy High School Total,,,,,0,5,U02660,Board of Trustees Total,Chief Executive Officer Total,School Networks Total,Network 16 Total,Lindblom Math and Science Academy High School Total,,,,,,,,,N
U46551,Back of the Yards IB High School,,,,,1,6,U46550,Board of Trustees Total,Chief Executive Officer Total,School Networks Total,Network 16 Total,Back of the Yards IB High School Total,Back of the Yards IB High School,,Schools,,,,,,N
U46691,Englewood STEM HS,,,,,1,6,U46690,Board of Trustees Total,Chief Executive Officer Total,School Networks Total,Network 16 Total,Construction of New HS on South Side Total,Englewood STEM HS,,Schools,,,,,,N
U23820,Charles N Holden School Total,,,,,0,5,U02270,Board of Trustees Total,Chief Executive Officer Total,School Networks Total,Independent Schools Network Total,Charles N Holden School Total,,,,,,,,,N
U23960,Joseph Jungman STEM Magnet Elementary School Total,,,,,0,5,U02270,Board of Trustees Total,Chief Executive Officer Total,School Networks Total,Independent Schools Network Total,Joseph Jungman STEM Magnet Elementary School Total,,,,,,,,,N
U69101,Pope John Paul II/Five Holy Martyrs,,Non-Public School,,Elementary School,1,5,U69000,Board of Trustees Total,Chief Executive Officer Total,School Networks Total,Non-Public Schools Network Total,Pope John Paul II/Five Holy Martyrs,,,Schools,,,,,,N
U69298,St Walter School,,Non-Public School,,Elementary School,1,5,U69000,Board of Trustees Total,Chief Executive Officer Total,School Networks Total,Non-Public Schools Network Total,St Walter School,,,Schools,,,,,,N
U12620,Grant Funded Programs Office,,Central Office,,,1,5,U12605,Board of Trustees Total,Chief Executive Officer Total,Finance Total,Grant Funded Programs Total,Grant Funded Programs Office,,,Central Office,,,,,,N
U55161,Daniel Hale Williams Prep School of Medicine,,CPS Public School,,High School,1,6,U55160,Board of Trustees Total,Chief Executive Officer Total,School Networks Total,Network 17 Total,Daniel Hale Williams Prep School of Medicine Total,Daniel Hale Williams Prep School of Medicine,,Schools,,,,,,N
U55191,Bronzeville Scholastic Academy High School,,CPS Public School,,High School,1,6,U55190,Board of Trustees Total,Chief Executive Officer Total,School Networks Total,Network 17 Total,Bronzeville Scholastic Institute Total,Bronzeville Scholastic Academy High School,,Schools,,,,,,N
U26620,Charles H Wacker School Total,,,,,0,5,U02270,Board of Trustees Total,Chief Executive Officer Total,School Networks Total,Independent Schools Network Total,Charles H Wacker School Total,,,,,,,,,N
U26780,Talman School Total,,,,,0,5,U02270,Board of Trustees Total,Chief Executive Officer Total,School Networks Total,Independent Schools Network Total,Talman School Total,,,,,,,,,N
U69302,Catherine Cook School,,Non-Public School,,Elementary School,1,5,U69000,Board of Trustees Total,Chief Executive Officer Total,School Networks Total,Non-Public Schools Network Total,Catherine Cook School,,,Schools,,,,,,N
U69303,Bethel Lutheran School,,,,,1,5,U69000,Board of Trustees Total,Chief Executive Officer Total,School Networks Total,Non-Public Schools Network Total,Bethel Lutheran School,,,Schools,,,,,,N
U53062,Neal F Simeon Evening HS,,Inactive School,,High School,1,7,U53060,Board of Trustees Total,Chief Executive Officer Total,School Collaboratives Total,South Side Collaborative Total,South Side High School Network Total,Neal F Simeon Vocational High School Total,,Schools,,,,,,N
U24080,Rudyard Kipling School Total,,,,,0,5,U02510,Board of Trustees Total,Chief Executive Officer Total,School Networks Total,Network 11 Total,Rudyard Kipling School Total,,,,,,,,,N
U26521,Amos A Stagg School,,AUSL School,,Elementary School,1,6,U26520,Board of Trustees Total,Chief Executive Officer Total,School Networks Total,Network 11 Total,Amos A Stagg School Total,Amos A Stagg School,,Schools,,,,,,N
U26650,Mahalia Jackson School Total,,,,,0,5,U02510,Board of Trustees Total,Chief Executive Officer Total,School Networks Total,Network 11 Total,Mahalia Jackson School Total,,,,,,,,,N
U25330,Arnold Mireles Academy Total,,,,,0,5,U02520,Board of Trustees Total,Chief Executive Officer Total,School Networks Total,Network 12 Total,Arnold Mireles Academy Total,,,,,,,,,N
U55080,South Shore School of Leadership Total,,,,,0,5,U02520,Board of Trustees Total,Chief Executive Officer Total,School Networks Total,Network 12 Total,South Shore School of Leadership Total,,,,,,,,,N
U49051,Simpson Academy for Young Women,, Alternative School,,High School,1,6,U49050,Board of Trustees Total,Chief Executive Officer Total,School Networks Total,Options Network Total,Simpson Academy for Young Women Total,Simpson Academy for Young Women,,Schools,,,,,,N
U25542,William K Sullivan Primary Br - Sullivan,,Inactive School,,Elementary School,1,7,U25540,Board of Trustees Total,Chief Executive Officer Total,School Collaboratives Total,South Side Collaborative Total,Skyway Elementary Network Total,William K Sullivan Specialty School Total,,Schools,,,,,,N
U28160,Englewood Multiplex Total,,,,,0,5,U02510,Board of Trustees Total,Chief Executive Officer Total,School Networks Total,Network 11 Total,Englewood Multiplex Total,,,,,,,,,N
U23891,Countee Cullen School,,CPS Public School,,Elementary School,1,6,U23890,Board of Trustees Total,Chief Executive Officer Total,School Networks Total,Network 13 Total,Countee Cullen School Total,Countee Cullen School,,Schools,,,,,,N
U24360,John L Marsh School Total,,,,,0,5,U02530,Board of Trustees Total,Chief Executive Officer Total,School Networks Total,Network 13 Total,John L Marsh School Total,,,,,,,,,N
U24361,John L Marsh School,,CPS Public School,,Elementary School,1,6,U24360,Board of Trustees Total,Chief Executive Officer Total,School Networks Total,Network 13 Total,John L Marsh School Total,John L Marsh School,,Schools,,,,,,N
U28241,Price Multiplex,,Multiplex,,,1,7,U28240,Board of Trustees Total,Chief Executive Officer Total,School Collaboratives Total,South Side Collaborative Total,Burnham Park Elementary Network Total,Price Multiplex Total,,Schools,,,,,,N
U10801,Chief Instructional Office Total,,,,,0,4,U10800,Board of Trustees Total,Chief Executive Officer Total,Chief Education Officer Total,Chief Instructional Office Total,,,,,,,,,,N
U02030,Ravenswood-Ridge Elementary Network Total,,,,,0,5,U02320,Board of Trustees Total,Chief Executive Office Total,School Collaboratives Total,North Northwest Side Collaborative Total,Ravenswood-Ridge Elementary Network Total,,,,,,,,,N
U02040,Fullerton Elementary Network Total,,,,,0,5,U02320,Board of Trustees Total,Chief Executive Office Total,School Collaboratives Total,North Northwest Side Collaborative Total,Fullerton Elementary Network Total,,,,,,,,,N
U25362,Shields Annex,,CPS Public School,,Elementary School,1,6,U25360,Board of Trustees Total,Chief Executive Officer Total,School Networks Total,Network 8 Total,James Shields Elementary School Total,Shields Annex,,Schools,,,,,,N
U25632,Tonti Br - Tonti,,CPS Public School,,Elementary School,1,6,U25630,Board of Trustees Total,Chief Executive Officer Total,School Networks Total,Network 8 Total,Monarcas Academy Total,Tonti Br - Tonti,,Schools,,,,,,N
U46231,Robert Lindblom Technical High School,,CPS Public School,,High School,1,6,U46230,Board of Trustees Total,Chief Executive Officer Total,School Networks Total,Network 11 Total,Robert Lindblom Technical High School Total,Robert Lindblom Technical High School,,Schools,,,,,,N
U63090,Chicago Academy of Advanced Tech Total,,,,,0,6,U60005,Board of Trustees Total,Chief Executive Officer Total,School Collaboratives Total,School Collaborative - Other Total,Charter/Contract Schools Total,Chicago Academy of Advanced Tech Total,,,,,,,,N
U24512,Ellen Mitchell Br - Mitchell,,Inactive School,,Elementary School,1,7,U24510,Board of Trustees Total,Chief Executive Officer Total,School Collaboratives Total,West Side Collaborative Total,Fulton Elementary Network Total,Ellen Mitchell School Total,,Schools,,,,,,N
U22752,Clinton School Branch,,Inactive School,,Elementary School,1,7,U22750,Board of Trustees Total,Chief Executive Officer Total,School Collaboratives Total,North Northwest Side Collaborative Total,Ravenswood-Ridge Elementary Network Total,Dewitt Clinton School Total,,Schools,,,,,,N
U66470,Providence - Englewood-Bunche Campus Total,,,,,0,6,U60005,Board of Trustees Total,Chief Executive Officer Total,School Collaboratives Total,School Collaborative - Other Total,Charter/Contract Schools Total,Providence - Englewood-Bunche Campus Total,,,,,,,,N
U28161,Englewood Multiplex,,Multiplex,,,1,6,U28160,Board of Trustees Total,Chief Executive Officer Total,School Networks Total,Network 11 Total,Englewood Multiplex Total,Englewood Multiplex,,Schools,,,,,,N
U31180,Francis W Parker Community Academy Total,,,,,0,5,U02510,Board of Trustees Total,Chief Executive Officer Total,School Networks Total,Network 11 Total,Francis W Parker Community Academy Total,,,,,,,,,N
U66120,Shabazz Charter School Total,,,,,0,6,U60005,Board of Trustees Total,Chief Executive Officer Total,School Collaboratives Total,School Collaborative - Other Total,Charter/Contract Schools Total,Shabazz Charter School Total,,,,,,,,N
U50110,Robeson Academic Transition HS Total,,,,,0,5,U02510,Board of Trustees Total,Chief Executive Officer Total,School Networks Total,Network 11 Total,Robeson Academic Transition HS Total,,,,,,,,,N
U25591,Douglas Taylor Elementary School,,CPS Public School,,Elementary School,1,6,U25590,Board of Trustees Total,Chief Executive Officer Total,School Networks Total,Network 13 Total,Douglas Taylor Elementary School Total,Douglas Taylor Elementary School,,Schools,,,,,,N
U46100,Eric Solorio Academy High School Total,,,,,0,5,U02650,Board of Trustees Total,Chief Executive Officer Total,School Networks Total,Network 15 Total,Eric Solorio Academy High School Total,,,,,,,,,N
U23670,Phoebe Apperson Hearst School Total,,,,,0,5,U02500,Board of Trustees Total,Chief Executive Officer Total,School Networks Total,Network 10 Total,Phoebe Apperson Hearst School Total,,,,,,,,,N
U02530,Network 13 Total,,,,,0,4,U02005,Board of Trustees Total,Chief Executive Officer Total,School Networks Total,Network 13 Total,,,,,,,,,,N
U26440,Amelia Earhart Options For Knowledge Specialty School Total,,,,,0,5,U02520,Board of Trustees Total,Chief Executive Officer Total,School Networks Total,Network 12 Total,Amelia Earhart Options For Knowledge Specialty School Total,,,,,,,,,N
U00120,Non-Public Schools Collaborative Total,,,,,0,4,U02310,Board of Trustees Total,Chief Executive Office Total,School Collaboratives Total,Non-Public Schools Collaborative Total,,,,,,,,,,N
U53102,Marie Sklodowska Curie Metropolitan High School - Evening HS,,Inactive School,,High School,1,7,U53100,Board of Trustees Total,Chief Executive Officer Total,School Collaboratives Total,Southwest Side Collaborative Total,Southwest Side High School Network Total,Marie Sklodowska Curie Metropolitan High School Total,,Schools,,,,,,N
U24340,Marquette Elementary Total,,,,,0,5,U02500,Board of Trustees Total,Chief Executive Officer Total,School Networks Total,Network 10 Total,Marquette Elementary Total,,,,,,,,,N
U25470,Adlai E Stevenson School Total,,,,,0,5,U02500,Board of Trustees Total,Chief Executive Officer Total,School Networks Total,Network 10 Total,Adlai E Stevenson School Total,,,,,,,,,N
U22250,South Shore Fine Arts Academy Total,,,,,0,5,U02520,Board of Trustees Total,Chief Executive Officer Total,School Networks Total,Network 12 Total,South Shore Fine Arts Academy Total,,,,,,,,,N
U25670,Lavizzo Elementray Total,,,,,0,5,U02530,Board of Trustees Total,Chief Executive Officer Total,School Networks Total,Network 13 Total,Lavizzo Elementray Total,,,,,,,,,N
U25770,George Washington School Total,,,,,0,5,U02530,Board of Trustees Total,Chief Executive Officer Total,School Networks Total,Network 13 Total,George Washington School Total,,,,,,,,,N
U25821,West Pullman School,,CPS Public School,,Elementary School,1,6,U25820,Board of Trustees Total,Chief Executive Officer Total,School Networks Total,Network 13 Total,West Pullman School Total,West Pullman School,,Schools,,,,,,N
U66430,Catalyst Charter School - Howland Campus Total,,,,,0,6,U60005,Board of Trustees Total,Chief Executive Officer Total,School Collaboratives Total,School Collaborative - Other Total,Charter/Contract Schools Total,Catalyst Charter School - Howland Campus Total,,,,,,,,N
U47042,John Marshall Metropolitan High School - Evening HS,,Inactive School,,High School,1,7,U47040,Board of Trustees Total,Chief Executive Officer Total,School Collaboratives Total,West Side Collaborative Total,West Side High School Network Total,John Marshall Metropolitan High School Total,,Schools,,,,,,N
U22370,Bouchet Academy Total,,,,,0,5,U02520,Board of Trustees Total,Chief Executive Officer Total,School Networks Total,Network 12 Total,Bouchet Academy Total,,,,,,,,,N
U26600,William E B Dubois School Total,,,,,0,5,U02530,Board of Trustees Total,Chief Executive Officer Total,School Networks Total,Network 13 Total,William E B Dubois School Total,,,,,,,,,N
U45230,Air Force Academy High School Total,,,,,0,5,U02660,Board of Trustees Total,Chief Executive Officer Total,School Networks Total,Network 16 Total,Air Force Academy High School Total,,,,,,,,,N
U66320,Donoghue - U of C Total,,,,,0,6,U60005,Board of Trustees Total,Chief Executive Officer Total,School Collaboratives Total,School Collaborative - Other Total,Charter/Contract Schools Total,Donoghue - U of C Total,,,,,,,,N
U12300,Chief Financial Officer Total,,,,,1,4,U10470,Board of Trustees Total,Chief Executive Officer Total,Finance Total,Chief Financial Officer Total,,,,Schools,,,,,,N
U26791,Tarkington School of Excellence,,AUSL School,,Elementary School,1,6,U26790,Board of Trustees Total,Chief Executive Officer Total,School Networks Total,Network 10 Total,Tarkington School of Excellence Total,Tarkington School of Excellence,,Schools,,,,,,N
U22433,O Goldsmith Br - Burnham,,CPS Public School,,Elementary School,1,6,U22430,Board of Trustees Total,Chief Executive Officer Total,School Networks Total,Network 13 Total,Augustus H Burley Elem School Burnham/Anthony Inclusive Academy Total,O Goldsmith Br - Burnham,,Schools,,,,,,N
U46280,Carl Schurz High School Total,,,,,0,5,U02640,Board of Trustees Total,Chief Executive Officer Total,School Networks Total,Network 14 Total,Carl Schurz High School Total,,,,,,,,,N
U46281,Carl Schurz High School,,CPS Public School,,High School,1,6,U46280,Board of Trustees Total,Chief Executive Officer Total,School Networks Total,Network 14 Total,Carl Schurz High School Total,Carl Schurz High School,,Schools,,,,,,N
U29381,Robert A Black Magnet School,,CPS Public School,,Elementary School,1,6,U29380,Board of Trustees Total,Chief Executive Officer Total,School Networks Total,Network 12 Total,Robert A Black Magnet School Total,Robert A Black Magnet School,,Schools,,,,,,N
U30130,Davis Developmental Center Total,,,,,0,5,U02520,Board of Trustees Total,Chief Executive Officer Total,School Networks Total,Network 12 Total,Davis Developmental Center Total,,,,,,,,,N
U32020,Lionel Hampton Fine and Performing Arts School Total,,,,,0,5,U02500,Board of Trustees Total,Chief Executive Officer Total,School Networks Total,Network 10 Total,Lionel Hampton Fine and Performing Arts School Total,,,,,,,,,N
U46480,Chicago Academy High School Total,,,,,0,5,U02640,Board of Trustees Total,Chief Executive Officer Total,School Networks Total,Network 14 Total,Chicago Academy High School Total,,,,,,,,,N
U22971,Arthur Dixon School,,CPS Public School,,Elementary School,1,6,U22970,Board of Trustees Total,Chief Executive Officer Total,School Networks Total,Network 12 Total,Arthur Dixon School Total,Arthur Dixon School,,Schools,,,,,,N
U31100,Ninos Heroes Academic Center Total,,,,,0,5,U02520,Board of Trustees Total,Chief Executive Officer Total,School Networks Total,Network 12 Total,Ninos Heroes Academic Center Total,,,,,,,,,N
U22180,Lillian R. Nicholson STEM Academy Total,,,,,0,5,U02510,Board of Trustees Total,Chief Executive Officer Total,School Networks Total,Network 11 Total,Lillian R. Nicholson STEM Academy Total,,,,,,,,,N
U23190,Enrico Fermi School Total,,,,,0,5,U02520,Board of Trustees Total,Chief Executive Officer Total,School Networks Total,Network 12 Total,Enrico Fermi School Total,,,,,,,,,N
U22434,St. Kevin's Branch - Burnham,,CPS Public School,,Elementary School,1,6,U22430,Board of Trustees Total,Chief Executive Officer Total,School Networks Total,Network 13 Total,Augustus H Burley Elem School Burnham/Anthony Inclusive Academy Total,St. Kevin's Branch - Burnham,,Schools,,,,,,N
U46640,Richard T. Crane (RTC) Medical Preparatory High School Total,,,,,0,5,U02650,Board of Trustees Total,Chief Executive Officer Total,School Networks Total,Network 15 Total,Richard T. Crane (RTC) Medical Preparatory High School Total,,,,,,,,,N
U47020,William Jones Academic Magnet High School Total,,,,,0,5,U02650,Board of Trustees Total,Chief Executive Officer Total,School Networks Total,Network 15 Total,William Jones Academic Magnet High School Total,,,,,,,,,N
U47040,John Marshall Metropolitan High School Total,,,,,0,5,U02650,Board of Trustees Total,Chief Executive Officer Total,School Networks Total,Network 15 Total,John Marshall Metropolitan High School Total,,,,,,,,,N
U24533,James Monroe Annex,,Inactive School,,Elementary School,1,7,U24530,Board of Trustees Total,Chief Executive Officer Total,School Collaboratives Total,North Northwest Side Collaborative Total,Fullerton Elementary Network Total,James Monroe School Total,,Schools,,,,,,N
U66240,CICS - Northtown Total,,,,,0,6,U60005,Board of Trustees Total,Chief Executive Officer Total,School Collaboratives Total,School Collaborative - Other Total,Charter/Contract Schools Total,CICS - Northtown Total,,,,,,,,N
U23260,Foster Park School Total,,,,,0,5,U02510,Board of Trustees Total,Chief Executive Officer Total,School Networks Total,Network 11 Total,Foster Park School Total,,,,,,,,,N
U46481,Chicago Academy High School,,AUSL School,,High School,1,6,U46480,Board of Trustees Total,Chief Executive Officer Total,School Networks Total,Network 14 Total,Chicago Academy High School Total,Chicago Academy High School,,Schools,,,,,,N
U31201,Parkside Community Academy School,,CPS Public School,,Elementary School,1,6,U31200,Board of Trustees Total,Chief Executive Officer Total,School Networks Total,Network 12 Total,Parkside Community Academy School Total,Parkside Community Academy School,,Schools,,,,,,N
U23990,Joshua D Kershaw Elementary School Total,,,,,0,5,U02510,Board of Trustees Total,Chief Executive Officer Total,School Networks Total,Network 11 Total,Joshua D Kershaw Elementary School Total,,,,,,,,,N
U23991,Joshua D Kershaw Elementary School,,CPS Public School,,Elementary School,1,6,U23990,Board of Trustees Total,Chief Executive Officer Total,School Networks Total,Network 11 Total,Joshua D Kershaw Elementary School Total,Joshua D Kershaw Elementary School,,Schools,,,,,,N
U24131,Wendell E Green School,,CPS Public School,,Elementary School,1,6,U24130,Board of Trustees Total,Chief Executive Officer Total,School Networks Total,Network 11 Total,Wendell E Green Total,Wendell E Green School,,Schools,,,,,,N
U49081,Jacqueline B Vaughn Occupational High School,,CPS Public School,,High School,1,6,U49080,Board of Trustees Total,Chief Executive Officer Total,School Networks Total,Network 14 Total,Jacqueline B Vaughn Occupational High School Total,Jacqueline B Vaughn Occupational High School,,Schools,,,,,,N
U31061,Ralph H Metcalfe Community Academy Elementary School,,CPS Public School,,Elementary School,1,6,U31060,Board of Trustees Total,Chief Executive Officer Total,School Networks Total,Network 13 Total,Ralph H Metcalfe Community Academy Elementary School Total,Ralph H Metcalfe Community Academy Elementary School,,Schools,,,,,,N
U31071,Jesse Owens Community Academy,,CPS Public School,,Elementary School,1,6,U31070,Board of Trustees Total,Chief Executive Officer Total,School Networks Total,Network 13 Total,Jesse Owens Community Academy Total,Jesse Owens Community Academy,,Schools,,,,,,N
U50170,CVS Achievement Academy Total,,,,,0,5,U02520,Board of Trustees Total,Chief Executive Officer Total,School Networks Total,Network 12 Total,CVS Achievement Academy Total,,,,,,,,,N
U55082,South Shore School of Leadership - Evening School,,Inactive School,,High School,1,7,U55080,Board of Trustees Total,Chief Executive Officer Total,School Collaboratives Total,South Side Collaborative Total,South Side High School Network Total,South Shore School of Leadership Total,,Schools,,,,,,N
U25051,Vernon Johns Community Academy,,CPS Public School,,Elementary School,1,6,U25050,Board of Trustees Total,Chief Executive Officer Total,School Networks Total,Network 11 Total,Vernon Johns Community Academy Total,Vernon Johns Community Academy,,Schools,,,,,,N
U23201,Fernwood School,,CPS Public School,,Elementary School,1,6,U23200,Board of Trustees Total,Chief Executive Officer Total,School Networks Total,Network 13 Total,Fernwood School Total,Fernwood School,,Schools,,,,,,N
U23351,Jesse Owens Elementary Community Academy,,CPS Public School,,Elementary School,1,6,U23350,Board of Trustees Total,Chief Executive Officer Total,School Networks Total,Network 13 Total,Jesse Owens Elementary Community Academy Total,Jesse Owens Elementary Community Academy,,Schools,,,,,,N
U51092,Roberto Clemente Community Academy High School - Evening HS,,Inactive School,,High School,1,7,U51090,Board of Trustees Total,Chief Executive Officer Total,School Collaboratives Total,West Side Collaborative Total,West Side High School Network Total,Roberto Clemente Community Academy High School Total,,Schools,,,,,,N
U02310,School Collaboratives Total,,,,,0,3,U10400,Board of Trustees Total,Chief Executive Office Total,School Collaboratives Total,,,,,,,,,,,N
U26311,Simon Guggenheim School,,CPS Public School,,Elementary School,1,6,U26310,Board of Trustees Total,Chief Executive Officer Total,School Networks Total,Network 11 Total,Simon Guggenheim School Total,Simon Guggenheim School,,Schools,,,,,,N
U51040,South Shore Multiplex Total,,,,,0,5,U02520,Board of Trustees Total,Chief Executive Officer Total,School Networks Total,Network 12 Total,South Shore Multiplex Total,,,,,,,,,N
U55041,Chicago Discovery Academy,,CPS Public School,,High School,1,6,U55040,Board of Trustees Total,Chief Executive Officer Total,School Networks Total,Network 12 Total,Chicago Discovery Academy Total,Chicago Discovery Academy,,Schools,,,,,,N
