fy,board_report,contract_number,vendor,contract_amount,authorized_amount,start,end,signed,user_units,project_name
2027,26-0928-PRDA06,26-0928-PRDA06-2,HONEST GAME CORPORATION,0.0,82800.0,09/01/2026,08/31/2027,,NO_DOC_URL,AUTHORIZE THE NEW AGREEMENT WITH HONEST GAME CORPORATION FOR COURSE VALIDATION SOFTWARE SERVICES
2027,26-0924-PR6,26-0924-PR6-1,APPLE INC.,0.0,10000000.0,11/01/2026,10/31/2028,,12510 Information & Technology Services,"AUTHORIZE THE THIRD AND FOURTH (FINAL) RENEWAL AGREEMENT WITH APPLE INC. FOR THE PURCHASE OF HARDWARE, SOFTWARE AND SERVICES"
2027,26-0924-PR1,26-0924-PR1-1,Aero Elevator LLC,0.0,7200000.0,10/01/2023,09/30/2027,,11880 Facility Opers & Maint - City Wide;11880 Facility Opers & Maint - City Wide,"AMEND BOARD REPORT 23-0824-PR10AUTHORIZE THE FIRST, SECOND AND THIRD (FINAL) RENEWAL AGREEMENT WITH AERO ELEVATOR LLC FOR CONVEYANCE MAINTENANCE AND REPAIR SERVICES"
2027,26-0921-PRDA05,26-0921-PRDA05-1,"Coal Creek Software, Inc dba Verifent",0.0,42000.0,11/01/2026,10/31/2028,,NO_DOC_URL,"AUTHORIZE A NEW AGREEMENT WITH COAL CREEK SOFTWARE, INC. DBA VERIFENT FOR CANDIDATE VERIFICATION SERVICES"
2027,26-0921-PRDA04,26-0921-PRDA04-1,"CAREERS THROUGH CULINARY ARTS PROGRAM, INC.",0.0,70000.0,11/01/2026,10/31/2027,,NO_DOC_URL,"AUTHORIZE THE THIRD (FINAL) RENEWAL AGREEMENT WITH CAREERS THROUGH CULINARY ARTS PROGRAM, INC. FOR PROGRAMMATIC SUPPORT FOR CTE CULINARY PROGRAMS SERVICES"
2027,26-0916-PRDA03,26-0916-PRDA03-1,"CLARITY PARTNERS, LLC",0.0,60000.0,03/01/2027,02/28/2030,,NO_DOC_URL,"AUTHORIZE THE FIRST, SECOND AND THIRD (FINAL) RENEWAL AGREEMENT WITH CLARITY PARTNERS, LLC FOR AIRTABLE MAINTENANCE AND ENHANCEMENTS"
2027,26-0915-PRDA02,26-0915-PRDA02-1,CARAHSOFT TECHNOLOGY CORPORATION,0.0,443607.0,10/25/2026,10/24/2027,,NO_DOC_URL,AMEND BOARD REPORT 26-0824-PRDA07AUTHORIZE THE FIRST RENEWAL AGREEMENT WITH CARAHSOFT TECHNOLOGY CORPORATION FOR LICENSING OF SALESFORCE
2027,26-0911-MISC08,26-0911-MISC08-1,INDIANA STATE UNIVERSITY,0.0,0.0,07/01/2025,06/30/2029,05/06/2025,NO_DOC_URL,CHICAGO PUBLIC SCHOOLSCLINICAL INTERNSHIP AGREEMENT(Indiana State University)
2027,26-0911-MISC07,26-0911-MISC07-1,WASHINGTON UNIVERSITY,0.0,0.0,07/01/2023,06/30/2027,08/15/2024,NO_DOC_URL,CHICAGO PUBLIC SCHOOLS CLINICAL INTERNSHIP AGREEMENT(Washington University in St. Louis)
2027,26-0911-MISC06,26-0911-MISC06-1,Midwestern University,0.0,0.0,07/01/2023,06/30/2027,09/01/2023,NO_DOC_URL,CHICAGO PUBLIC SCHOOLSCLINICAL INTERNSHIP AGREEMENT(Midwestern University)
2027,26-0911-MISC05,26-0911-MISC05-1,St. Ambrose University,0.0,0.0,07/01/2023,06/30/2027,08/26/2023,NO_DOC_URL,CHICAGO PUBLIC SCHOOLSCLINICAL INTERNSHIP AGREEMENT(St. Ambrose University)
2027,26-0911-MISC04,26-0911-MISC04-1,Aurora University,0.0,0.0,07/01/2023,06/30/2027,08/22/2023,NO_DOC_URL,CHICAGO PUBLIC SCHOOLSCLINICAL INTERNSHIP AGREEMENT(Aurora University)
2027,26-0910-MISC03,26-0910-MISC03-1,Public School Teachers Pension and Retirement Fund of Chicago,0.0,0.0,07/01/2026,07/30/2027,07/24/2026,NO_DOC_URL,"SECOND RENEWALTO THE UNPAID INTERNSHIP ACTIVITIES AGREEMENT(SOA &amp; Old Post Office Internship)(Jones Lange LaSalle Americas (Illinois), L.P., as its agent)"
2027,26-0910-MISC02,26-0910-MISC02-1,THE UNIVERSITY OF CHICAGO,0.0,0.0,07/01/2023,06/30/2027,07/22/2024,NO_DOC_URL,CHICAGO PUBLIC SCHOOLSCLINICAL INTERNSHIP AGREEMENT(University of Chicago)
2027,26-0910-MISC01,26-0910-MISC01-1,MARQUETTE UNIVERSITY,0.0,0.0,07/01/2024,06/30/2027,06/09/2024,NO_DOC_URL,CHICAGO PUBLIC SCHOOLCLINICAL INTERSHIP AGREEMENT(Marquette University)
2027,26-0831-PRDA13,26-0831-PRDA13-1,Fernando Avila dba Social Impact Films,0.0,62500.0,01/06/2027,01/05/2030,,NO_DOC_URL,"AUTHORIZE THE FIRST, SECOND, THIRD (FINAL) RENEWAL AGREEMENT WITH SOCIAL IMPACT FILMS FOR COMPLIANCE TRAININGS"
2027,26-0831-PRDA12,26-0831-PRDA12-1,"VERTOSOFT, LLC",0.0,52500.0,05/01/2025,04/30/2026,08/21/2026,NO_DOC_URL,"AUTHORIZE A NEW AGREEMENT WITH VERTOSOFT, LLC FOR AUDIT MODULE SOFTWARE"
2027,26-0831-PRDA11,26-0831-PRDA11-1,ADVANCE SECURITY RESOURCES LLC,0.0,196100.0,09/01/2026,08/31/2028,09/02/2026,NO_DOC_URL,"AUTHORIZE THE SECOND AND THIRD (FINAL) RENEWAL AGREEMENT WITH ADVANCE SECURITY RESOURCES LLC FOR THE PURCHASE OF WALK-THROUGH METAL DETECTORS AND RELATED INSTALLATION, MAINTENANCE AND TRAINING SERVICES"
2027,26-0827-PR7,26-0827-PR7-1,JOHNSON CONTROLS FIRE PROTECTION LP,2300000.0,2300000.0,10/01/2025,09/30/2027,,11880 Facility Opers & Maint - City Wide;11880 Facility Opers & Maint - City Wide,AMEND BOARD REPORT 25-0626-PR8AUTHORIZE THE THIRD (FINAL) RENEWAL AGREEMENT WITH JOHNSON CONTROLS FIRE PROTECTION LP FOR FIRE SUPPRESSION ANSUL AND EXHAUST SYSTEM MAINTENANCE AND REPAIR SERVICES
2027,26-0827-PR6,26-0827-PR6-1,CHICAGO FIRE PROTECTION LLC,5110000.0,5110000.0,10/01/2025,09/30/2027,,11880 Facility Opers & Maint - City Wide;11880 Facility Opers & Maint - City Wide,AMEND BOARD REPORT 25-0626-PR7AUTHORIZE THE THIRD (FINAL) RENEWAL OF THE AGREEMENT WITH CHICAGO FIRE PROTECTION LLC FOR FIRE ALARM SYSTEM MAINTENANCE AND REPAIR SERVICES
2027,26-0827-PR5,26-0827-PR5-1,"GLOBAL WATER TECHNOLOGY, INC.",8625000.0,8625000.0,10/01/2023,09/30/2027,,11880 Facility Opers & Maint - City Wide;11880 Facility Opers & Maint - City Wide,"AMEND BOARD REPORT 23-0824-PR11AUTHORIZE THE FIRST, SECOND AND THIRD (FINAL) RENEWAL AGREEMENT WITH GLOBAL WATER TECHNOLOGY, INC. FOR WATER TREATMENT PRODUCTS AND SERVICES"
2027,26-0827-PR4,26-0827-PR4-1,"ABC Humane Wildlife Control & Prevention, Inc. dba Landmark Pest Management",10370000.0,10370000.0,10/01/2023,09/30/2027,,11880 Facility Opers & Maint - City Wide;11880 Facility Opers & Maint - City Wide,"AMEND BOARD REPORT 23-0726-PR6AUTHORIZE THE FIRST, SECOND, AND THIRD (FINAL) RENEWAL AGREEMENT WITH ABC HUMANE WILDLIFE CONTROL AND PREVENTION, INC. DBA LANDMARK PEST MANAGEMENT, INC. FOR INTEGRATED PEST MANAGEMENT SERVICES"
2027,26-0827-PR3,26-0827-PR3-1,BLENDERBOX INC.,0.0,4000000.0,11/01/2026,10/31/2030,,12120 Office Of Portfolio Management;11201 Access and Enrollment,AUTHORIZE THE FIRST AND SECOND (FINAL) RENEWAL AGREEMENT WITH BLENDERBOX INC. FOR GOCPS 3.0 STUDENT APPLICATION PLATFORM AND RELATED SERVICES
2027,26-0827-PR2,26-0827-PR2-1,ALL AMERICAN SPORTS CORP. DBA RIDDELL ALL AMERICAN SPORTS,1450000.0,1450000.0,10/01/2026,09/30/2028,,13737 Sports Administration and Facilities Management - City ,"AUTHORIZE A NEW AGREEMENT WITH ALL AMERICAN SPORTS CORP DBA RIDDELL, INC. FOR FOOTBALL EQUIPMENT RECONDITIONING, RECERTIFICATION, NEW PURCHASES, AND RELATED SERVICES"
2027,26-0827-PR16,26-0827-PR16-1,"ACCURATE BIOMETRICS, INC.",3860000.0,3860000.0,11/01/2025,10/31/2027,,10610 School Safety and Security Office,"AMEND BOARD REPORT 25-0925-PR7AUTHORIZE THE SECOND (FINAL) RENEWAL AGREEMENT WITH ACCURATE BIOMETRICS, INC. FOR COMPREHENSIVE FINGERPRINTING AND RELATED SERVICES"
2027,26-0827-PR11,26-0827-PR11-1,JOHNSON CONTROLS FIRE PROTECTION LP,0.0,2225000.0,10/01/2026,09/30/2028,,11880 Facility Opers & Maint - City Wide;11880 Facility Opers & Maint - City Wide,AUTHORIZE THE FIRST RENEWAL AGREEMENT WITH JOHNSON CONTROLS FIRE PROTECTION LP FOR FIRE EXTINGUISHER MAINTENANCE AND REPAIR SERVICES
2027,26-0827-PR10,26-0827-PR10-1,"CDW GOVERNMENT LLC dba CDW Government LLC, CDW Government",16000000.0,16000000.0,07/01/2026,06/30/2028,09/21/2026,11880 Facility Opers & Maint - City Wide;11880 Facility Opers & Maint - City Wide,"AUTHORIZE THE RATIFICATION OF THE FIRST RENEWAL AGREEMENT WITH CDW GOVERNMENT LLC FOR BUILDING AUTOMATION SYSTEM (BAS) INSTALLATION, MAINTENANCE, REPAIR, AND RESOURCES"
2027,26-0827-PR1,26-0827-PR1-1,ILLINOIS INSTITUTE OF TECHNOLOGY,2844606.0,2844606.0,09/01/2026,08/31/2028,,11210 Student Assessment and MTSS,AUTHORIZE THE SECOND (FINAL) RENEWAL AGREEMENT WITH ILLINOIS INSTITUTE OF TECHNOLOGY FOR TESTING ADMINISTRATION SERVICES
2027,26-0824-PRDA10,26-0824-PRDA10-1,"CTI Audit Solutions, Inc.",0.0,59500.0,08/01/2026,01/31/2027,,NO_DOC_URL,"AUTHORIZE A NEW AGREEMENT WITH CTI AUDIT SOLUTIONS, INC. FOR BENEFITS MEDICAL CLAIMS AUDIT SERVICES"
2027,26-0824-PRDA09,26-0824-PRDA09-1,POWERSCHOOL HOLDINGS LLC DBA POWERSCHOOL GROUP LLC,0.0,499638.89,07/01/2026,06/30/2027,,NO_DOC_URL,AUTHORIZE THE THIRD (FINAL) RENEWAL AGREEMENT WITH POWERSCHOOL HOLDINGS LLC DBA POWERSCHOOL GROUP LLC FOR SOFTWARE MAINTENANCE AND SUPPORT
2027,26-0824-PRDA08,26-0824-PRDA08-1,"OMICRON TECHNOLOGY SOLUTIONS, LLC",0.0,350000.0,10/01/2026,09/30/2027,,NO_DOC_URL,"AUTHORIZE THE FIRST (FINAL) RENEWAL AGREEMENT WITH OMICRON TECHNOLOGY SOLUTIONS, LLC FOR VISITOR MANAGEMENT SYSTEM SERVICES"
2027,26-0824-PRDA07,26-0824-PRDA07-1,CARAHSOFT TECHNOLOGY CORPORATION,0.0,440631.0,10/25/2026,10/24/2027,,NO_DOC_URL,AUTHORIZE THE FIRST RENEWAL AGREEMENT WITH CARAHSOFT TECHNOLOGY CORPORATION FOR LICENSING OF SALESFORCE
2027,26-0820-PRDA06,26-0820-PRDA06-1,THE LEARNING COLLECTIVE INC.,0.0,149500.0,08/01/2026,07/31/2027,08/26/2026,NO_DOC_URL,AMEND 26-0513-PRDA11 AUTHORIZE A NEW AGREEMENT WITH THE LEARNING COLLECTIVE INC. FOR ACADEMIC SUPPORT FOR CHARTER AND CONTRACT RENEWALS
2027,26-0820-PRDA05,26-0820-PRDA05-1,LOYOLA UNIVERSITY OF CHICAGO,0.0,122000.0,10/01/2026,09/30/2028,,NO_DOC_URL,AUTHORIZE THE FIRST AND SECOND (FINAL) RENEWAL AGREEMENTS WITH LOYOLA UNIVERSITY OF CHICAGO FOR PARTICIPATORY ACTION RESEARCH SERVICES
2027,26-0819-PRDA04,26-0819-PRDA04-1,120Water Inc,0.0,125000.0,10/01/2026,09/30/2027,,NO_DOC_URL,"AMEND BOARD REPORT 22-0928-PR5AUTHORIZE THE FIRST AND FINAL RENEWAL AGREEMENT WITH 120 WATER AUDIT LLC FOR SOFTWARE TO MANAGE WATER QUALITY TESTING, REPORTING AND PUBLISHING"
2027,26-0811-PRDA03,26-0811-PRDA03-1,"AQUA ENTERPRISES, INC.",0.0,0.0,10/01/2025,11/01/2025,,NO_DOC_URL,"AMEND 24-0812-PRDA10AUTHORIZE THE SECOND AND THIRD (FINAL) RENEWAL AGREEMENT WITH AQUA ENTERPRISES, INC. DBA AQUA PURE ENTERPRISES, INC. FOR POOL CHEMICAL AND RELATED PRODUCTS"
2027,26-0811-PRDA02,26-0811-PRDA02-1,"AMERICAN TESTING AND INSPECTION SERVICES, LLC DBA ATIS ELEVATOR INSPECTIONS, LLC",0.0,74500.0,10/01/2026,09/30/2027,,NO_DOC_URL,"AMEND 24-0807-PRDA05AUTHORIZE THE SECOND AND THRID (FINAL) RENEWAL AGREEMENT WITH ATIS ELEVATOR INSPECTIONS, LLC FOR CONVEYANCE INSPECTION SERVICES"
2027,26-0811-PRDA01,26-0811-PRDA01-1,"LAKESHORE PARENT LLC DBA LAKESHORE LEARNING MATERIALS, LLC",0.0,250000.0,08/01/2026,07/31/2027,08/31/2026,NO_DOC_URL,"AMEND 26-0504-PRDA01 AUTHORIZE A NEW AGREEMENT WITH LAKESHORE PARENT LLC DBA LAKESHORE LEARNING MATERIALS, LLC FOR ASSESSMENT FOR STUDENTS REQUIRING SIGNIFICANTLY MODIFIED INSTRUCTION"
2027,26-0805-MISC02,26-0805-MISC02-1,SPECIAL CHILDREN'S CHARITIES,0.0,0.0,07/01/2026,06/30/2027,,NO_DOC_URL,EXTENSION #1TO THE NO COST SPECIAL CHILDREN'S CHARITIES SERVICES AGREEMENT(ART AND MUSIC THERAPY)(Special Children's Charities)
2027,26-0805-MISC01,26-0805-MISC01-1,Grand Canyon University,0.0,0.0,07/01/2026,06/30/2030,,NO_DOC_URL,CHICAGO PUBLIC SCHOOLCLINICAL INTERNSHIP AGREEMENT(Grand Canyon University)
2027,26-0731-PRDA18,26-0731-PRDA18-1,JOHNSON CONTROLS FIRE PROTECTION LP,0.0,350000.0,10/01/2026,09/30/2027,,NO_DOC_URL,AMEND BOARD REPORT 25-0626-PR9AUTHORIZE THE THIRD (FINAL) RENEWAL AGREEMENT WITH JOHNSON CONTROLS FIRE PROTECTION LP FOR FIRE SUPPRESSION SYSTEM MAINTENANCE AND REPAIR SERVICES
2027,26-0731-PRDA17,26-0731-PRDA17-1,CARNOW CONIBEAR & ASSOC LTD,0.0,350000.0,09/01/2026,08/31/2027,,NO_DOC_URL,"AMEND BOARD REPORT 22-0727-PR11AUTHORIZE THE FIRST AND FINAL RENEWAL AGREEMENT WITH CARNOW, CONIBEAR AND ASSOC., LTD. FOR WATER QUALITY TESTING SERVICES"
2027,26-0731-PRDA15,26-0731-PRDA15-4,Cahn Fellows Programs Corporation dba Cahn Fellowship,0.0,100000.0,10/01/2026,09/30/2027,09/04/2026,NO_DOC_URL,AUTHORIZE A NEW AGREEMENT WITH CAHN FELLOWS PROGRAMS CORPORATION DBACAHN FELLOWSHIP FOR PRINCIPAL FELLOWSHIP SERVICES
2027,26-0731-PRDA14,26-0731-PRDA14-2,"UNIVERSITY OF KANSAS CENTER FOR RESEARCH, INC.",0.0,163302.0,10/01/2026,09/30/2027,,NO_DOC_URL,"AUTHORIZE A NEW AGREEMENT WITH THE UNIVERSITY OF KANSAS CENTER FOR RESEARCH, INC. FOR DISTRICT LEADERSHIP TEAM EXECUTIVE COACHING"
2027,26-0731-PRDA13,26-0731-PRDA13-1,"JOS SERVICES, INC.",0.0,256500.0,10/01/2026,09/30/2027,,NO_DOC_URL,"AMEND 24-0805-PRDA04AUTHORIZE THE SECOND AND THIRD (FINAL) RENEWAL AGREEMENT WITH JOS SERVICES, INC. FOR BACKFLOW PREVENTION SYSTEM ANNUAL TESTING SERVICES"
2027,26-0731-PRDA12,26-0731-PRDA12-1,"LIONHEART CRITICAL POWER SPECIALISTS, INC.",0.0,413152.0,10/01/2026,09/30/2027,,NO_DOC_URL,"AMEND BOARD REPORT 24-0207-PRDA01AUTHORIZE THE FIRST, SECOND, AND THIRD (FINAL) RENEWAL AGREEMENT WITH LIONHEART CRITICAL POWER SPECIALISTS, INC. FOR EMERGENCY GENERATOR SYSTEMS PREVENTATIVE MAINTENANCE AND REPAIR SERVICES"
2027,26-0731-PRDA11,26-0731-PRDA11-5,"PAES Productions, LLC",0.0,150000.0,10/01/2026,09/30/2027,,NO_DOC_URL,"AUTHORIZE A NEW AGREEMENT WITH PAES PRODUCTIONS, LLC FOR VOCATIONAL EMPLOYMENT TRANSITION ASSESSMENT"
2027,26-0730-PR2,26-0730-PR2-1,"ARBITERSPORTS, LLC",4300000.0,4300000.0,08/01/2026,07/31/2028,,13737 Sports Administration and Facilities Management - City ,"AUTHORIZE A NEW AGREEMENT WITH ARBITERSPORTS, LLC FOR ONLINE PAYMENT AND SPORTS DATABASE SERVICES"
2027,26-0730-PR1,26-0730-PR1-1,"SAGA INNOVATIONS, INC.",3737296.0,3737296.0,08/01/2026,07/31/2027,08/27/2026,"10810 Teaching and Learning Office;10871 Science, Technology, Engineering, and Math (STEM) ","AUTHORIZE A NEW AGREEMENT WITH SAGA INNOVATIONS, INC. FOR IN-CLASS MATH TUTORING SERVICES TO AT-RISK STUDENTS AT VARIOUS HIGH SCHOOLS"
2027,26-0730-EX2,26-0730-EX2-1,CITY OF CHICAGO,99624439.0,99624439.0,07/01/2025,08/31/2026,,NO_USER_UNIT,AMEND BOARD REPORT 25-0925-EX2 RATIFY THE FIFTH (FINAL) OPTION TO RENEW THE INTERGOVERNMENTAL AGREEMENT WITH THE DEPARTMENT OF FAMILY & SUPPORT SERVICES (DFSS) - THE CITY OF CHICAGO
2027,26-0724-PRDA09,26-0724-PRDA09-3,"ALTA LANGUAGE SERVICES, INC",0.0,50000.0,01/01/2027,12/31/2027,,NO_DOC_URL,"AUTHORIZE A NEW AGREEMENT WITH ALTA LANGUAGE SERVICES, INC FOR SEAL OF BILITERACY TESTING IN ADDITIONAL LANGUAGES"
2027,26-0724-PRDA08,26-0724-PRDA08-1,KTECH PRODUCTS LLC,0.0,90000.0,07/14/2026,07/13/2027,,NO_DOC_URL,AUTHORIZE THE FIRST RENEWAL AGREEMENT WITH KTECH PRODUCTS LLC FOR ROBOTIC PROCESS AUTOMATION
2027,26-0716-PRDA07,26-0716-PRDA07-1,ILLINOIS ACTION FOR CHILDREN,0.0,332352.0,09/01/2026,08/31/2028,08/05/2026,NO_DOC_URL,AUTHORIZE THE FIRST AND SECOND (FINAL) RENEWAL AGREEMENT WITH ILLINOIS ACTION FOR CHILDREN FOR CHICAGO EARLY LEARNING HOTLINE SUPPORT SERVICES
2027,26-0716-PRDA06,26-0716-PRDA06-1,Concourse Tech Inc.,0.0,75000.0,03/01/2026,02/28/2027,,NO_DOC_URL,AUTHORIZE A NEW AGREEMENT WITH CONCOURSE TECH INC. FOR MATTER MANAGEMENT SYSTEM (MMS) SERVICES
2027,26-0716-PRDA05,26-0716-PRDA05-1,SMARTSHEET INC,0.0,164690.0,01/01/2026,07/22/2027,08/05/2026,NO_DOC_URL,"AMEND BOARD REPORT 26-0109-PRDA05AUTHORIZE THE FIRST RENEWAL OF THE SOFTWARE LICENSE AGREEMENT WITH SMARTSHEET, INC. FOR PROJECT PORTFOLIO MANAGEMENT TOOL (PPM) AND RELATED SERVICES"
2027,26-0714-PRDA04,26-0714-PRDA04-1,"Probility Examination Services, LLC",0.0,140000.0,07/01/2026,06/30/2027,,NO_DOC_URL,"AUTHORIZE THE SECOND (FINAL) RENEWAL AGREEMENT WITH PROBILITY EXAMINATION SERVICES, LLC FOR MEDICAL SECOND OPINION SERVICES"
2027,26-0714-PRDA03,26-0714-PRDA03-1,EFFICIENCY ENERGY LLC,0.0,0.0,07/03/2026,07/02/2028,,NO_DOC_URL,AUTHORIZE THE FIRST AND SECOND (FINAL) RENEWAL AGREEMENT WITH EFFICIENCY ENERGY LLC FOR 179D ENERGY CONSULTANT SERVICES
2027,26-0714-PRDA02,26-0714-PRDA02-1,"THE POWER BUREAU, LLC",0.0,35000.0,07/01/2026,06/30/2027,09/09/2026,NO_DOC_URL,AUTHORIZE THE FIRST (FINAL) RENEWAL AGREEMENT WITH THE POWER BUREAU FOR RENEWABLE ENERGY CREDIT CONSULTING SERVICES
2027,26-0709-MISC05,26-0709-MISC05-1,Hope Chicago,0.0,0.0,07/01/2026,06/30/2027,04/02/2026,NO_DOC_URL,RENEWAL #2TO THE NO-COST SERVICES AGREEMENT(Hope Chicago)
2027,26-0708-PR1,26-0708-PR1-1,LIBRARY VIDEO COMPANY DBA SAFARI MONTAGE,19490000.0,19490000.0,07/01/2024,06/30/2027,08/07/2026,PDF_404,AMEND BOARD REPORT 24-0523-PR2AUTHORIZE THE FIRST AND SECOND (FINAL) RENEWAL AGREEMENTS WITH LIBRARY VIDEO COMPANY DBA SAFARI MONTAGE FOR LEARNING OBJECT REPOSITORY (LOR) SERVICES
2027,26-0707-MISC04,26-0707-MISC04-1,INNOVARE - SOCIAL INNOVATION PARTNERS INC.,0.0,0.0,05/22/2026,12/31/2026,,NO_DOC_URL,NO COST SERVICES AGREEMENT(Pilot Analytic Tool: Linking Student Outcomeswith Facilities and Operational Data)(INNOVARE - SOCIAL INNOVATION PARTNERS INC.)
2027,26-0707-MISC03,26-0707-MISC03-1,CHICAGO SCHOLARS FOUNDATION,0.0,0.0,07/01/2025,06/30/2028,05/19/2026,NO_DOC_URL,NO COST SERVICES AND DATA SHARING AGREEMENT(The Chiago Scholars Foundation)
2027,26-0707-MISC02,26-0707-MISC02-1,CHICAGO DEPARTMENT OF PUBLIC HEALTH,0.0,0.0,12/01/2022,07/01/2027,04/20/2026,NO_DOC_URL,AMENDMENT #1TO THE INTERGOVERNMENTAL AGREEMENT BETWEEN THE CITY OF CHICAGODEPARTMENT OF PUBLIC HEALTH AND THE BOARD OF EDUCATION OF THECITY OF CHICAGO FOR THE HEALTHY CPS PARTNERSHIP AGREEMENT
2027,26-0707-MISC01,26-0707-MISC01-1,"CHICAGO THEATRE GROUP, INC. DBA GOODMAN THEATRE",0.0,0.0,08/01/2025,07/31/2026,04/03/2026,NO_DOC_URL,"NO-COST PROGRAM AGREEMENTSchool Matinee Series Programming(Chicago Theatre Group, Inc. dba Goodman Theatre)"
2027,26-0701-PRDA01,26-0701-PRDA01-1,"ORACLE AMERICA, INC.",0.0,210000.0,01/01/2027,06/30/2027,,NO_DOC_URL,"AUTHORIZE THE FIRST (FINAL) RENEWAL AGREEMENT WITH ORACLE AMERICA, INC. FOR TALENT ACQUISITION AND ON-BOARDING PROVIDED AS SOFTWARE AS A SERVICE (SAAS)"
2026,26-0625-PR9,26-0625-PR9-1,"OMICRON TECHNOLOGY SOLUTIONS, LLC",1110000.0,1110000.0,07/01/2023,06/30/2029,09/28/2026,12510 Information & Technology Services,"AMEND BOARD REPORT 23-0524-PR11AUTHORIZE THE EXTENSION OF THE AGREEMENT WITH BIOMEDICAL RESEARCH FOUNDATION OF NORTHWEST LOUISIANA OMICRON TECHNOLOGY SOLUTIONS, LLC FOR STUDENT KEY CARD SYSTEMS AND ASSOCIATED SERVICES"
2026,26-0625-PR8,26-0625-PR8-1,"SENTINEL TECHNOLOGIES, INC.",43970000.0,43970000.0,07/01/2023,06/30/2027,,12510 Information & Technology Services,"AMEND BOARD REPORT 23-0222-PR9 AUTHORIZE THE FIRST (AND FINAL) RENEWAL AGREEMENT WITH SENTINEL TECHNOLOGIES, INC FOR DATA NETWORK UPGRADE SERVICES"
2026,26-0625-PR3,26-0625-PR3-1,COLLEGE BOARD,10000000.0,10000000.0,07/01/2026,06/30/2028,,11210 Student Assessment and MTSS,"AUTHORIZE THE FIRST (FINAL) RENEWAL AGREEMENT WITH COLLEGE BOARD FOR COLLEGE ENTRANCE EXAMS, PROFESSIONAL DEVELOPMENT AND RELATED SERVICES"
2026,26-0625-PR2,26-0625-PR2-1,ACT EDUCATION CORP.,2200000.0,2200000.0,09/01/2026,08/31/2028,08/24/2026,11210 Student Assessment and MTSS,AUTHORIZE THE FIRST RENEWAL WITH ACT EDUCATION CORP. FOR ACT TESTING SERVICES
2026,26-0625-PR13,26-0625-PR13-1,"ClassLink, Inc.",2203195.0,2203195.0,07/01/2026,06/30/2029,,12510 Information & Technology Services,"AUTHORIZE A NEW AGREEMENT WITH CLASSLINK, INC. FOR IDENTITY &amp; ACCESS MANAGEMENT SERVICES"
2026,26-0625-PR12,26-0625-PR12-1,"AT&T Mobility National Accounts, LLC. D/B/A AT&T.",7100500.0,7100500.0,07/01/2026,06/30/2029,,12510 Information & Technology Services,"AUTHORIZE A NEW AGREEMENT WITH AT&amp;T MOBILITY NATIONAL ACCOUNTS, LLC. D/B/A AT&amp;T. FOR CELLULAR SERVICES, APPLICATIONS, EQUIPMENT, ACCESSORIES, AND SUPPORT"
2026,26-0625-PR11,26-0625-PR11-1,CARAHSOFT TECHNOLOGY CORPORATION,1300000.0,1300000.0,07/01/2025,06/30/2027,09/22/2026,12510 Information & Technology Services,AMEND BOARD REPORT 25-0724-PR5AUTHORIZE THE FIRST (FINAL) RENEWAL AGREEMENT WITH CARAHSOFT TECHNOLOGY CORPORATION FOR DOCUSIGN ELECTRONIC SIGNATURE PLATFORM AND RELATED SERVICES
2026,26-0625-PR10,26-0625-PR10-1,"UKG KRONOS SYSTEMS, LLC",1553870.0,1553870.0,07/01/2024,06/30/2027,09/28/2026,12510 Information & Technology Services,AMEND BOARD REPORT 24-0523-PR10AUTHORIZE THE EXTENSION OF THE AGREEMENT WITH UKG INC DBA UKG KRONOS SYSTEMS LLC FOR SOFTWARE AND HARDWARE MAINTENANCE
2026,26-0625-PR1,26-0625-PR1-1,INTERNATIONAL BACCALAUREATE ORGANIZATION,5600000.0,5600000.0,07/01/2026,06/30/2028,,10845 Advanced Learning and Specialty Programs,"AUTHORIZE THE SECOND (FINAL) RENEWAL AGREEMENT WITH INTERNATIONAL BACCALAUREATE ORGANIZATION TO PROVIDE PROFESSIONAL DEVELOPMENT, STUDENT ASSESSMENTS AND RELATED SCHOOL SERVICES"
2026,26-0624-PRDA11,26-0624-PRDA11-1,"Reviewed Costs, Inc dba Industrial UI Services",0.0,130000.0,12/01/2026,11/30/2027,,NO_DOC_URL,"AUTHORIZE THE FIRST RENEWAL AGREEMENT WITH REVIEWED COSTS, INC DBA INDUSTRIAL UI SERVICES FOR UNEMPLOYMENT SOLUTIONS PROJECT SERVICES"
2026,26-0624-PRDA10,26-0624-PRDA10-1,CARAHSOFT TECHNOLOGY CORPORATION,0.0,273139.0,01/01/2027,12/31/2027,,NO_DOC_URL,AUTHORIZE THE FIRST RENEWAL AGREEMENT WITH CARAHSOFT TECHNOLOGY CORPORATION FOR CONTRACT MANAGEMENT SYSTEM SERVICES
2026,26-0618-PRDA08,26-0618-PRDA08-1,Cahn Fellows Programs Corporation dba Cahn Fellowship,0.0,140000.0,10/01/2025,03/31/2027,,NO_DOC_URL,AMEND 26-0324-PRDA04AUTHORIZE THE SECOND (FINAL) RENEWAL AGREEMENT WITH CAHN FELLOWS PROGRAMS CORPORATION DBA CAHN FELLOWSHIP FOR PRINCIPAL FELLOWSHIP SERVICES
2026,26-0616-PRDA07,26-0616-PRDA07-1,Concourse Tech Inc.,0.0,115000.0,04/01/2027,03/31/2028,,NO_DOC_URL,AUTHORIZE A NEW AGREEMENT WITH CONCOURSE TECH INC. FOR CASE MANAGEMENT SOFTWARE
2026,26-0615-PRDA06,26-0615-PRDA06-2,"TRANSITION CURRICULUM, INC.",0.0,184800.0,11/18/2025,06/30/2027,07/24/2026,NO_DOC_URL,"AUTHORIZE A NEW AGREEMENT AND FIRST RENEWAL WITH TRANSITION CURRICULUM, INC. FOR TRANSITION SUPPORTS CURRICULUM SERVICES"
2026,26-0615-PRDA05,26-0615-PRDA05-1,THE VARIABLE ANNUITY LIFE INSURANCE COMPANY (VALIC),0.0,0.0,01/01/2027,12/31/2028,,NO_DOC_URL,AUTHORIZE THE SECOND (FINAL) RENEWAL AGREEMENT WITH THE VARIABLE ANNUITY LIFE INSURANCE COMPANY (VALIC) FOR DEFINED CONTRIBUTION RETIREMENT SERVICES
2026,26-0615-PRDA04,26-0615-PRDA04-3,"AVANT ASSESSMENT, LLC",0.0,450000.0,01/01/2027,12/31/2027,09/14/2026,NO_DOC_URL,"AUTHORIZE THE FIRST RENEWAL AGREEMENT WITH AVANT ASSESSMENT, LLC FOR LANGUAGE PROFICIENCY TESTING SERVICES"
2026,26-0605-PRDA03,26-0605-PRDA03-1,"LINEV SYSTEMS US, INC.",0.0,895640.66,08/01/2025,07/31/2027,,NO_DOC_URL,"AMEND BOARD REPORT 25-0724-PR7AUTHORIZE THE THIRD RENEWAL AGREEMENT WITH LINEV SYSTEMS US, INC. FOR THE PURCHASE OF PORTABLE X-RAY MACHINES AND RELATED INSTALLATION, MAINTENANCE AND TRAINING SERVICES"
2026,26-0604-PRDA02,26-0604-PRDA02-3,"AVANT ASSESSMENT, LLC",0.0,500000.0,01/01/2026,12/31/2026,04/08/2026,NO_DOC_URL,"AMEND PRDA# 26-0203-PRDA01 AUTHORIZE A NEW AGREEMENT WITH AVANT ASSESSMENT, LLC FOR LANGUAGE PROFICIENCY TESTING SERVICES"
2026,26-0601-PRDA01,26-0601-PRDA01-1,NORTHWESTERN  UNIVERSITY,0.0,150000.0,03/01/2027,02/29/2028,,NO_DOC_URL,AUTHORIZE THE SECOND (FINAL) RENEWAL AGREEMENT WITH NORTHWESTERN UNIVERSITY FOR SENIOR LEADERSHIP EXECUTIVE TRAINING SERVICES
2026,26-0528-PR9,26-0528-PR9-1,"ORACLE AMERICA, INC.",4700000.0,4700000.0,07/01/2026,06/30/2027,08/04/2026,12510 Information & Technology Services,"AUTHORIZE THE ANNUAL RENEWAL AGREEMENT WITH ORACLE AMERICA, INC. FOR LICENSING AND SUPPORT FOR ORACLE ENTERPRISE FINANCIAL SYSTEMS"
2026,26-0528-PR8,26-0528-PR8-1,CARAHSOFT TECHNOLOGY CORPORATION,12000000.0,12000000.0,06/01/2026,05/31/2029,09/28/2026,12510 Information & Technology Services,AUTHORIZE A NEW SOFTWARE LICENSE AGREEMENT WITH CARAHSOFT TECHNOLOGY CORPORATION FOR THE PURCHASE OF SERVICENOW LICENSING
2026,26-0528-PR7,26-0528-PR7-1,"TRIMARK MARLINN, LLC",6000000.0,6000000.0,07/01/2026,06/30/2028,07/14/2026,12010 Nutrition Support Services,"AUTHORIZE THE FIRST RENEWAL AGREEMENT WITH TRIMARK MARLINN, LLC FOR THE PURCHASE OF FOOD SERVICE EQUIPMENT AND RELATED SUPPLIES AND SERVICES"
2026,26-0528-PR3,26-0528-PR3-1,ILLINOIS INSTITUTE OF TECHNOLOGY,2673718.0,2673718.0,09/01/2024,08/31/2026,,11210 Student Assessment and MTSS,AMEND BOARD REPORT 24-0627-PR1 AUTHORIZE THE FIRST RENEWAL AGREEMENT WITH ILLINOIS INSTITUTE OF TECHNOLOGY FOR TESTING ADMINISTRATION SERVICES
2026,26-0528-PR10,26-0528-PR10-1,"EDUCATION LOGISTICS, INC.",1500000.0,1500000.0,07/01/2026,06/30/2028,,11870 Student Transportation;11870 Student Transportation,"AUTHORIZE THE FIRST RENEWAL AGREEMENT WITH EDUCATION LOGISTICS, INC. FOR STUDENT TRANSPORTATION CONSULTING SERVICES AND ROUTING SOFTWARE"
2026,26-0528-PR1,26-0528-PR1-1,National Louis University,1696606.0,1696606.0,07/01/2026,06/30/2027,07/02/2026,11360 Early Childhood Development,AUTHORIZE THE FIRST RENEWAL WITH NATIONAL LOUIS UNIVERSITY FOR CLASS OBSERVATIONS FOR PRE-K CLASSROOM SERVICES
2026,26-0528-OP2,26-0528-OP2-1,CHICAGO PARK DISTRICT,0.0,25.0,07/01/2026,06/30/2051,07/02/2026,NO_USER_UNIT,AUTHORIZE ENTERING INTO A LEASE AGREEMENT WITH THE CHICAGO PARK DISTRICT FOR GATELY STADIUM
2026,26-0528-OP1,26-0528-OP1-1,,0.0,4.0,07/01/2026,06/30/2030,,NO_USER_UNIT,"APPROVE RENEWAL LEASE AGREEMENT WITH UNIVERSITY OF CHICAGO CHARTER SCHOOL CORPORATION FOR DONOGHUE SCHOOL, 707 E. 37TH STREET"
2026,26-0528-FN1,26-0528-FN1-1,"Alliant Insurance Services, Inc.",17500000.0,17500000.0,07/01/2026,06/30/2027,,NO_USER_UNIT,"AUTHORIZE PLACEMENT OF THE BOARD¿S FY 2027 EXCESS LIABILITY, PROPERTY AND SPECIALTY INSURANCE PROGRAMS WITH VARIOUS INSURANCE COMPANIES THROUGH ALLIANT INSURANCE SERVICES, INC."
2026,26-0528-EX9,26-0528-EX9-1,Chicago Math and Science Academy (CMSA) Charter School,0.0,0.0,07/01/2026,06/30/2030,,NO_USER_UNIT,AUTHORIZE RENEWAL OF THE CHICAGO MATHEMATICS AND SCIENCE ACADEMY CHARTER SCHOOL AGREEMENT WITH CONDITIONS
2026,26-0528-EX8,26-0528-EX8-1,"CHICAGO COLLEGIATE, INC",0.0,0.0,07/01/2026,06/30/2030,,NO_USER_UNIT,AUTHORIZE RENEWAL OF THE CHICAGO COLLEGIATE CHARTER SCHOOL AGREEMENT WITH CONDITIONS
2026,26-0528-EX7,26-0528-EX7-1,"Acero Charter Schools, Inc",0.0,0.0,07/01/2026,06/30/2031,,NO_USER_UNIT,AUTHORIZE RENEWAL OF THE ACERO CHARTER SCHOOLS AGREEMENT WITH CONDITIONS
2026,26-0528-EX6,26-0528-EX6-1,Academy for Global Citizenship,0.0,0.0,07/01/2026,06/30/2033,,NO_USER_UNIT,AUTHORIZE RENEWAL OF THE ACADEMY FOR GLOBAL CITIZENSHIP CHARTER SCHOOL AGREEMENT WITH CONDITIONS
2026,26-0528-EX5,26-0528-EX5-1,URBAN PREP ACADEMIES  1,0.0,0.0,07/01/2025,06/30/2027,,NO_USER_UNIT,AMEND BOARD REPORT 25-0424-EX17 AUTHORIZE RENEWAL OF URBAN PREP CHARTER ACADEMY FOR YOUNG MEN HIGH SCHOOL ENGLEWOOD CAMPUS AGREEMENT WITH CONDITIONS
2026,26-0528-EX4,26-0528-EX4-1,URBAN PREP ACADEMIES  1,0.0,0.0,07/01/2025,06/30/2027,,NO_USER_UNIT,AMEND BOARD REPORT 25-0424-EX16 AUTHORIZE RENEWAL OF URBAN PREP CHARTER ACADEMY FOR YOUNG MEN HIGH SCHOOL BRONZEVILLE CAMPUS AGREEMENT WITH CONDITIONS
2026,26-0528-EX3,26-0528-EX3-1,NORTHWESTERN UNIVERSITY SETTLEMENT ASSOCIATION,0.0,0.0,07/01/2025,06/30/2027,,NO_USER_UNIT,AMEND BOARD REPORT 25-0424-EX15 AUTHORIZE RENEWAL OF THE ROWE ELEMENTARY CHARTER SCHOOL AGREEMENT WITH CONDITIONS
2026,26-0528-EX2,26-0528-EX2-1,CHICAGO CHARTER SCHOOL FOUNDATION DBA CHICAGO INT'L CHARTER SCHOOL,0.0,0.0,07/01/2024,06/30/2027,,NO_USER_UNIT,AMEND BOARD REPORT 24-0125-EX5 AUTHORIZE THE RENEWAL AGREEMENT OF THE CHICAGO INTERNATIONAL CHARTER SCHOOL AGREEMENT WITH CONDITIONS
2026,26-0528-EX13,26-0528-EX13-1,Youth Connection Charter School (YCCS),0.0,0.0,07/01/2025,06/30/2029,,NO_USER_UNIT,MEND BOARD REPORT 26-0423-EX2 AMEND BOARD REPORT 25-0626-EX2 AMEND BOARD REPORT 25-0320-EX6 AUTHORIZE RENEWAL OF THE YOUTH CONNECTION CHARTER SCHOOL AGREEMENT WITH CONDITIONS
2026,26-0528-EX12,26-0528-EX12-1,,0.0,0.0,07/01/2026,06/30/2030,,NO_USER_UNIT,AUTHORIZE RENEWAL OF THE UNIVERSITY OF CHICAGO CHARTER SCHOOL AGREEMENT WITH CONDITIONS
2026,26-0528-EX11,26-0528-EX11-1,INTRINSIC SCHOOLS,0.0,0.0,07/01/2026,06/30/2030,,NO_USER_UNIT,AUTHORIZE RENEWAL OF THE INTRINSIC CHARTER SCHOOL AGREEMENT WITH CONDITIONS
2026,26-0528-EX10,26-0528-EX10-1,,0.0,0.0,07/01/2026,06/30/2030,,NO_USER_UNIT,AUTHORIZE RENEWAL OF THE CHRISTOPHER HOUSE CHARTER SCHOOL AGREEMENT WITH CONDITIONS
2026,26-0526-PRDA18,26-0526-PRDA18-2,"Propio LS, LLC",0.0,499000.0,06/01/2026,05/31/2027,,NO_DOC_URL,"AUTHORIZE A NEW AGREEMENT WITH PROPIO LS, LLC FOR ON DEMAND PHONE TRANSLATION SERVICES"
2026,26-0526-PRDA17,26-0526-PRDA17-1,"FACILITRON, INC.",0.0,0.0,05/01/2025,04/30/2027,,NO_DOC_URL,"AUTHORIZE A NEW AGREEMENT WITH FACILITRON, INC. FOR ONLINE REAL ESTATE RENTAL SOFTWARE AND SERVICES AGREEMENT"
2026,26-0519-PRDA15,26-0519-PRDA15-1,"OFFICE ALLY, INC.",0.0,96000.0,04/01/2026,03/31/2028,06/15/2026,NO_DOC_URL,"AUTHORIZE THE FIRST AND SECOND (FINAL) RENEWAL AGREEMENTS WITH OFFICE ALLY, INC. FOR MEDICAID/SNAP/CHIP/TANF ENROLLMENT CASE MANAGEMENT TOOL SERVICES"
2026,26-0518-PRDA14,26-0518-PRDA14-1,"SANDRA L STOREY DBA SLS METRICS, LLC",0.0,121800.0,07/01/2026,06/30/2027,07/27/2026,NO_DOC_URL,"AUTHORIZE A NEW AGREEMENT WITH SANDRA L STOREY DBA SLS METRICS, LLC FOR METRICS AND DATA SUPPORT SERVICES"
2026,26-0513-PRDA13,26-0513-PRDA13-1,ELECTRICAL JOINT APPRENTICESHIP AND TRAINING TRUST,0.0,332800.0,08/01/2026,07/31/2027,,NO_DOC_URL,AUTHORIZE THE FIRST RENEWAL AGREEMENT WITH ELECTRICAL JOINT APPRENTICESHIP AND TRAINING TRUST TO PROVIDE EDUCATIONAL SERVICES
2026,26-0513-PRDA11,26-0513-PRDA11-1,THE LEARNING COLLECTIVE INC.,0.0,122400.0,08/01/2026,07/31/2027,,NO_DOC_URL,AUTHORIZE A NEW AGREEMENT WITH THE LEARNING COLLECTIVE INC. FOR ACADEMIC SUPPORT FOR CHARTER AND CONTRACT RENEWALS
2026,26-0508-PRDA10,26-0508-PRDA10-1,"COM2 COMPUTERS AND TECHNOLOGIES, LLC",0.0,0.0,04/20/2024,04/19/2027,,NO_DOC_URL,"AMEND BOARD REPORT 25-0502-PRDA02AUTHORIZE THE FIRST AND SECOND (FINAL) RENEWAL AGREEMENT WITH COM2 COMPUTERS AND TECHNOLOGIES, LLC FOR INFORMATION TECHNOLOGY ASSET DISPOSITION AND RELATED SERVICES"
2026,26-0508-PRDA09,26-0508-PRDA09-1,"CDW GOVERNMENT LLC dba CDW Government LLC, CDW Government",0.0,493000.0,05/01/2026,04/30/2027,07/27/2026,NO_DOC_URL,AUTHORIZE THE SECOND (FINAL) RENEWAL AGREEMENT WITH CDW GOVERNMENT LLC FOR WEB CONTENT FILTERING SERVICES
2026,26-0508-PRDA08,26-0508-PRDA08-1,"INSPIRA FINANCIAL HEALTH, INC.",0.0,160000.0,01/01/2027,12/31/2027,,NO_DOC_URL,"AUTHORIZE THE SECOND RENEWAL AGREEMENT WITH INSPIRA FINANCIAL HEALTH, INC. FOR COBRA ADMINISTRATION SERVICES"
2026,26-0508-PRDA07,26-0508-PRDA07-1,"R.V. KUHNS & ASSOCIATES, INC. DBA RVK, INC.",0.0,125000.0,01/01/2027,12/31/2027,,NO_DOC_URL,"AUTHORIZE THE SECOND RENEWAL AGREEMENT WITH R.V. KUHNS &amp; ASSOCIATES, INC. DBA RVK, INC. FOR RETIREMENT PLANS CONSULTING SERVICES"
2026,26-0508-PRDA05,26-0508-PRDA05-1,ECRA GROUP INCORPORATED,0.0,495000.0,03/01/2026,02/28/2027,05/19/2026,NO_DOC_URL,AUTHORIZE THE SECOND RENEWAL WITH ECRA GROUP INCORPORATED FOR STUDENT GROWTH MEASUREMENT SERVICES
2026,26-0508-PRDA04,26-0508-PRDA04-1,ACCENTURE LLP,0.0,94000.0,04/28/2026,04/27/2027,,NO_DOC_URL,AUTHORIZE A NEW AGREEMENT WITH ACCENTURE LLP FOR PROGRAM BRIDGE INDEPENDENT HEALTH CHECK AND ANALYSIS SERVICES
2026,26-0508-MISC02,26-0508-MISC02-1,"The Moody Bible Institute of Chicago dba Moody Publishers, Moody Radio",0.0,0.0,03/02/2026,06/30/2028,,NO_DOC_URL,CHICAGO PUBLIC SCHOOLSSTUDENT TEACHING INTERNSHIP AGREEMENT(Moody Bible Institute of Chicago)
2026,26-0508-MISC01,26-0508-MISC01-1,"NCS PEARSON, INC.",0.0,0.0,02/01/2026,06/30/2030,03/02/2026,NO_DOC_URL,"NO-COST DATA SHARING AGREEMENT(NCS Pearson, Inc.)"
2026,26-0504-PRDA03,26-0504-PRDA03-1,"SAGA INNOVATIONS, INC.",0.0,170226.0,07/01/2026,06/30/2027,,NO_DOC_URL,"AUTHORIZE A NEW AGREEMENT WITH SAGA INNOVATIONS, INC. FOR HIGH DOSAGE TUTORING SERVICES"
2026,26-0504-PRDA01,26-0504-PRDA01-1,"LAKESHORE PARENT LLC DBA LAKESHORE LEARNING MATERIALS, LLC",0.0,182000.0,08/01/2026,07/31/2027,,NO_DOC_URL,"AUTHORIZE A NEW AGREEMENT WITH LAKESHORE PARENT LLC DBA LAKESHORE LEARNING MATERIALS, LLC FOR ASSESSMENT FOR STUDENTS REQUIRING SIGNIFICANTLY MODIFIED INSTRUCTION"
2026,26-0430-PRDA09,26-0430-PRDA09-1,HONEST GAME CORPORATION,0.0,137400.0,05/01/2025,08/31/2026,05/26/2026,NO_DOC_URL,AMEND BOARD REPORT 25-0305-PRDA02AUTHORIZE THE SECOND (FINAL) RENEWAL AGREEMENT WITH HONEST GAME CORPORATION FOR COURSE VALIDATION SOFTWARE SERVICES
2026,26-0427-PRDA08,26-0427-PRDA08-1,SONOVA USA INC.,0.0,140204.11,08/01/2025,07/31/2027,,NO_DOC_URL,AMEND 25-0429-PRDA11 AUTHORIZE THE SECOND (FINAL) RENEWAL AGREEMENT WITH SONOVA USA INC. FOR HEARING ASSISTIVE TECHNOLOGY AND FREQUENCY MODULATION DEVICES
2026,26-0423-PRDA07,26-0423-PRDA07-1,Board of Trustees of the University of Illinois DBA University of Illinois,0.0,30771.0,01/01/2026,12/31/2026,08/26/2026,NO_DOC_URL,AUTHORIZE THE SECOND (FINAL) RENEWAL AGREEMENT WITH THE BOARD OF TRUSTEES OF THE UNIVERSITY OF ILLINOIS DBA UNIVERSITY OF ILLINOIS FOR HEALTHY CPS DATA ANALYSIS SERVICES
2026,26-0423-PR8,26-0423-PR8-1,"SENTINEL TECHNOLOGIES, INC.",3100000.0,3100000.0,05/01/2026,04/30/2027,,12510 Information & Technology Services,"AUTHORIZE THE FIRST (FINAL) RENEWAL AGREEMENT WITH SENTINEL TECHNOLOGIES, INC. FOR FIREWALL LICENSING, MAINTENANCE AND SUPPORT SERVICES"
2026,26-0423-PR7,26-0423-PR7-1,"SENTINEL TECHNOLOGIES, INC.",29037439.0,29037439.0,07/01/2024,06/30/2027,07/21/2026,12510 Information & Technology Services,"AMEND BOARD REPORT 24-0627-PR8AUTHORIZE THE FIRST AND SECOND (FINAL) RENEWAL AGREEMENT WITH SENTINEL TECHNOLOGIES, INC. FOR INFORMATION TECHNOLOGY AND SECURITY SYSTEMS MANAGEMENT, MONITORING AND MAINTENANCE SERVICES"
2026,26-0423-PR6,26-0423-PR6-1,"RL CANNING, INC.",14870000.0,14870000.0,07/01/2023,06/30/2027,07/14/2026,12510 Information & Technology Services;12510 Information & Technology Services,"AMEND BOARD REPORT 23-0426-PR17AUTHORIZE THE SECOND (FINAL) RENEWAL AGREEMENT WITH RL CANNING, INC. FOR SERVICE DESK AND TECH SUPPORT SERVICES"
2026,26-0423-PR2,26-0423-PR2-7,"W. W. GRAINGER, INC.",0.0,27500000.0,05/01/2026,12/31/2029,,11880 Facility Opers & Maint - City Wide;11880 Facility Opers & Maint - City Wide,"AMEND BOARD REPORT 25-1218-PR2 AUTHORIZE THE FIRST AND SECOND (FINAL) RENEWAL WITH VARIOUS VENDORS FOR THE PURCHASE OF MAINTENANCE, REPAIR AND OPERATION SUPPLIES (""MRO"") AND PERSONAL PROTECTIVE EQUIPMENT (""PPE"")"
2026,26-0423-OP1,26-0423-OP1-1,CATHOLIC BISHOP OF CHICAGO DBA ST. SABINA CHURCH,0.0,11816517.0,07/01/2026,06/30/2035,08/24/2026,NO_USER_UNIT,AMEND BOARD REPORT 24-1212-OP1 AUTHORIZE THE RENEWAL OF A LEASE AGREEMENT WITH THE CATHOLIC BISHOP OF CHICAGO FOR THE CONTINUED USE OF VARIOUS LEASED SCHOOL SITES
2026,26-0423-EX2,26-0423-EX2-1,Youth Connection Charter School (YCCS),0.0,0.0,07/01/2025,06/30/2029,,NO_USER_UNIT,AMEND BOARD REPORT 25-0626-EX2 AMEND BOARD REPORT 25-0320-EX6 AUTHORIZE RENEWAL OF THE YOUTH CONNECTION CHARTER SCHOOL AGREEMENT WITH CONDITIONS
2026,26-0414-PRDA06,26-0414-PRDA06-1,"Acero Charter Schools, Inc",0.0,160247.0,03/01/2026,02/28/2027,04/20/2026,NO_DOC_URL,"AUTHORIZE A NEW AGREEMENT WITH ACERO CHARTER SCHOOLS, INC FOR THE PURCHASE OF KITCHEN EQUIPMENT"
2026,26-0413-PRDA05,26-0413-PRDA05-1,ADP INC,0.0,135000.0,07/01/2026,06/30/2027,,NO_DOC_URL,"AUTHORIZE A NEW AGREEMENT WITH ADP INC FOR W2, AFFORDABLE CARE ACT 1095-C, AND 941 FEDERAL AND STATE ELECTRONIC TAX FILING PROCESSING SERVICES"
2026,26-0413-PRDA04,26-0413-PRDA04-1,"Mitratech Holdings, Inc.",0.0,89934.22,03/01/2026,02/28/2027,08/10/2026,NO_DOC_URL,"AUTHORIZE A NEW AGREEMENT WITH MITRATECH HOLDINGS, INC. FOR LAWTRAC CASE MANAGEMENT SERVICES"
2026,26-0413-PRDA03,26-0413-PRDA03-1,FISCAL TECHNOLOGIES INC.,0.0,82814.0,10/01/2026,09/30/2027,,NO_DOC_URL,AUTHORIZE THE FIRST RENEWAL AGREEMENT WITH FISCAL TECHNOLOGIES INC. FOR ACCOUNTS PAYABLE FORENSICS SOFTWARE SERVICES
2026,26-0407-PRDA02,26-0407-PRDA02-1,LA TIA COLLINS,0.0,65000.0,07/01/2026,06/30/2027,07/15/2026,NO_DOC_URL,AUTHORIZE THE SECOND (FINAL) RENEWAL AGREEMENT WITH LA TIA COLLINS FOR CHICAGO EARLY LEARNING (CEL) PROJECT COORDINATOR/CONSULTANT SERVICES
2026,26-0401-PRDA01,26-0401-PRDA01-1,"Column Case Management, LLC",0.0,249885.0,06/01/2026,05/31/2027,,NO_DOC_URL,"AUTHORIZE A NEW AGREEMENT WITH COLUMN CASE MANAGEMENT, LLC FOR CASE MANAGEMENT SOFTWARE"
2026,26-0330-MISC09,26-0330-MISC09-1,ELMHURST UNIVERSITY,0.0,0.0,07/01/2023,06/30/2027,08/28/2023,NO_DOC_URL,CHICAGO PUBLIC SCHOOLSCLINICAL INTERNSHIP AGREEMENT(Elmhurst University)
2026,26-0324-PRDA04,26-0324-PRDA04-1,Cahn Fellows Programs Corporation dba Cahn Fellowship,140000.0,140000.0,10/01/2025,09/30/2026,03/24/2026,NO_DOC_URL,AUTHORIZE THE SECOND (FINAL) RENEWAL AGREEMENT WITH CAHN FELLOWS PROGRAMS CORPORATION dba CAHN FELLOWSHIP FOR PRINCIPAL FELLOWSHIP SERVICES
2026,26-0319-PRDA03,26-0319-PRDA03-1,"WILLIAM K. RICE, JR. DBA RICE CONSULTING",0.0,124800.0,07/01/2026,06/30/2027,09/02/2026,NO_DOC_URL,"AUTHORIZE THE SECOND RENEWAL AGREEMENT WITH WILLIAM K. RICE, JR DBA RICE CONSULTING FOR LOCAL SCHOOL COUNCIL RELATIONS"
2026,26-0319-PR9,26-0319-PR9-1,"ACTIVE INTERNET TECHNOLOGIES, LLC DBA FINALSITE",702000.0,702000.0,07/01/2026,06/30/2027,08/04/2026,12510 Information & Technology Services;12510 Information & Technology Services,"AUTHORIZE THE FIRST RENEWAL AGREEMENT WITH ACTIVE INTERNET TECHNOLOGIES, LLC DBA FINALSITE FOR A DISTRICT-WIDE COMMUNICATIONS SOLUTION"
2026,26-0319-PR6,26-0319-PR6-1,HERC RENTALS INC.,5000000.0,5000000.0,07/01/2026,06/30/2030,,11880 Facility Opers & Maint - City Wide;11880 Facility Opers & Maint - City Wide,AUTHORIZE THE FIRST AND SECOND (FINAL) RENEWAL WITH HERC RENTALS INC. FOR THE PURCHASE OR RENTAL OF HEAVY EQUIPMENT
2026,26-0319-PR5,26-0319-PR5-1,"JONES LANG LASALLE AMERICAS, INC.",328870000.0,328870000.0,07/01/2026,06/30/2028,09/08/2026,11880 Facility Opers & Maint - City Wide;11880 Facility Opers & Maint - City Wide,"AUTHORIZE THE SECOND (FINAL) RENEWAL AGREEMENT WITH JONES LANG LASALLE AMERICAS, INC. FOR FACILITY MANAGEMENT AND BUILDING ENGINEERING SERVICES"
2026,26-0319-PR2,26-0319-PR2-1,"YOUTH ADVOCATE PROGRAMS, INC.",6000000.0,6000000.0,07/01/2026,06/30/2027,08/04/2026,10870 College and Career Success Office,"AUTHORIZE THE SECOND (FINAL) RENEWAL AGREEMENT WITH YOUTH ADVOCATE PROGRAMS, INC. FOR YOUTH THERAPY SERVICES"
2026,26-0319-PR10,26-0319-PR10-1,"CONVERGEONE, INC",1366597.0,1366597.0,07/01/2026,06/30/2028,06/12/2026,12510 Information & Technology Services,"AUTHORIZE THE FIRST AND SECOND (FINAL) RENEWAL AGREEMENT WITH CONVERGEONE, INC FOR CLOUD-BASED CALL CENTER MANAGED SERVICES"
2026,26-0319-OP2,26-0319-OP2-1,MESSIAH EVANGELICAL LUTHERAN CHURCH,1228750.48,1228750.48,07/01/2026,06/30/2031,07/02/2026,NO_USER_UNIT,AUTHORIZE EXTENSION OF THE LEASE AGREEMENT WITH MESSIAH EVANGELICAL LUTHERAN CHURCH FOR USE OF THE BUILDING LOCATED AT 6200 WEST PATTERSON AVENUE BY SMYSER ELEMENTARY SCHOOL
2026,26-0319-OP1,26-0319-OP1-1,4600 SOUTH KEDZIE LLC,2195189.0,2195189.0,07/01/2026,06/30/2031,06/18/2026,NO_USER_UNIT,AUTHORIZE EXTENSION OF THE LEASE AGREEMENT WITH 4600 S. KEDZIE LLC FOR THE USE OF SPACE AT 4600 SOUTH KEDZIE AVENUE
2026,26-0319-EX2,26-0319-EX2-1,ASPIRA INC. OF ILLINOIS,0.0,0.0,,04/04/2026,,NO_USER_UNIT,AMEND BOARD REPORT 25-0424-EX4 AUTHORIZE RENEWAL OF THE ASPIRA CHARTER SCHOOL AGREEMENT WITH CONDITIONS
2026,26-0305-MISC08,26-0305-MISC08-1,ELMHURST UNIVERSITY,0.0,0.0,07/01/2023,06/30/2027,01/06/2024,NO_DOC_URL,CHICAGO PUBLIC SCHOOLNURSING CLINICAL AFFILIATION AGREEMENT(Elmhurst University)
2026,26-0305-MISC07,26-0305-MISC07-1,Board of Trustees of Community College District No 508 dba City Colleges of Chicago,0.0,0.0,08/05/2025,08/04/2027,,NO_DOC_URL,CHICAGO ROADMAPCOLLABORATION AGREEMENT(Chicago Public Schools and City Colleges of Chicago)
2026,26-0305-MISC06,26-0305-MISC06-1,LOYOLA UNIVERSITY OF CHICAGO,0.0,0.0,01/08/2026,06/30/2026,,NO_DOC_URL,Memorandum of UnderstandingFor a Dual Credit ProgramLoyola University of Chicago
2026,26-0305-MISC05,26-0305-MISC05-1,ROOSEVELT UNIVERSITY,0.0,0.0,10/01/2025,09/30/2026,01/06/2026,NO_DOC_URL,PARTNERSHIP AGREEMENT(Tutor Corps Program)(Roosevelt University)
2026,26-0305-MISC04,26-0305-MISC04-1,THE UNIVERSITY OF CHICAGO,0.0,0.0,08/01/2025,07/31/2028,,NO_DOC_URL,SERVICES AGREEMENT (MASTER SERVICES AGREEMENT WITH THE UNIVERSITY OF CHICAGO)(Crime and Education Lab)(Inclusive Economy Lab)(Consortium on School Research)
2026,26-0305-MISC03,26-0305-MISC03-1,ArtSmart,0.0,0.0,07/01/2024,06/30/2029,11/14/2024,NO_DOC_URL,NO-COST SERVICES AGREEMENT(ArtSmart)
2026,26-0305-MISC02,26-0305-MISC02-1,NATIONAL SCHOOL BOARDS ASSOCIATION,0.0,0.0,01/01/2026,12/01/2026,,NO_DOC_URL,Memorandum of UnderstandingBetween the National School Boards Association and The Board of Education of the City of Chicago
2026,26-0305-MISC01,26-0305-MISC01-1,TRUENORTH EDUCATIONAL COOPERATIVE 804,0.0,0.0,06/12/2023,06/11/2026,,NO_DOC_URL,STUDENT PLACEMENT AGREEMENT TrueNorth Education Cooperative(J.S.)
2026,26-0304-PRDA02,26-0304-PRDA02-1,WILSON LANGUAGE TRAINING CORPORATION,0.0,136969.0,07/01/2026,06/30/2027,06/16/2026,NO_DOC_URL,AUTHORIZE THE FIRST RENEWAL AGREEMENT WITH WILSON LANGUAGE TRAINING CORPORATION FOR THE PURCHASE OF READING SYSTEMS
2026,26-0303-PRDA01,26-0303-PRDA01-1,NORTHWESTERN  UNIVERSITY,0.0,150000.0,03/01/2026,02/28/2027,01/28/2026,NO_DOC_URL,AUTHORIZE THE FIRST RENEWAL AGREEMENT WITH NORTHWESTERN UNIVERSITY FOR SENIOR LEADERSHIP EXECUTIVE TRAINING SERVICES
2026,26-0226-PRDA14,26-0226-PRDA14-1,NATIONAL STUDENT CLEARINGHOUSE,0.0,64714.0,03/01/2026,02/28/2027,,NO_DOC_URL,AUTHORIZE THE THIRD RENEWAL AGREEMENT WITH NATIONAL STUDENT CLEARINGHOUSE FOR STUDENT TRACKER FOR HIGH SCHOOLS
2026,26-0226-PR5,26-0226-PR5-1,"AT&T ENTERPRISES, LLC",17420132.0,17420132.0,07/01/2026,06/30/2028,05/05/2026,12510 Information & Technology Services,"AUTHORIZE THE THIRD (FINAL) RENEWAL AGREEMENT WITH AT&T ENTERPRISES, LLC FOR INTERNET, VOICE AND DATA CIRCUITS AND SERVICES"
2026,26-0226-PR3,26-0226-PR3-1,"JONES LANG LASALLE AMERICAS, INC.",299566000.0,299566000.0,07/01/2024,06/30/2026,08/24/2026,11880 Facility Opers & Maint - City Wide;11880 Facility Opers & Maint - City Wide,"AMEND BOARD REPORT 24-0926-PR2AMEND BOARD REPORT 24-0222-PR6AUTHORIZE THE FIRST RENEWAL AGREEMENT WITH JONES LANG LASALLE AMERICAS, INC. FOR FACILITY MANAGEMENT AND BUILDING ENGINEERING SERVICES"
2026,26-0226-PR2,26-0226-PR2-1,"Baker Tilly US, LLP",832000.0,832000.0,04/01/2026,03/31/2027,03/31/2026,12410 Accounting,"AUTHORIZE THE SECOND (FINAL) RENEWAL AGREEMENT WITH BAKER TILLY US, LLP FOR EXTERNAL AUDITING SERVICES"
2026,26-0226-OP2,26-0226-OP2-1,CATHOLIC BISHOP OF CHICAGO DBA ST. SABINA CHURCH,0.0,11816517.0,07/01/2026,06/30/2035,08/24/2026,NO_USER_UNIT,AMEND BOARD REPORT 24-1212-OP1 AUTHORIZE THE RENEWAL OF A LEASE AGREEMENT WITH THE CATHOLIC BISHOP OF CHICAGO FOR THE CONTINUED USE OF VARIOUS LEASED SCHOOL SITES
2026,26-0226-OP1,26-0226-OP1-1,"Little Angels Learning Center I, Inc.",2400000.0,2400000.0,08/01/2026,07/31/2031,03/13/2026,NO_USER_UNIT,"AMEND BOARD REPORT 22-0427-OP1 AMEND BOARD REPORT 19-0626-OP3 AUTHORIZE AGREEMENT WITH LITTLE ANGELS FAMILY DAYCARE II, INC. AND LITTLE ANGELS LEARNING CENTER I, INC. TO PROVIDE FUNDING FOR CONSTRUCTION OF EARLY LEARNING CHILDHOOD FACILITY TO PROVIDE EARLY CHILDHOOD SERVICES"
2026,26-0223-PRDA13,26-0223-PRDA13-1,"IGM US HOLDINGS, INC",0.0,400000.0,07/01/2026,06/30/2028,,NO_DOC_URL,"AUTHORIZE THE FIRST RENEWAL AGREEMENT WITH IGM US HOLDINGS, INC. FOR PROGRAM MANAGEMENT FUNCTIONS FOR STUDENT TRANSITION PROGRAMS SERVICES"
2026,26-0223-PRDA12,26-0223-PRDA12-1,"BRINK'S, INCORPORATED",0.0,450000.0,07/01/2026,06/30/2027,08/14/2026,NO_DOC_URL,"AUTHORIZE THE FIRST RENEWAL AGREEMENT WITH BRINK'S, INCORPORATED FOR ARMORED CAR COURIER SERVICES"
2026,26-0223-PRDA11,26-0223-PRDA11-1,"ASKREPLY, INC. DBA B2GNOW",0.0,48270.04,01/21/2026,01/20/2028,04/08/2026,NO_DOC_URL,"AUTHORIZE A NEW AGREEMENT WITH ASKREPLY, INC., DBA B2GNOW FOR COMPLIANCE REPORTING SYSTEM AND SERVICES"
2026,26-0223-PRDA10,26-0223-PRDA10-1,K KELLY INC DBA EMERALD RESTAURANT SERVICE,0.0,59400.0,04/01/2026,03/31/2027,03/27/2026,NO_DOC_URL,AUTHORIZE THE SECOND (FINAL) RENEWAL AGREEMENT WITH K KELLY INC DBA EMERALD RESTAURANT SERVICE FOR CTE KITCHEN CLEANING SERVICES
2026,26-0223-PRDA09,26-0223-PRDA09-1,NORTHWESTERN  UNIVERSITY,0.0,202000.0,07/01/2025,06/30/2027,01/28/2026,NO_DOC_URL,AUTHORIZE THE FIRST AND SECOND (FINAL) RENEWAL AGREEMENT WITH NORTHWESTERN UNIVERSITY FOR CHICAGO PRINCIPAL FELLOWS PROGRAM SERVICES
2026,26-0217-PRDA08,26-0217-PRDA08-1,"Mitratech Holdings, Inc.",0.0,90000.0,03/01/2026,02/28/2027,,NO_DOC_URL,"AUTHORIZE THE FIRST (FINAL) RENEWAL AGREEMENT WITH MITRATECH HOLDINGS, INC. FOR CASE MANAGEMENT SERVICES"
2026,26-0217-PRDA07,26-0217-PRDA07-1,"The Praxis Institute, LLC",0.0,198000.0,03/01/2026,02/28/2027,03/26/2026,NO_DOC_URL,"AUTHORIZE A NEW AGREEMENT WITH THE PRAXIS INSTITUTE, LLC FOR EXTERNAL EVALUATION SERVICES"
2026,26-0217-PRDA06,26-0217-PRDA06-1,"CLARITY PARTNERS, LLC",60000.0,60000.0,03/01/2026,02/28/2027,04/10/2026,NO_DOC_URL,"AUTHORIZE A NEW AGREEMENT WITH CLARITY PARTNERS, LLC FOR AIRTABLE MAINTENANCE AND ENHANCEMENTS"
2026,26-0209-PRDA03,26-0209-PRDA03-1,QBS LLC,0.0,500000.0,03/01/2026,02/28/2027,04/17/2026,NO_DOC_URL,AUTHORIZE THE SECOND (FINAL) RENEWAL AGREEMENT WITH QBS LLC FOR DE-ESCALATION AND PHYSICAL RESTRAINT TRAINING SERVICES
2026,26-0204-PRDA02,26-0204-PRDA02-2,Board of Trustees of the University of Illinois DBA University of Illinois,0.0,197932.0,08/01/2025,07/31/2027,,NO_DOC_URL,AUTHORIZE THE FIRST AND SECOND RENEWAL AGREEMENT WITH THE BOARD OF TRUSTEES OF THE UNIVERSITY OF ILLINOIS DBA UNIVERSITY OF ILLINOIS FOR RESEARCH SERVICES
2026,26-0204-MISC02,26-0204-MISC02-1,"Americans for Better Hearing Foundation, NFP, DBA ABHF",0.0,0.0,07/01/2025,06/30/2028,12/08/2025,NO_DOC_URL,NO-COST SERVICES AND DATA SHARING AGREEMENT(Audiology Services)(Americans for Better Hearing Foundation)
2026,26-0204-MISC01,26-0204-MISC01-1,"JONES LANG LASALLE AMERICAS, INC.",0.0,0.0,07/01/2025,06/30/2026,12/18/2025,NO_DOC_URL,"RENEWAL #1TO THE UNPAID INTERSHIP ACTIVITIES AGREEMENT(SOA &amp; Old Post Office Internship)(Jones Lange LaSalle Americas (Illinois), L.P., as its agent)"
2026,26-0203-PRDA01,26-0203-PRDA01-3,"AVANT ASSESSMENT, LLC",0.0,337500.0,01/01/2026,12/31/2026,04/08/2026,NO_DOC_URL,"AUTHORIZE A NEW AGREEMENT WITH AVANT ASSESSMENT, LLC FOR LANGUAGE PROFICIENCY TESTING SERVICES"
2026,26-0129-PRDA06,26-0129-PRDA06-1,"CONTROL BIONICS, INC.",0.0,150000.0,01/01/2026,12/31/2026,,NO_DOC_URL,"AMEND PRDA# 24-1120-PRDA02 AUTHORIZE A NEW AGREEMENT WITH CONTROL BIONICS, INC. FOR HIGHLY SPECIALIZED EQUIPMENT FOR STUDENTS WITH SIGNIFICANT DISABILITIES"
2026,26-0129-PR5,26-0129-PR5-1,"ODP BUSINESS SOLUTIONS, LLC",25000000.0,25000000.0,03/01/2026,02/28/2029,03/23/2026,12210 Procurement and Contracts Office,AUTHORIZE A NEW AGREEMENT WITH ODP BUSINESS SOLUTIONS LLC FOR THE PURCHASE OF OFFICE SUPPLIES AND RELATED PRODUCTS AND SERVICES
2026,26-0129-PR4,26-0129-PR4-1,CARAHSOFT TECHNOLOGY CORPORATION,3856092.0,3856092.0,02/01/2024,01/31/2027,04/21/2026,12510 Information & Technology Services,AMEND BOARD REPORT 25-0130-PR5AMEND BOARD REPORT 23-1214-PR2AUTHORIZE THE FIRST (FINAL) RENEWAL AGREEMENT WITH CARAHSOFT TECHNOLOGY CORP. FOR IDENTITY AND ACCESS MANAGEMENT SERVICES
2026,26-0129-PR1,26-0129-PR1-1,"ATI HOLDINGS, LLC",2150000.0,2150000.0,04/01/2026,03/31/2027,04/08/2026,13737 Sports Administration and Facilities Management - City ,"AUTHORIZE THE SECOND (FINAL) RENEWAL AGREEMENT WITH ATI HOLDINGS, LLC FOR SPORTS ATHLETIC TRAINING COVERAGE AND RELATED SERVICES"
2026,26-0129-OP2,26-0129-OP2-1,,0.0,55500.0,,,02/27/2026,NO_USER_UNIT,DISPOSITION OF BIDS RECEIVED FOR THE SALE OF PROPERTY LOCATED AT 2221 SOUTH LAWNDALE AVENUE (FORMER IGNACE PADEREWSKI ELEMENTARY SCHOOL)
2026,26-0129-OP1,26-0129-OP1-1,,0.0,100000.0,,,04/21/2026,NO_USER_UNIT,DISPOSITION OF BIDS RECEIVED FOR THE SALE OF PROPERTY LOCATED AT 5345 WEST CONGRESS PARKWAY & 5400 WEST HARRISON STREET (FORMER LOUIS DANIEL ARMSTRONG ELEMENTARY SCHOOL)
2026,26-0107-MISC03,26-0107-MISC03-1,NATIONAL OPINION RESEARCH CENTER,0.0,0.0,09/01/2025,08/31/2026,11/24/2025,NO_DOC_URL,RENEWAL #1TO THE MASTER RESEARCH SERVICES AGREEMENT(National Opinion Research Center Master Research Services)(National Opinion Research Center)
2026,26-0105-MISC02,26-0105-MISC02-1,CALVIN UNIVERSITY,0.0,0.0,07/01/2023,06/30/2027,,NO_DOC_URL,CHICAGO PUBLIC SCHOOLSCLINICAL INTERNSHIP AGREEMENT(Calvin University)
2026,26-0105-MISC01,26-0105-MISC01-1,JULIE AND MICHAEL TRACY FAMILY FOUNDATION DBA URBAN AUTISM SOLUTIONS,0.0,0.0,04/07/2024,03/31/2027,07/09/2025,NO_DOC_URL,SERVICES AGREEMENT(Job Readiness Vocational Training)(Julie and Michael Tracy Family Foundation d/b/a Urban Autism Solutions)
2026,26-0102-PRDA03,26-0102-PRDA03-1,SMARTSHEET INC,0.0,63589.04,01/15/2026,01/14/2027,02/03/2026,NO_DOC_URL,AUTHORIZE THE SECOND RENEWAL AGREEMENT WITH SMARTSHEET INC. FOR DIGITAL ASSET MANAGEMENT SYSTEM
2026,26-0102-PRDA02,26-0102-PRDA02-1,FRANCZEK P.C.,0.0,75000.0,07/01/2026,06/30/2028,06/11/2026,NO_DOC_URL,AUTHORIZE THE SECOND AND THIRD (FINAL) RENEWAL AGREEMENT WITH FRANCZEK P.C. FOR EXTERNAL TITLE IX INVESTIGATION &amp; APPELLATE DECISION MAKER SERVICES.
2026,26-0102-PRDA01,26-0102-PRDA01-1,CORDANCE OPERATIONS LLC,0.0,72000.0,04/01/2026,03/31/2027,04/13/2026,NO_DOC_URL,"AUTHORIZE THE FIRST RENEWAL AGREEMENT WITH CORDANCE OPERATIONS, LLC. FOR CASE MANAGEMENT SOFTWARE"
2026,25-1223-PRDA04,25-1223-PRDA04-1,SCHOOLMINT INC,0.0,141900.0,09/01/2025,08/31/2026,12/02/2025,NO_DOC_URL,"AUTHORIZE A NEW AGREEMENT WITH SCHOOLMINT INC FOR STUDENT APPLICATION, ASSIGNMENT AND ENROLLMENT MANAGEMENT SERVICES"
2026,25-1218-PR6,25-1218-PR6-1,"CANNON COCHRAN MANAGEMENT SERVICES, INC.",120000000.0,120000000.0,01/01/2026,12/31/2029,04/08/2026,12440 Treasury;11010 Talent Office,"AUTHORIZE THE FIRST AND SECOND (FINAL) RENEWAL AGREEMENT WITH CANNON COCHRAN MANAGEMENT SERVICES, INC. FOR THIRD PARTY CLAIMS ADMINISTRATION SERVICES"
2026,25-1218-PR5,25-1218-PR5-1,BIF III US AGGREGATOR (DELAWARE) LLC DBA CENTERSQUARE MSA HOLDINGS LLC,0.0,1100000.0,01/01/2026,12/31/2026,,12510 Information & Technology Services,AUTHORIZE A NEW AGREEMENT WITH BIF III US AGGREGATOR (DELAWARE) DBA CENTERSQUARE MSA HOLDINGS LLC FOR DATA CENTER SERVICES
2026,25-1218-OP3,25-1218-OP3-1,,0.0,25000.0,,,04/21/2026,NO_USER_UNIT,DISPOSITION OF BIDS RECEIVED FOR THE SALE OF PROPERTY LOCATED AT 200 EAST 99th STREET (FORMER SHEDD ELEMENTARY SCHOOL)
2026,25-1218-OP1,25-1218-OP1-1,,0.0,75000.0,,,01/08/2026,NO_USER_UNIT,DISPOSITION OF BIDS RECEIVED FOR THE SALE OF PROPERTY LOCATED AT 1241 WEST 58TH STREET (FORMER BONTEMPS ELEMENTARY SCHOOL)
2026,25-1218-EX4,25-1218-EX4-1,CITY OF CHICAGO,49100000.0,49100000.0,07/01/2026,06/30/2027,,NO_USER_UNIT,APPROVE ENTERING INTO AN INTERGOVERNMENTAL AGREEMENT WITH THE DEPARTMENT OF FAMILY & SUPPORT SERVICES (DFSS) ¿ THE CITY OF CHICAGO
2026,25-1218-EX3,25-1218-EX3-1,Board of Trustees of Community College District No 508 dba City Colleges of Chicago,2500000.0,2500000.0,07/01/2026,06/30/2027,,NO_USER_UNIT,APPROVE ENTERING INTO AN INTERGOVERNMENTAL AGREEMENT WITH THE CITY COLLEGES OF CHICAGO
2026,25-1217-PRDA03,25-1217-PRDA03-1,Chicago Debate Commission dba Chicago Debates,0.0,208000.0,02/01/2026,06/30/2028,02/09/2026,NO_DOC_URL,AUTHORIZE THE FIRST AND SECOND (FINAL) RENEWAL AGREEMENTS WITH THE CHICAGO DEBATE COMMISSION DBA CHICAGO DEBATES FOR DEBATE SERVICES
2026,25-1203-PRDA02,25-1203-PRDA02-1,EQUIFAX INC. DBA EQUIFAX WORKFORCE SOLUTIONS LLC,0.0,225000.0,11/01/2025,10/31/2026,06/11/2026,NO_DOC_URL,AMENDMENT TO EXTEND AUTHORIZE THE SECOND AND FINAL RENEWAL AGREEMENT WITH EQUIFAX WORKFORCE SOLUTIONS LLC FOR UNEMPLOYMENT SOLUTIONS SERVICES
2026,25-1203-PRDA01,25-1203-PRDA01-1,"ORACLE AMERICA, INC.",0.0,420000.0,01/01/2026,12/31/2026,02/18/2026,NO_DOC_URL,"AUTHORIZE A NEW AGREEMENT WITH ORACLE AMERICA, INC. FOR TALENT ACQUISITION AND ON-BOARDING PROVIDED AS SOFTWARE AS A SERVICE (SAAS)"
2026,25-1119-PRDA02,25-1119-PRDA02-1,"DRAGO INVESTMENTS, LTD. DBA MONARCH TROPHY STUDIO",0.0,135000.0,01/01/2026,12/31/2026,12/04/2025,NO_DOC_URL,"AUTHORIZE THE SECOND RENEWAL AGREEMENT WITH DRAGO INVESTMENTS, LTD. DBA MONARCH TROPHY STUDIO FOR THE PURCHASE OF SPORTS MEDALS"
2026,25-1114-PRDA01,25-1114-PRDA01-1,"A MOON JUMP 4U, INC. DBA AMJ SPECTACULAR EVENTS",0.0,125000.0,04/01/2026,03/31/2027,,NO_DOC_URL,"AUTHORIZE THE FIRST RENEWAL AGREEMENT WITH A MOON JUMP 4U, INC. FOR RENTAL EQUIPMENT AND RELATED SERVICES FOR SCHOOL BASED EVENTS."
2026,25-1104-EX1,25-1104-EX1-1,CHICAGO HIGH SCHOOL FOR      1,0.0,0.0,07/01/2024,06/30/2026,,PDF_404,AMEND BOARD REPORT 24-0125-EX4 AUTHORIZE THE RENEWAL OF THE CHICAGO HIGH SCHOOL FOR THE ARTS AGREEMENT WITH CONDITIONS
2026,25-1030-EX2,25-1030-EX2-1,CITY OF CHICAGO,175000000.0,175000000.0,10/30/2025,12/31/2026,11/13/2025,PDF_404,RATIFY THE FOURTH RENEWAL AND AMEND THE INTERGOVERNMENTAL AGREEMENT WITH THE CITY OF CHICAGO FOR THE MUNICIPAL EMPLOYEES' ANNUITY AND BENEFIT FUND
2026,25-1030-EX1,25-1030-EX1-1,,0.0,0.0,,06/30/2026,,PDF_404,AMEND BOARD REPORT 25-0424-EX7 AUTHORIZE RENEWAL OF THE EPIC ACADEMY CHARTER HIGH SCHOOL AGREEMENT WITH CONDITIONS
2026,25-1028-PRDA14,25-1028-PRDA14-1,"P. S. TECHNOLOGIES, INC. DBA LEGALSERVER",0.0,71350.0,03/01/2026,02/28/2027,,NO_DOC_URL,"AUTHORIZE A NEW AGREEMENT WITH P.S. TECHNOLOGIES, INC. DBA LEGALSERVER FOR MATTER MANAGEMENT SYSTEM (MMS) SERVICES"
2026,25-1027-PRDA13,25-1027-PRDA13-1,"ALTA LANGUAGE SERVICES, INC",0.0,50000.0,01/01/2026,12/31/2026,11/21/2025,NO_DOC_URL,"AUTHORIZE THE SECOND (FINAL) RENEWAL AGREEMENT WITH ALTA LANGUAGE SERVICES, INC FOR SEAL OF BILITERACY TESTING IN ADDITIONAL LANGUAGES"
2026,25-1027-PRDA12,25-1027-PRDA12-1,CESO COMMUNICATIONS LLC_RENEW,0.0,250000.0,09/01/2025,08/31/2026,11/07/2025,NO_DOC_URL,AUTHORIZE A NEW AGREEMENT WITH CESO COMMUNICATIONS LLC FOR BELL TIME OPTIMIZATION CONSULTANCY SERVICES
2026,25-1027-PRDA11,25-1027-PRDA11-1,"MANSON WESTERN, LLC",0.0,442995.95,12/01/2024,02/28/2026,12/18/2025,NO_DOC_URL,"AMEND 24-0930-PRDA12AUTHORIZE THE SECOND (FINAL) RENEWAL AGREEMENT WITH MANSON WESTERN, LLC DBA WESTERN PSYCHOLOGICAL SERVICES (WPS) FOR DIGITAL ASSESSMENT AND EVALUATION TOOLS"
2026,25-1027-PRDA10,25-1027-PRDA10-1,Board of Trustees of the University of Illinois DBA University of Illinois,0.0,0.0,07/01/2025,11/30/2026,03/10/2026,NO_DOC_URL,AUTHORIZE A NEW AGREEMENT WITH THE BOARD OF TRUSTEES OF THE UNIVERSITY OF ILLINOIS DBA UNIVERSITY OF ILLINOIS FOR NEEDS ASSESSMENT EVALUATION SERVICES
2026,25-1023-PR6,25-1023-PR6-1,"SUTTON FORD, INC.",1200000.0,1200000.0,01/01/2026,12/31/2027,11/10/2025,11860 Facility Operations & Maintenance;11880 Facility Opers & Maint - City Wide,"AUTHORIZE THE SECOND (FINAL) RENEWAL AGREEMENT WITH SUTTON FORD, INC. TO PROVIDE VARIOUS VEHICLES, INCLUDING MAINTENANCE AND RELATED SERVICES"
2026,25-1023-PR4,25-1023-PR4-1,TRANE U.S. INC. DBA TRANE INTEGRATED FUNDING SOLUTIONS,3600000.0,3600000.0,01/01/2026,12/31/2029,11/10/2025,11880 Facility Opers & Maint - City Wide;11880 Facility Opers & Maint - City Wide,AUTHORIZE THE FIRST AND SECOND (FINAL) RENEWAL AGREEMENT WITH TRANE U.S. INC. DBA TRANE INTEGRATED FUNDINGSOLUTIONS FOR THE PURCHASE OR RENTAL OF HEAVY EQUIPMENT
2026,25-1008-PRDA07,25-1008-PRDA07-1,LOYOLA UNIVERSITY OF CHICAGO,0.0,122000.0,11/01/2025,10/31/2026,06/11/2026,NO_DOC_URL,AUTHORIZE A NEW AGREEMENT WITH LOYOLA UNIVERSITY OF CHICAGO FOR PARTICIPATORY ACTION RESEARCH SERVICES
2026,25-1008-PRDA06,25-1008-PRDA06-1,"Coal Creek Software, Inc dba Verifent",0.0,40000.0,11/01/2025,10/31/2026,12/19/2025,NO_DOC_URL,"AUTHORIZE THE SECOND (FINAL) RENEWAL AGREEMENT WITH COAL CREEK SOFTWARE, INC. DBA VERIFENT FOR CANDIDATE VERIFICATION SERVICES"
2026,25-1008-PRDA05,25-1008-PRDA05-1,CARAHSOFT TECHNOLOGY CORPORATION,0.0,499977.63,10/25/2025,10/24/2026,10/27/2025,NO_DOC_URL,AMEND BOARD REPORT 25-0618-PRDA05AUTHORIZE A NEW SOFTWARE LICENSE AGREEMENT WITH CARAHSOFT TECHNOLOGY CORP FOR THE LICENSING OF SALESFORCE
2026,25-1008-PRDA04,25-1008-PRDA04-1,THORSEN CONSULTING INC,0.0,862500.0,10/01/2025,08/31/2027,10/28/2025,NO_DOC_URL,AUTHORIZE A NEW AGREEMENT WITH THORSEN CONSULTING INC FOR CHICAGO EARLY LEARNING APPLICATION SERVICES
2026,25-1007-PRDA03,25-1007-PRDA03-1,"ARC LIGHT INVESTIGATIVE SERVICES, INC.",0.0,40000.0,10/15/2025,10/14/2027,02/12/2026,NO_DOC_URL,"AUTHORIZE THE SECOND, FINAL RENEWAL AGREEMENT WITH ARC LIGHT INVESTIGATIVE SERVICES, INC. FOR INVESTIGATIVE SERVICES"
2026,25-1007-PRDA02,25-1007-PRDA02-1,"OMICRON TECHNOLOGY SOLUTIONS, LLC",0.0,350000.0,10/01/2025,09/30/2026,11/18/2025,NO_DOC_URL,AUTHORIZE A NEW AGREEMENT WITH OMICRON TECHNOLOGY SOLUTIONS LLC FOR VISITOR MANAGEMENT SYSTEM SERVICES
2026,25-1007-PRDA01,25-1007-PRDA01-1,POSITIVE COACHING ALLIANCE,0.0,40000.0,11/01/2025,10/31/2026,11/05/2025,NO_DOC_URL,AUTHORIZE THE SECOND (FINAL) RENEWAL AGREEMENT WITH POSITIVE COACHING ALLIANCE FOR LEADERSHIP TRAINING FOR ATHLETIC ADMINISTRATORS AND LIAISONS SERVICES
2026,25-1007-MISC05,25-1007-MISC05-1,National Louis University,0.0,0.0,07/22/2025,06/30/2027,07/30/2025,NO_DOC_URL,CHICAGO PUBLIC SCHOOLSNURSING CLINICAL AFFILIATION AGREEEMENT(National Louis University)
2026,25-1007-MISC04,25-1007-MISC04-1,"THE FLYING CLASSROOM, LLC",0.0,0.0,08/01/2025,07/31/2026,07/28/2025,NO_DOC_URL,"SERVICES AGREEMENT(Pre-Apprenticeship &amp; Workforce Development STEM+ Program)(The Flying Classroom, LLC)"
2026,25-1007-MISC03,25-1007-MISC03-1,"Urban Alliance Foundation, Inc.",0.0,0.0,07/01/2024,06/30/2029,07/16/2025,NO_DOC_URL,"SERVICES AGREEMENT(The Urban Alliance Foundation, Inc.)"
2026,25-1007-MISC02,25-1007-MISC02-1,NORTHERN ILLINOIS UNIVERSITY,0.0,0.0,01/01/2025,12/31/2027,07/15/2025,NO_DOC_URL,NO-COST DATA SHARING AND RESEARCH EVALUATIONSERVICES AGREEMENTAMP-IT Project(The Board of Trustees of Northern Illinois University)
2026,25-1007-MISC01,25-1007-MISC01-1,GENESYS WORKS CHICAGO,0.0,0.0,07/01/2024,06/30/2029,,NO_DOC_URL,SERVICES AGREEMENT(Genesys Works)(Genesys Works Chicago Internship Program)
2026,25-0929-PRDA18,25-0929-PRDA18-1,POWERSCHOOL HOLDINGS LLC DBA POWERSCHOOL GROUP LLC,0.0,175430.0,07/01/2025,06/30/2027,11/21/2025,NO_DOC_URL,AUTHORIZE A NEW AGREEMENT WITH POWERSCHOOL HOLDINGS LLC DBA POWERSCHOOL GROUP LLC FOR DATA WAREHOUSE AND DASHBOARD MAINTENANCE SUPPORT
2026,25-0926-PRDA17,25-0926-PRDA17-1,STANDARD INSURANCE COMPANY,0.0,150000.0,01/01/2026,12/31/2027,,NO_DOC_URL,"AUTHORIZE A NEW AGREEMENT WITH STANDARD INSURANCE COMPANY FOR LIFE INSURANCE, LONG TERM DISABILITY, AND VOLUNTARY BENEFITS SERVICES"
2026,25-0926-PRDA16,25-0926-PRDA16-1,CORDANCE OPERATIONS LLC,0.0,56000.0,11/10/2025,11/09/2026,11/22/2025,NO_DOC_URL,"AUTHORIZE THE SECOND (FINAL) RENEWAL AGREEMENT WITH CORDANCE OPERATIONS, LLC FOR CASE MANAGEMENT SERVICES"
2026,25-0925-PR7,25-0925-PR7-1,"ACCURATE BIOMETRICS, INC.",1930000.0,1930000.0,11/01/2025,10/31/2026,10/10/2025,10610 School Safety and Security Office,"AUTHORIZE THE SECOND (FINAL) RENEWAL AGREEMENT WITH ACCURATE BIOMETRICS, INC. FOR COMPREHENSIVE FINGERPRINTING AND RELATED SERVICES"
2026,25-0925-PR6,25-0925-PR6-1,APPLE INC.,27144518.0,27144518.0,11/01/2025,10/31/2026,12/10/2025,12510 Information & Technology Services,"AUTHORIZE THE SECOND RENEWAL AGREEMENT WITH APPLE INC. FOR THE PURCHASE OF HARDWARE, SOFTWARE AND SERVICES"
2026,25-0925-PR1,25-0925-PR1-1,"SCHOOLINKS, INC.",0.0,1600000.0,01/01/2026,12/31/2027,12/19/2025,10850 Counseling and Postsecondary Advising,"AUTHORIZE THE FIRST (FINAL) RENEWAL AGREEMENT WITH SCHOOLINKS, INC. TO PROVIDE A COLLEGE AND CAREER ENTERPRISE PLATFORM"
2026,25-0925-EX3,25-0925-EX3-1,CITY OF CHICAGO,1500000.0,1500000.0,07/01/2025,06/30/2026,11/10/2025,NO_USER_UNIT,RATIFY THE FOURTH (FINAL) OPTION TO RENEW THE INTERGOVERNMENTAL AGREEMENT WITH THE DEPARTMENT OF FAMILY & SUPPORT SERVICES (DFSS) - THE CITY OF CHICAGO
2026,25-0925-EX2,25-0925-EX2-1,CITY OF CHICAGO,99624439.0,99624439.0,07/01/2025,06/30/2026,06/08/2026,NO_USER_UNIT,RATIFY THE FIFTH (FINAL) OPTION TO RENEW THE INTERGOVERNMENTAL AGREEMENT WITH THE DEPARTMENT OF FAMILY & SUPPORT SERVICES (DFSS) - THE CITY OF CHICAGO
2026,25-0924-PRDA15,25-0924-PRDA15-1,"Reviewed Costs, Inc dba Industrial UI Services",0.0,130000.0,12/01/2025,11/30/2026,12/08/2025,NO_DOC_URL,"AUTHORIZE A NEW AGREEMENT WITH REVIEWED COSTS, INC DBA INDUSTRIAL UI SERVICES FOR UNEMPLOYMENT SOLUTIONS PROJECT SERVICES"
2026,25-0924-PRDA14,25-0924-PRDA14-1,"AUDITBOARD, INC.",0.0,96200.0,03/06/2026,03/05/2027,03/10/2026,NO_DOC_URL,"AUTHORIZE THE FIRST RENEWAL AGREEMENT WITH AUDITBOARD, INC. FOR INTERNAL AUDIT SOFTWARE"
2026,25-0922-PRDA13,25-0922-PRDA13-1,Fernando Avila dba Social Impact Films,0.0,62500.0,01/06/2026,01/05/2027,01/28/2026,NO_DOC_URL,AUTHORIZE A NEW AGREEMENT WITH FERNANDO AVILA DBA SOCIAL IMPACT FILMS FOR COMPLIANCE TRAININGS
2026,25-0916-PRDA11,25-0916-PRDA11-1,CareerWise Colorado,0.0,105600.0,01/01/2026,12/31/2026,,NO_DOC_URL,AUTHORIZE THE FIRST RENEWAL AGREEMENT WITH CAREERWISE COLORADO TO PROVIDE YOUTH APPRENTICESHIP CONSULTATION SERVICES
2026,25-0912-PRDA10,25-0912-PRDA10-1,JOHNSON CONTROLS FIRE PROTECTION LP,0.0,1287621.94,10/01/2023,09/30/2026,,NO_DOC_URL,AMEND PRDA 24-0423-PRDA15AUTHORIZE A NEW AGREEMENT WITH JOHNSON CONTROLS FIRE PROTECTION LP FOR FIRE EXTINGUISHER MAINTENANCE AND REPAIR SERVICES
2026,25-0912-PRDA09,25-0912-PRDA09-1,CITY OF CHICAGO,0.0,250000.0,10/01/2025,09/30/2027,01/21/2026,NO_DOC_URL,"AUTHORIZE THE RENEWAL OF THE INTERGOVERNMENTAL AGREEMENT WITH THE CITY OF CHICAGO, DEPARTMENT OF PUBLIC HEALTH, FOR INSPECTION, RE-INSPECTION, TRAINING AND CONSULTING SERVICES"
2026,25-0910-PRDA08,25-0910-PRDA08-1,OCCUPATIONAL HEALTH CENTERS OF ILLINOIS P.C. DBA CONCENTRA MEDICAL CENTERS,0.0,0.0,03/01/2026,02/28/2027,03/03/2026,NO_DOC_URL,AUTHORIZE THE FIRST RENEWAL AGREEMENT WITH OCCUPATIONAL HEALTH CENTERS OF ILLINOIS P.C. DBA CONCENTRA MEDICAL CENTERS FOR OCCUPATIONAL HEALTH SERVICES
2026,25-0910-PRDA07,25-0910-PRDA07-1,"BLAIDA AND ASSOCIATES, LLC",0.0,132000.0,01/01/2026,12/31/2026,,NO_DOC_URL,"AUTHORIZE A NEW AGREEMENT WITH BLAIDA AND ASSOCIATES, LLC FOR LEGISLATIVE CONSULTING SERVICES"
2026,25-0910-MISC01,25-0910-MISC01-1,THE BARACK OBAMA FOUNDATION DBA THE OBAMA FOUNDATION,0.0,0.0,11/06/2024,06/01/2027,,NO_DOC_URL,AMENDMENT #1MEMORANDUM OF UNDERSTANDING(My Brother's Keeper)(THE BARACK OBAMA FOUNDATION)
2026,25-0909-PRDA06,25-0909-PRDA06-1,ILLINOIS ACTION FOR CHILDREN,0.0,326480.0,09/01/2025,08/31/2026,10/28/2025,NO_DOC_URL,AUTHORIZE A NEW AGREEMENT WITH ILLINOIS ACTION FOR CHILDREN FOR CHICAGO EARLY LEARNING HOTLINE SUPPORT SERVICES
2026,25-0908-PRDA05,25-0908-PRDA05-1,ADVANCE SECURITY RESOURCES LLC,0.0,196100.0,09/01/2025,08/31/2026,11/12/2025,NO_DOC_URL,"AUTHORIZE THE FIRST RENEWAL AGREEMENT WITH ADVANCE SECURITY RESOURCES LLC FOR THE PURCHASE OF WALK-THROUGH METAL DETECTORS AND RELATED INSTALLATION, MAINTENANCE AND TRAINING SERVICES"
2026,25-0908-PRDA04,25-0908-PRDA04-1,"ILLINOIS RESTAURANT ASSOCIATION EDUCATIONAL FOUNDATION, INC.",0.0,58900.0,11/01/2025,10/31/2026,10/02/2025,NO_DOC_URL,"AUTHORIZE THE FIRST RENEWAL AGREEMENT WITH ILLINOIS RESTAURANT ASSOCIATION EDUCATIONAL FOUNDATION, INC. FOR CULINARY EDUCATION SERVICES"
2026,25-0908-PRDA03,25-0908-PRDA03-1,"CAREERS THROUGH CULINARY ARTS PROGRAM, INC.",0.0,140000.0,11/01/2024,10/31/2026,10/02/2025,NO_DOC_URL,"AMEND BOARD REPORT 25-0314-PRDA05AUTHORIZE THE FIRST RENEWAL AGREEMENT WITH CAREERS THROUGH CULINARY ARTS PROGRAM, INC. FOR PROGRAMMATIC SUPPORT FOR CTE CULINARY PROGRAMS SERVICES"
2026,25-0904-PRDA02,25-0904-PRDA02-1,"THE POWER BUREAU, LLC",0.0,35000.0,07/01/2025,06/30/2026,,NO_DOC_URL,AUTHORIZE A NEW AGREEMENT WITH THE POWER BUREAU FOR RENEWABLE ENERGY CREDIT CONSULTING SERVICES
2026,25-0903-PRDA01,25-0903-PRDA01-1,THE UNIVERSITY OF CHICAGO,0.0,105963.75,10/01/2025,09/30/2028,,NO_DOC_URL,AUTHORIZE A NEW AGREEMENT WITH THE UNIVERSITY OF CHICAGO FOR SURVEY OF THE CLASSROOM EXPERIENCES
2026,25-0829-PRDA12,25-0829-PRDA12-1,"ORACLE AMERICA, INC.",0.0,3651603.38,07/01/2025,06/30/2027,08/31/2025,NO_DOC_URL,"AMEND BOARD REPORT 25-0829-PRDA11AUTHORIZE THE EXTENSION OF THE AGREEMENT WITH ORACLE AMERICA, INC. FOR THE PURCHASE OF A HUMAN CAPITAL MANAGEMENT SYSTEM AND HOSTING SERVICES"
2026,25-0829-PRDA11,25-0829-PRDA11-1,"ORACLE AMERICA, INC.",0.0,5413259.0,07/01/2023,06/30/2025,,NO_DOC_URL,"AMEND BOARD REPORT 21-0623-PR29 AUTHORIZE THE EXTENSION OF THE AGREEMENT WITH ORACLE AMERICA, INC. FOR THE PURCHASE OF A HUMAN CAPITAL MANAGEMENT SYSTEM AND HOSTING SERVICES"
2026,25-0828-PR3,25-0828-PR3-1,"CONSTELLATION NEWENERGY - GAS DIVISION, LLC",64000000.0,64000000.0,01/17/2026,01/16/2030,11/12/2025,11880 Facility Opers & Maint - City Wide;11880 Facility Opers & Maint - City Wide,"AUTHORIZE THE FIRST AND SECOND (FINAL) RENEWAL AGREEMENT WITH CONSTELLATION NEWENERGY-GAS DIVISION, LLC FOR NATURAL GAS SUPPLY SERVICES"
2026,25-0827-PRDA10,25-0827-PRDA10-1,GREATLAND CORPORATION,0.0,150000.0,07/01/2025,06/30/2026,01/05/2026,NO_DOC_URL,AUTHORIZE A NEW AGREEMENT WITH GREATLAND CORPORATION FOR W2 AND AFFORDABLE CARE ACT 1095-C PROCESSING SERVICES
2026,25-0827-PRDA09,25-0827-PRDA09-1,"OUTMATCH, INC.",0.0,87500.0,01/01/2026,12/31/2026,11/04/2025,NO_DOC_URL,"AUTHORIZE THE FIRST RENEWAL AGREEMENT WITH OUTMATCH, INC. FOR AUTOMATED REFERENCE CHECK SERVICES"
2026,25-0825-PRDA08,25-0825-PRDA08-1,PRENTKE ROMICH COMPANY DBA PRC SALTILLO,225000.0,225000.0,09/01/2025,08/31/2026,,NO_DOC_URL,AUTHORIZE A NEW AGREEMENT WITH PRENTKE ROMICH COMPANY DBA PRC SALTILLO FOR AUGMENTATIVE/ALTERNATIVE COMMUNICATION DEVICES AND ACCESSORIES THAT ARE REQUIRED PER STUDENT IEPS
2026,25-0814-PRDA06,25-0814-PRDA06-1,"LAKESHORE PARENT LLC DBA LAKESHORE LEARNING MATERIALS, LLC",0.0,238000.0,08/01/2025,07/31/2026,,NO_DOC_URL,"AUTHORIZE THE SECOND (FINAL) RENEWAL AGREEMENT WITH LAKESHORE PARENT LLC DBA LAKESHORE LEARNING MATERIALS, LLC FOR ASSESSMENT FOR STUDENTS REQUIRING SIGNIFICANTLY MODIFIED INSTRUCTION"
2026,25-0814-PRDA05,25-0814-PRDA05-1,NATIONAL EDUCATION OPPORTUNITY NETWORK,0.0,75000.0,10/01/2025,09/30/2026,10/16/2025,NO_DOC_URL,"AUTHORIZE THE FIRST RENEWAL AGREEMENT WITH NATIONAL EDUCATION EQUITY LAB, INC. FOR DUAL ENROLLMENT COURSE SERVICES"
2026,25-0814-PRDA04,25-0814-PRDA04-1,POWERSCHOOL HOLDINGS LLC DBA POWERSCHOOL GROUP LLC,0.0,495686.0,07/01/2025,06/30/2026,,NO_DOC_URL,AUTHORIZE THE SECOND RENEWAL AGREEMENT WITH POWERSCHOOL HOLDINGS LLC DBA POWERSCHOOL GROUP LLC FOR SOFTWARE MAINTENANCE AND SUPPORT
2026,25-0805-PRDA03,25-0805-PRDA03-1,GENESYS WORKS CHICAGO,0.0,250000.0,07/01/2025,06/30/2026,08/19/2025,NO_DOC_URL,AUTHORIZE THE FIRST RENEWAL AGREEMENT WITH GENESYS WORKS CHICAGO FOR TECHNICAL SUPPORT SERVICES
2026,25-0805-PRDA02,25-0805-PRDA02-1,POWERSCHOOL HOLDINGS LLC DBA POWERSCHOOL GROUP LLC,0.0,954914.24,07/01/2025,06/30/2027,10/29/2025,NO_DOC_URL,AUTHORIZE A NEW AGREEMENT WITH POWERSCHOOL HOLDINGS LLC DBA POWERSCHOOL GROUP LLC FOR SOFTWARE AND RELATED SERVICES FOR PERFORMANCE EVALUATIONS (REFLECT AND LEARN)
2026,25-0801-PRDA01,25-0801-PRDA01-1,THE LEARNING COLLECTIVE INC.,0.0,145500.0,08/01/2024,07/31/2026,08/05/2025,NO_DOC_URL,AMEND 24-0530-PRDA16AUTHORIZE THE SECOND (FINAL) RENEWAL AGREEMENT WITH THE LEARNING COLLECTIVE FOR RENEWAL SITE VISITS
2026,25-0730-PRDA08,25-0730-PRDA08-1,"HENDY AVENUE CONSULTING, LLC",0.0,125000.0,09/01/2025,08/31/2026,09/24/2025,NO_DOC_URL,AUTHORIZE A NEW AGREEMENT WITH HENDY AVENUE CONSULTING LLC FOR CONSULTING SUPPORT FOR PERFORMANCE MANAGEMENT SERVICES
2026,25-0730-PRDA07,25-0730-PRDA07-1,"INSPIRA FINANCIAL HEALTH, INC.",0.0,160000.0,01/01/2026,12/31/2026,10/07/2025,NO_DOC_URL,"AUTHORIZE THE FIRST RENEWAL AGREEMENT WITH INSPIRA FINANCIAL HEALTH, INC. FOR COBRA ADMINISTRATION SERVICES"
2026,25-0730-PRDA06,25-0730-PRDA06-1,SMARTSHEET INC,0.0,280740.0,07/23/2024,12/31/2025,07/25/2025,NO_DOC_URL,"AMEND BOARD REPORT 24-1021-PRDA12AUTHORIZE A NEW SOFTWARE LICENSE AGREEMENT WITH SMARTSHEET, INC. FOR PROJECT PORTFOLIO MANAGEMENT TOOL (PPM) AND RELATED SERVICES"
2026,25-0724-PRDA05,25-0724-PRDA05-1,"Alliant Insurance Services, Inc.",0.0,235000.0,03/01/2026,02/28/2027,11/04/2025,NO_DOC_URL,AUTHORIZE THE SECOND (FINAL) RENEWAL AGREEMENT WITH MESIROW INSURANCE SERVICES INC. FOR INSURANCE BROKERAGE AND CONSULTING SERVICES
2026,25-0724-PR9,25-0724-PR9-1,"CIMPAR, S.C.",6000000.0,6000000.0,09/01/2025,08/31/2027,08/29/2025,14050 Office of Student Health & Wellness,"AUTHORIZE THE FIRST AND SECOND (FINAL) RENEWAL AGREEMENT WITH CIMPAR, S.C. FOR VACCINATION AND SCHOOL PHYSICAL SERVICES"
2026,25-0724-PR7,25-0724-PR7-1,"LINEV SYSTEMS US, INC.",1000000.0,1000000.0,08/01/2025,07/31/2026,01/14/2026,10610 School Safety and Security Office,"AUTHORIZE THE THIRD RENEWAL AGREEMENT WITH LINEV SYSTEMS US, INC. FOR THE PURCHASE OF PORTABLE X-RAY MACHINES AND RELATED INSTALLATION, MAINTENANCE AND TRAINING SERVICES"
2026,25-0724-PR6,25-0724-PR6-1,AMAZON.COM SERVICES LLC,40000000.0,40000000.0,09/01/2025,08/31/2027,08/26/2025,12210 Procurement and Contracts Office,"AUTHORIZE THE FIRST RENEWAL AGREEMENT WITH AMAZON.COM SALES, INC DBA AMAZON.COM SERVICES LLC. FOR TAIL SPEND MARKETPLACE PRODUCTS AND SERVICES"
2026,25-0724-PR5,25-0724-PR5-1,CARAHSOFT TECHNOLOGY CORPORATION,650000.0,650000.0,07/01/2025,06/30/2026,07/30/2025,12510 Information & Technology Services,AUTHORIZE THE FIRST (FINAL) RENEWAL AGREEMENT WITH CARAHSOFT TECHNOLOGY CORP. FOR DOCUSIGN ELECTRONIC SIGNATURE PLATFORM AND RELATED SERVICES
2026,25-0724-PR2,25-0724-PR2-1,"RIVERSIDE ASSESSMENTS, LLC DBA RIVERSIDE INSIGHTS",2314407.81,2314407.81,09/01/2025,08/31/2028,10/10/2025,11210 Student Assessment and MTSS,"AUTHORIZE A NEW AGREEMENT WITH RIVERSIDE ASSESSMENTS, LLC DBA RIVERSIDE INSIGHTS FOR THE PURCHASE OF TEST MATERIALS FOR HIGH SCHOOL ADMISSIONS, SELECTIVE ENROLLMENT, COMPREHENSIVE GIFTED, ACCELERATED PLACEMENT, AND RELATED SERVICES"
2026,25-0722-MISC05,25-0722-MISC05-1,Board of Trustees of the University of Illinois DBA University of Illinois,0.0,0.0,07/01/2023,06/30/2027,,NO_DOC_URL,CHICAGO PUBLIC SCHOOLSSTUDENT TEACHING INTERNSHIP AGREEMENT(University of Illinois Chicago)
2026,25-0722-MISC04,25-0722-MISC04-1,CHICAGO PUBLIC EDUCATION FUND,0.0,0.0,07/01/2025,06/30/2028,,NO_DOC_URL,NO-COST SERVICES AGREEMENT(School Leadership Pipeline Supports)(The Chicago Public Education Fund)
2026,25-0716-PRDA03,25-0716-PRDA03-1,DISTRIBUTED WEBSITE CORPORATION DBA RSCHOOLTODAY-VNN,0.0,53005.0,07/01/2025,06/30/2026,,NO_DOC_URL,AUTHORIZE THE SECOND (FINAL) RENEWAL AGREEMENT WITH DISTRIBUTED WEBSITE CORPORATION DBA RSCHOOLTODAY-VNN FOR SPORTS DATABASE SERVICES
2026,25-0710-MISC03,25-0710-MISC03-1,Board of Trustees of Community College District No 508 dba City Colleges of Chicago,0.0,0.0,03/31/2025,06/30/2026,,NO_DOC_URL,"EXTENSION #1THE DEMOCRATIZING OUR DATA CHALLENGERESEARCH SERVICES AND DATA SHARING AGREEMENT(City Colleges of Chicago, the University of Chicago through its Inclusive Economy Lab,and the Coleridge Initiative)"
2026,25-0708-MISC02,25-0708-MISC02-1,SPECIAL CHILDREN'S CHARITIES,0.0,0.0,07/01/2023,06/30/2026,04/07/2025,NO_DOC_URL,"RENEWAL #1, #2 and #3TO THE NO COST SPECIAL CHILDREN'S CHARITIES SERVICES AGREEMENT(Art and Music Therapy)(Special Children's Charities)"
2026,25-0708-MISC01,25-0708-MISC01-1,Academy for Global Citizenship,0.0,0.0,09/01/2021,08/31/2026,,NO_DOC_URL,MEMORANDUM OF UNDERSTANDINGFor Purposes of a U.S. Department of EducationNotice for Applications for New AwardsPromise Neighborhoods Grant Program
2026,25-0701-PRDA02,25-0701-PRDA02-1,LA TIA COLLINS,0.0,65000.0,07/01/2025,06/30/2026,03/27/2025,NO_DOC_URL,AUTHORIZE THE FIRST RENEWAL AGREEMENT WITH LA TIA COLLINS FOR CHICAGO EARLY LEARNING (CEL) PROJECT COORDINATOR/CONSULTANT SERVICES
2026,25-0701-PRDA01,25-0701-PRDA01-1,ELECTRICAL JOINT APPRENTICESHIP AND TRAINING TRUST,0.0,320000.0,08/01/2025,07/31/2026,08/21/2025,NO_DOC_URL,AUTHORIZE A NEW AGREEMENT WITH ELECTRICAL JOINT APPRENTICESHIP AND TRAINING TRUST TO PROVIDE EDUCATIONAL SERVICES
2025,25-0626-PR9,25-0626-PR9-1,JOHNSON CONTROLS FIRE PROTECTION LP,1020000.0,1020000.0,10/01/2025,09/30/2026,08/05/2025,11880 Facility Opers & Maint - City Wide;11880 Facility Opers & Maint - City Wide,AUTHORIZE THE THIRD (FINAL) RENEWAL AGREEMENT WITH JOHNSON CONTROLS FIRE PROTECTION LP FOR FIRE SUPPRESSION SYSTEM MAINTENANCE AND REPAIR SERVICES
2025,25-0626-PR8,25-0626-PR8-1,JOHNSON CONTROLS FIRE PROTECTION LP,900000.0,900000.0,10/01/2025,09/30/2026,08/05/2025,11880 Facility Opers & Maint - City Wide;11880 Facility Opers & Maint - City Wide,AUTHORIZE THE THIRD (FINAL) RENEWAL AGREEMENT WITH JOHNSON CONTROLS FIRE PROTECTION LP FOR FIRE SUPPRESSION ANSUL AND EXHAUST SYSTEM MAINTENANCE AND REPAIR SERVICES
2025,25-0626-PR7,25-0626-PR7-1,CHICAGO FIRE PROTECTION LLC,2168750.0,2168750.0,10/01/2025,09/30/2026,08/05/2025,11880 Facility Opers & Maint - City Wide;11880 Facility Opers & Maint - City Wide,AUTHORIZE THE THIRD (FINAL) RENEWAL AGREEMENT WITH CHICAGO FIRE PROTECTION LLC FOR FIRE ALARM SYSTEM MAINTENANCE AND REPAIR SERVICES
2025,25-0626-PR5,25-0626-PR5-1,"ORACLE AMERICA, INC.",4700000.0,4700000.0,07/01/2025,06/30/2026,07/17/2025,12510 Information & Technology Services,"AUTHORIZE THE ANNUAL RENEWAL AGREEMENT WITH ORACLE AMERICA, INC FOR LICENSING AND SUPPORT FOR ORACLE ENTERPRISE FINANCIAL SYSTEMS"
2025,25-0626-PR3,25-0626-PR3-1,"ARBITERSPORTS, LLC",2000000.0,2000000.0,08/01/2025,07/31/2026,02/09/2026,13737 Sports Administration and Facilities Management - City Wide,"AUTHORIZE THE FIRST (FINAL) RENEWAL AGREEMENT WITH ARBITERSPORTS, LLC FOR ONLINE PAYMENT SERVICES"
2025,25-0626-PR1,25-0626-PR1-1,"YOUTH ADVOCATE PROGRAMS, INC.",10100000.0,10100000.0,07/01/2025,06/30/2026,09/12/2025,10870 College and Career Success Office,"AUTHORIZE THE FIRST RENEWAL AGREEMENT WITH YOUTH ADVOCATE PROGRAMS, INC. FOR YOUTH THERAPY SERVICES"
2025,25-0626-OP3,25-0626-OP3-1,BOYS & GIRLS CLUBS OF CHICAGO,575000.0,575000.0,,06/30/2026,,NO_USER_UNIT,AUTHORIZATION TO ACQUIRE PROPERTY FOR THE CONSTRUCTION OF A GYMNASIUM ANNEX FOR JOHN T. McCUTCHEON STEAM ELEMENTARY SCHOOL
2025,25-0626-OP2,25-0626-OP2-1,CITY OF CHICAGO,1.0,1.0,,07/31/2026,,NO_USER_UNIT,AUTHORIZATION TO ACCEPT TITLE AND POSSESSION OF 3101 W. BRYN MAWR AVE. AND 3024 W. FOSTER AVE. FROM THE CITY OF CHICAGO FOR ATHLETIC FIELDS AND ADDITIONAL OPEN SPACE AT THE NORTHSIDE COLLEGE PREP HIGH SCHOOL
2025,25-0626-OP1,25-0626-OP1-1,"HIGHLAND AVONDALE PROPERTIES, LLC",818580.0,818580.28,08/31/2025,08/31/2027,07/17/2025,NO_USER_UNIT,AUTHORIZE THE FOURTH RENEWAL OF THE LEASE AGREEMENT WITH HIGHLAND AVONDALE PROPERTIES LLC FOR THE USE OF OFFICE SPACE AT 6323 NORTH AVONDALE AVENUE
2025,25-0626-EX2,25-0626-EX2-1,Youth Connection Charter School (YCCS),0.0,0.0,07/01/2025,06/30/2029,,NO_USER_UNIT,AMEND BOARD REPORT 25-0320-EX6 AUTHORIZE RENEWAL OF THE YOUTH CONNECTION CHARTER SCHOOL AGREEMENT WITH CONDITIONS
2025,25-0625-PRDA06,25-0625-PRDA06-1,"ENERWISE GLOBAL TECHNOLOGIES, LLC dba CPOWER",0.0,0.0,04/18/2025,05/31/2026,,NO_DOC_URL,"AUTHORIZE A NEW AGREEMENT WITH ENERWISE GLOBAL TECHNOLOGIES, LLC DBA CPOWER FOR ENERGY DEMAND RESPONSE SERVICES"
2025,25-0618-PRDA05,25-0618-PRDA05-1,CARAHSOFT TECHNOLOGY CORPORATION,0.0,499977.63,10/26/2025,10/25/2026,,NO_DOC_URL,AUTHORIZE A NEW SOFTWARE LICENSE AGREEMENT WITH CARAHSOFT TECHNOLOGY CORP FOR THE LICENSING OF SALESFORCE
2025,25-0613-PRDA04,25-0613-PRDA04-1,"WILLIAM K. RICE, JR. DBA RICE CONSULTING",0.0,66000.0,07/01/2025,06/30/2026,08/21/2025,NO_DOC_URL,AUTHORIZE THE FIRST RENEWAL AGREEMENT WITH WILLIAM K RICE JR DBA RICE CONSULTING FOR LOCAL SCHOOL COUNCIL RELATIONS
2025,25-0613-PRDA03,25-0613-PRDA03-1,"Probility Examination Services, LLC",0.0,140000.0,07/01/2025,06/30/2026,11/17/2025,NO_DOC_URL,"AUTHORIZE THE FIRST RENEWAL AGREEMENT WITH PROBILITY EXAMINATION SERVICES, LLC FOR MEDICAL SECOND OPINION SERVICES"
2025,25-0610-PRDA02,25-0610-PRDA02-1,AMERICAN INSTITUTES FOR RESEARCH IN THE BEHAVIORAL SCIENCES DBA AMERICAN INSTITUTES FOR RESEARCH,0.0,189872.0,06/01/2025,08/31/2027,12/08/2025,NO_DOC_URL,AUTHORIZE A NEW AGREEMENT WITH AMERICAN INSTITUTES FOR RESEARCH IN THE BEHAVIORAL SCIENCES FOR EXTERNAL EVALUATION SERVICES FOR SUSTAINABLE COMMUNITY SCHOOLS
2025,25-0610-PRDA01,25-0610-PRDA01-1,"NCS PEARSON, INC.",0.0,350000.0,07/01/2025,06/30/2028,07/11/2025,NO_DOC_URL,"AUTHORIZE A NEW AGREEMENT WITH NCS PEARSON, INC. DBA CERTIPORT, A BUSINESS OF NCS PEARSON, INC. FOR DEVELOPMENTAL SCREENING TOOL"
2025,25-0610-MISC03,25-0610-MISC03-1,"HAZEL HEALTH, INC.",0.0,0.0,09/30/2024,12/31/2025,01/03/2025,NO_DOC_URL,"SERVICES AGREEMENT(Hazel Health, Inc.)"
2025,25-0604-MISC02,25-0604-MISC02-1,"HAZEL HEALTH, INC.",0.0,0.0,01/01/2026,12/31/2027,03/18/2025,NO_DOC_URL,"AMENDMENT #1TO THE SERVICES AGREEMENTProject Name: Telehealth Services(Hazel Health, Inc.)"
2025,25-0604-MISC01,25-0604-MISC01-1,"VISTA HIGHER LEARNING, INC.",0.0,0.0,09/01/2025,08/31/2028,03/27/2025,NO_DOC_URL,"RENEWAL #1, 2, and 3TO THE SERVICES AGREEMENTPk-12 Spanish Language Arts Curriculum Services(Vista Higher Learning, Inc.)"
2025,25-0530-MISC02,25-0530-MISC02-1,Lefkofsky Family Foundation,0.0,0.0,07/01/2023,06/30/2026,03/13/2025,NO_DOC_URL,SERVICES AGREEMENT(Lefkofsky Family Foundation)
2025,25-0530-MISC01,25-0530-MISC01-1,SHI INTERNATIONAL CORP.,0.0,0.0,03/01/2025,11/30/2026,,NO_DOC_URL,WORKFORCE SOFTWARE INDIRECT SAAS AGREEMENT
2025,25-0529-PR7,25-0529-PR7-1,"CDW GOVERNMENT LLC dba CDW Government LLC, CDW Government",40000000.0,40000000.0,07/01/2023,06/30/2026,,12510 Information & Technology Services;11880 Facility Opers & Maint - City Wide,"AMEND BOARD REPORT 23-0426-PR18AUTHORIZE A NEW AGREEMENT WITH CDW GOVERNMENT LLC FOR BUILDING AUTOMATION SYSTEM (BAS) INSTALLATION, MAINTENANCE, REPAIR, AND RESOURCES"
2025,25-0529-PR5,25-0529-PR5-1,National Louis University,1696606.16,1696606.16,07/01/2025,06/30/2026,09/29/2025,11360 Early Childhood Development,AUTHORIZE A NEW AGREEMENT WITH NATIONAL LOUIS UNIVERSITY FOR CLASS OBSERVATIONS FOR PRE-K CLASSROOM SERVICES
2025,25-0529-PR4,25-0529-PR4-1,"TEACHING STRATEGIES, LLC",3500000.0,3500000.0,08/01/2025,07/31/2027,07/23/2025,11360 Early Childhood Development,"AUTHORIZE THE FIRST AND SECOND (FINAL) RENEWAL AGREEMENTS WITH UTJ HOLDCO, INC. DBA TEACHING STRATEGIES, LLC. FOR EARLY CHILDHOOD CURRICULUM AND ASSESSMENT SERVICES"
2025,25-0529-PR10,25-0529-PR10-1,"CURRICULUM ASSOCIATES, LLC",2250000.0,2250000.0,07/01/2025,06/30/2027,06/30/2025,11210 Student Assessment and MTSS,"AUTHORIZE THE FIRST RENEWAL AGREEMENT WITH CURRICULUM ASSOCIATES, LLC FOR K-2 READING AND MATHEMATIC ASSESSMENT SERVICES"
2025,25-0529-FN1,25-0529-FN1-1,MESIROW INSURANCE SERVICES INC.,0.0,18000000.0,07/01/2025,06/30/2026,,NO_USER_UNIT,"AUTHORIZE PLACEMENT OF THE BOARD¿S FY 2026 EXCESS LIABILITY, PROPERTY AND SPECIALTY INSURANCE PROGRAMS WITH VARIOUS INSURANCE COMPANIES THROUGH MESIROW INSURANCE SERVICES, INC."
2025,25-0522-PRDA16,25-0522-PRDA16-1,ADVANCE SECURITY RESOURCES LLC,0.0,97000.0,06/01/2025,05/31/2027,11/12/2025,NO_DOC_URL,AUTHORIZE A NEW AGREEMENT WITH ADVANCE SECURITY RESOURCES LLC FOR X-RAY MAINTENANCE SERVICES
2025,25-0522-PRDA15,25-0522-PRDA15-1,"CBRE, INC.",0.0,0.0,09/01/2025,08/31/2026,08/28/2025,NO_DOC_URL,"AUTHORIZE A NEW AGREEMENT WITH CBRE, INC. FOR REAL ESTATE BROKERAGE SERVICES"
2025,25-0515-PRDA14,25-0515-PRDA14-1,"SANDRA L STOREY DBA SLS METRICS, LLC",0.0,110000.0,07/01/2025,06/30/2026,05/27/2025,NO_DOC_URL,"AUTHORIZE SECOND (FINAL) RENEWAL AGREEMENT WITH SANDRA L STOREY DBA SLS METRICS, LLC FOR ADDITIONAL SUPPORT IN THE CREATION OF SCHOOL ACCOUNTABILITY METRICS AND REPORTING"
2025,25-0515-PRDA13,25-0515-PRDA13-2,"HATFIELD POST/PRODUCTION, INC.",0.0,50000.0,05/15/2025,05/14/2026,,NO_DOC_URL,"AUTHORIZE A NEW AGREEMENT WITH HATFIELD POST/PRODUCTION, INC. FOR PROMOTIONAL VIDEO FOR MULTILINGUAL PATHWAYS PRIORITY"
2025,25-0514-PRDA12,25-0514-PRDA12-1,"OMICRON TECHNOLOGY SOLUTIONS, LLC",0.0,450000.0,07/01/2025,06/30/2027,08/15/2025,NO_DOC_URL,"AUTHORIZE THE FIRST AND SECOND (FINAL) RENEWAL AGREEMENT WITH BIOMEDICAL RESEARCH FOUNDATION OF NORTHWEST LOUISIANA DBA OMICRON TO ORIGINATE, DISTRIBUTE AND TRACK CPS VENTRA CARDS AND LIMITED USE TICKETS (LUT) SERVICES"
2025,25-0514-PRDA11,25-0514-PRDA11-1,CITY OF CHICAGO,0.0,348952.19,11/01/2024,10/31/2027,06/13/2025,NO_DOC_URL,AUTHORIZE THE FIRST (FINAL) RENEWAL AGREEMENT WITH THE CITY OF CHICAGO DEPARTMENT OF FLEET AND FACILITY MANAGEMENT FOR THE PURCHASE OF FUEL AND ANCILLARY LIQUIDS
2025,25-0514-PRDA10,25-0514-PRDA10-1,KTECH PRODUCTS LLC,0.0,90000.0,07/14/2025,07/13/2026,02/03/2026,NO_DOC_URL,AUTHORIZE A NEW AGREEMENT WITH KTECH PRODUCTS LLC FOR AUTOMATION AND ANM RPA PROJECT SERVICES
2025,25-0509-PRDA09,25-0509-PRDA09-1,"SANDRA L STOREY DBA SLS METRICS, LLC",0.0,110000.0,07/01/2024,06/30/2025,06/03/2024,NO_DOC_URL,"AMEND 24-0513-PRDA10AUTHORIZE THE FIRST AND SECOND (FINAL) RENEWAL AGREEMENT WITH SANDRA L STOREY DBA SLS METRICS, LLC FOR ADDITIONAL SUPPORT IN THE CREATION OF SCHOOL ACCOUNTABILITY METRICS AND REPORTING"
2025,25-0509-PRDA08,25-0509-PRDA08-1,AMERICAN INSTITUTES FOR RESEARCH IN THE BEHAVIORAL SCIENCES DBA AMERICAN INSTITUTES FOR RESEARCH,0.0,200733.0,03/01/2025,02/29/2028,,NO_DOC_URL,AUTHORIZE A NEW AGREEMENT WITH AMERICAN INSTITUTES FOR RESEARCH IN THE BEHAVIORAL SCIENCES TO CONDUCT EVALUATIONS OF MAGNET SCHOOLS ASSISTANCE PROGRAM (MSAP) GRANT SERVICES
2025,25-0509-PRDA07,25-0509-PRDA07-1,K KELLY INC DBA EMERALD RESTAURANT SERVICE,0.0,118800.0,04/01/2025,03/31/2026,05/12/2025,NO_DOC_URL,AUTHORIZE THE FIRST RENEWAL AGREEMENT WITH K KELLY INC DBA EMERALD RESTAURANT SERVICE FOR CTE KITCHEN CLEANING SERVICES
2025,25-0508-PRDA05,25-0508-PRDA05-1,"AUDITBOARD, INC.",0.0,127700.0,03/06/2025,03/05/2026,05/08/2025,NO_DOC_URL,"AMEND BOARD REPORT 25-0317-PRDA09AMEND BOARD REPORT 25-0110-PRDA04AUTHORIZE A NEW AGREEMENT WITH AUDITBOARD, INC. FOR THE PURCHASE OF INTERNAL AUDIT SOFTWARE"
2025,25-0508-PRDA04,25-0508-PRDA04-1,ELECTRICAL JOINT APPRENTICESHIP AND TRAINING TRUST,0.0,165000.0,08/01/2024,07/31/2025,,NO_DOC_URL,AUTHORIZE THE THIRD (FINAL) RENEWAL AGREEMENT WITH ELECTRICAL JOINT APPRENTICESHIP AND TRAINING TRUST TO PROVIDE EDUCATIONAL SERVICES
2025,25-0502-PRDA03,25-0502-PRDA03-2,"CONVERGENCE DESIGN LAB, LLC",111750.0,111750.0,12/01/2023,11/30/2025,06/05/2025,NO_DOC_URL,"AMEND 23-1006-CPOR-8065AUTHORIZE THE FIRST (FINAL) RENEWAL AGREEMENT WITH MELINDA FABER DBA CONVERGENCE DESIGN LAB, LLC FOR ACCOUNTABILITY REDESIGN LEARNING DEMANDS"
2025,25-0502-PRDA02,25-0502-PRDA02-1,"COM2 COMPUTERS AND TECHNOLOGIES, LLC",0.0,0.0,04/20/2024,04/19/2026,08/19/2025,NO_DOC_URL,"AUTHORIZE THE FIRST AND SECOND (FINAL) RENEWAL AGREEMENT WITH COM2 COMPUTERS AND TECHNOLOGIES, LLC FOR INFORMATION TECHNOLOGY ASSET DISPOSITION AND RELATED SERVICES"
2025,25-0502-PRDA01,25-0502-PRDA01-1,"A MOON JUMP 4U, INC. DBA AMJ SPECTACULAR EVENTS",0.0,125000.0,04/01/2025,03/31/2026,05/30/2025,NO_DOC_URL,"AUTHORIZE A NEW AGREEMENT WITH A MOON JUMP 4U, INC. FOR RENTAL EQUIPMENT AND RELATED SERVICES FOR SCHOOL BASED EVENTS"
2025,25-0429-PRDA11,25-0429-PRDA11-1,SONOVA USA INC.,0.0,250000.0,08/01/2025,07/31/2026,08/30/2025,NO_DOC_URL,AUTHORIZE THE SECOND (FINAL) RENEWAL AGREEMENT WITH SONOVA USA INC. FOR HEARING ASSISTIVE TECHNOLOGY AND FREQUENCY MODULATION DEVICES
2025,25-0429-PRDA10,25-0429-PRDA10-2,"BELLWETHER EDUCATION PARTNERS, INC.",0.0,345150.0,09/01/2024,08/31/2025,05/13/2025,NO_DOC_URL,"AUTHORIZE A NEW AGREEMENT WITH BELLWETHER EDUCATION PARTNERS, INC. FOR PROFESSIONAL/STAKEHOLDER LEARNING DEMANDS SERVICES"
2025,25-0429-PRDA09,25-0429-PRDA09-1,COMPASS GROUP USA,0.0,0.0,07/01/2025,06/30/2028,09/04/2025,NO_DOC_URL,"AUTHORIZE A NEW AGREEMENT WITH COMPASS GROUP USA, INC FOR BEVERAGE AND SNACK VENDING SERVICES"
2025,25-0429-PRDA08,25-0429-PRDA08-1,"OMICRON TECHNOLOGY SOLUTIONS, LLC",0.0,212810.5,10/14/2024,10/13/2025,,NO_DOC_URL,AUTHORIZE THE SECOND (FINAL) RENEWAL AGREEMENT WITH BIOMEDICAL RESEARCH FOUNDATION OF NORTHWEST LOUISIANA DBA OMICRON FOR VISITOR MANAGEMENT SYSTEM SERVICES
2025,25-0424-PR5,25-0424-PR5-1,"SENTINEL TECHNOLOGIES, INC.",3140653.0,3140653.0,05/01/2025,04/30/2026,08/05/2025,12510 Information & Technology Services,"AUTHORIZE A NEW AGREEMENT WITH SENTINEL TECHNOLOGIES, INC. FOR FIREWALL LICENSING, MAINTENANCE, AND SUPPORT SERVICES"
2025,25-0424-PR2,25-0424-PR2-1,"RENAISSANCE LEARNING, INC.",3373218.68,3373218.68,06/01/2025,05/31/2028,06/30/2025,11210 Student Assessment and MTSS,"AUTHORIZE A NEW AGREEMENT WITH RENAISSANCE LEARNING, INC. FOR STUDENT ASSESSMENT PLATFORM SERVICES"
2025,25-0424-OP8,25-0424-OP8-1,,0.0,7.0,07/01/2021,06/30/2028,,NO_USER_UNIT,"AMEND BOARD REPORT 24-0125-OP7 RATIFY APPROVE RENEWAL LEASE AGREEMENT WITH L.E.A.R.N. CHARTER SCHOOL FOR A PORTION OF THE JAMES THORP ELEMENTARY SCHOOL BUILDING, 8914 SOUTH BUFFALO AVENU"
2025,25-0424-OP7,25-0424-OP7-1,,0.0,4.0,07/01/2025,06/30/2029,,NO_USER_UNIT,AMEND BOARD REPORT 17-1206-OP4 AMEND BOARD REPORT 01-0725-OP3 APPROVE ENTERING INTO A LEASE AGREEMENT WITH THE NORTH LAWNDALE COLLEGE PREPARATORY CHARTER HIGH SCHOOL FOR USE OF SPACE AT THE GEORGE HOWLAND SCHOOL OF THE ARTS LOCATED AT 1616 SOUTH SPAULDING AVENUE
2025,25-0424-OP6,25-0424-OP6-1,,0.0,5.0,07/01/2022,06/30/2027,,NO_USER_UNIT,"RATIFY RENEWAL LEASE AGREEMENT WITH URBAN PREP ACADEMIES FOR THE FORMER ENGLEWOOD HIGH SCHOOL BUILDING, 6201 S. STEWART AVENUE"
2025,25-0424-OP5,25-0424-OP5-1,,0.0,4.0,07/01/2023,06/30/2027,,NO_USER_UNIT,"RATIFY RENEWAL LEASE AGREEMENT WITH URBAN PREP ACADEMIES FOR THE FORMER DOOLITTLE WEST SCHOOL BUILDING, 521 E. 35th STREET"
2025,25-0424-OP4,25-0424-OP4-1,,0.0,2.0,07/01/2025,06/30/2027,,NO_USER_UNIT,"APPROVE RENEWAL LEASE AGREEMENT WITH PROVIDENCE ENGLEWOOD SCHOOL CORPORATION FOR THE FORMER BUNCHE SCHOOL BUILDING, 6515 S. ASHLAND AVENUE"
2025,25-0424-OP3,25-0424-OP3-1,,0.0,4.0,07/01/2025,06/30/2029,,NO_USER_UNIT,"APPROVE RENEWAL LEASE AGREEMENT WITH PERSPECTIVES CHARTER SCHOOL FOR THE FORMER RAYMOND SCHOOL BUILDING, 3663 SOUTH WABASH AVENUE"
2025,25-0424-OP2,25-0424-OP2-1,,0.0,2.0,07/01/2025,06/30/2027,,NO_USER_UNIT,"APPROVE RENEWAL LEASE AGREEMENT WITH NORTHWESTERN UNIVERSITY SETTLEMENT ASSOCIATION FOR THE MAIN LOZANO SCHOOL BUILDING, 1424 N. CLEAVER STREET"
2025,25-0424-OP1,25-0424-OP1-1,,0.0,2.0,07/01/2025,06/30/2027,,NO_USER_UNIT,"APPROVE RENEWAL LEASE AGREEMENT WITH EPIC ACADEMY INC. FOR THE FORMER SOUTH CHICAGO SCHOOL BUILDING, 8255 S. HOUSTON AVENUE"
2025,25-0424-MISC23,25-0424-MISC23-1,CHICAGO PARK DISTRICT,0.0,0.0,08/01/2022,07/31/2025,07/07/2025,NO_DOC_URL,STAFFING AGREEMENT(Chicago Park District)
2025,25-0424-EX9,25-0424-EX9-1,,0.0,0.0,07/01/2025,06/30/2029,,NO_USER_UNIT,AUTHORIZE RENEWAL OF THE HORIZON SCIENCE ACADEMY SOUTHWEST CHICAGO CHARTER SCHOOL AGREEMENT WITH CONDITIONS
2025,25-0424-EX8,25-0424-EX8-1,,0.0,0.0,06/01/2025,06/30/2027,,NO_USER_UNIT,AUTHORIZE RENEWAL OF THE ERIE ELEMENTARY CHARTER SCHOOL AGREEMENT WITH CONDITIONS
2025,25-0424-EX7,25-0424-EX7-1,,0.0,0.0,07/01/2025,06/30/2027,,NO_USER_UNIT,AUTHORIZE RENEWAL OF THE EPIC ACADEMY CHARTER HIGH SCHOOL AGREEMENT WITH CONDITIONS
2025,25-0424-EX6,25-0424-EX6-1,,0.0,0.0,07/01/2025,06/30/2028,,NO_USER_UNIT,AUTHORIZE THE RENEWAL OF THE CATALYST MARIA CHARTER SCHOOL AGREEMENT WITH CONDITIONS
2025,25-0424-EX5,25-0424-EX5-1,,0.0,0.0,07/01/2025,06/30/2029,,NO_USER_UNIT,AUTHORIZE RENEWAL OF THE CATALYST ELEMENTARY CHARTER SCHOOL - CIRCLE ROCK AGREEMENT WITH CONDITIONS
2025,25-0424-EX4,25-0424-EX4-1,ASPIRA INC. OF ILLINOIS,0.0,0.0,07/01/2025,06/30/2027,,NO_USER_UNIT,AUTHORIZE RENEWAL OF THE ASPIRA CHARTER SCHOOL AGREEMENT WITH CONDITIONS
2025,25-0424-EX3,25-0424-EX3-1,"ASIAN HUMAN SERVICES, INC.",0.0,0.0,07/01/2025,06/30/2027,,NO_USER_UNIT,AUTHORIZE RENEWAL OF THE PASSAGES CHARTER SCHOOL AGREEMENT WITH CONDITIONS
2025,25-0424-EX2,25-0424-EX2-1,,0.0,0.0,06/01/2025,06/30/2027,,NO_USER_UNIT,AUTHORIZE RENEWAL OF THE ALAIN LOCKE CHARTER SCHOOL AGREEMENT WITH CONDITIONS
2025,25-0424-EX17,25-0424-EX17-1,,0.0,0.0,07/01/2025,06/30/2027,,NO_USER_UNIT,AUTHORIZE RENEWAL OF URBAN PREP CHARTER ACADEMY FOR YOUNG MEN HIGH SCHOOL ENGLEWOOD CAMPUS AGREEMENT WITH CONDITIONS
2025,25-0424-EX16,25-0424-EX16-1,,0.0,0.0,07/01/2025,06/30/2027,,NO_USER_UNIT,AUTHORIZE RENEWAL OF URBAN PREP CHARTER ACADEMY FOR YOUNG MEN HIGH SCHOOL BRONZEVILLE CAMPUS AGREEMENT WITH CONDITIONS
2025,25-0424-EX15,25-0424-EX15-1,,0.0,0.0,07/01/2025,06/30/2027,,NO_USER_UNIT,AUTHORIZE RENEWAL OF THE ROWE ELEMENTARY CHARTER SCHOOL AGREEMENT WITH CONDITIONS
2025,25-0424-EX14,25-0424-EX14-1,,0.0,0.0,06/01/2025,06/30/2027,,NO_USER_UNIT,AUTHORIZE RENEWAL OF THE PROVIDENCE ENGLEWOOD CHARTER SCHOOL AGREEMENT WITH CONDITIONS
2025,25-0424-EX13,25-0424-EX13-1,,0.0,0.0,07/01/2025,06/30/2029,,NO_USER_UNIT,AUTHORIZE THE RENEWAL OF THE PERSPECTIVES CHARTER SCHOOL AGREEMENT WITH CONDITIONS
2025,25-0424-EX12,25-0424-EX12-1,,0.0,0.0,07/01/2025,06/30/2029,,NO_USER_UNIT,AUTHORIZE RENEWAL OF THE NORTH LAWNDALE COLLEGE PREPARATORY CHARTER HIGH SCHOOL AGREEMENT WITH CONDITIONS
2025,25-0424-EX11,25-0424-EX11-1,,0.0,0.0,07/01/2025,06/30/2027,09/12/2025,NO_USER_UNIT,AUTHORIZE RENEWAL OF MOVING EVEREST CHARTER SCHOOL AGREEMENT WITH CONDITIONS
2025,25-0424-EX10,25-0424-EX10-1,,0.0,0.0,07/01/2025,06/30/2028,,NO_USER_UNIT,AUTHORIZE RENEWAL OF THE INSTITUTO HEALTH SCIENCES CAREER ACADEMY CHARTER HIGH SCHOOL AGREEMENT WITH CONDITIONS
2025,25-0423-MISC22,25-0423-MISC22-1,ERIKSON INSTITUTE,0.0,0.0,09/13/2024,06/30/2027,01/27/2025,NO_DOC_URL,MEMORANDUM OF UNDERSTANDINGBETWEEN THE BOARD OF EDUCATION OF THE CITY OF CHICAGOAND ERIKSON INSTITUTE
2025,25-0423-MISC21,25-0423-MISC21-1,BIG BROTHERS BIG SISTERS OF METROPOLITAN CHICAGO DBA BIG BROTHERS BIG SISTERS OF METRO CHICAGO,0.0,0.0,01/01/2025,12/31/2029,12/17/2024,NO_DOC_URL,MEMORANDUM OF UNDERSTANDINGBETWEEN THE BOARD OF EDUCATION OF THE CITY OF CHICAGOAND BIG BROTHERS-BIG SISTERS OF METROPOLITAN CHICAGO
2025,25-0423-MISC20,25-0423-MISC20-1,Massachusetts Institute of Technology,0.0,0.0,02/01/2025,01/31/2028,02/11/2025,NO_DOC_URL,NO-COST RESEARCH SERVICES AGREEMENT(Massachusetts Institute of Technology)
2025,25-0422-MISC19,25-0422-MISC19-1,THE UNIVERSITY OF CHICAGO,0.0,0.0,07/01/2024,06/30/2025,07/25/2024,NO_DOC_URL,AGREEMENT EXERCISING THE THIRD OPTIONTO RENEW THE RESEARCH SERVICES AGREEMENT(Chapin Hall Center for Children DBA Chapin Hall at the University of Chicago)
2025,25-0422-MISC18,25-0422-MISC18-1,RUSH UNIVERSITY MEDICAL CENTER,0.0,0.0,01/01/2024,06/30/2027,01/19/2024,NO_DOC_URL,CHICAGO PUBLIC SCHOOLSNURSING CLINCAL AFFILIATION AGREEMENT(Rush University Medical Center)
2025,25-0422-MISC17,25-0422-MISC17-1,CITY OF CHICAGO,0.0,0.0,08/01/2024,07/31/2025,12/20/2024,NO_DOC_URL,INTERGOVERNOMENTAL AGREEMENT BETWEEN THE BOARD OF EDUCATION OF THE CITY OF CHICAGOAND THE CITY OF CHICAGO THROUGH ITSDEPARTMENT OF PUBLIC HEALTH
2025,25-0422-MISC16,25-0422-MISC16-1,"TEACHERS COLLEGE, COLUMBIA UNIVERSITY",0.0,0.0,05/01/2024,12/31/2026,01/05/2025,NO_DOC_URL,"NO-COST SERVICES AND DATA SHARING AGREEMENT(TEACHERS COLLEGE, COLUMBIA UNIVERSITY)"
2025,25-0417-PRDA07,25-0417-PRDA07-1,"R.V. KUHNS & ASSOCIATES, INC. DBA RVK, INC.",0.0,125000.0,01/01/2026,12/31/2026,12/03/2025,NO_DOC_URL,"AUTHORIZE THE FIRST RENEWAL AGREEMENT WITH R.V. KUHNS &amp; ASSOCIATES, INC. FOR RETIREMENT PLANS CONSULTING SERVICES"
2025,25-0417-PRDA06,25-0417-PRDA06-1,FRANCZEK P.C.,0.0,75000.0,07/01/2025,06/30/2026,07/08/2025,NO_DOC_URL,AUTHORIZE THE FIRST RENEWAL AGREEMENT WITH FRANCZEK P.C. FOR EXTERNAL TITLE IX INVESTIGATION &amp; APPELLATE DECISION MAKER SERVICES
2025,25-0417-MISC15,25-0417-MISC15-1,RUSH UNIVERSITY MEDICAL CENTER,0.0,0.0,01/09/2024,06/30/2027,01/16/2024,NO_DOC_URL,CHICAGO PUBLIC SCHOOLSCLINICAL INTERNSHIP AGREEMENT(Rush University Medical Center)
2025,25-0415-PRDA05,25-0415-PRDA05-1,DISTRIBUTED WEBSITE CORPORATION DBA RSCHOOLTODAY-VNN,0.0,50000.0,07/01/2024,06/30/2025,04/15/2025,NO_DOC_URL,AUTHORIZE THE FIRST RENEWAL AGREEMENT WITH DISTRIBUTED WEBSITE CORPORATION DBA RSCHOOLTODAY FOR SPORTS DATABASE SERVICES
2025,25-0415-PRDA04,25-0415-PRDA04-1,THE NATIONAL CENTER FOR THE IMPROVEMENT OF EDUCATIONAL ASSESSMENT INC,0.0,116466.0,02/01/2025,09/30/2026,03/11/2025,NO_DOC_URL,AUTHORIZE A NEW AGREEMENT WITH THE NATIONAL CENTER FOR THE IMPROVEMENT OF EDUCATIONAL ASSESSMENT INC FOR DEVELOPMENT OF NEW CHARTER SCHOOL ACCOUNTABILITY POLICY SERVICES
2025,25-0415-PRDA03,25-0415-PRDA03-1,TOBII DYNAVOX LLC,0.0,225000.0,05/15/2025,05/14/2026,05/30/2025,NO_DOC_URL,AUTHORIZE THE SECOND (FINAL) RENEWAL AGREEMENT WITH TOBII DYNAVOX LLC FOR AUGMENTATIVE AND ALTERNATIVE COMMUNICATION SUPPORTS FOR STUDENTS
2025,25-0415-PRDA02,25-0415-PRDA02-1,"EUNA SOLUTIONS, INC.",0.0,316362.94,04/03/2025,03/31/2027,05/13/2025,NO_DOC_URL,"AUTHORIZE A NEW SOFTWARE LICENSE AGREEMENT WITH EUNA SOLUTIONS, INC FOR PROCUREMENT SOFTWARE SERVICES"
2025,25-0415-MISC14,25-0415-MISC14-1,PULLMAN COMMUNITY CENTER DEVELOPMENT CORPORATION,0.0,7800.0,06/02/2025,06/03/2025,10/11/2024,NO_DOC_URL,Lindblom Math and Science Academy Graduation
2025,25-0415-MISC13,25-0415-MISC13-1,PULLMAN COMMUNITY CENTER DEVELOPMENT CORPORATION,0.0,7700.0,06/06/2025,06/07/2025,10/30/2024,NO_DOC_URL,George Washington High SchoolGraduation
2025,25-0409-MISC12,25-0409-MISC12-1,YOUNG MEN'S CHRISTIAN ASSOCIATION OF CHICAGO DBA YMCA OF METROPOLITAN CHICAGO,0.0,3150.0,05/23/2025,05/24/2025,12/16/2024,NO_DOC_URL,GROUP USER AGREEMENTYMCA Camp Duncan
2025,25-0409-MISC11,25-0409-MISC11-1,NORTHEASTERN ILLINOIS UNIVERSITY,0.0,14250.0,05/19/2025,05/23/2025,10/15/2024,NO_DOC_URL,MASTER RIDERATTACHED TO AND MADE PART OF THE CONTRACTBETWEENNORTHEASTERN ILLINOIS UNIVERSITY (&quot;Licensor&quot; or &quot;Facility&quot;)ANDBOARD OF EDUCATION OF THE CITY OF CHICAGO (&quot;Board&quot; or &quot;Licensee&quot;)
2025,25-0409-MISC10,25-0409-MISC10-1,YOUNG MEN'S CHRISTIAN ASSOCIATION OF CHICAGO DBA YMCA OF METROPOLITAN CHICAGO,0.0,2923.0,05/07/2025,05/08/2025,11/20/2024,NO_DOC_URL,GROUP USER AGREEMENTYMCA Camp Duncan
2025,25-0409-MISC09,25-0409-MISC09-1,"INDIANA DUNES ENVIRONMENTAL LEARNING CENTER, INC DBA DUNES LEARNING CENTER",0.0,6509.0,05/05/2025,05/06/2025,12/05/2024,NO_DOC_URL,RIDER ATTACHED TO AND MADE PART OF THE CONTRACTBETWEENDUNES LEARNING CENTER (&quot;Licensor&quot; or &quot;Facility&quot;)ANDBOARD OF EDUCATION OF THE CITY OF CHICAGO (&quot;Board&quot; or &quot;Licensee&quot;)
2025,25-0409-MISC08,25-0409-MISC08-1,YOUNG MEN'S CHRISTIAN ASSOCIATION OF CHICAGO DBA YMCA OF METROPOLITAN CHICAGO,0.0,6715.0,04/21/2025,04/22/2025,12/05/2024,NO_DOC_URL,GROUP USER AGREEMENTYMCA Camp Duncan
2025,25-0409-MISC07,25-0409-MISC07-1,YOUNG MEN'S CHRISTIAN ASSOCIATION OF CHICAGO DBA YMCA OF METROPOLITAN CHICAGO,0.0,4212.5,04/10/2025,04/11/2025,12/20/2024,NO_DOC_URL,GROUP USER AGREEMENTYMCA Camp MacLean
2025,25-0409-MISC06,25-0409-MISC06-1,"NEXT GENERATION, INC.",0.0,0.0,09/01/2024,11/30/2025,12/23/2024,NO_DOC_URL,"SOFTWARE SERVICES AGREEMENT(Next Generation, Inc.)"
2025,25-0408-PRDA01,25-0408-PRDA01-1,WILLIS TOWERS WATSON MIDWEST INC,0.0,180000.0,03/01/2025,02/28/2026,,NO_DOC_URL,"AUTHORIZE A NEW AGREEMENT WITH WILLIS TOWERS WATSON MIDWEST, INC. FOR HEALTHCARE AND BENEFITS CONSULTING SERVICES"
2025,25-0407-MISC05,25-0407-MISC05-1,CITY OF CHICAGO,0.0,1058351.0,08/01/2024,07/31/2025,12/20/2024,NO_DOC_URL,INTERGOVERNMENTAL AGREEMENTBETWEEN THE BOARD OF EDUCATION OF THE CITY OF CHICAGO AND THE CITY OF CHICAGO THROUGH ITSDEPARTMENT OF PUBLIC HEALTH
2025,25-0407-MISC04,25-0407-MISC04-1,FOR INSPIRATION AND RECOGNITION OF SCIENCE AND TECHNOLOGY (FIRST),0.0,0.0,12/16/2024,12/15/2029,12/16/2024,NO_DOC_URL,NON-BINDING MEMORANDUM OF UNDERSTANDING
2025,25-0407-MISC03,25-0407-MISC03-1,Board of Trustees of the University of Illinois DBA University of Illinois,0.0,0.0,09/01/2023,01/14/2026,12/16/2024,NO_DOC_URL,NO COST DATA SHARING AND RESEARCH SERVICES AGREEMENTBETWEEN THE BOARD OF EDUCATION OF THE CITY OF CHICAGOAND THE BOARD OF TRUSTEES OF THE UNIVERSITY OF ILLINOIS(The Board of Trustees of the University of Illinois)
2025,25-0407-MISC02,25-0407-MISC02-1,MCKENDREE UNIVERSITY,0.0,0.0,07/01/2023,06/30/2031,11/14/2024,NO_DOC_URL,CHICAGO PUBLIC SCHOOLSSTUDENT TEACHING INTERNSHIP AGREEMENT(McKendree University)
2025,25-0407-MISC01,25-0407-MISC01-1,THE BARACK OBAMA FOUNDATION DBA THE OBAMA FOUNDATION,0.0,0.0,11/06/2024,07/01/2027,11/06/2024,NO_DOC_URL,MEMORANDUM OF UNDERSTANDINGBETWEEN THE BOARD OF EDUCATION OF THE CITY OF CHICAGOAND THE BARACK OBAMA FOUNDATION
2025,25-0326-PRDA12,25-0326-PRDA12-1,"SAGA INNOVATIONS, INC.",0.0,324366.0,07/01/2025,06/30/2026,06/25/2025,NO_DOC_URL,"AUTHORIZE THE THIRD (FINAL) RENEWAL AGREEMENT WITH SAGA INNOVATIONS, INC. FOR HIGH DOSAGE TUTORING SERVICES"
2025,25-0326-PRDA11,25-0326-PRDA11-1,RENAISSANCE KNIGHTS FOUNDATION,0.0,340000.0,11/01/2024,10/31/2027,07/16/2025,NO_DOC_URL,AUTHORIZE A NEW AGREEMENT WITH RENAISSANCE KNIGHTS FOUNDATION FOR CHESS TOURNAMENT SERVICES
2025,25-0326-PRDA10,25-0326-PRDA10-1,AMERICAN INSTITUTES FOR RESEARCH IN THE BEHAVIORAL SCIENCES DBA AMERICAN INSTITUTES FOR RESEARCH,0.0,43405.0,07/01/2025,06/30/2026,10/21/2025,NO_DOC_URL,AUTHORIZE A NEW AGREEMENT WITH AMERICAN INSTITUTES FOR RESEARCH FOR COMMUNITY SCHOOLS INITIATIVE EVALUATION SERVICES AT SPRY AND SULLIVAN HIGH SCHOOLS
2025,25-0320-PR7,25-0320-PR7-1,"GLOBAL PAYMENTS INC. DBA HEARTLAND PAYMENT SYSTEMS, LLC_RENEW",2330000.0,2330000.0,06/05/2025,06/04/2027,07/17/2025,12010 Nutrition Support Services,"AUTHORIZE THE FIRST RENEWAL AGREEMENT WITH GLOBAL PAYMENTS INC. DBA HEARTLAND PAYMENT SYSTEMS, LLC FOR MEAL MANAGEMENT POINT OF SALE (POS) SYSTEM SERVICES"
2025,25-0320-PR6,25-0320-PR6-1,"SENTINEL TECHNOLOGIES, INC.",46115476.0,46115476.0,07/01/2025,06/30/2028,03/26/2025,12510 Information & Technology Services;12510 Information & Technology Services,"AUTHORIZE A NEW AGREEMENT WITH SENTINEL TECHNOLOGIES, INC. FOR DATA NETWORK UPGRADES"
2025,25-0320-PR4,25-0320-PR4-1,"WAREHOUSE DIRECT, INC.",15000000.0,15000000.0,04/01/2025,02/29/2028,08/29/2025,11860 Facility Operations & Maintenance;11880 Facility Opers & Maint - City Wide,"AUTHORIZE A NEW AGREEMENT WITH WAREHOUSE DIRECT, INC. DBA MIDWEST OFFICE INTERIORS TO PROVIDE SYSTEMS FURNITURE, ACCESSORIES AND RELATED SERVICES"
2025,25-0320-OP3,25-0320-OP3-1,Board of Trustees of Community College District No 508 dba City Colleges of Chicago,3520000.0,3520000.0,,12/31/2025,10/02/2025,NO_USER_UNIT,AUTHORIZATION TO PURCHASE THE FORMER WRIGHT COLLEGE SOUTH PROPERTY LOCATED AT 3400 N AUSTIN AVENUE FROM CITY COLLEGES OF CHICAGO FOR CONTINUED USE BY CHICAGO ACADEMY ELEMENTARY AND CHICAGO ACADEMY HIGH SCHOOLS
2025,25-0320-OP2,25-0320-OP2-1,8300 W. ADDISON LLC,821122.5,821122.5,07/01/2025,06/30/2030,07/17/2025,NO_USER_UNIT,AUTHORIZE THE FIRST RENEWAL OF THE LEASE AGREEMENT WITH 8300 W ADDISON LLC FOR CONTINUED USE OF THE PROPERTY LOCATED AT 8300 W ADDISON ST BY CANTY ELEMENTARY SCHOOL
2025,25-0320-EX6,25-0320-EX6-1,,0.0,0.0,07/01/2025,06/30/2029,,NO_USER_UNIT,AUTHORIZE RENEWAL OF THE YOUTH CONNECTION CHARTER SCHOOL AGREEMENT WITH CONDITIONS
2025,25-0320-EX5,25-0320-EX5-1,,0.0,0.0,07/01/2025,06/30/2027,,NO_USER_UNIT,AUTHORIZE RENEWAL OF THE INSTITUTO JUSTICE AND LEADERSHIP ACADEMY CHARTER HIGH SCHOOL AGREEMENT WITH CONDITIONS
2025,25-0320-EX4,25-0320-EX4-1,,0.0,0.0,07/01/2025,06/30/2028,09/05/2025,NO_USER_UNIT,AUTHORIZE RENEWAL OF THE EXCEL ACADEMY OF SOUTHWEST AGREEMENT WITH CONDITIONS
2025,25-0320-EX3,25-0320-EX3-1,,0.0,0.0,07/01/2025,06/30/2029,09/05/2025,NO_USER_UNIT,AUTHORIZE RENEWAL OF THE EXCEL ACADEMY OF SOUTH SHORE AGREEMENT WITH CONDITIONS
2025,25-0317-PRDA09,25-0317-PRDA09-1,"AUDITBOARD, INC.",0.0,115500.0,03/06/2025,03/05/2026,03/12/2025,NO_DOC_URL,"AMEND BOARD REPORT #25-0110-PRDA04AUTHORIZE A NEW AGREEMENT WITH AUDITBOARD, INC. FOR THE PURCHASE OF INTERNAL AUDIT SOFTWARE"
2025,25-0317-PRDA08,25-0317-PRDA08-1,GENESYS WORKS CHICAGO,0.0,250000.0,01/01/2025,06/30/2025,06/12/2025,NO_DOC_URL,AUTHORIZE A NEW AGREEMENT WITH GENESYS WORKS CHICAGO FOR TECHNICAL SUPPORT SERVICES
2025,25-0317-PRDA07,25-0317-PRDA07-1,"ORACLE AMERICA, INC.",0.0,420000.0,01/01/2025,12/31/2025,02/07/2025,NO_DOC_URL,"AMEND BOARD REPORT 24-0112-PRDA07AUTHORIZE THE FIRST AND FINAL RENEWAL AGREEMENT WITH ORACLE AMERICA, INC. FOR FOR TALENT ACQUISITION AND ON-BOARDING PROVIDED AS SOFTWARE AS A SERVICE (SAAS)"
2025,25-0314-PRDA06,25-0314-PRDA06-2,Board of Trustees of the University of Illinois DBA University of Illinois,98966.0,98966.0,01/01/2025,07/31/2025,07/25/2025,NO_DOC_URL,AUTHORIZE A NEW AGREEMENT WITH THE BOARD OF TRUSTEES OF THE UNIVERSITY OF ILLINOIS FOR RESEARCH SERVICES
2025,25-0314-PRDA05,25-0314-PRDA05-1,"CAREERS THROUGH CULINARY ARTS PROGRAM, INC.",0.0,118480.0,11/01/2024,10/31/2025,10/02/2025,NO_DOC_URL,"AUTHORIZE THE FIRST RENEWAL AGREEMENT WITH CAREERS THROUGH CULINARY ARTS PROGRAM, INC. FOR PROGRAMMATIC SUPPORT FOR CTE CULINARY PROGRAMS SERVICES"
2025,25-0314-MISC07,25-0314-MISC07-1,"LEE Foundation for Civic Leadership, Inc",0.0,5500.0,09/01/2024,05/31/2025,,NO_DOC_URL,FELLOWSHIP HOST AGREEMENT
2025,25-0311-PRDA04,25-0311-PRDA04-1,"Mitratech Holdings, Inc.",0.0,167304.0,03/01/2024,02/28/2026,04/02/2025,NO_DOC_URL,"AMEND BOARD REPORT #24-0425-PRDA17AUTHORIZE A NEW AGREEMENT WITH MITRATECH HOLDINGS, INC. FOR LAWTRAC CASE MANAGEMENT SERVICES"
2025,25-0305-PRDA03,25-0305-PRDA03-1,ECRA GROUP INCORPORATED,0.0,495000.0,03/01/2025,02/28/2026,03/11/2025,NO_DOC_URL,AUTHORIZE THE FIRST RENEWAL WITH ECRA INCORPORATED FOR STUDENT GROWTH MEASUREMENT SERVICES
2025,25-0305-PRDA02,25-0305-PRDA02-1,HONEST GAME CORPORATION,0.0,109800.0,05/01/2025,04/30/2026,06/17/2025,NO_DOC_URL,AUTHORIZE THE SECOND (FINAL) RENEWAL AGREEMENT WITH HONEST GAME CORPORATION FOR COURSE VALIDATION SOFTWARE SERVICES
2025,25-0305-PRDA01,25-0305-PRDA01-1,"SCENARIO LEARNING, LLC DBA VECTOR SOLUTIONS",0.0,74500.0,05/30/2025,05/31/2027,,NO_DOC_URL,"AUTHORIZE A NEW AGREEMENT WITH SCENARIO LEARNING, LLC, dba VECTOR SOLUTIONS FOR SOFTWARE LICENSE AND SERVICES AGREEMENT"
2025,25-0303-MISC06,25-0303-MISC06-1,MARGUERITE H. KELLY DBA  VENUE LOGIC LLC,0.0,9600.0,05/23/2025,05/24/2025,11/08/2024,NO_DOC_URL,"RIDER ATTACHED TO AND MADE PART OF THE CONTRACTBETWEENROCKWELL ON THE RIVER EVENTS, LLC (&quot;Licensor&quot; or &quot;Facility&quot;)ANDBOARD OF EDUCATION OF THE CITY OF CHICAGO (&quot;Board&quot; or &quot;Licensee&quot;)"
2025,25-0303-MISC05,25-0303-MISC05-1,VILLAGE OF ROSEMONT ILLINOIS DBA ROSEMONT THEATRE,0.0,30000.0,06/03/2025,06/04/2025,10/30/2024,NO_DOC_URL,RIDER ATTACHED TO AND MADE PART OF THE CONTRACTBETWEENROSEMONT THEATRE (&quot;Facility&quot; or &quot;Licensor&quot;)ANDBOARD OF EDUCATION OF THE CITY OF CHICAGO (&quot;Board&quot; or &quot;Licensee&quot;)
2025,25-0303-MISC04,25-0303-MISC04-1,140 E Walton Building LLC DBA The Drake Hotel,0.0,15000.0,05/30/2025,05/31/2025,11/08/2024,NO_DOC_URL,MASTER RIDERATTACHED TO AND MADE PART OF THE CONTRACTBETWEENTHE DRAKE HOTEL (&quot;Facility&quot; or &quot;Licensor&quot;)ANDBOARD OF EDUCATION OF THE CITY OF CHICAGO (&quot;Board&quot; or &quot;Licensee&quot;)
2025,25-0303-MISC03,25-0303-MISC03-1,"THOR PALMER HOUSE HOTEL, LLC DBA PALMER HOUSE HILTON WITH HLT PALMER LLC AS MANAGING AGENT",0.0,14250.0,05/29/2025,05/30/2025,11/08/2024,NO_DOC_URL,"RIDER ATTACHED TO AND MADE PART OF THE CONTRACTBETWEENTHOR PALMER HOUSE HOTEL, LLC d/b/a THE PALMER HOUSE HILTON (&quot;Facility&quot; or &quot;Licensor&quot;)ANDBOARD OF EDUCATION OF THE CITY OF CHICAGO (&quot;Board&quot; or &quot;Licensee&quot;)"
2025,25-0303-MISC02,25-0303-MISC02-1,Copernicus Foundation,0.0,5650.0,06/10/2025,06/11/2025,10/30/2024,NO_DOC_URL,RIDER ATTACHED TO AND MADE PART OF THE CONTRACTBETWEENCOPERNICUS THEATER (&quot;Licensor&quot; or &quot;Facility&quot;)ANDBOARD OF EDUCATION OF THE CITY OF CHICAGO (&quot;Board&quot; or &quot;Licensee&quot;)
2025,25-0303-MISC01,25-0303-MISC01-1,Board of Trustees of Community College District No 508 dba City Colleges of Chicago,0.0,1324.0,05/30/2025,05/31/2025,11/20/2024,NO_DOC_URL,BOARD OF TRUSTEES OF COMMUNITY COLLEGE DISTRICT No. 508Dba City Colleges of ChicagoSHORT TERM FACILITIES USE PERMITBOARD OF EDUCATION OF THE CITY OF CHICAGO
2025,25-0227-RS2,25-0227-RS2-1,,0.0,0.0,01/01/2025,06/30/2026,03/21/2025,NO_USER_UNIT,AMEND BOARD REPORT 24-1220-RS2 RESOLUTION TO MAINTAIN ACERO ATTENDANCE CENTERS
2025,25-0227-PRDA05,25-0227-PRDA05-1,"Coal Creek Software, Inc dba Verifent",0.0,45000.0,11/01/2024,10/31/2025,11/06/2025,NO_DOC_URL,"AUTHORIZE THE FIRST RENEWAL AGREEMENT WITH COAL CREEK SOFTWARE, INC. DBA VERIFENT FOR CANDIDATE VERIFICATION SERVICES"
2025,25-0227-PR5,25-0227-PR5-1,METROPOLITAN FAMILY SERVICES,0.0,25500000.0,03/01/2025,02/29/2028,05/22/2025,10610 School Safety and Security Office,AUTHORIZE A NEW AGREEMENT WITH METROPOLITAN FAMILY SERVICES FOR BACK TO OUR FUTURE CONSULTING SERVICES
2025,25-0227-PR4,25-0227-PR4-1,ACCENTURE LLP,11000000.0,11000000.0,03/01/2025,02/29/2028,05/09/2025,12510 Information & Technology Services,"AUTHORIZE A NEW AGREEMENT WITH ACCENTURE LLP FOR MASTER DATA MANAGEMENT, DATA WAREHOUSE AND DASHBOARD SOLUTION AND RELATED SERVICES"
2025,25-0227-PR2,25-0227-PR2-1,"MIP V ONION PARENT LLC DBA LRS HOLDINGS, LLC",18930000.0,18930000.0,04/01/2025,03/31/2028,04/09/2025,11880 Facility Opers & Maint - City Wide;11880 Facility Opers & Maint - City Wide,"AUTHORIZE THE SECOND (FINAL) RENEWAL AND EXTENSION AGREEMENT WITH LAKESHORE RECYCLING SYSTEMS, LLC FOR SOLID WASTE DISPOSAL, RECYCLING, AND COMPACTOR MAINTENANCE AND REPAIR SERVICES"
2025,25-0227-PR1,25-0227-PR1-1,"ATI HOLDINGS, LLC",2710000.0,2710000.0,04/01/2025,03/31/2026,03/18/2025,13737 Sports Administration and Facilities Management -,"AUTHORIZE THE FIRST RENEWAL AGREEMENT WITH ATI HOLDINGS, LLC FOR SPORTS ATHLETIC TRAINING COVERAGE AND RELATED SERVICES"
2025,25-0225-PRDA04,25-0225-PRDA04-1,SMARTSHEET INC,0.0,65000.0,01/15/2025,01/14/2026,03/06/2025,NO_DOC_URL,AUTHORIZE THE FIRST RENEWAL AGREEMENT WITH SMARTSHEET INC. FOR DIGITAL ASSET MANAGEMENT SYSTEM
2025,25-0221-MISC22,25-0221-MISC22-1,Alsip Hotel Investors LLC dba Doubletree Hotel-Chicago/ Alsip,0.0,7000.0,05/23/2025,05/24/2025,10/30/2024,NO_DOC_URL,MASTER RIDER ATTACHED TO AND MADE PART OF EACH CONTRACTBETWEENDOUBLETREE BY HILTON (&quot;Facility&quot; or &quot;Licensor&quot;)ANDBOARD OF EDUCATION OF THE CITY OF CHICAGO (&quot;Board&quot; or &quot;Licensee&quot;)
2025,25-0221-MISC21,25-0221-MISC21-1,GOLDEN CORRIDOR FAMILY YMCA DBA CAMP EDWARDS YMCA CAMP,0.0,0.0,05/22/2025,05/23/2025,11/18/2024,NO_DOC_URL,Edwards YMCA CampGroup Use Policy
2025,25-0221-MISC20,25-0221-MISC20-1,YOUNG MEN'S CHRISTIAN ASSOCIATION OF CHICAGO DBA YMCA OF METROPOLITAN CHICAGO,0.0,5520.0,05/21/2025,05/23/2025,11/04/2024,NO_DOC_URL,GROUP USER AGREEMENTYMCA Camp Duncan
2025,25-0221-MISC19,25-0221-MISC19-1,Board of Trustees of the University of Illinois DBA University of Illinois,0.0,20000.0,04/30/2025,05/03/2025,10/11/2024,NO_DOC_URL,RIDER ATTACHED TO AND MADE PART OFFACILITY USE AGREEMENTBETWEENTHE BOARD OF TRUSTEES OF THE UNIVERSITY OF ILLINOIS (&quot;UNIVERSITY&quot;)ANDBOARD OF EDUCATION OF THE CITY OF CHICAGO (&quot;ORGANIZATION&quot;)
2025,25-0221-MISC18,25-0221-MISC18-1,HYATT CORPORATION AS AGENT OF KATO KAGAKU CO LTD DBA HYATT REGENCY CHICAGO,0.0,4600.0,05/17/2025,05/18/2025,10/30/2024,NO_DOC_URL,MASTER RIDER ATTACHED TO AND MADE PART OF THE CONTRACTBETWEENHYATT REGENCY CHICAGO (&quot;Licensor&quot; or &quot;Facility&quot;)ANDBOARD OF EDUCATION OF THE CITY OF CHICAGO (&quot;Board&quot; or &quot;Licensee&quot;)
2025,25-0221-MISC17,25-0221-MISC17-1,140 E Walton Building LLC DBA The Drake Hotel,0.0,20000.0,05/16/2025,05/17/2025,10/23/2024,NO_DOC_URL,MASTER RIDERATTACHED TO AND MADE PART OF THE CONTRACTBETWEENTHE DRAKE HOTEL (&quot;Facility&quot; or &quot;Licensor&quot;)ANDBOARD OF EDUCATION OF THE CITY OF CHICAGO (&quot;Board&quot; or &quot;Licensee&quot;)
2025,25-0221-MISC16,25-0221-MISC16-1,CITY OF CHICAGO,0.0,0.0,07/01/2024,06/30/2026,,NO_DOC_URL,FIRST RENEWAL AND AMENDMENT TO THE INTERGOVERMENTAL AGREEMENT BETWEEN CITY OF CHICAGO DEPARTMENT OF PUBLIC HEALTH AND THE BOARD OF EDUCATION OF THE CITY OF CHICAGO FOR THE CHAT (CHICAGO HEALTHY ADOLESCENTS AND TEENS) PROGRAM
2025,25-0221-MISC15,25-0221-MISC15-1,NORTHEASTERN ILLINOIS UNIVERSITY,0.0,0.0,09/01/2024,08/31/2026,,NO_DOC_URL,MEMORANDUM OF UNDERSTANDINGBETWEEN THE BOARD OF EDUCATION OF THE CITY OF CHICAGOAND NORTHEASTERN ILLINOIS UNIVERSITYFOR THE TEACHER PREPARATION APPRENTICESHIP PROGRAM
2025,25-0212-MISC14,25-0212-MISC14-1,"NAVY PIER, INC.",0.0,25495.0,06/02/2025,06/03/2025,09/24/2024,NO_DOC_URL,RIDER ATTACHED TO AND MADE PART OF THE CONTRACTBETWEENNAVY PIER (&quot;Facility&quot; or &quot;Licensor&quot;)ANDBOARD OF EDUCATION OF THE CITY OF CHICAGO (&quot;Board&quot; or &quot;Licensee&quot;)
2025,25-0212-MISC13,25-0212-MISC13-1,THE ADLER PLANETARIUM,0.0,11000.0,05/16/2025,05/17/2025,10/07/2024,NO_DOC_URL,RIDER ATTACHED TO AND MADE PART OF THE CONTRACTBETWEENADLER PLANETARIUM (&quot;Licensor&quot; or &quot;Facility&quot;)ANDBOARD OF EDUCATION OF THE CITY OF CHICAGO (&quot;Board&quot; or Licensee&quot;)
2025,25-0211-MISC12,25-0211-MISC12-1,Board of Trustees of the University of Illinois DBA University of Illinois,0.0,26800.0,06/03/2025,06/04/2025,09/04/2024,NO_DOC_URL,RIDER ATTACHED TO AND MADE PART OFFACILITY USE AGREEMENTBETWEENTHE BOARD OF TRUSTEES OF THE UNIVERSITY OF ILLINOIS (&quot;UNIVERSITY&quot;)ANDBOARD OF EDUCATION OF THE CITY OF CHICAGO (&quot;ORGANIZATION&quot;)
2025,25-0211-MISC11,25-0211-MISC11-1,CORRY WILLIAMS DBA 345 ART GALLERY,0.0,2800.0,05/31/2025,06/01/2025,10/15/2024,NO_DOC_URL,RIDER ATTACHED TO AND MADE PART OF THE CONTRACTBETWEENCORRY WILLIAMS DBA 345 ART GALLERY (&quot;Licensor&quot; or &quot;Facility&quot;)ANDBOARD OF EDUCATION OF THE CITY OF CHICAGO (&quot;Board&quot; or &quot;Licensee&quot;)
2025,25-0210-MISC10,25-0210-MISC10-1,CHICAGO PARK DISTRICT,0.0,2550.0,04/11/2024,04/12/2024,10/07/2024,NO_DOC_URL,Hancock HS Senior Luncheon
2025,25-0210-MISC09,25-0210-MISC09-1,RICH OAK LAWN HOTEL LLC,0.0,3000.0,05/28/2025,05/29/2025,10/11/2024,NO_DOC_URL,MASTER RIDER ATTACHED TO AND MADE PART OF ALL CONTRACTSBETWEENHILTON OAK LAWN (&quot;Facility&quot; or &quot;Licensor&quot;)ANDBOARD OF EDUCATION OF THE CITY OF CHICAGO (&quot;Board&quot; or &quot;Licensee&quot;)
2025,25-0210-MISC08,25-0210-MISC08-1,Alsip Hotel Investors LLC dba Doubletree Hotel-Chicago/ Alsip,0.0,7000.0,05/23/2025,05/24/2025,10/11/2024,NO_DOC_URL,MASTER RIDER ATTACHED TO AND MADE PART OF EACH CONTRACTBETWEENDOUBLETREE BY HILTON (&quot;Facility&quot; or &quot;Licensor&quot;)ANDBOARD OF EDUCATION OF THE CITY OF CHICAGO (&quot;Board&quot; or &quot;Licensee&quot;)
2025,25-0207-MISC07,25-0207-MISC07-1,BEAU CHATEAU LLC,0.0,20875.0,05/23/2025,05/24/2025,10/01/2024,NO_DOC_URL,BEAU CHATEAUContract Terms &amp; Conditions
2025,25-0207-MISC06,25-0207-MISC06-1,RICH OAK LAWN HOTEL LLC,0.0,3000.0,05/16/2025,05/17/2025,09/18/2024,NO_DOC_URL,MASTER RIDER ATTACHED TO AND MADE PART OF ALL CONTRACTSBETWEENHILTON OAK LAWN (&quot;Facility&quot; or &quot;Licensor&quot;)ANDBOARD OF EDUCATION OF THE CITY OF CHICAGO (&quot;Board&quot; or &quot;Licensee&quot;)
2025,25-0207-MISC05,25-0207-MISC05-1,CITY OF CHICAGO,0.0,3876.0,05/07/2025,05/08/2025,10/01/2024,NO_DOC_URL,RIDER ATTACHED TO AND MADE PART OF THE CONTRACTBETWEENCHICAGO DEPARTMENT OF CULTURAL AFFAIRS AND SPECIAL EVENTS(&quot;Facility&quot; or &quot;Licensor&quot;)ANDBOARD OF EDUCATION OF THE CITY OF CHICAGO (&quot;Board&quot; or &quot;Licensee&quot;)
2025,25-0207-MISC04,25-0207-MISC04-1,"MARRIOTT INTERNATIONAL INC DBA MARRIOTT HOTEL SERVICES, LLC DBA CHICAGO MARRIOTT DOWNTOWN MAGNIFICIENT MILE",0.0,30000.0,05/03/2025,05/04/2025,10/01/2024,NO_DOC_URL,MASTER RIDER ATTACHED TO AND MADE PART OF THE CONTRACTBETWEENCHICAGO MARRIOTT DOWNTOWN MAGNIFICENT MILE (&quot;Facility&quot; or &quot;Licensor&quot;)ANDBOARD OF EDUCATION OF THE CITY OF CHICAGO (&quot;Board&quot; or &quot;Licensee&quot;)
2025,25-0207-MISC03,25-0207-MISC03-1,YOUNG MEN'S CHRISTIAN ASSOCIATION OF CHICAGO DBA YMCA OF METROPOLITAN CHICAGO,0.0,7000.0,04/16/2025,04/17/2025,10/01/2024,NO_DOC_URL,GROUP USER AGREEMENTYMCA Camp Duncan
2025,25-0205-MISC02,25-0205-MISC02-1,"INDIANA DUNES ENVIRONMENTAL LEARNING CENTER, INC DBA DUNES LEARNING CENTER",0.0,10696.0,02/27/2025,03/07/2025,10/11/2024,NO_DOC_URL,RIDER ATTACHED TO AND MADE PART OF THE CONTRACTBETWEENDUNES LEARNING CENTER (&quot;Licensor&quot; or &quot;Facility&quot;)ANDBOARD OF EDUCATION OF THE CITY OF CHICAGO (&quot;Board&quot; or &quot;Licensee&quot;)
2025,25-0205-MISC01,25-0205-MISC01-1,Board of Trustees of Community College District No 508 dba City Colleges of Chicago,616.0,616.0,02/05/2025,05/14/2025,10/30/2024,NO_DOC_URL,BOARD OF TRUSTEES OF COMMUNITY COLLEGE DISTRICT No.508Dba City College of ChicagoSHORT TERMS FACILITIES USE PERMITBOARD OF EDUCATION OF THE CITY OF CHICAGO
2025,25-0203-PRDA03,25-0203-PRDA03-1,"CDW GOVERNMENT LLC dba CDW Government LLC, CDW Government",0.0,493000.0,05/01/2025,04/30/2026,08/28/2025,NO_DOC_URL,"AUTHORIZE THE FIRST RENEWAL AGREEMENT WITH CDW GOVERNMENT, LLC FOR WEB CONTENT FILTERING SERVICES"
2025,25-0203-PRDA02,25-0203-PRDA02-1,"RESONANT EDUCATION, INC.",0.0,60000.0,10/02/2024,10/01/2025,02/25/2025,NO_DOC_URL,"AUTHORIZE THE SECOND AND FINAL RENEWAL AGREEMENT WITH RESONANT EDUCATION, INC FOR AP EVALUATION VALIDITY STUDIES SERVICES"
2025,25-0203-PRDA01,25-0203-PRDA01-1,POWERSCHOOL HOLDINGS LLC DBA POWERSCHOOL GROUP LLC,0.0,82687.5,07/01/2024,06/30/2025,,NO_DOC_URL,AUTHORIZE THE SECOND (FINAL) RENEWAL AGREEMENT WITH POWERSCHOOL GROUP LLC FOR DATA WAREHOUSE AND DASHBOARD MAINTENANCE SUPPORT
2025,25-0130-PR7,25-0130-PR7-1,QBS LLC,2765135.0,2765135.0,03/01/2025,02/28/2026,03/11/2025,10615 Safety and Security - City Wide,AUTHORIZE THE FIRST RENEWAL AGREEMENT WITH QBS LLC FOR DE-ESCALATION AND PHYSICAL RESTRAINT TRAINING SERVICES
2025,25-0130-PR6,25-0130-PR6-1,"CDW GOVERNMENT LLC dba CDW Government LLC, CDW Government",39000000.0,39000000.0,03/01/2025,02/29/2028,05/22/2025,12510 Information & Technology Services ,AUTHORIZE A NEW AGREEMENT WITH CDW GOVERNMENT LLC FOR THE PURCHASE OF AUDIO VISUAL AND INTERACTIVE WHITEBOARD EQUIPMENT
2025,25-0130-PR5,25-0130-PR5-1,CARAHSOFT TECHNOLOGY CORPORATION,2649546.0,2649546.0,02/01/2024,01/31/2026,05/05/2025,12510 Information & Technology Services ,AMEND BOARD REPORT 23-1214-PR2AUTHORIZE THE FIRST (FINAL) RENEWAL AGREEMENT WITH CARAHSOFT TECHNOLOGY CORP. FOR IDENTITY AND ACCESS MANAGEMENT SERVICES
2025,25-0130-PR2,25-0130-PR2-1,HERTZ FURNITURE SYSTEMS LLC,5000000.0,5000000.0,04/01/2025,03/31/2027,02/06/2025,11860 Facility Operations & Maintenance;11880 Facility Opers & Maint - City Wide,"AUTHORIZE THE THIRD (FINAL) RENEWAL AGREEMENT WITH HERTZ FURNITURE SYSTEMS, LLC FOR THE PURCHASE OF FURNITURE AND RELATED ACCESSORIES AND SERVICES"
2025,25-0130-PR1,25-0130-PR1-1,"B & L DISTRIBUTORS, INC.",1750000.0,1750000.0,04/01/2025,03/31/2027,02/07/2025,11860 Facility Operations & Maintenance;11880 Facility Opers & Main - City Wide,"AUTHORIZE THE THIRD (FINAL) RENEWAL AGREEMENT WITH B &amp; L DISTRIBUTORS, INC. FOR THE PURCHASE OF FURNITURE AND RELATED ACCESSORIES AND SERVICES"
2025,25-0130-OP1,25-0130-OP1-1,INVESCOMEX I LLC,314993.0,314993.0,07/01/2025,06/30/2027,07/17/2025,NO_USER_UNIT,"AUTHORIZE THE FIRST RENEWAL OF THE LEASE AGREEMENT WITH INVESCOMEX I, LLC FOR THE USE OF SPACE AT 4628-36 SOUTH KEDZIE AVENUE FOR COLUMBIA EXPLORERS PRE-K PROGRAM"
2025,25-0129-PRDA16,25-0129-PRDA16-1,OCCUPATIONAL HEALTH CENTERS OF ILLINOIS P.C. DBA CONCENTRA MEDICAL CENTERS,0.0,0.0,03/01/2025,02/28/2026,11/21/2025,NO_DOC_URL,AUTHORIZE A NEW AGREEMENT WITH OCCUPATIONAL HEALTH CENTERS OF ILLINOIS P.C. DBA CONCENTRA MEDICAL CENTERS FOR OCCUPATIONA HEALTH SERVICES
2025,25-0129-PRDA15,25-0129-PRDA15-1,"ASKREPLY, INC. DBA B2GNOW",0.0,100000.0,02/01/2025,01/31/2026,02/25/2025,NO_DOC_URL,"AUTHORIZE THE SECOND (FINAL) RENEWAL AGREEMENT WITH ASKREPLY, INC., DBA B2GNOW FOR COMPLIANCE REPORTING SYSTEM AND SERVICES"
2025,25-0129-PRDA14,25-0129-PRDA14-1,"SENTINEL TECHNOLOGIES, INC.",0.0,497673.0,03/01/2025,02/28/2026,04/14/2025,NO_DOC_URL,"AUTHORIZE THE SECOND (FINAL) RENEWAL AGREEMENT WITH SENTINEL TECHNOLOGIES, INC. FOR ENTERPRISE MAINTENANCE SERVICES"
2025,25-0124-OP9,25-0124-OP9-1,,4.0,4.0,07/01/2024,06/30/2028,,PDF_404,"APPROVE RENEWAL LEASE AGREEMENT WITH NOBLE NETWORK OF CHARTER SCHOOLS FOR A PORTION OF THE BOWEN HIGH SCHOOL BUILDING, 2710 EAST 89th STREET"
2025,25-0124-MISC11,25-0124-MISC11-1,Board of Trustees of Community College District No 508 dba City Colleges of Chicago,0.0,0.0,08/01/2024,06/30/2026,,NO_DOC_URL,LICENSED PRACTICAL NURSING BRIDGE COLLABORATION AGREEMENTBETWEEN THE BOARD OF EDUCATION OF THE CITY OF CHICAGO AND MALCOLM X COMMUNITY COLLEGE
2025,25-0124-MISC10,25-0124-MISC10-1,BEAU CHATEAU LLC,0.0,1500.0,06/19/2024,06/10/2025,,NO_DOC_URL,BEAU CHATEAU
2025,25-0124-MISC09,25-0124-MISC09-1,Board of Trustees of Community College District No 508 dba City Colleges of Chicago,0.0,2940.0,09/06/2024,06/06/2025,,NO_DOC_URL,BOARD OF TRUSTEES OF COMMUNITY COLLEGE DISTRICT NO.508DBA City Colleges of ChicagoSHORT TERMS FACILITIES USE PERMITBOARD OF EDUCATION OF THE CITY OF CHICAGO
2025,25-0124-MISC08,25-0124-MISC08-1,BEAU CHATEAU LLC,0.0,5400.0,06/19/2024,06/04/2025,,NO_DOC_URL,BEAU CHATEAU
2025,25-0124-MISC07,25-0124-MISC07-1,Icon Events Management Inc dba Fountain Blue Banquets,0.0,6600.0,08/24/2024,05/24/2025,,NO_DOC_URL,"BANQUET CONTRACTBETWEENCHICAGO ACADEMY HIGH SCHOOL ANDICON EVENTS MANAGEMENT, INC DBA FOUNTAIN BLUE BANQUETS AND CONFERENCE CENTER"
2025,25-0124-MISC06,25-0124-MISC06-1,"Park US Lessee Holdings, Inc. dba CHSP TRS Lakeshore LLC (THE WADE, CHICAGO, A TRIBUTE PORTFOLIO HOTEL)",0.0,24000.0,08/27/2024,05/16/2025,,NO_DOC_URL,HILTON CHICAGOCATERING SALES EVENT AGREEMENTWITHTHOMAS KELLY COLLEGE PREP
2025,25-0124-MISC05,25-0124-MISC05-1,"Candlewick Press, Inc.",0.0,0.0,04/29/2024,04/29/2029,,NO_DOC_URL,"CANDLERWICK PRESS, INC AGREEMENTWITHSTUDENT SUPPORT AND ENGAGEMENT"
2025,25-0124-MISC04,25-0124-MISC04-1,"SGA YOUTH & FAMILY SERVICES, NFP",0.0,0.0,01/01/2025,01/01/2027,,NO_DOC_URL,PRELIMINARY MEMORANDUM OF UNDERSTANDINGRoseland Promise 4912
2025,25-0123-PRDA13,25-0123-PRDA13-1,"Lake Shore Athletic Services, Inc. dba Lakeshore Athletic Services Inc.",0.0,175550.0,01/01/2025,12/31/2026,02/07/2025,NO_DOC_URL,"AUTHORIZE A NEW AGREEMENT WITH LAKE SHORE ATHLETIC SERVICES, INC. FOR CROSS COUNTRY AND TRACK TIMING SERVICES"
2025,25-0122-PRDA12,25-0122-PRDA12-1,"OUTMATCH, INC.",0.0,87500.0,01/01/2025,12/31/2025,04/14/2025,NO_DOC_URL,AUTHORIZE A NEW AGREEMENT WITH OUTMATCH INC. FOR AUTOMATED REFERENCE CHECK SERVICES
2025,25-0122-PRDA11,25-0122-PRDA11-1,Fernando Avila dba Social Impact Films,0.0,70000.0,01/06/2025,01/05/2026,03/19/2025,NO_DOC_URL,AUTHORIZE THE SECOND (FINAL) RENEWAL AGREEMENT WITH FERNANDO AVILA DBA SOCIAL IMPACT FILMS FOR COMPLIANCE TRAININGS
2025,25-0117-PRDA10,25-0117-PRDA10-1,CareerWise Colorado,0.0,126480.0,01/01/2025,12/31/2025,03/03/2024,NO_DOC_URL,AUTHORIZE A NEW AGREEMENT WITH CAREERWISE COLORADO TO PROVIDE YOUTH APPRENTICESHP CONSULTATION SERVICES
2025,25-0117-PRDA08,25-0117-PRDA08-1,NATIONAL STUDENT CLEARINGHOUSE,0.0,65835.0,03/01/2025,02/28/2026,01/31/2025,NO_DOC_URL,AUTHORIZE THE SECOND RENEWAL AGREEMENT WITH NATIONAL STUDENT CLEARINGHOUSE FOR STUDENT TRACKER FOR HIGH SHCOOLS
2025,25-0115-PRDA07,25-0115-PRDA07-1,THORSEN CONSULTING INC,0.0,1147500.0,01/01/2024,12/31/2025,02/26/2025,NO_DOC_URL,"AMEND 23-1025-PR4AUTHORIZE THE SECOND (FINAL) RENEWAL AGREEMENT WITH THORSEN CONSULTING, INC. FOR DEVELOPMENT AND HOSTING OF GOCPS WAITLIST/OFFER MODULE SERVICES"
2025,25-0115-PRDA06,25-0115-PRDA06-1,"DRAGO INVESTMENTS, LTD. DBA MONARCH TROPHY STUDIO",0.0,174930.0,01/01/2025,12/31/2025,01/01/2025,NO_DOC_URL,"AUTHORIZE THE FIRST RENEWAL AGREEMENT WITH DRAGO INVESTMENTS, LTD. FOR THE PURCHASE OF SPORTS MEDALS"
2025,25-0110-PRDA04,25-0110-PRDA04-1,"AUDITBOARD, INC.",0.0,115500.0,02/01/2025,01/31/2026,03/12/2025,NO_DOC_URL,"AUTHORIZE A NEW AGREEMENT WITH AUDITBOARD, INC. FOR THE PURCHASE OF INTERNAL AUDIT SOFTWARE"
2025,25-0110-MISC03,25-0110-MISC03-1,LEWIS UNIVERSITY,0.0,0.0,07/01/2024,06/30/2027,,NO_DOC_URL,CHICAGO PUBLIC SCHOOLSTUDENT TEACHING INTERNSHIP AGREEMENT
2025,25-0110-MISC02,25-0110-MISC02-1,THE UNIVERSITY OF CHICAGO,0.0,0.0,08/01/2024,07/31/2025,,NO_DOC_URL,AGREEMENT EXERCISING THE SECOND OPTIONTO RENEW THE MASTER RESEARCH SERVICES AGREEMNENT
2025,25-0107-MISC01,25-0107-MISC01-1,"Shrub Oak International School, LLC",0.0,332220.0,07/01/2024,06/30/2025,10/29/2024,NO_DOC_URL,"RENEWAL #1TO THE STUDENT PLACEMENT AGREEMENTShrub Oak International School, LLC(K.A.)"
2025,25-0102-PRDA01,25-0102-PRDA01-1,FRONTLINE TECHNOLOGIES GROUP LLC DBA FRONTLINE EDUCATION,0.0,777004.19,12/01/2024,11/30/2026,,NO_DOC_URL,AMENDMENT FOR BOARD REPORT #24-0610-PRDA02AUTHORIZE A NEW AGREEMENT WITH FRONTLINE TECHNOLOGIES GROUP LLC DBA FRONTLINE EDUCATION FOR ASSET MANAGEMENT SERVICES
2025,24-1223-PRDA04,24-1223-PRDA04-1,"EVERGREENE ARCHITECTURAL ARTS, INC.",0.0,250000.0,01/01/2025,12/31/2027,01/01/2025,NO_DOC_URL,"AUTHORIZE THE FIRST, SECOND, THIRD (FINAL) RENEWAL AGREEMENT WITH EVERGREENE ARCHITECTURAL ARTS, INC. FOR ART RESTORATION AND RELATED SERVICES"
2025,24-1220-PRDA02,24-1220-PRDA02-1,Cahn Fellows Programs Corporation dba Cahn Fellowship,170000.0,170000.0,10/01/2024,09/30/2025,04/18/2025,NO_DOC_URL,AUTHORIZE THE FIRST RENEWAL AGREEMENT WITH CAHN FELLOWS PROGRAMS CORPORATION FOR PRINCIPAL FELLOWSHIP SERVICES
2025,24-1218-PRDA01,24-1218-PRDA01-1,Cahn Fellows Programs Corporation dba Cahn Fellowship,0.0,170000.0,10/01/2023,09/30/2024,04/18/2025,NO_DOC_URL,AMEND 24-0416-PRDA12 AUTHORIZE A NEW AGREEMENT WITH CAHN FELLOWS PROGRAMS CORPORATION FOR PRINCIPAL FELLOWSHIP SERVICES
2025,24-1212-PR7,24-1212-PR7-1,"SHARECARE OPERATING COMPANY, INC.",5100000.0,5100000.0,04/01/2025,03/31/2028,03/18/2025,11010 Talent Office,"AUTHORIZE A NEW AGREEMENT WITH SHARECARE OPERATING COMPANY, INC. FOR HEALTH CARE ENGAGEMENT AND NAVIGATION DIGITAL PLATFORM"
2025,24-1212-PR6,24-1212-PR6-1,"ODP BUSINESS SOLUTIONS, LLC",10000000.0,10000000.0,03/01/2025,02/28/2026,02/10/2025,12210 Procurement and Contracts Office,"AUTHORIZE THE SECOND (FINAL) RENEWAL AGREEMENT WITH ODP BUSINESS SOLUTIONS, LLC FOR THE PURCHASE OF OFFICE SUPPLIES AND RELATED PRODUCTS"
2025,24-1212-PR5,24-1212-PR5-1,INTERNATIONAL BUSINESS MACHINES CORPORATION,60000000.0,60000000.0,03/01/2025,02/29/2028,01/06/2025,12510 Information & Technology Services,AUTHORIZE A NEW AGREEMENT WITH INTERNATIONAL BUSINESS MACHINES CORPORATION FOR SYSTEM INTEGRATOR AND RELATED SERVICES
2025,24-1212-PR3,24-1212-PR3-1,BUREAU VERITAS TECHNICAL ASSESSMENTS LLC,7000000.0,7000000.0,05/01/2024,02/28/2027,01/28/2025,11860 Facility Operations & Maintenance;11880 Facility Opers & Maint - City Wide,AMEND BOARD REPORT 24-0321-PR4AUTHORIZE THE SECOND (FINAL) RENEWAL AGREEMENT WITH BUREAU VERITAS TECHNICAL ASSESSMENTS LLC FOR BIENNIAL FACILITY ASSESSMENTS SERVICES
2025,24-1212-PR2,24-1212-PR2-4,GLOBAL EQUIPMENT COMPANY INC. DBA GLOBAL INDUSTRIAL EQUIPMENT COMPANY INC.,0.0,27500000.0,01/01/2023,12/31/2025,01/05/2026,11880 Facility Opers & Maint - City Wide;11880 Facility Opers & Maint - City Wide,"AMEND BOARD REPORT 22-1207-PR11AUTHORIZE NEW AGREEMENTS WITH VARIOUS VENDORS FOR THE PURCHASE OF MAINTENANCE, REPAIR AND OPERATION SUPPLIES (""MRO"") AND PERSONAL PROTECTIVE EQUIPMENT (""PPE"")"
2025,24-1212-OP1,24-1212-OP1-1,THE CATHOLIC BISHOP OF CHICAGO DBA ARCHDIOCESE OF CHICAGO,4850000.0,4850000.0,07/01/2025,06/30/2035,,NO_USER_UNIT,AUTHORIZE THE RENEWAL OF A LEASE AGREEMENT WITH THE CATHOLIC BISHOP OF CHICAGO FOR THE CONTINUED USE OF VARIOUS LEASED SCHOOL SITES
2025,24-1125-PRDA03,24-1125-PRDA03-1,"LCPTRACKER, INC.",0.0,149335.0,12/11/2024,12/10/2026,12/12/2024,NO_DOC_URL,"AUTHORIZE THE FIRST (FINAL) RENEWAL AGREEMENT WITH LCPTRACKER, INC. FOR CERTIFIED PAYROLL SOFTWARE FOR CONSTRUCTION"
2025,24-1125-MISC24,24-1125-MISC24-1,NORTHWESTERN UNIVERSITY SETTLEMENT ASSOCIATION,0.0,0.0,10/09/2019,10/11/2019,01/15/2019,NO_DOC_URL,NORTHWESTERN SETTLEMENT (HOUSE IN THE WOOD)
2025,24-1125-MISC23,24-1125-MISC23-1,CHICAGO TRANSIT AUTHORITY,0.0,0.0,07/01/2022,06/30/2032,07/08/2022,NO_DOC_URL,LICENSE AGREEMENT (CHICAGO TRANSIT AUTHORITY)
2025,24-1123-MISC22,24-1123-MISC22-1,B.U.I.L.D. INCORPORATED DBA BUILD INC,0.0,1512.0,08/14/2024,05/14/2025,08/01/2024,NO_DOC_URL,"RIDER ATTACHED TO AND MADE PART OF THE CONTRACTBETWEENB.U.I.L.D Incorporated (""Licensor"" or ""Facility"") AND BOARD OF EDUCATION OF THE CITY OF CHICAGO (""Board"" or ""Licensee"")"
2025,24-1123-MISC21,24-1123-MISC21-1,Board of Trustees of Community College District No 508 dba City Colleges of Chicago,0.0,0.0,10/22/2024,05/22/2025,08/26/2024,NO_DOC_URL,BOARD OF TUSTEES OF COMMUNITY COLLEGE DISTRICT No.508dba City College of ChicagoSHORT TERM FACILITIES USE PERMITBOARD OF EDUCATION OF THE CITY OF CHICAGO
2025,24-1123-MISC20,24-1123-MISC20-1,Board of Trustees of the University of Illinois DBA University of Illinois,0.0,0.0,07/01/2023,06/30/2025,09/03/2024,NO_DOC_URL,CHICAGO PUBLIC SCHOOLSCLINICAL INTERNSHIP AGREEMENTThe Board of Trustees of The University of Illinois
2025,24-1123-MISC19,24-1123-MISC19-1,SIT STAY READ INC,0.0,0.0,07/01/2024,06/30/2026,09/04/2024,NO_DOC_URL,"NO COST AGREEMENT(SitStayRead!, Inc)"
2025,24-1123-MISC18,24-1123-MISC18-1,THE UNIVERSITY OF CHICAGO,0.0,0.0,09/21/2024,06/30/2025,09/21/2024,NO_DOC_URL,SHARED DATA AGREEMENT (WITH SUBCONTRACTOR) (24-SDA-107)ILLINOIS DEPARTMENT OF EMPLOYMENT SECURITY
2025,24-1122-MISC17,24-1122-MISC17-1,RELAY GRADUATE SCHOOL OF EDUCATION_RENEW,0.0,0.0,09/01/2024,08/31/2026,08/14/2024,NO_DOC_URL,"MEMORANDUM OF UNDERSTANDING(Relay Graduate School of Education, NFP)"
2025,24-1122-MISC16,24-1122-MISC16-1,AMERICAN INSTITUTES FOR RESEARCH IN THE BEHAVIORAL SCIENCES DBA AMERICAN INSTITUTES FOR RESEARCH,0.0,0.0,09/21/2024,09/22/2025,09/30/2024,NO_DOC_URL,AGREEMENT EXERISING THE SECOND OPTIONTO RENEW THE MASTER AGREEMENT FOR RESEARCH SERVICES(American Institutes for Research in the Behavior Sciences)
2025,24-1120-PRDA02,24-1120-PRDA02-1,"CONTROL BIONICS, INC.",0.0,150000.0,10/01/2024,09/30/2025,12/19/2024,NO_DOC_URL,"AUTHORIZE A NEW AGREEMENT WITH CONTROL BIONICS, INC. FOR HIGHLY SPECIALIZED EQUIPMENT FOR STUDENTS WITH SIGNIFICANT DISABILITIES"
2025,24-1120-PRDA01,24-1120-PRDA01-1,SMARTBOX ASSISTIVE TECHNOLOGY INC.,250000.0,250000.0,11/01/2024,10/31/2025,,NO_DOC_URL,"AUTHORIZE A NEW AGREEMENT WITH SMARTBOX ASSISTIVE TECHNOLOGY, INC. FOR AAC SUPPORTS IN EASTERN EUROPEAN LANGUAGES"
2025,24-1115-MISC15,24-1115-MISC15-1,"ABLENET, INC.",0.0,0.0,08/31/2023,08/30/2026,09/06/2023,NO_DOC_URL,"AUTHORIZE A NEW AGREEMENT WITH ABLENET, INC. FOR NO-COST SERVICES"
2025,24-1115-MISC14,24-1115-MISC14-1,DEPAUL UNIVERSITY,0.0,0.0,07/01/2023,06/30/2027,09/26/2023,NO_DOC_URL,AUTHORIZE A NEW AGREEMENT WITH DEPAUL UNIVERSITY FOR CHICAGO PUBLIC SCHOOLSCLINICAL INTERNSHIP SERVICES
2025,24-1115-MISC13,24-1115-MISC13-1,NATIONAL OPINION RESEARCH CENTER,0.0,0.0,09/01/2023,08/31/2025,11/03/2023,NO_DOC_URL,AUTHORIZE A NEW AGREEMENT WITH NATIONAL OPINION RESEARCH CENTER FOR RESEARCH SERVICES
2025,24-1113-MISC12,24-1113-MISC12-1,National Louis University,0.0,0.0,07/01/2023,06/30/2027,09/14/2023,NO_DOC_URL,CHICAGO PUBLIC SCHOOLSCLINICAL INTERNSHIP AGREEMENT(National Louis University)
2025,24-1113-MISC11,24-1113-MISC11-1,CITY OF CHICAGO,0.0,12500.0,09/20/2023,11/24/2024,09/20/2023,NO_DOC_URL,GRANT AGREEMENTBETWEEN CITY OF CHICAGOAND THE BOARD OF EDUCATION OF THE CITY OF CHICAGO
2025,24-1113-MISC09,24-1113-MISC09-1,THE UNIVERSITY OF CHICAGO,0.0,0.0,08/01/2024,07/31/2025,08/01/2024,NO_DOC_URL,RENEWAL #2TO THE MASTER RESEARCH SERVICES AGREEMENT(CRIME AND EDUCATION LAB)(THE UNIVERSITY OF CHICAGO)
2025,24-1105-MISC08,24-1105-MISC08-1,NATIONAL MUSEUM OF MEXICAN ART,0.0,0.0,10/01/2023,09/30/2029,08/06/2023,NO_DOC_URL,NATIONAL MUSEUM OF MEXICAN ARTMEMORANDUM OF UNDERSTANDING
2025,24-1105-MISC07,24-1105-MISC07-1,YOUTH GUIDANCE,0.0,0.0,10/01/2023,09/30/2029,08/06/2023,NO_DOC_URL,YOUTH GUIDANCEMemorandum of Understanding
2025,24-1105-MISC06,24-1105-MISC06-1,FAMILY FOCUS LEGACY,0.0,0.0,10/01/2023,09/30/2029,08/08/2023,NO_DOC_URL,FAMILY FOCUSMemorandum of Understanding
2025,24-1105-MISC05,24-1105-MISC05-1,UNION LEAGUE BOYS  AND GIRLS CLUBS,0.0,0.0,07/01/2021,06/30/2026,05/19/2021,NO_DOC_URL,UNION LEAGUE BOYS AND GIRLS CLUB 21ST CENTURY COMMUNITY LEARNING CENTERS
2025,24-1105-MISC04,24-1105-MISC04-1,Board of Trustees of Community College District No 508 dba City Colleges of Chicago,0.0,0.0,05/27/2021,05/31/2026,08/17/2022,NO_DOC_URL,FIRST AMENDMENT TO MOU FOR TEACH CHICAGO TOMORROW PROGRAM
2025,24-1105-MISC03,24-1105-MISC03-1,LEWIS UNIVERSITY,0.0,0.0,07/01/2023,06/30/2027,11/20/2023,NO_DOC_URL,CHICAGO PUBLIC SCHOOLS CLINICAL INTERNSHIP AGREEMENT (LEWIS UNIVERSITY)
2025,24-1101-PR9,24-1101-PR9-1,DELTA DENTAL OF ILLINOIS,51000000.0,51000000.0,01/01/2025,12/31/2027,11/19/2025,11010 Talent Office,AUTHORIZE A NEW AGREEMENT WITH DELTA DENTAL OF ILLINOIS FOR DPPO AND DHMO INSURANCE SERVICES (DENTAL PPO AND DENTAL HMO INSURANCE)
2025,24-1101-PR7,24-1101-PR7-1,APPLE INC.,27144518.0,27144518.0,11/01/2024,10/31/2025,11/13/2024,12510 Information & Technology Services,"AUTHORIZE THE FIRST RENEWAL AGREEMENT WITH APPLE INC. FOR THE PURCHASE OF HARDWARE, SOFTWARE AND SERVICES"
2025,24-1101-PR2,24-1101-PR2-1,"BAKER TILLY US, LLP",810000.0,810000.0,04/01/2025,03/31/2026,11/14/2024,12410 Accounting,"AUTHORIZE THE FIRST RENEWAL AGREEMENT WITH BAKER TILLY US, LLP FOR EXTERNAL AUDITING SERVICES."
2025,24-1101-PR10,24-1101-PR10-1,"LUXOTTICA OF AMERICA, INC. DBA EYEMED VISION CARE LLC",12900000.0,12900000.0,01/01/2025,12/31/2027,,11010 Talent Office,"AUTHORIZE A NEW AGREEMENT WITH LUXOTTICA OF AMERICA, INC. DBA EYEMED VISION CARE LLC FOR VISION INSURANCE SERVICES"
2025,24-1101-MISC02,24-1101-MISC02-1,NORTHEASTERN ILLINOIS UNIVERSITY,0.0,0.0,08/06/2023,06/30/2027,08/06/2023,NO_DOC_URL,CHICAGO PUBLIC SCHOOLSCLINICAL INTERNSHIP AGREEMENT(NORTHEASTERN ILLINOIS UNIVERSITY)
2025,24-1101-MISC01,24-1101-MISC01-1,LOYOLA UNIVERSITY OF CHICAGO,0.0,0.0,07/01/2023,06/30/2027,08/26/2023,NO_DOC_URL,AUTHORIZE A NEW AGREEMENT WITH LOYOLA UNIVERSITY OF CHICAGO FOR CLINICAL INTERNSHIP SERVICES
2025,24-1030-PRDA21,24-1030-PRDA21-1,"BLAIDA AND ASSOCIATES, LLC",0.0,232591.0,01/01/2024,12/31/2025,11/21/2024,NO_DOC_URL,AMENDMENT FOR BOARD REPORT # 23-1206-PRDA03AUTHORIZE THE SECOND (FINAL) RENEWAL AGREEMENT WITH DEREK A. BLAIDA DBA BLAIDA AND ASSOCIATES LLC FOR LEGISLATIVE CONSULTING SERVICES.
2025,24-1030-PRDA20,24-1030-PRDA20-1,"INSPIRA FINANCIAL HEALTH, INC.",0.0,160000.0,01/01/2025,12/31/2025,11/08/2024,NO_DOC_URL,"AUTHORIZE A NEW AGREEMENT WITH INSPIRA FINANCIAL HEALTH, INC. FOR COBRA ADMINSTRATION SERVICES"
2025,24-1030-PRDA19,24-1030-PRDA19-1,WEBSTER BANK N.A.,0.0,150000.0,01/01/2025,12/31/2026,12/14/2024,NO_DOC_URL,AUTHORIZE A NEW AGREEMENT WITH WEBSTER BANK N.A. DBA HSA BANK FOR MEDICAL AND DEPENDENT CARE FLEXIBLE SPENDING ACCOUNT (FSA) ADMINISTRATIVE SERVICES
2025,24-1029-MISC10,24-1029-MISC10-1,SAINT XAVIER UNIVERSITY,0.0,0.0,07/01/2023,06/30/2027,08/26/2023,NO_DOC_URL,AUTHORIZE A NEW AGREEMENT WITH ST. XAVIER UNIVERSITY FOR CHICAGO PUBLIC SCHOOLS CLINICAL INTERNSHIP SERVICES
2025,24-1025-PRDA18,24-1025-PRDA18-1,SCHOOLMINT INC,743000.0,743000.0,03/01/2024,08/31/2025,03/03/2025,NO_DOC_URL,"AMEND 23-1025-PR3AUTHORIZE THE SECOND (FINAL) RENEWAL AGREEMENT WITH SCHOOLMINT FOR STUDENT APPLICATION, ASSIGNMENT AND ENROLLMENT MANAGEMENT SERVICES"
2025,24-1025-PRDA17,24-1025-PRDA17-1,"ALTA LANGUAGE SERVICES, INC",50000.0,50000.0,01/01/2025,12/31/2025,12/06/2024,NO_DOC_URL,"AUTHORIZE THE FIRST RENEWAL AGREEMENT WITH ALTA LANGUAGE SERVICES, INC FOR SEAL OF BILITERACY TESTING IN ADDITIONAL LANGUAGES"
2025,24-1025-PRDA15,24-1025-PRDA15-1,"PAYSCALE, INC.",0.0,135800.0,06/17/2024,06/16/2027,06/17/2024,NO_DOC_URL,"AUTHORIZE A NEW SOFTWARE LICENSE AGREEMENT WITH PAYSCALE, INC FOR JOB DESCRIPTION MANAGEMENT SOFTWARE"
2025,24-1025-MISC08,24-1025-MISC08-1,THE PUERTO RICAN CULTURAL CENTER,0.0,0.0,07/01/2021,06/30/2026,05/19/2021,NO_DOC_URL,21ST CENTURY COMMUNITY LEARNING CENTERSMEMORANDUM OF UNDERSTANDING(THE PUERTO RICAN CULTURAL CENTER)
2025,24-1025-MISC07,24-1025-MISC07-1,COLUMBIA COLLEGE CHICAGO,0.0,0.0,07/01/2021,06/30/2026,05/19/2021,NO_DOC_URL,21ST CENTURY COMMUNITY LEARNING CENTERSMEMORANDUM OF UNDERSTANDING (COLUMBIA COLLEGE CHICAGO)
2025,24-1023-PRDA13,24-1023-PRDA13-1,CARAHSOFT TECHNOLOGY CORPORATION,0.0,363022.83,10/24/2024,10/23/2025,10/24/2024,NO_DOC_URL,"AUTHORIZE THE SECOND AND FINAL RENEWAL AGREEMENT WITH CARAHSOFT TECHNOLOGY CORP. FOR THE LICENSING OF SALESFORCE, TABLEAU AND SERVICE LEVEL AGREEMENTS"
2025,24-1021-PRDA12,24-1021-PRDA12-1,SMARTSHEET INC,0.0,178580.0,07/23/2024,07/22/2025,01/27/2025,NO_DOC_URL,"AUTHORIZE A NEW SOFTWARE LICENSE AGREEMENT WITH SMARTSHEET, INC. FOR PROJECT PORTFOLIO MANAGEMENT TOOL (PPM) AND RELATED SERVICES"
2025,24-1017-PRDA11,24-1017-PRDA11-1,"R.V. KUHNS & ASSOCIATES, INC. DBA RVK, INC.",0.0,0.0,01/01/2025,12/31/2025,,NO_DOC_URL,"AUTHORIZE A NEW AGREEMENT WITH R.V. KUHNS &amp; ASSOCIATES, INC. FOR RETIREMENT PLANS CONSULTING SERVICES"
2025,24-1016-PRDA10,24-1016-PRDA10-1,FRONTLINE TECHNOLOGIES GROUP LLC DBA FRONTLINE EDUCATION,0.0,180000.0,07/01/2022,06/30/2023,05/05/2025,NO_DOC_URL,AUTHORIZE A NEW AGREEMENT AND THE FIRST AND SECOND (FINAL) RENEWALS WITH FRONTLINE TECHNOLOGIES GROUP LLC FOR AUTOMATED SUBSTITUTE ASSIGNMENT SOFTWARE
2025,24-1015-MISC06,24-1015-MISC06-1,DEEPERLIFE BIBLE CHURCH,0.0,9504.0,04/01/2022,03/31/2027,12/03/2021,NO_DOC_URL,"SHARED USER AGREEMENT FOR 3125 W. 59TH STREET, CHICAGO, ILLINOIS WITH DEEPER LIFE BIBLE CHURCH"
2025,24-1011-PRDA09,24-1011-PRDA09-1,AMERICAN INSTITUTES FOR RESEARCH IN THE BEHAVIORAL SCIENCES DBA AMERICAN INSTITUTES FOR RESEARCH,0.0,268322.0,06/01/2023,05/31/2026,07/27/2023,NO_DOC_URL,AUTHORIZE A NEW AGREEMENT WITH AMERICAN INSTITUTES FOR RESEARCH IN THE BEHAVIORAL SCIENCES FOR RESEARCH EVALUATION SERVICES
2025,24-1011-PRDA08,24-1011-PRDA08-1,Board of Trustees of the University of Illinois DBA University of Illinois,0.0,40000.0,10/01/2024,09/30/2025,08/22/2025,NO_DOC_URL,AUTHORIZE THE FIRST RENEWAL AGREEMENT WITH THE BOARD OF TRUSTEES OF THE UNIVERSITY OF ILLINOIS DBA UNIVERSITY OF ILLINOIS FOR HEALTHY CPS DATA ANALYSIS SERVICES
2025,24-1010-PRDA06,24-1010-PRDA06-1,MESIROW INSURANCE SERVICES INC.,0.0,235000.0,03/01/2025,02/28/2026,03/04/2025,NO_DOC_URL,AUTHORIZE THE FIRST RENEWAL AGREEMENT WITH MESIROW INSURANCE SERVICES FOR INSURANCE BROKERAGE AND CONSULTING SERVICES
2025,24-1003-PRDA04,24-1003-PRDA04-1,RUSH UNIVERSITY MEDICAL CENTER,0.0,287070.0,10/01/2024,09/30/2025,07/16/2025,NO_DOC_URL,AUTHORIZE A NEW AGREEMENT WITH RUSH UNIVERSITY MEDICAL CENTER DBA NEUROBEHAVIORAL CENTER FOR RUSH-MENTAL HEALTH AND SUBSTANCE USE SERVICES
2025,24-1003-PRDA03,24-1003-PRDA03-1,NORTHWESTERN  UNIVERSITY,150000.0,150000.0,03/01/2025,02/28/2026,05/15/2025,NO_DOC_URL,AUTHORIZE A NEW AGREEMENT WITH NORTHWESTERN UNIVERSITY FOR SENIOR LEADERSHIP EXECUTIVE TRAINING SERVICES
2025,24-1003-PRDA02,24-1003-PRDA02-1,RENAISSANCE KNIGHTS FOUNDATION,0.0,170000.0,11/01/2023,10/31/2024,,NO_DOC_URL,AMEND 24-0809-PRDA08AUTHORIZE THE SECOND (FINAL) RENEWAL AGREEMENT WITH RENAISSANCE KNIGHTS FOUNDATION FOR CHESS TOURNAMENT SERVICES
2025,24-1003-MISC05,24-1003-MISC05-1,COLUMBIA COLLEGE CHICAGO,0.0,221765.0,08/01/2024,06/30/2027,09/13/2024,NO_DOC_URL,MEMORANDUM OF UNDERSTANDINGBETWEENTHE BOARD OF EDUCATION OF THE CITY OF CHICAGOAND COLUMBIA COLLEGE CHICAGOFOR DUAL CREDIT PARTNERSHIP FOR RE:ALIZE
2025,24-1003-MISC04,24-1003-MISC04-1,DEPAUL UNIVERSITY,0.0,0.0,06/01/2024,12/31/2027,08/15/2024,NO_DOC_URL,MEMORANDUM OF UNDERSTANDING BETWEEN THE BOARD OF EDUCATION OF THE CITY OF CHICAGO AND DEPAUL UNIVERSITY
2025,24-1003-MISC03,24-1003-MISC03-1,Board of Trustees of the University of Illinois DBA University of Illinois,0.0,0.0,07/01/2024,06/30/2027,09/03/2024,NO_DOC_URL,CHICAGO PUBLIC SCHOOL CLINICAL INTERNSHIP AGREEMENTThe Board of Trustees of The University of Illinois
2025,24-1003-MISC02,24-1003-MISC02-1,"CRICKET MEDIA, INC",0.0,0.0,08/28/2023,08/28/2028,09/18/2023,NO_DOC_URL,CONTENT LICENSE AGREEMENT
2025,24-1003-MISC01,24-1003-MISC01-1,DEPAUL UNIVERSITY,0.0,0.0,04/01/2023,09/30/2027,01/26/2023,NO_DOC_URL,MEMORANDUM OF UNDERSTANDING (MOU)CHICAGO STRIDE PROJECT
2025,24-1001-PRDA01,24-1001-PRDA01-1,"5 STAR INTERPRETING CHICAGO, LLC",0.0,108000.0,07/01/2023,06/30/2025,,NO_DOC_URL,23-0522-CPOR-8019 previous
2025,24-0930-PRDA12,24-0930-PRDA12-1,"MANSON WESTERN, LLC",250000.0,250000.0,12/01/2024,11/30/2025,10/17/2024,NO_DOC_URL,"AUTHORIZE THE SECOND (FINAL) RENEWAL AGREEMENT WITH MULTI-HEALTH SYSTEMS, INC., MANSON WESTERN, LLC DBA WESTERN PSYCHOLOGICAL SERVICES (WPS) FOR DIGITAL ASSESMENT AND EVALUATION TOOLS"
2025,24-0930-MISC20,24-0930-MISC20-1,"HEARTLAND ALLIANCE INTERNATIONAL, LLC",0.0,0.0,09/30/2021,09/29/2026,09/30/2021,NO_DOC_URL,MASTER SITE LICENSE AND DATA SHARING AGREEMENTBETWEEN THE BOARD OF EDUCATION OF CITY OF CHICAGO AND HEARTLAND HEALTH CENTER
2025,24-0930-MISC19,24-0930-MISC19-1,"SGA YOUTH & FAMILY SERVICES, NFP",0.0,0.0,09/01/2021,08/31/2026,03/15/2021,NO_DOC_URL,MEMORANDUM OF UNDERSTANDING FOR PURPOSES OF A U.S. DEPARTMENT OF EDUCATION NOTICE FOR APPLICATIONS FOR NEW AWARDS PROMISE NEIGHBORHOODS GRANT PROGRAM
2025,24-0927-PRDA11,24-0927-PRDA11-1,Fernando Avila dba Social Impact Films,0.0,93750.0,01/01/2024,12/31/2024,09/27/2024,NO_DOC_URL,AMEND BOARD REPORT 24-0617-PRDA09AUTHORIZE THE FIRST RENEWAL AGREEMENT WITH FERNANDO AVILA DBA SOCIAL IMPACT FILMS FOR COMPLIANCE TRAININGS
2025,24-0926-PR3,24-0926-PR3-1,CINTAS CORPORATION NO. 2,44750000.0,44750000.0,10/01/2024,09/30/2027,04/09/2025,11880 Facility Opers & Maint - City Wide;11880 Facility Opers & Maint - City Wide,AUTHORIZE A NEW AGREEMENT WITH CINTAS CORPORATION NO. 2 FOR THE PURCHASE OF CUSTODIAL CONSUMABLES/SUPPLIES
2025,24-0926-PR2,24-0926-PR2-1,"JONES LANG LASALLE AMERICAS, INC.",250353610.0,250353610.0,07/01/2024,06/30/2026,02/05/2025,11880 Facility Opers & Maint - City Wide;11880 Facility Opers & Maint - City Wide,"AMEND BOARD REPORT 24-0222-PR6AUTHORIZE THE FIRST RENEWAL AGREEMENT WITH JONES LANG LASALLE AMERICAS, INC. FOR FACILITY MANAGEMENT AND BUILDING ENGINEERING SERVICES"
2025,24-0926-PR1,24-0926-PR1-128,YOUNG MEN'S CHRISTIAN ASSOCIATION OF CHICAGO DBA YMCA OF METROPOLITAN CHICAGO,0.0,45000000.0,07/01/2024,12/31/2024,11/11/2024,11371 Student Support and Engagement;14050 Office of Student Health & Wellness;14051 City Wide Office of Student Health and Wellness;10870 College and Career Success Office,AMEND BOARD REPORT 24-0627-PR2AUTHORIZE THE PRE-QUALIFICATION STATUS OF AND NEW AGREEMENTS WITH VARIOUS VENDORS TO PROVIDE OUT OF SCHOOL TIME AND STUDENT HEALTH AND WELLNESS PRODUCTS AND SERVICES
2025,24-0925-PRDA10,24-0925-PRDA10-1,"LAKESHORE PARENT LLC DBA LAKESHORE LEARNING MATERIALS, LLC",0.0,250000.0,08/01/2024,07/31/2025,01/31/2025,NO_DOC_URL,"AUTHORIZE THE FIRST RENEWAL AGREEMENT WITH LAKESHORE PARENT LLC DBA LAKESHORE LEARNING MATERIALS, LLC FOR ASSESSMENT FOR STUDENTS REQUIRING SIGNIFICANTLY MODIFIED INSTRUCTION"
2025,24-0919-PRDA09,24-0919-PRDA09-1,CORDANCE OPERATIONS LLC,0.0,75000.0,11/10/2024,11/09/2025,10/04/2024,NO_DOC_URL,AUTHORIZE THE FIRST RENEWAL AGREEMENT WITH CAMPUS KAIZEN FOR CASE MANAGEMENT SOFTWARE SERVICES
2025,24-0918-MISC18,24-0918-MISC18-1,AMERICA SCORES CHICAGO,0.0,0.0,07/01/2022,08/31/2026,04/21/2022,NO_DOC_URL,21ST CENTURY COMMUNITY LEARNING CENTERS MEMORANDUM OF UNDERSTANDING
2025,24-0918-MISC17,24-0918-MISC17-1,BOYS & GIRLS CLUBS OF CHICAGO,0.0,0.0,07/01/2022,08/31/2026,04/21/2022,NO_DOC_URL,21ST CENTURY COMMUNITY LEARNING CENTERS MEMORANDUM OF UNDERSTANDING
2025,24-0917-MISC16,24-0917-MISC16-1,METROPOLITAN FAMILY SERVICES,0.0,0.0,07/01/2022,08/31/2026,04/22/2022,NO_DOC_URL,MEMORANDUM OF UNDERSTANDING21st CENTURY COMMUNITY LEARNING CENTERSMETROPOLITAN FAMILY SERVICES AND YMCA OF METROPOLITAN CHICAGO
2025,24-0917-MISC15,24-0917-MISC15-1,METROPOLITAN FAMILY SERVICES,0.0,0.0,07/01/2022,08/31/2026,04/22/2022,NO_DOC_URL,MEMORANDUM OF UNDERSTANDING21st CENTURY COMMUNITY LEARNING CENTERSMETROPOLITAN FAMILY SERVICES AND YMCA OF METROPOLITAN CHICAGO
2025,24-0917-MISC14,24-0917-MISC14-1,CONCORDIA UNIVERSITY,0.0,0.0,07/01/2023,06/30/2027,08/22/2023,NO_DOC_URL,"CHICAGO PUBLIC SCHOOLSCLINICAL INTERNSHIP AGREEMENT(CONCORDIA UNIVERSITY, INC.)"
2025,24-0913-PRDA08,24-0913-PRDA08-1,"LESSONPIX, INC.",50400.0,50400.0,04/01/2024,03/31/2025,12/10/2024,NO_DOC_URL,"AUTHORIZE A NEW AGREEMENT WITH LESSONPIX, LLC. FOR VISUAL SUPPORTS FOR STUDENTS WITH DISABILITIES SERVICES"
2025,24-0912-MISC13,24-0912-MISC13-1,UNION LEAGUE BOYS  AND GIRLS CLUBS,0.0,0.0,07/01/2022,08/31/2026,04/21/2022,NO_DOC_URL,21ST CENTURY COMMUNITY LEARNING CENTERS MEMORANDUM OF UNDERSTANDING
2025,24-0912-MISC12,24-0912-MISC12-1,METROPOLITAN FAMILY SERVICES,0.0,0.0,07/01/2022,08/31/2026,04/21/2022,NO_DOC_URL,21ST CENTURY COMMUNITY LEARNING CENTERSMEMORANDUM OF UNDERSTANDING
2025,24-0911-PRDA07,24-0911-PRDA07-1,WEST PUBLISHING CORPORATION DBA ODEN DBA SERENGETI LAW,0.0,75000.0,09/01/2024,08/31/2025,09/27/2024,NO_DOC_URL,AUTHORIZE THE SECOND (FINAL) RENEWAL AGREEMENT WITH WEST PUBLISHING CORPORATION DBA THOMASON REUTERS FOR ONLINE LEGAL RESEARCH AND THE ADDITION OF PEOPLEMAP APPLICATION
2025,24-0911-MISC11,24-0911-MISC11-1,CHICAGO YOUTH CENTERS,0.0,0.0,07/01/2022,08/31/2026,04/21/2022,NO_DOC_URL,21ST CENTURY COMMUNITY LEARNING CENTERS MEMORANDUM OF UNDERSTANDING
2025,24-0911-MISC10,24-0911-MISC10-1,NORTHWESTERN  UNIVERSITY,0.0,0.0,07/01/2023,06/30/2027,08/28/2023,NO_DOC_URL,CHICAGO PUBLIC SCHOOLS CLINICAL INTERNSHIP AGREEMENT
2025,24-0911-MISC09,24-0911-MISC09-1,Massachusetts Institute of Technology,0.0,0.0,06/22/2023,06/21/2027,06/30/2023,NO_DOC_URL,NO-COST RESEARCH SERVICES AGREEMENT
2025,24-0911-MISC08,24-0911-MISC08-1,CHICAGO ARTS PARTNERSHIPS IN EDUCATION DBA CAPE,0.0,0.0,07/01/2022,08/31/2026,04/21/2022,NO_DOC_URL,21ST CENTURY COMMUNITY LEARNING CENTERS MEMORANDUM OF UNDERSTANDING
2025,24-0910-PRDA06,24-0910-PRDA06-1,THE VARIABLE ANNUITY LIFE INSURANCE COMPANY (VALIC),0.0,0.0,01/01/2025,12/31/2026,,NO_DOC_URL,AUTHORIZE THE FIRST RENEWAL AGREEMENT WITH VARIABLE ANNUITY LIFE INSURANCE COMPANY FOR DEFINED CONTRIBUTION RETIREMENT SERVICES.
2025,24-0910-MISC07,24-0910-MISC07-1,"NCS PEARSON, INC.",0.0,0.0,01/02/2023,08/31/2025,01/09/2023,NO_DOC_URL,"DATA SHARING AGREEMENT(NCS Pearson, Inc.)"
2025,24-0909-PRDA05,24-0909-PRDA05-1,"IEM INTERNATIONAL, INC.",0.0,250000.0,10/01/2024,09/30/2025,10/18/2024,NO_DOC_URL,"AUTHORIZE THE SECOND (FINAL) RENEWAL AGREEMENT WITH INNOVATIVE EMERGENCY MANAGEMENT, INC. FOR FEMA REIMBURSEMENT SERVICES"
2025,24-0909-PRDA04,24-0909-PRDA04-1,"AVANT ASSESSMENT, LLC",337500.0,337500.0,01/01/2025,12/31/2025,12/20/2024,NO_DOC_URL,"AUTHORIZE THE SECOND (FINAL) RENEWAL AGREEMENT WITH AVANT ASSESSMENT, LLC FOR LANGUAGE PROFICIENCY TESTING SERVICES"
2025,24-0909-MISC06,24-0909-MISC06-1,BOARD OF TRUSTEES ILLINOIS STATE UNIVERSITY DBA ILLINOIS STATE UNIVERSITY,0.0,0.0,07/01/2023,06/30/2027,07/17/2023,NO_DOC_URL,ILLINOIS STATE UNIVERSITY FIRST RENEWAL AGREEMENT
2025,24-0909-MISC05,24-0909-MISC05-1,ILLINOIS INSTITUTE OF TECHNOLOGY,0.0,0.0,12/12/2023,12/11/2026,01/08/2024,NO_DOC_URL,"ILLINOIS INSTITUTE OF TECHNOLOGY, THE BOARD OF EDUCATION OF THE CITY OF CHICAGO, AND THE BOARD OF TRUSTEES OF COMMUNITY COLLEGE DISTRICT, DISTRICT NO.508 COLLABORATION AGREEMENT"
2025,24-0909-MISC04,24-0909-MISC04-1,Board of Trustees of the University of Illinois DBA University of Illinois,0.0,0.0,10/01/2023,09/30/2028,10/06/2023,NO_DOC_URL,MEMORANDUM OF UNDERSTANDINGBETWEEN THE BOARD OF EDUCATION OF THE CITY OF CHICAGOAND UNIVERSITY OF ILLINOIS AT CHICAGO
2025,24-0903-PRDA02,24-0903-PRDA02-1,ADVANCE SECURITY RESOURCES LLC,0.0,196100.0,09/01/2024,08/31/2025,09/03/2024,NO_DOC_URL,"AUTHORIZE A NEW AGREEMENT WITH ADVANCE SECURITY RESOURCES LLC FOR THE PURCHASE OF WALK-THROUGH METAL DETECTORS AND RELATED INSTALLATION, MAINTENANCE AND TRAINING SERVICES"
2025,24-0903-PRDA01,24-0903-PRDA01-1,"SCENARIO LEARNING, LLC DBA VECTOR SOLUTIONS",0.0,75000.0,05/31/2024,05/29/2025,09/10/2024,NO_DOC_URL,"AUTHORIZE THE SECOND (FINAL) RENEWAL AGREEMENT WITH SCENARIO LEARNING, LLC, d/b/a VECTOR SOLUTIONS FOR SOFTWARE LICENSE AND SERVICES AGREEMENT"
2025,24-0903-MISC03,24-0903-MISC03-1,METROPOLITAN FAMILY SERVICES,0.0,0.0,10/01/2022,09/30/2028,09/10/2022,NO_DOC_URL,METROPOLITAN FAMILY SERVICES MOU
2025,24-0903-MISC02,24-0903-MISC02-1,CITY OF CHICAGO,0.0,0.0,12/01/2022,07/01/2027,12/02/2022,NO_DOC_URL,"INTERGOVERNMENTAL AGREEMENT BETWEEN THE CITY OF CHICAGODEPARTMENT OF PUBLIC HEALTH,AND THE BOARD OF EDUCATION OF THE CITY OF CHICAGOFOR THE HEALTHY CPS PARTNERSHIP"
2025,24-0903-MISC01,24-0903-MISC01-1,"TNTP, INC.",0.0,0.0,04/01/2023,03/31/2026,03/17/2023,NO_DOC_URL,"TNTP, INC DATA SHARING AGREEMENT"
2025,24-0830-MISC25,24-0830-MISC25-1,THE UNIVERSITY OF CHICAGO,0.0,0.0,08/01/2024,07/31/2025,08/21/2024,NO_DOC_URL,RENEWAL #2TO THE MASTER RESEARCH SERVICES AGREEMENT(UChicago Inclusive Economy Lab)(The University of Chicago)
2025,24-0830-MISC24,24-0830-MISC24-1,DRAKE UNIVERSITY,0.0,0.0,07/01/2023,06/30/2027,08/19/2024,NO_DOC_URL,CLINICAL INTERNSHIP AGREEMENT(Drake University)
2025,24-0829-PR6,24-0829-PR6-1,JOHNSON CONTROLS FIRE PROTECTION LP,1000000.0,1000000.0,10/01/2024,09/30/2025,09/23/2024,11880 Facility Opers & Maint - City Wide;11880 Facility Opers & Maint - City Wide,AUTHORIZE THE SECOND RENEWAL AGREEMENT WITH JOHNSON CONTROLS FIRE PROTECTION LP FOR FIRE SUPPRESSION SYSTEM MAINTENANCE AND REPAIR SERVICES
2025,24-0829-PR5,24-0829-PR5-1,JOHNSON CONTROLS FIRE PROTECTION LP,900000.0,900000.0,10/01/2024,09/30/2025,03/31/2025,11880 Facility Opers & Maint - City Wide;11880 Facility Opers & Maint - City Wide,AUTHORIZE THE SECOND RENEWAL AGREEMENT WITH JOHNSON CONTROLS FIRE PROTECTION LP FOR FIRE SUPPRESSION ANSUL AND EXHAUST SYSTEM MAINTENANCE AND REPAIR SERVICES
2025,24-0829-PR4,24-0829-PR4-1,CHICAGO FIRE PROTECTION LLC,2044878.0,2044878.0,10/01/2024,09/30/2025,09/10/2024,11880 Facility Opers & Maint - City Wide;11880 Facility Opers & Maint - City Wide,AUTHORIZE THE SECOND RENEWAL AGREEMENT WITH CHICAGO FIRE PROTECTION LLC FOR FIRE ALARM SYSTEM MAINTENANCE AND REPAIR SERVICES
2025,24-0829-PR2,24-0829-PR2-1,"CIMPAR, S.C.",6000000.0,6000000.0,09/01/2024,08/31/2025,09/23/2024,14050 Office of Student Health & Wellness,"AUTHORIZE A NEW AGREEMENT WITH CIMPAR, S.C. FOR VACCINATION AND SCHOOL PHYSICAL SERVICES"
2025,24-0829-PR10,24-0829-PR10-1,"ACCURATE BIOMETRICS, INC.",1930000.0,1930000.0,11/01/2024,10/31/2025,01/06/2025,10610 School Safety and Security Office,"AUTHORIZE THE FIRST RENEWAL AGREEMENT WITH ACCURATE BIOMETRICS, INC FOR COMPREHENSIVE FINGERPRINTING AND RELATED SERVICES"
2025,24-0829-PR1,24-0829-PR1-1,ACT EDUCATION CORP.,2500000.0,2500000.0,09/01/2024,08/31/2026,11/13/2024,11210 Student Assessment and MTSS,AUTHORIZE A NEW AGREEMENT WITH ACT EDUCATION CORP. FOR ACT TESTING SERVICES
2025,24-0829-OP1,24-0829-OP1-1,,0.0,20000.0,,08/28/2025,03/31/2025,NO_USER_UNIT,SALE OF THE FORMER BUILDING C OF GEORGE WASHINGTON CARVER PRIMARY SCHOOL TO PEOPLE FOR COMMUNITY RECOVERY
2025,24-0829-EX2,24-0829-EX2-21,"LEARN-IT SYSTEMS, LLC",0.0,100000000.0,09/01/2022,08/31/2027,09/13/2024,NO_USER_UNIT,AMEND BOARD REPORT 22-0824-EX2 AUTHORIZE THE NEW AGREEMENT FOR PROVIDING EDUCATIONAL SERVICES TO NON-PUBLIC SCHOOLS IN CHICAGO PURSUANT TO THE EVERY STUDENT SUCCEEDS ACT (ESSA) TITLE I FEDERAL ENTITLEMENT PROGRAM
2025,24-0828-MISC23,24-0828-MISC23-1,THE UNIVERSITY OF CHICAGO,0.0,0.0,08/01/2024,07/31/2025,08/09/2024,NO_DOC_URL,RENEWAL #2TO THE NO-COST SERVICES AGREEMENT(Middle Grades Network)(The University of Chicago)
2025,24-0828-MISC22,24-0828-MISC22-1,THE UNIVERSITY OF CHICAGO,0.0,0.0,07/01/2023,06/30/2027,07/22/2024,NO_DOC_URL,CLINICAL INTERNSHIP AGREEMENT(University of Chicago)
2025,24-0827-MISC21,24-0827-MISC21-1,"CENTRAL STATES SER, JOBS FOR PROGRESS, INC.",0.0,0.0,07/01/2022,08/31/2026,04/21/2022,NO_DOC_URL,21ST CENTURY COMMUNITY LEARNING CENTERS MEMORANDUM OF UNDERSTANDING
2025,24-0827-MISC20,24-0827-MISC20-1,CAROLE ROBERTSON CENTER FOR LEARNING,0.0,0.0,07/01/2022,08/31/2026,04/21/2022,NO_DOC_URL,21ST CENTURY COMMUNITY LEARNING CENTERS MEMORANDUM OF UNDERSTANDING
2025,24-0827-MISC19,24-0827-MISC19-1,BOYS & GIRLS CLUBS OF CHICAGO,0.0,0.0,07/01/2022,08/31/2026,04/21/2022,NO_DOC_URL,21ST CENTURY COMMUNITY LEARNING CENTERS MEMORANDUM OF UNDERSTANDING
2025,24-0827-MISC18,24-0827-MISC18-1,LOYOLA UNIVERSITY OF CHICAGO,0.0,0.0,10/01/2023,09/30/2029,08/06/2023,NO_DOC_URL,LOYOLA UNIVERSITY MEMORANDUM OF UNDERSTANDING
2025,24-0827-MISC17,24-0827-MISC17-1,COMMONLIT INC.,0.0,500.0,09/25/2023,09/24/2024,09/25/2023,NO_DOC_URL,CUSTOM READING PASSAGES FOR CURRICULUM DESIGN PREPARED FOR CHICAGO PUBLICSCHOOLS(IL)
2025,24-0827-MISC16,24-0827-MISC16-1,ANN & ROBERT H LURIE CHILDRENS HOSPITAL OF CHICAGO,0.0,0.0,03/08/2022,12/31/2026,03/24/2022,NO_DOC_URL,"TRAVEL SERVICES AGREEMENTLAKELAND TOURS, LLC d/b/a WORLDSTRIDES"
2025,24-0827-MISC15,24-0827-MISC15-1,Board of Trustees of the University of Illinois DBA University of Illinois,0.0,0.0,12/01/2022,11/30/2031,,NO_DOC_URL,MASTER SITE LICENSE AND DATA SHARING AGREEMENT BETWEEN THE BOARD OF EDUCATION OF CITY OF CHICAGO AND THE BOARD OF TRUSTEES OF THE UNIVERSITY OF ILLINOIS
2025,24-0827-MISC14,24-0827-MISC14-1,NORTHWESTERN  UNIVERSITY,0.0,0.0,09/22/2023,09/21/2024,11/14/2023,NO_DOC_URL,AGREEMENT EXERCISING THE THIRD AND FINAL OPTION TO RENEW THE MASTER RESEARCH SERVICES AGREEMENT
2025,24-0824-MISC13,24-0824-MISC13-1,GRANICUS LLC,0.0,85000.0,03/01/2023,02/28/2026,02/13/2024,NO_DOC_URL,"SERVICE AGREEMENT BETWEEN GRANICUS, LLC AND CPS"
2025,24-0824-MISC12,24-0824-MISC12-1,METROPOLITAN FAMILY SERVICES,0.0,0.0,10/01/2023,09/30/2029,08/06/2023,NO_DOC_URL,METROPOLITAN FAMILY SERVICES MEMORANDUM OF UNDERSTANDING
2025,24-0822-PRDA17,24-0822-PRDA17-1,GRANICUS LLC,0.0,250000.0,04/01/2024,06/30/2025,08/23/2024,NO_DOC_URL,"AUTHORIZE A NEW SOFTWARE LICENSE AGREEMENT WITH GRANICUS, LLC FOR BOARD PRODUCTION SOFTWARE"
2025,24-0820-PRDA16,24-0820-PRDA16-1,"MOLLY A. ISAACS-MCLEOD DBA GIFTED UNLIMITED, LLC",0.0,300000.0,01/01/2024,06/30/2027,,NO_DOC_URL,"AUTHORIZE A NEW AGREEMENT WITH MOLLY A. ISAACS-MCLEOD DBA GIFTED UNLIMITED, LLC FOR ACCELERATED PLACEMENT SERVICES"
2025,24-0819-PRDA13,24-0819-PRDA13-1,COMMUNITY ORGANIZING AND FAMILY ISSUES,0.0,108000.0,08/01/2023,07/31/2025,08/01/2024,NO_DOC_URL,AMEND CPOR 23-0707-CPOR 8046AUTHORIZE THE SECOND (FINAL) RENEWAL AGREEMENT WITH COMMUNITY ORGANIZING AND FAMILY ISSUES FOR EARLY CHILDHOOD OUTREACH PROGRAM SERVICES
2025,24-0816-MISC11,24-0816-MISC11-1,THE UNIVERSITY OF CHICAGO,0.0,0.0,08/01/2024,07/31/2025,08/01/2024,NO_DOC_URL,RENEWAL #2TO THE MASTERREASEARCH SERVICES AGREEMENTCRIME AND EDUCATION LAB(THE UNIVERSITY OF CHICAGO)
2025,24-0816-MISC10,24-0816-MISC10-1,"THE LEARNING PARTNERSHIP, LLC",0.0,0.0,08/01/2023,07/31/2026,08/31/2023,NO_DOC_URL,"NO COST MASTER RESEARCH SERVICES AGREEMENT(THE LEARNING PARTNERSHIP, LLC)"
2025,24-0814-PRDA12,24-0814-PRDA12-1,WILSON LANGUAGE TRAINING CORPORATION,0.0,273109.84,07/01/2024,06/30/2026,03/05/2025,NO_DOC_URL,AUTHORIZE A NEW AGREEMENT WITH WILSON LANGUAGE TRAINING CORP FOR THE PURCHASE OF READING SYSTEMS
2025,24-0812-PRDA11,24-0812-PRDA11-1,KTECH PRODUCTS LLC,0.0,250000.0,07/14/2024,07/13/2025,11/11/2024,NO_DOC_URL,AUTHORIZE THE SECOND (FINAL) RENEWAL AGREEMENT WITH KTECH PRODUCTS LLC FOR AUTOMATION AND ANM RPA PROJECT
2025,24-0812-PRDA10,24-0812-PRDA10-1,"AQUA ENTERPRISES, INC.",0.0,251246.29,10/01/2024,09/30/2026,09/13/2024,NO_DOC_URL,"AUTHORIZE THE SECOND AND THIRD (FINAL) RENEWAL AGREEMENT WITH AQUA ENTERPRISES, INC. DBA AQUA PURE ENTERPRISES, INC. FOR POOL CHEMICAL AND RELATED PRODUCTS"
2025,24-0812-PRDA09,24-0812-PRDA09-1,LA TIA COLLINS,0.0,65000.0,07/01/2024,06/30/2025,08/15/2024,NO_DOC_URL,AUTHORIZE A NEW AGREEMENT WITH LA TIA COLLINS FOR CHICAGO EARLY LEARNING (CEL) PROJECT COORDINATOR/ CONSULTANT SERVICES
2025,24-0809-PRDA08,24-0809-PRDA08-1,RENAISSANCE KNIGHTS FOUNDATION,0.0,149500.0,11/01/2023,10/31/2024,08/26/2023,NO_DOC_URL,AUTHORIZE THE SECOND (FINAL) RENEWAL AGREEMENT WITH RENAISSANCE KNIGHTS FOUNDATION FOR CHESS TOURNAMENT SERVICES
2025,24-0809-PRDA07,24-0809-PRDA07-1,POSITIVE COACHING ALLIANCE,0.0,100000.0,11/01/2024,10/31/2025,11/01/2024,NO_DOC_URL,AUTHORIZE THE FIRST RENEWAL AGREEMENT WITH POSITIVE COACHING ALLIANCE FOR LEADERSHIP TRAINING FOR ATHLETIC ADMINISTRATORS AND LIAISONS SERVICES
2025,24-0807-PRDA06,24-0807-PRDA06-1,NATIONAL CENTER FOR TEACHER RESIDENCIES INC,0.0,16000.0,07/01/2024,06/30/2025,,NO_DOC_URL,"AUTHORIZE AN EXTENSION WITH NATIONAL CENTER FOR TEACHER RESIDENCIES, INC. FOR NETWORK PROGRAMMING MEMBERSHIP"
2025,24-0807-PRDA05,24-0807-PRDA05-1,"AMERICAN TESTING AND INSPECTION SERVICES, LLC DBA ATIS ELEVATOR INSPECTIONS, LLC",0.0,149070.0,10/01/2024,09/30/2026,09/30/2024,NO_DOC_URL,"AUTHORIZE THE SECOND AND THIRD (FINAL) RENEWAL AGREEMENT WITH ATIS ELEVATOR INSPECTIONS, LLC FOR CONVEYANCE INSPECTION SERVICES"
2025,24-0807-MISC08,24-0807-MISC08-1,"HERITAGE SCHOOLS, INC",0.0,150000.0,01/27/2023,08/31/2024,05/15/2024,NO_DOC_URL,"AUTHORIZE A NEW AGREEMENT WITH HERITAGE SCHOOLS, INC FOR STUDENT PLACEMENT SERVICES"
2025,24-0805-PRDA04,24-0805-PRDA04-1,"JOS SERVICES, INC.",0.0,255525.0,10/01/2024,09/30/2026,10/14/2024,NO_DOC_URL,"AUTHORIZE THE SECOND AND THIRD (FINAL) RENEWAL AGREEMENT WITH JOS SERVICES, INC. FOR BACKFLOW PREVENTION SYSTEM ANNUAL TESTING SERVICES"
2025,24-0805-PRDA03,24-0805-PRDA03-1,EQUIFAX INC. DBA EQUIFAX WORKFORCE SOLUTIONS LLC,0.0,150000.0,11/01/2024,10/31/2025,09/16/2024,NO_DOC_URL,AUTHORIZE THE SECOND AND FINAL RENEWAL AGREEMENT WITH EQUIFAX WORKFORCE SOLUTIONS LLC FOR UNEMPLOYMENT SOLUTIONS SERVICES
2025,24-0805-PRDA02,24-0805-PRDA02-1,"HENDY AVENUE CONSULTING, LLC",0.0,150000.0,09/01/2024,08/31/2025,10/25/2024,NO_DOC_URL,"AUTHORIZE THE SECOND AND FINAL RENEWAL AGREEMENT WITH HENDY AVENUE CONSULTING, LLC FOR CONSULTING SUPPORT SERVICES ON PROFESSIONAL LEARNING"
2025,24-0805-PRDA01,24-0805-PRDA01-1,PRENTKE ROMICH COMPANY DBA PRC SALTILLO,225000.0,225000.0,09/01/2024,08/31/2025,08/09/2024,NO_DOC_URL,AUTHORIZE THE SECOND (FINAL) RENEWAL AGREEMENT WITH PRC-SALTILLO FOR AUGMENTATIVE/ALTERNATIVE COMMUNICATION DEVICES AND ACCESSORIES THAT ARE REQUIRED PER STUDENT IEPS
2025,24-0804-MISC07,24-0804-MISC07-1,INGENUITY INCORPORATED CHICAGO DBA INGENUITY,0.0,0.0,07/01/2022,07/05/2027,03/08/2023,NO_DOC_URL,"INGENUITY INCORPORATED, (07.06.2022-07.05.2027) RESEARCH SERVICES AND LICENSE AGREEMENT"
2025,24-0804-MISC06,24-0804-MISC06-1,LOYOLA UNIVERSITY OF CHICAGO,0.0,0.0,05/22/2023,08/31/2024,,NO_DOC_URL,MEMORANDUM OF UNDERSTANDINGBETWEEN THE BOARD OF EDUCATION OF THE CITY OF CHICAGOAND LOYOLA UNIVERSITY OF CHICAGO
2025,24-0804-MISC05,24-0804-MISC05-1,LOYOLA UNIVERSITY OF CHICAGO,0.0,0.0,07/01/2023,06/30/2027,01/06/2024,NO_DOC_URL,CHICAGO PUBLIC SCHOOLSNURSING CLINICAL AFFILIATION AGREEMENT
2025,24-0804-MISC04,24-0804-MISC04-1,ANTI-DEFAMATION LEAGUE,0.0,0.0,01/23/2024,10/31/2026,02/05/2024,NO_DOC_URL,Master Training Agreement between Anti-Defamation League (ADL) and CPS
2025,24-0804-MISC03,24-0804-MISC03-1,"Betadac Media, LLC dba StriveScan",0.0,0.0,01/15/2024,02/15/2029,02/13/2024,NO_DOC_URL,"NO COST DATA SHARING AGREEMENTBETWEEN THE BOARD OF EDUCATION OF THE CITY OF CHICAGOAND BETADAC MEDIA, LLC d/b/a STRIVESCAN"
2025,24-0804-MISC02,24-0804-MISC02-1,NORTHEASTERN ILLINOIS UNIVERSITY,0.0,150000.0,12/22/2023,12/21/2024,02/13/2024,NO_DOC_URL,AGREEMENT EXERCISING THE FIRST AND FINAL OPTIONTO RENEW THE MEMORANDUM OF UNDERSTANDING FORCOMPUTER SCIENCE ENDORSEMENT
2025,24-0804-MISC01,24-0804-MISC01-1,"EASTER SEALS METROPOLITAN CHICAGO, INC.",0.0,0.0,04/01/2024,08/30/2030,,NO_DOC_URL,MEMORANDUM OF UNDERSTANDINGBETWEEN THE BOARD OF EDUCATION OF THE CITY OF CHICAGOAND EASTER SEALS SERVING CHICAGOLAND AND GREATER ROCKFORD
2025,24-0731-PRDA05,24-0731-PRDA05-1,NATIONAL CENTER FOR TEACHER RESIDENCIES INC,0.0,15000.0,07/01/2023,06/30/2024,08/08/2023,NO_DOC_URL,"AUTHORIZE A NEW AGREEMENT WITH NATIONAL CENTER FOR TEACHER RESIDENCIES, INC. FOR NETWORK PROGRAMMING MEMBERSHIP"
2025,24-0730-MISC06,24-0730-MISC06-1,"The University of Phoenix, Inc.",0.0,0.0,07/01/2023,06/30/2027,11/09/2023,NO_DOC_URL,CHICAGO PUBLIC SCHOOLSSTUDENT TEACHING INTERNSHIP AGREEMENT
2025,24-0725-PR8,24-0725-PR8-1,"LINEV SYSTEMS US, INC.",1000000.0,1000000.0,08/01/2024,07/31/2025,09/10/2024,10610 School Safety and Security Office,"AUTHORIZE THE SECOND RENEWAL AGREEMENT WITH LINEV SYSTEMS US, INC. FOR THE PURCHASE OF PORTABLE X-RAY MACHINES AND RELATED INSTALLATION, MAINTENANCE AND TRAINING SERVICES"
2025,24-0725-PR7,24-0725-PR7-1,AMAZON.COM SERVICES LLC,50000000.0,50000000.0,09/01/2022,08/31/2025,,NO_USER_UNIT,"AMEND BOARD REPORT 22-0824-PR11AUTHORIZE A NEW AGREEMENT WITH AMAZON.COM SERVICES LLC AMAZON.COM SALES, INC DBA AMAZON.COM SERVICES LLC FOR THE PURCHASE OF TAIL SPEND MARKETPLACE PRODUCTS AND SERVICES"
2025,24-0725-PR4,24-0725-PR4-1,"BCR AUTOMOTIVE GROUP, LLC DBA ROESCH FORD",1008000.0,1008000.0,08/01/2024,07/31/2025,09/10/2024,11890 CPS Warehouse - City Wide;11880 Facility Opers & Maint - City Wide,"AUTHORIZE A NEW AGREEMENT WITH BCR AUTOMOTIVE GROUP, LLC DBA ROESCH FORD FOR THE PURCHASE OF WAREHOUSE VEHICLES"
2025,24-0725-PR3,24-0725-PR3-1,"SIVIC SOLUTIONS GROUP, LLC",1872000.0,1872000.0,08/01/2024,06/30/2027,09/10/2024,12610 Budget & Management Office,"AUTHORIZE A NEW AGREEMENT WITH SIVIC SOLUTIONS GROUP, LLC FOR MEDICAID CLAIMS PROCESSING AND ADVISORY SERVICES"
2025,24-0725-PR2,24-0725-PR2-1,"RIVERSIDE ASSESSMENTS, LLC DBA RIVERSIDE INSIGHTS",1227500.0,1227500.0,09/01/2024,08/31/2025,09/10/2024,11210 Student Assessment and MTSS,"AUTHORIZE THE FIRST (FINAL) RENEWAL AGREEMENT WITH RIVERSIDE ASSESSMENTS, LLC DBA RIVERSIDE INSIGHTS FOR THE PURCHASE OF TEST MATERIALS FOR HIGH SCHOOL ADMISSIONS, SELECTIVE ENROLLMENT, COMPREHENSIVE GIFTED, ACCELERATED PLACEMENT, AND RELATED SERVICES"
2025,24-0725-PR1,24-0725-PR1-1,EQUAL OPPORTUNITY SCHOOLS,4680000.0,4680000.0,08/01/2024,07/31/2027,11/18/2024,10845 Advanced Learning and Specialty Programs,AUTHORIZE A NEW AGREEMENT WITH EQUAL OPPORTUNITY SCHOOLS FOR EQUITY IN ADVANCE PLACEMENT AND INTERNATIONAL BACCALAUREATE COURSE SELECTION
2025,24-0725-MISC05,24-0725-MISC05-1,AMERICAN INSTITUTES FOR RESEARCH IN THE BEHAVIORAL SCIENCES DBA AMERICAN INSTITUTES FOR RESEARCH,0.0,0.0,09/21/2023,09/20/2024,09/19/2023,NO_DOC_URL,AGREEMENT EXERCISING THE FIRST OPTION TO RENEW THE MASTER AGREEMENT FOR RESEARCH SERVICES AGREEMENT
2025,24-0716-PRDA04,24-0716-PRDA04-1,"SAGA INNOVATIONS, INC.",0.0,500000.0,07/01/2024,06/30/2025,07/17/2024,NO_DOC_URL,AUTHORIZE THE SECOND RENEWAL AGREEMENT WITH VARIOUS VENDORS FOR HIGH DOSAGE TUTORING SERVICES
2025,24-0715-PRDA03,24-0715-PRDA03-1,AVSC Holding Corporation dba Encore Group (USA) LLC,0.0,234454.65,07/15/2024,07/17/2024,07/22/2024,NO_DOC_URL,AUTHORIZE A NEW AGREEMENT WITH ENCORE GROUP (USA) LLC FOR SUMMER LEADERSHIP INSTITUTE: AUDIO-VISUAL/TECHNICAL SERVICES
2025,24-0711-PRDA02,24-0711-PRDA02-1,"VERTOSOFT, LLC",0.0,79500.0,07/01/2024,06/30/2025,,NO_DOC_URL,"AUTHORIZE THE SECOND (FINAL) RENEWAL AGREEMENT WITH VERTOSOFT, LLC FOR INTERNAL AUDIT SERVICE"
2025,24-0710-PRDA01,24-0710-PRDA01-1,CITYSPAN TECHNOLOGIES INC.,0.0,800000.0,07/01/2024,06/30/2026,08/09/2024,NO_DOC_URL,AUTHORIZE A NEW AGREEMENT WITH CITYSPAN TECHNOLOGIES INC. FOR PROGRAM MANAGEMENT FUNCTIONS FOR STUDENT TRANSITION PROGRAMS SERVICES
2025,24-0708-MISC02,24-0708-MISC02-1,COLUMBIA COLLEGE CHICAGO,0.0,0.0,08/08/2023,12/31/2025,08/15/2023,NO_DOC_URL,MEMORANDUM OF UNDERSTANDING BETWEEN THE BOARD OF EDUCATION OF THE CITY OF CHICAGO AND COLUMBIA COLLEGE CHICAGO FOR ACADEMIC PARTNERSHIP
2025,24-0708-MISC01,24-0708-MISC01-1,DOMINICAN UNIVERSITY,0.0,0.0,07/01/2023,06/30/2027,08/22/2023,NO_DOC_URL,CHICAGO PUBLIC SCHOOLS CLINICAL INTERNSHIP AGREEMENT(DOMINICAN UNIVERSITY SCHOOL OF SOCIAL WORK)
2024,24-0627-PR9,24-0627-PR9-1,CARAHSOFT TECHNOLOGY CORPORATION,650000.0,650000.0,07/01/2024,06/30/2025,10/16/2024,12510 Information & Technology Services,AUTHORIZE A NEW SOFTWARE LICENSE AGREEMENT WITH CARAHSOFT TECHNOLOGY CORPORATION FOR DOCUSIGN
2024,24-0627-PR8,24-0627-PR8-1,"SENTINEL TECHNOLOGIES, INC.",23900000.0,23900000.0,07/01/2024,06/30/2026,07/30/2024,12510 Information & Technology Services,"AUTHORIZE THE FIRST AND SECOND (FINAL) RENEWAL AGREEMENT WITH SENTINEL TECHNOLOGIES, INC. FOR INFORMATION TECHNOLOGY AND SECURITY SYSTEMS MANAGEMENT, MONITORING AND MAINTENANCE SERVICES"
2024,24-0627-PR1,24-0627-PR1-1,ILLINOIS INSTITUTE OF TECHNOLOGY,2573718.0,2573718.0,09/01/2024,08/31/2026,09/30/2024,11210 Student Assessment and MTSS,AUTHORIZE THE FIRST RENEWAL AGREEMENT WITH ILLINOIS INSTITUTE OF TECHNOLOGY FOR TESTING ADMINISTRATION SERVICES
2024,24-0627-EX9,24-0627-EX9-1,,0.0,0.0,07/01/2024,06/30/2029,12/23/2024,NO_USER_UNIT,"AUTHORIZE A NEW AGREEMENT WITH CAMELOT ALT ED-ILLINOIS, LLC WITH CONDITIONS FOR ALTERNATIVE SAFE SCHOOL WEST PROGRAM SERVICES"
2024,24-0627-EX8,24-0627-EX8-1,,0.0,0.0,07/01/2023,06/30/2027,11/11/2024,NO_USER_UNIT,"AMEND BOARD REPORT 23-0125-EX21 AUTHORIZE RENEWAL WITH CAMELOT ALT ED-ILLINOIS, LLC WITH CONDITIONS FOR ALTERNATIVE SAFE SCHOOL PROGRAM SERVICES"
2024,24-0627-EX7,24-0627-EX7-1,URBAN PREP ACADEMIES  1,0.0,0.0,07/01/2024,06/30/2025,,NO_USER_UNIT,AUTHORIZE EXTENSION OF OPERATIONS OF URBAN PREP CHARTER ACADEMY FOR YOUNG MEN HIGH SCHOOL ENGLEWOOD CAMPUS AGREEMENT WITH CONDITIONS
2024,24-0627-EX6,24-0627-EX6-1,URBAN PREP ACADEMIES  1,0.0,0.0,07/01/2024,06/30/2025,,NO_USER_UNIT,AUTHORIZE EXTENSION OF OPERATIONS OF URBAN PREP CHARTER ACADEMY FOR YOUNG MEN HIGH SCHOOL BRONZEVILLE CAMPUS AGREEMENT WITH CONDITIONS
2024,24-0627-EX5,24-0627-EX5-1,"CHICAGO COLLEGIATE, INC",0.0,0.0,07/01/2023,06/30/2026,07/17/2025,NO_USER_UNIT,AMEND BOARD REPORT 223-0125-EX7 AUTHORIZE RENEWAL OF THE CHICAGO COLLEGIATE CHARTER SCHOOL AGREEMENT WITH CONDITIONS
2024,24-0627-EX4,24-0627-EX4-1,CITY OF CHICAGO,99624439.0,99624439.0,07/01/2024,06/30/2025,07/18/2024,NO_USER_UNIT,APPROVE THE FOURTH OPTION TO RENEW THE INTERGOVERNMENTAL AGREEMENT WITH THE DEPARTMENT OF FAMILY & SUPPORT SERVICES (DFSS) - THE CITY OF CHICAGO
2024,24-0627-EX3,24-0627-EX3-1,CITY OF CHICAGO,1500000.0,1500000.0,07/01/2024,06/30/2025,07/24/2024,NO_USER_UNIT,APPROVE THE THIRD OPTION TO RENEW THE INTERGOVERNMENTAL AGREEMENT WITH THE DEPARTMENT OF FAMILY & SUPPORT SERVICES (DFSS) - THE CITY OF CHICAGO
2024,24-0627-EX2,24-0627-EX2-1,"Shrub Oak International School, LLC",600000.0,600000.0,07/01/2024,06/30/2025,10/11/2024,NO_USER_UNIT,AUTHORIZE A NEW PLACEMENT AGREEMENT WITH SHRUB OAK INTERNATIONAL SCHOOL REGARDING A.H.
2024,24-0626-PRDA13,24-0626-PRDA13-1,"INSPIRA FINANCIAL HEALTH, INC.",0.0,75000.0,08/01/2024,12/31/2024,,NO_DOC_URL,"AUTHORIZE THE EXTENSION OF THE AGREEMENT WITH PAYFLEX SYSTEM USA, INC. FOR COBRA ADMINISTRATIVE SERVICES"
2024,24-0625-PRDA12,24-0625-PRDA12-1,GREATLAND CORPORATION,0.0,143155.44,07/01/2024,06/30/2025,09/13/2024,NO_DOC_URL,AUTHORIZE THE SECOND (FINAL) RENEWAL AGREEMENT WITH GREATLAND CORPORATION FOR W2 AND AFFORDABLE CARE ACT 1095-C PROCESSING SERVICES
2024,24-0621-PRDA11,24-0621-PRDA11-1,SONOVA USA INC.,0.0,250000.0,08/01/2024,07/31/2025,07/31/2024,NO_DOC_URL,AUTHORIZE THE SECOND RENEWAL AGREEMENT WITH SONOVA USA INC. FOR HEARING ASSISTIVE TECHNOLOGY AND FREQUENCY MODULATION DEVICES
2024,24-0620-PRDA10,24-0620-PRDA10-1,THE LIBRARY CORPORATION,0.0,479400.0,09/01/2024,08/31/2027,08/23/2024,NO_DOC_URL,AUTHORIZE A NEW AGREEMENT WITH THE LIBRARY CORPORATION FOR INTEGRATED LIBRARY SYSTEM SERVICES
2024,24-0617-PRDA09,24-0617-PRDA09-1,Fernando Avila dba Social Impact Films,0.0,62500.0,01/01/2024,12/31/2024,06/14/2024,NO_DOC_URL,AUTHORIZE THE FIRST RENEWAL AGREEMENT WITH FERNANDO AVILA DBA SOCIAL IMPACT FILMS FOR COMPLIANCE TRAININGS
2024,24-0614-PRDA08,24-0614-PRDA08-1,FRANCZEK P.C.,0.0,75000.0,07/01/2024,06/30/2025,06/18/2024,NO_DOC_URL,AUTHORIZE A NEW AGREEMENT WITH FRANCZEK P.C. FOR EXTERNAL TITLE IX INVESTIGATION &amp; APPELLATE DECISION MAKER SERVICES
2024,24-0614-PRDA07,24-0614-PRDA07-1,"WILLIAM K. RICE, JR. DBA RICE CONSULTING",0.0,124800.0,07/01/2024,06/30/2025,07/30/2024,NO_DOC_URL,AUTHORIZE A NEW AGREEMENT WITH WILLIAM K RICE JR DBA RICE CONSULTING FOR CONSULTING SERVICES FOR LOCAL SCHOOL COUNCIL RELATIONS
2024,24-0614-PRDA06,24-0614-PRDA06-1,ACUMEN SOLUTIONS INC,0.0,500000.0,07/01/2024,06/30/2025,07/12/2024,NO_DOC_URL,AUTHORIZE THE SECOND (FINAL) RENEWAL AGREEMENT WITH ACUMEN SOLUTIONS INC FOR UNIFIED CONTINUOUS IMPROVEMENT PLATFORM AND RELATED SERVICES
2024,24-0614-MISC03,24-0614-MISC03-1,CAROLE ROBERTSON CENTER FOR LEARNING,0.0,0.0,07/01/2021,06/30/2026,,NO_DOC_URL,21ST CENTURY COMMUNITY LEARNING CENTERS MEMORANDUM OF UNDERSTANDING
2024,24-0614-MISC02,24-0614-MISC02-1,CHICAGO ARTS PARTNERSHIPS IN EDUCATION DBA CAPE,0.0,0.0,07/01/2021,06/30/2026,05/19/2021,NO_DOC_URL,21ST CENTURY COMMUNITY LEARNING CENTERS MEMORANDUM OF UNDERSTANDING (CHICAGO ARTS PARTNERSHIPS IN EDUCATION)
2024,24-0614-MISC01,24-0614-MISC01-1,CIRCESTEEM INC.,0.0,0.0,07/01/2021,06/30/2026,05/19/2021,NO_DOC_URL,21ST CENTURY COMMUNITY LEARNING CENTERSMEMORANDUM OF UNDERSTANDING(CIRCESTEEM)
2024,24-0610-PRDA05,24-0610-PRDA05-1,"AVANT ASSESSMENT, LLC",0.0,337500.0,01/01/2024,12/31/2024,06/18/2024,NO_DOC_URL,"AMEND PRDA 24-0207-PRDA02AUTHORIZE THE FIRST RENEWAL AGREEMENT WITH AVANT ASSESSMENT, LLC FOR LANGUAGE PROFICIENCY TESTING SERVICES"
2024,24-0610-PRDA04,24-0610-PRDA04-1,SEON SYSTEMS SALES INC,0.0,30000.0,07/11/2022,12/31/2023,09/22/2023,NO_DOC_URL,"AUTHORIZE A NEW AGREEMENT WITH SEON SYSTEMS SALES, INC. FOR ROUTING AND VEHICLE MANAGEMENT SERVICES"
2024,24-0610-PRDA03,24-0610-PRDA03-1,"JOHNSON RESEARCH GROUP, INC.",0.0,505000.0,07/01/2024,06/30/2026,08/15/2024,NO_DOC_URL,"AUTHORIZE A NEW AGREEMENT WITH JOHNSON RESEARCH GROUP, INC. FOR TAX INCREMENT FINANCING (TIF) FUNDING FOR THE CAPITAL IMPROVEMENT PROGRAM"
2024,24-0610-PRDA02,24-0610-PRDA02-1,FRONTLINE TECHNOLOGIES GROUP LLC DBA FRONTLINE EDUCATION,0.0,626783.61,12/01/2024,11/30/2026,,NO_DOC_URL,AUTHORIZE A NEW AGREEMENT WITH FRONTLINE TECHNOLOGIES GROUP LLC DBA FRONTLINE EDUCATION FOR ASSET MANAGEMENT SERVICES
2024,24-0606-PRDA01,24-0606-PRDA01-1,Blue Seat Studios LLC,0.0,230671.0,06/15/2024,06/14/2027,06/06/2024,NO_DOC_URL,AUTHORIZE A NEW AGREEMENT WITH BLUE SEAT STUDIOS LLC FOR STUDENT PROTECTIONS TRAINING DEVELOPMENT SERVICES
2024,24-0530-PRDA16,24-0530-PRDA16-1,THE LEARNING COLLECTIVE INC.,96500.0,96500.0,08/01/2024,07/31/2025,08/09/2024,NO_DOC_URL,AUTHORIZE THE SECOND (FINAL) RENEWAL AGREEMENT WITH THE LEARNING COLLECTIVE FOR RENEWAL SITE VISITS
2024,24-0530-PRDA15,24-0530-PRDA15-1,"EVERGREENE ARCHITECTURAL ARTS, INC.",0.0,453490.0,06/01/2024,12/31/2024,06/18/2024,NO_DOC_URL,"AUTHORIZE A NEW AGREEMENT WITH EVERGREENE ARCHITECTURAL ARTS, INC. FOR ART RESTORATION AND RELATED SERVICES"
2024,24-0523-PR9,24-0523-PR9-1,"MYTHICS, LLC",3500000.0,3500000.0,07/01/2024,06/30/2025,07/19/2024,12510 Information & Technology Services,"AUTHORIZE THE EXTENSION OF THE AGREEMENT WITH MYTHICS, LLC FOR ORACLE INFRASTRUCTURE UPGRADES"
2024,24-0523-PR8,24-0523-PR8-1,CDW GOVERNMENT LLC,0.0,10000000.0,07/01/2024,02/28/2025,06/05/2024,12510 Information & Technology Services,AUTHORIZE THE EXTENSION OF THE AGREEMENT WITH CDW GOVERNMENT LLC FOR THE PURCHASE OF AUDIO VISUAL AND INTERACTIVE WHITEBOARD EQUIPMENT
2024,24-0523-PR3,24-0523-PR3-1,AMERICAN INSTITUTES FOR RESEARCH IN THE BEHAVIORAL SCIENCES DBA AMERICAN INSTITUTES FOR RESEARCH,0.0,12473262.0,07/01/2024,06/30/2027,08/20/2024,11110 Network Support;11110 Network Support,"AUTHORIZE THE FIRST, SECOND, AND THIRD (FINAL) RENEWAL AGREEMENTS WITH AMERICAN INSTITUTES FOR RESEARCH IN THE BEHAVIORAL SCIENCES (AIR) FOR SCHOOL-LEVEL NEEDS ASSESSMENTS SERVICES"
2024,24-0523-PR2,24-0523-PR2-1,LIBRARY VIDEO COMPANY DBA SAFARI MONTAGE,14000000.0,14000000.0,07/01/2024,06/30/2026,07/12/2024,"10814 Curriculum, Instruction, and Digital Learning;10814 Curriculum, Instruction, and Digital Learning",AUTHORIZE THE FIRST AND SECOND (FINAL) RENEWAL AGREEMENTS WITH LIBRARY VIDEO COMPANY DBA SAFARI MONTAGE FOR LEARNING OBJECT REPOSITORY (LOR) SERVICES
2024,24-0523-PR11,24-0523-PR11-1,"ORACLE AMERICA, INC.",0.0,4700000.0,07/01/2024,06/30/2025,08/20/2024,12510 Information & Technology Services,"AUTHORIZE THE ANNUAL RENEWAL AGREEMENT WITH ORACLE AMERICA, INC FOR LICENSING AND SUPPORT FOR ORACLE ENTERPRISE FINANCIAL SYSTEMS"
2024,24-0523-PR10,24-0523-PR10-1,UKG INC DBA UKG KRONOS SYSTEMS LLC,1120711.0,1120711.0,07/01/2024,06/30/2026,09/30/2024,12510 Information & Technology Services,AUTHORIZE THE EXTENSION OF THE AGREEMENT WITH UKG KRONOS SYSTEMS LLC FOR SOFTWARE AND HARDWARE MAINTENANCE
2024,24-0523-PR1,24-0523-PR1-1,ILLINOIS ACTION FOR CHILDREN,956000.0,956000.0,07/01/2024,06/30/2025,06/05/2024,11201 Access and Enrollment,AUTHORIZE THE SECOND (FINAL) RENEWAL AGREEMENT WITH ILLINOIS ACTION FOR CHILDREN TO PROVIDE SUPPORT THROUGH THE UNIVERSAL APPLICATION HOTLINE
2024,24-0523-OP1,24-0523-OP1-1,,405436.0,405436.0,09/01/2024,08/30/2025,09/26/2024,NO_USER_UNIT,AUTHORIZE THE THIRD RENEWAL OF THE LEASE AGREEMENT WITH HIGHLAND AVONDALE PROPERTIES LLC FOR THE USE OF OFFICE SPACE AT 6323 NORTH AVONDALE AVENUE
2024,24-0523-FN1,24-0523-FN1-1,MESIROW INSURANCE SERVICES INC.,19000000.0,19000000.0,07/01/2024,06/30/2025,,NO_USER_UNIT,"AUTHORIZE PLACEMENT OF THE BOARD¿S FY 2025 EXCESS LIABILITY, PROPERTY AND SPECIALTY INSURANCE PROGRAMS WITH VARIOUS INSURANCE COMPANIES THROUGH MESIROW INSURANCE SERVICES, INC."
2024,24-0522-PRDA14,24-0522-PRDA14-1,WILLIS TOWERS WATSON MIDWEST INC,0.0,120000.0,03/01/2024,02/28/2025,06/17/2024,NO_DOC_URL,"AUTHORIZE THE SECOND (FINAL) RENEWAL AGREEMENT WITH WILLIS OF ILLINOIS, INC. FOR HEALTHCARE AND BENEFITS CONSULTING SERVICES"
2024,24-0522-PRDA13,24-0522-PRDA13-1,BLUEMARK LLC,0.0,96000.0,04/01/2024,03/31/2026,03/28/2025,NO_DOC_URL,"AUTHORIZE A NEW AGREEMENT WITH BLUEMARK, LLC FOR MEDICAID/SNAP/CHIP/TANF ENROLLMENT CASE MANAGEMENT TOOL SERVICES"
2024,24-0521-PRDA11,24-0521-PRDA11-1,THE NATIONAL CENTER FOR THE IMPROVEMENT OF EDUCATIONAL ASSESSMENT INC,519926.0,519926.0,07/01/2024,06/30/2026,06/24/2024,NO_DOC_URL,"AUTHORIZE THE FIRST AND SECOND (FINAL) RENEWAL AGREEMENT WITH THE NATIONAL CENTER FOR THE IMPROVEMENT OF EDUCATION ASSESSMENT, INC. FOR ACCOUNTABILITY REDESIGN SUPPORT SERVICES"
2024,24-0513-PRDA10,24-0513-PRDA10-1,"SANDRA L STOREY DBA SLS METRICS, LLC",110000.0,220000.0,07/01/2024,06/30/2025,06/04/2024,NO_DOC_URL,AUTHORIZE THE FIRST AND SECOND (FINAL) RENEWAL AGREEMENT WITH SANDRA L STOREY DBA SLS METRICS LLC FOR ADDITIONAL SUPPORT IN THE CREATION OF SCHOOL ACCOUNTABILITY METRICS AND REPORTING
2024,24-0513-PRDA08,24-0513-PRDA08-1,GRANICUS LLC,0.0,85000.0,03/01/2024,02/28/2026,02/26/2024,NO_DOC_URL,AUTHORIZE THE FIRST AUTOMATIC RENEWAL AGREEMENT WITH GRANICUS LLC FOR FOIA ONLINE SOFTWARE SUBCTRIPTION SERVICES
2024,24-0513-PRDA07,24-0513-PRDA07-1,WEX HEALTH INC.,0.0,310000.0,01/01/2024,12/31/2024,08/09/2024,NO_DOC_URL,AUTHORIZE A NEW AGREEMENT WITH WEX HEALTH INC. FOR FSA ACCOUNT ADMINISTRATION SERVICES
2024,24-0513-PRDA06,24-0513-PRDA06-1,"MILLIMAN, INC",0.0,161040.0,07/01/2024,06/30/2026,10/06/2023,NO_DOC_URL,"AUTHORIZE THE FIRST AUTOMATIC RENEWAL AGREEMENT WITH MILLIMAN, INC. FOR ACTUARIAL SERVICES"
2024,24-0513-PRDA05,24-0513-PRDA05-1,TOBII DYNAVOX LLC,0.0,225000.0,05/15/2024,05/14/2025,03/11/2024,NO_DOC_URL,AUTHORIZE THE FIRST RENEWAL AGREEMENT WITH TOBII DYNAVOX LLC FOR AUGMENTATIVE AND ALTERNATIVE COMMUNICATION SUPPORTS FOR STUDENTS
2024,24-0513-PRDA04,24-0513-PRDA04-1,"NCS PEARSON, INC.",250000.0,250000.0,07/01/2024,06/30/2025,05/21/2024,NO_DOC_URL,"AUTHORIZE THE SECOND (FINAL) RENEWAL AGREEMENT WITH NCS PEARSON, INC. DBA CERTIPORT, A BUSINESS OF NCS PEARSON, INC. TO PURCHASE A DEVELOPMENTAL SCREENING TOOL"
2024,24-0506-PRDA03,24-0506-PRDA03-1,"Lake Shore Athletic Services, Inc. dba Lakeshore Athletic Services Inc.",0.0,112500.0,01/01/2024,12/31/2024,,NO_DOC_URL,"AMEND BOARD REPORT 24-0112-PRDA06AUTHORIZE THE SECOND (FINAL) RENEWAL WITH LAKE SHORE ATHLETIC SERVICES, INC. FOR CROSS COUNTRY AND TRACK AND FIELD TIMING SERVICES"
2024,24-0502-PRDA02,24-0502-PRDA02-1,"DATAMADE, LLC",0.0,38500.0,09/01/2023,08/31/2024,06/06/2024,NO_DOC_URL,"AUTHORIZE A NEW AGREEMENT WITH DATAMADE, LLC FOR DATA CONSULTING SERVICES"
2024,24-0501-PRDA01,24-0501-PRDA01-1,"Atlas Toyota Material Handling, LLC",0.0,304625.0,04/14/2024,04/13/2025,05/12/2024,NO_DOC_URL,"AUTHORIZE THE FIRST (FINAL) RENEWAL AGREEMENT WITH ATLAS TOYOTA MATERIAL HANDLING, LLC FOR THE PURCHASE OF HEAVY EQUIPMENT PRODUCT AND SERVICES"
2024,24-0425-PRDA22,24-0425-PRDA22-1,"Betadac Media, LLC dba StriveScan",0.0,0.0,02/15/2024,02/14/2027,,NO_DOC_URL,"AUTHORIZE A NEW AGREEMENT WITH BETADAC MEDIA, LLC DBA STRIVESCAN FOR REGISTRATION AND SCANNING SERVICES"
2024,24-0425-PRDA21,24-0425-PRDA21-1,"COUGHLAN COMPANIES, LLC",0.0,633788.0,08/01/2024,07/31/2026,07/09/2024,NO_DOC_URL,"AUTHORIZE THE FIRST RENEWAL AGREEMENT WITH COUGHLAN COMPANIES, LLC DBA CAPSTONE FOR EARLY CHILDHOOD SUBSCRIPTION DATABASE PRODUCTS AND SERVICES"
2024,24-0425-PRDA20,24-0425-PRDA20-1,HONEST GAME CORPORATION,0.0,109800.0,05/01/2024,04/30/2025,08/22/2024,NO_DOC_URL,AUTHORIZE THE FIRST RENEWAL AGREEMENT WITH HONEST GAME CORPORATION FOR COURSE VALIDATION SOFTWARE SERVICES
2024,24-0425-PRDA19,24-0425-PRDA19-1,K KELLY INC DBA EMERALD RESTAURANT SERVICE,0.0,135000.0,04/01/2024,03/31/2025,04/01/2024,NO_DOC_URL,AUTHORIZE A NEW AGREEMENT WITH K KELLY INC. DBA EMERALD RESTAURANT SERVICE FOR CTE KITCHEN CLEANING SERVICES
2024,24-0425-PRDA18,24-0425-PRDA18-1,"Probility Examination Services, LLC",0.0,140000.0,07/01/2024,06/30/2025,07/03/2024,NO_DOC_URL,"AUTHORIZE A NEW AGREEMENT WITH PROBILITY EXAMINATION SERVICES, LLC FOR MEDICAL SECOND OPINION SERVICES"
2024,24-0425-PRDA17,24-0425-PRDA17-1,"Mitratech Holdings, Inc.",0.0,80804.0,03/01/2024,02/28/2025,04/29/2024,NO_DOC_URL,AUTHORIZE THE SECOND (FINAL) RENEWAL AGREEMENT WITH MITRATECH HOLDINGS. INC. FOR LAWTRAC CASE MANAGEMENT SERVICES
2024,24-0425-PR8,24-0425-PR8-1,CSP TOPCO LLC DBA CLEARSPAN LLC,0.0,26203425.0,07/01/2024,06/30/2027,09/04/2024,12510 Information & Technology Services,"AUTHORIZE A NEW AGREEMENT WITH CSP TOPCO DBA CLEARSPAN LLC FOR WIRING, CABLING, VOICE NETWORK MAINTENANCE, AND SUPPORT SERVICES"
2024,24-0425-PR7,24-0425-PR7-1,"AT&T ENTERPRISES, LLC",9140100.0,9140100.0,07/01/2024,06/30/2026,10/11/2024,12510 Information & Technology Services,"AUTHORIZE THE FIRST AND SECOND (FINAL) RENEWAL AGREEMENT WITH AT&amp;T CORP. FOR CELLULAR SERVICES, APPLICATIONS, EQUIPMENT, ACCESSORIES AND SUPPORT"
2024,24-0425-PR4,24-0425-PR4-1,"SAGA INNOVATIONS, INC.",9243840.0,9243840.0,07/01/2024,06/30/2026,09/30/2024,"10810 Teaching and Learning Office;10871 Science, Technology, Engineering, and Math (STEM)  ","AUTHORIZE THE SECOND (FINAL) RENEWAL AGREEMENT WITH SAGA INNOVATIONS, INC. FOR IN-CLASS MATH TUTORING SERVICES TO AT-RISK STUDENT AT VARIOUS HIGH SCHOOLS"
2024,24-0425-PR2,24-0425-PR2-1,National Louis University,1600000.0,1600000.0,07/01/2024,06/30/2025,05/10/2024,11360 Early Childhood Development;11360 Early Childhood Development,AUTHORIZE THE SECOND (FINAL) RENEWAL AGREEMENT WITH NATIONAL LOUIS UNIVERSITY FOR CLASS PROFESSIONAL DEVELOPMENT FOR PRE-K SERVICES
2024,24-0425-PR1,24-0425-PR1-1,INTERNATIONAL BACCALAUREATE ORGANIZATION,6000000.0,6000000.0,07/01/2024,06/30/2026,07/03/2024,10810 Teaching and Learning Office;10845 Advanced Learning and Specialty Programs,"AUTHORIZE THE FIRST RENEWAL AGREEMENT WITH INTERNATIONAL BACCALAUREATE ORGANIZATION TO PROVIDE PROFESSIONAL DEVELOPMENT, STUDENT ASSESSMENTS AND RELATED SCHOOL SERVICES"
2024,24-0425-OP1,24-0425-OP1-1,THE CATHOLIC BISHOP OF CHICAGO DBA ARCHDIOCESE OF CHICAGO,1260000.0,1260000.0,,07/31/2024,,NO_USER_UNIT,AUTHORIZATION TO PURCHASE THE FORMER ST. COLUMBA PROPERTY GENERALLY LOCATED AT 3400 E 134TH STREET OR EDUCATIONAL FACILITIES SERVING CLAY AND GRISSOM SCHOOLS
2024,24-0425-EX2,24-0425-EX2-1,Youth Connection Charter School (YCCS),0.0,0.0,07/01/2020,06/30/2025,,NO_USER_UNIT,AMEND BOARD REPORT 22-0427-EX2 AMEND BOARD REPORT 20-0122-EX12 AUTHORIZE RENEWAL OF THE YOUTH CONNECTION CHARTER SCHOOL AGREEMENT WITH CONDITIONS
2024,24-0425-EX11,24-0425-EX11-1,,0.0,0.0,07/01/2024,06/30/2027,,PDF_404,AUTHORIZE THE RENEWAL OF THE MONTESSORI SCHOOL OF ENGLEWOOD CHARTER AGREEMENT WITH CONDITIONS
2024,24-0423-PRDA16,24-0423-PRDA16-1,POWERSCHOOL HOLDINGS LLC DBA POWERSCHOOL GROUP LLC,0.0,487324.0,07/01/2024,06/30/2025,09/25/2024,NO_DOC_URL,AUTHORIZE THE FIRST RENEWAL AGREEMENT WITH POWERSCHOOL HOLDINGS LLC DBA POWERSCHOOL GROUP LLC FOR SOFTWARE MAINTENANCE AND SUPPORT
2024,24-0423-PRDA15,24-0423-PRDA15-1,JOHNSON CONTROLS FIRE PROTECTION LP,0.0,1005710.94,10/01/2023,09/30/2026,03/26/2024,NO_DOC_URL,AUTHORIZE A NEW AGREEMENT WITH JOHNSON CONTROLS FIRE PROTECTION LP FOR FIRE EXTINGUISHER MAINTENANCE AND REPAIR SERVICES
2024,24-0418-PRDA14,24-0418-PRDA14-1,PROFESSIONAL THEATRE AND DANCE YOUTH ACADEMY,0.0,130750.0,02/01/2024,06/30/2026,02/01/2024,NO_DOC_URL,"AUTHORIZE A NEW AGREEMENT WITH PROFESSIONAL THEATRE AND DANCE YOUTH ACADEMY FOR IN-SCHOOL CURRICULAR MUSIC, MUSICAL THEATER AND DANCE PROGRAM SERVICES"
2024,24-0417-PRDA13,24-0417-PRDA13-1,CITY OF CHICAGO,0.0,437500.0,10/01/2023,09/30/2025,12/15/2023,NO_DOC_URL,"AUTHORIZE THE RENEWAL OF THE INTERGOVERNMENTAL AGREEMENT WITH CITY OF CHICAGO, DEPARTMENT OF PUBLIC HEALTH, FOR INSPECTION, RE-INSPECTION, TRAINING AND CONSULTING SERVICES"
2024,24-0416-PRDA12,24-0416-PRDA12-1,Cahn Fellows Programs Corporation dba Cahn Fellowship,0.0,225000.0,01/01/2024,12/31/2026,01/01/2024,NO_DOC_URL,AUTHORIZE A NEW AGREEMENT WITH CAHN FELLOWS PROGRAMS CORPORATION FOR PRINCIPAL FELLOWSHIP SERVICES
2024,24-0410-PRDA11,24-0410-PRDA11-1,"GAGGLE.NET, INC.",0.0,150000.0,04/15/2024,04/14/2027,05/28/2024,NO_DOC_URL,"AUTHORIZE A NEW AGREEMENT WITH GAGGLE.NET, INC. FOR MENTAL HEALTH SERVICES"
2024,24-0404-PRDA08,24-0404-PRDA08-1,THE INSTITUTE FOR EXCELLENCE IN EDUCATION DBA NATIONAL CHARTER SCHOOLS INSTITUTE,0.0,345000.0,07/01/2024,06/30/2026,05/06/2024,NO_DOC_URL,AUTHORIZE THE FIRST AND SECOND (FINAL) RENEWAL AGREEMENTS WITH THE INSTITUTE FOR EXCELLENCE IN EDUCATION DBA NATIONAL CHARTER SCHOOLS INSTITUTE FOR SCHOOL OVERSIGHT SYSTEM SERVICES
2024,24-0404-PRDA07,24-0404-PRDA07-1,TOBII DYNAVOX LLC,0.0,225000.0,11/15/2023,05/14/2024,03/11/2024,NO_DOC_URL,AMEND 23-0515-CPOR-7902 AUTHORIZE A NEW AGREEMENT WITH TOBII DYNAVOX LLC FOR AUGMENTATIVE AND ALTERNATIVE COMMUNICATION SUPPORTS FOR STUDENTS
2024,24-0404-PRDA06,24-0404-PRDA06-1,EFFICIENCY ENERGY LLC,0.0,0.0,07/03/2023,07/02/2026,11/06/2023,NO_DOC_URL,AUTHORIZE A NEW AGREEMENT WITH EFFICIENCY ENERGY LLC FOR 179D ENERGY CONSULTANT SERVICES
2024,24-0404-PRDA05,24-0404-PRDA05-1,"SST, USA, INC.",0.0,486750.38,10/01/2023,06/30/2025,04/16/2024,NO_DOC_URL,"AUTHORIZE THE FIRST AND SECOND (FINAL) RENEWAL AGREEMENTS WITH SST, USA, INC. FOR THE SUPPORTING OUR STUDENTS PROGRAM"
2024,24-0404-PRDA04,24-0404-PRDA04-1,"CREATIVE CIRCLE, LLC",0.0,150000.0,06/01/2023,05/31/2024,,NO_DOC_URL,"AUTHORIZE THE FIRST AND SECOND (FINAL) RENEWAL AGREEMENTS WITH CREATIVE CIRCLE, LLC FOR MARKETING FREELANCE SERVICES"
2024,24-0404-PRDA03,24-0404-PRDA03-1,AMERICAN INSTITUTES FOR RESEARCH IN THE BEHAVIORAL SCIENCES DBA AMERICAN INSTITUTES FOR RESEARCH,0.0,250000.0,10/01/2023,09/30/2024,04/26/2024,NO_DOC_URL,AUTHORIZE THE FIRST RENEWAL AGREEMENT WITH AMERICAN INSTITUTES FOR RESEARCH IN THE BEHAVIORAL SCIENCES DBA AMERICAN INSTITUTES FOR RESEARCH FOR DATA SHARING PURPOSES
2024,24-0404-PRDA02,24-0404-PRDA02-1,"JENNIFER THOMPSON, LLC",0.0,300300.0,01/01/2024,12/31/2024,,NO_DOC_URL,"AMEND PRDA 24-0123-PRDA09AUTHORIZE A NEW AGREEMENT WITH JENNIFER THOMPSON, LLC FOR PRINCIPAL ELIGIBILITY REVISION SERVICES"
2024,24-0404-PRDA01,24-0404-PRDA01-1,THE BOSTON CONSULTING GROUP INC,0.0,35000.0,03/25/2024,05/24/2024,,NO_DOC_URL,AUTHORIZE A NEW AGREEMENT WITH THE BOSTON CONSULTING GROUP INC. FOR CONSULTING SERVICES
2024,24-0328-MISC01,24-0328-MISC01-1,"PEOPLE'S MUSIC SCHOOL, INC",0.0,0.0,10/23/2023,06/30/2024,,NO_DOC_URL,"BOARD OF EDUCATION OF THE CITY OF CHICAGO AGREEMENT FOR OUT OF SCHOOL TIME PROGRAMS (Free, Tuition-Based or Provider Paid by School) - The People's Music School"
2024,24-0321-PR8,24-0321-PR8-1,"AT&T ENTERPRISES, LLC",10687825.0,18695425.0,07/01/2024,06/30/2026,04/18/2024,12510 Information & Technology Services,"AUTHORIZE THE SECOND RENEWAL AGREEMENT WITH AT AND T, CORP. FOR INTERNET, VOICE AND DATA CIRCUITS AND SERVICES"
2024,24-0321-PR7,24-0321-PR7-1,NETSYNC NETWORK SOLUTIONS,15186540.0,63477860.0,07/01/2024,06/30/2029,08/26/2024,12510 Information & Technology Services;12510 Information & Technology Services,AUTHORIZE THE FIRST RENEWAL AGREEMENT WITH NETSYNC NETWORK SOLUTIONS FOR WIDE AREA NETWORK (WAN) REDESIGN SERVICES
2024,24-0321-PR4,24-0321-PR4-1,BUREAU VERITAS TECHNICAL ASSESSMENTS LLC,4000000.0,4000000.0,05/01/2024,04/30/2026,04/23/2024,11860 Facility Operations & Maintenance;11880 Facility Opers & Maint - City Wide,AUTHORIZE THE SECOND (FINAL) RENEWAL AGREEMENT WITH BUREAU VERITAS TECHNICAL ASSESSMENTS LLC FOR BIENNIAL FACILITY ASSESSMENTS SERVICES
2024,24-0321-PR3,24-0321-PR3-1,"MIP V ONION PARENT LLC DBA LRS HOLDINGS, LLC",8000000.0,8000000.0,04/01/2024,03/31/2025,08/01/2024,11880 Facility Opers & Maint - City Wide;11880 Facility Opers & Maint - City Wide,"AUTHORIZE THE FIRST RENEWAL AGREEMENT WITH LAKESHORE RECYCLING SYSTEMS, LLC FOR SOLID WASTE DISPOSAL, RECYCLING, AND COMPACTOR MAINTENANCE AND REPAIR SERVICES"
2024,24-0313-PRDA13,24-0313-PRDA13-1,"EQUAL LEVEL, INC.",0.0,230406.0,03/22/2023,03/21/2025,04/18/2024,NO_DOC_URL,"AMEND CPOR 23-0420-CPOR-7986AUTHORIZE THE SECOND AND FINAL RENEWAL AGREEMENT WITH EQUAL LEVEL, INC. FOR E-MARKETPLACE SOLUTION SERVICES"
2024,24-0313-PRDA12,24-0313-PRDA12-1,"Mitratech Holdings, Inc.",0.0,68629.24,03/01/2022,02/29/2024,,NO_DOC_URL,AUTHORIZE A NEW AGREEMENT AND FIRST RENEWAL WITH MITRATECH HOLDINGS FOR LAWTRAC CASE MANAGEMENT SERVICES
2024,24-0313-PRDA11,24-0313-PRDA11-1,"JOS SERVICES, INC.",0.0,256500.0,10/01/2023,09/30/2024,09/19/2023,NO_DOC_URL,"AUTHORIZE THE FIRST RENEWAL AGREEMENT WITH JOS SERVICES, INC. FOR BACKFLOW PREVENTION SYSTEM ANNUAL TESTING SERVICES"
2024,24-0313-PRDA10,24-0313-PRDA10-1,"AMERICAN TESTING AND INSPECTION SERVICES, LLC DBA ATIS ELEVATOR INSPECTIONS, LLC",0.0,270000.0,10/01/2023,09/30/2024,03/14/2024,NO_DOC_URL,"AUTHORIZE THE FIRST RENEWAL AGREEMENT WITH ATIS ELEVATOR INSPECTIONS, LLC FOR CONVEYANCE INSPECTION SERVICES"
2024,24-0313-PRDA09,24-0313-PRDA09-1,CAMPUS KAIZEN LLC,0.0,72500.0,04/01/2024,03/31/2025,01/07/2024,NO_DOC_URL,"AUTHORIZE THE FINAL RENEWAL AGREEMENT WITH CAMPUS KAIZEN, LLC FOR GUARDIAN CASE MANAGEMENT SYSTEM SERVICES"
2024,24-0311-PRDA07,24-0311-PRDA07-1,FORWARD MOMENTUM CHICAGO NFP,0.0,75000.0,02/09/2024,02/08/2025,04/11/2024,NO_DOC_URL,AUTHORIZE THE FIRST RENEWAL AGREEMENT WITH FORWARD MOMENTUM CHICAGO NFP FOR ART RESIDENCY SERVICES
2024,24-0311-PRDA06,24-0311-PRDA06-1,"SENTINEL TECHNOLOGIES, INC.",0.0,497673.0,03/01/2024,02/28/2025,03/14/2024,NO_DOC_URL,"AUTHORIZE THE FIRST RENEWAL AGREEMENT WITH SENTINEL TECHNOLOGIES, INC. FOR ENTERPRISE SERVER MAINTENANCE SERVICES"
2024,24-0307-PRDA05,24-0307-PRDA05-1,"INSPIRA FINANCIAL HEALTH, INC.",0.0,150000.0,08/01/2023,07/31/2024,10/25/2024,NO_DOC_URL,"AUTHORIZE THE SECOND AND FINAL RENEWAL AGREEMENT WITH PAYFLEX SYSTEM USA, INC. FOR COBRA ADMINISTRATIVE SERVICES"
2024,24-0307-PRDA04,24-0307-PRDA04-1,FISCAL TECHNOLOGIES INC.,0.0,287358.0,10/01/2023,09/30/2026,03/01/2024,NO_DOC_URL,"AUTHORIZE A NEW AGREEMENT WITH FISCAL TECHNOLOGIES, INC. FOR ACCOUNTS PAYABLE FORENSICS SOFTWARE SERVICES"
2024,24-0307-PRDA03,24-0307-PRDA03-1,WEST PUBLISHING CORPORATION DBA ODEN DBA SERENGETI LAW,0.0,59558.0,02/01/2024,01/31/2025,05/21/2024,NO_DOC_URL,AUTHORIZE A NEW AGREEMENT WITH WEST PUBLISHING CORPORATION DBA THOMASON REUTERS WEST OR WEST A THOMSON REUTERS BUSINESS OR THOMSON WEST OR WEST OR WEST GROUP FOR LEGAL RESEARCH ENGINE SERVICES
2024,24-0307-PRDA02,24-0307-PRDA02-1,"CREATIVE CIRCLE, LLC",0.0,150000.0,06/01/2022,05/31/2023,,NO_DOC_URL,"AUTHORIZE A NEW AGREEMENT WITH CREATIVE CIRCLE, LLC FOR MARKETING FREELANCE SERVICES"
2024,24-0307-PRDA01,24-0307-PRDA01-1,"OMICRON TECHNOLOGY SOLUTIONS, LLC",0.0,294970.0,10/14/2023,10/13/2024,03/21/2024,NO_DOC_URL,AUTHORIZE THE FIRST RENEWAL AGREEMENT WITH BIOMEDICAL RESEARCH FOUNDATION OF NORTHWEST LOUSIANA DBA OMNICRON TECHNOLOGY SOLUTIONS FOR VISITOR MANAGEMENT SYSTEM SERVICES
2024,24-0229-PRDA21,24-0229-PRDA21-1,NATIONAL STUDENT CLEARINGHOUSE,55000.0,55000.0,03/01/2024,02/28/2025,03/14/2024,NO_DOC_URL,AUTHORIZE THE FIRST RENEWAL AGREEMENT WITH NATIONAL STUDENT CLEARINGHOUSE FOR STUDENT TRACKER FOR HIGH SCHOOLS.
2024,24-0227-PRDA20,24-0227-PRDA20-1,"CAREERS THROUGH CULINARY ARTS PROGRAM, INC.",0.0,118480.0,11/01/2023,10/31/2024,07/31/2024,NO_DOC_URL,"AUTHORIZE A NEW AGREEMENT WITH CAREERS THROUGH CULINARY ARTS PROGRAM, INC. FOR PROGRAMMATIC SUPPORT FOR CTE CULINARY PROGRAMS SERVICES"
2024,24-0227-PRDA19,24-0227-PRDA19-1,"ILLINOIS RESTAURANT ASSOCIATION EDUCATIONAL FOUNDATION, INC.",0.0,165280.0,11/01/2023,10/31/2025,03/11/2024,NO_DOC_URL,"AUTHORIZE A NEW AGREEMENT WITH ILLINOIS RESTAURANT ASSOCIATION EDUCATION FOUNDATION, INC. FOR CULINARY EDUCATION SERVICES SERVICES"
2024,24-0226-MISC08,24-0226-MISC08-1,NORTHWESTERN  UNIVERSITY,0.0,0.0,09/22/2022,09/21/2023,,NO_DOC_URL,AGREEMENT EXERCISING THE SECOND OPTION TO RENEW THE MASTER RESEARCH SERVICES AGREEMENT (NORTHWESTERN UNIVERSITY)
2024,24-0226-MISC07,24-0226-MISC07-1,"Double Line, Inc.",0.0,0.0,05/01/2020,01/31/2024,10/30/2021,NO_DOC_URL,"RESEARCH SERVICES AGREEMENT (DOUBLE LINE, INC.)"
2024,24-0223-PRDA18,24-0223-PRDA18-1,EQUIFAX INC. DBA EQUIFAX WORKFORCE SOLUTIONS LLC,0.0,150000.0,11/01/2023,10/31/2024,03/01/2024,NO_DOC_URL,AUTHORIZE THE FIRST RENEWAL AGREEMENT WITH EQUIFAX WORKFORCE SOLUTIONS LLC FOR UNEMPLOYMENT SOLUTIONS SERVICES
2024,24-0223-PRDA17,24-0223-PRDA17-1,"DRAGO INVESTMENTS, LTD. DBA MONARCH TROPHY STUDIO",0.0,174930.0,01/01/2024,12/31/2024,05/06/2024,NO_DOC_URL,"AUTHORIZE A NEW AGREEMENT WITH DRAGO INVESTMENTS, LTD. FOR THE PURCHASE OF SPORTS MEDALS"
2024,24-0223-PRDA16,24-0223-PRDA16-1,NORTHEASTERN ILLINOIS UNIVERSITY,0.0,480000.0,11/01/2023,10/31/2024,,NO_DOC_URL,AUTHORIZE A NEW AGREEMENT WITH NORTHEASTERN ILLINOIS UNIVERSITY FOR COMMUNITY SCHOOLS INIATIVE SERVICES
2024,24-0223-PRDA15,24-0223-PRDA15-1,GREATER AUBURN GRESHAM DEVELOPMENT CORPORATION,0.0,480000.0,11/01/2023,10/31/2024,05/06/2024,NO_DOC_URL,AUTHORIZE A NEW AGREEMENT WITH GREATER AUBURN GRESHAM DEVELOPMENT CORPORATION FOR COMMUNITY SCHOOLS INIATIVE SERVICES
2024,24-0223-PRDA14,24-0223-PRDA14-1,Alternative Schools Network,0.0,360000.0,11/01/2023,10/31/2024,,NO_DOC_URL,AUTHORIZE A NEW AGREEMENT WITH ALTERNATIVE SCHOOLS NETWORK FOR COMMUNITY SCHOOLS INITIATIVE SERVICES
2024,24-0223-PRDA13,24-0223-PRDA13-1,"ALTA LANGUAGE SERVICES, INC",0.0,44550.0,01/01/2024,12/31/2024,03/21/2024,NO_DOC_URL,"AUTHORIZE A NEW AGREEMENT WITH ALTA LANGUAGE SERVICES, INC FOR SEAL OF BILITERACY TESTING IN ADDITIONAL LANGUAGES"
2024,24-0223-PRDA12,24-0223-PRDA12-1,GRANICUS LLC,0.0,25648.8,03/01/2023,02/28/2024,02/26/2024,NO_DOC_URL,"AUTHORIZE A NEW AGREEMENT WITH GRANICUS, LLC FOR FOIA ONLINE SOFTWARE SUBSCRIPTION SERVICES"
2024,24-0222-PR7,24-0222-PR7-1,JACOBS PROJECT MANAGEMENT CO.,75000000.0,75000000.0,06/01/2024,05/31/2027,05/17/2024,11860 Facility Operations & Maintenance;11880 Facility Opers & Maint - City Wide,AUTHORIZE A NEW AGREEMENT WITH JACOBS PROJECT MANAGEMENT CO. FOR CAPITAL PROGRAM MANAGEMENT SERVICES
2024,24-0222-PR6,24-0222-PR6-1,"JONES LANG LASALLE AMERICAS, INC.",250000000.0,250000000.0,07/01/2024,06/30/2026,09/26/2024,11880 Facility Opers & Maint - City Wide;11880 Facility Opers & Maint - City Wide,"AUTHORIZE THE FIRST RENEWAL AGREEMENT WITH JONES LANG LASALLE AMERICAS, INC. FOR FACILITY MANAGEMENT AND BUILDING ENGINEERING SERVICES"
2024,24-0222-PR5,24-0222-PR5-1,CINTAS CORPORATION NO. 2,22600000.0,22600000.0,08/01/2023,07/31/2025,,11880 Facility Opers & Maint - City Wide;11880 Facility Opers & Maint - City Wide,AMEND BOARD REPORT 23-0726-PR7AUTHORIZE A NEW AGREEMENT WITH CINTAS CORPORATION NO. 2 FOR THE PURCHASE OF CUSTODIAL CONSUMABLES/SUPPLIES
2024,24-0222-PR4,24-0222-PR4-1,"JONES LANG LASALLE AMERICAS, INC.",380500000.0,380500000.0,07/01/2021,06/30/2024,,11880 Facility Opers & Maint - City Wide;11880 Facility Opers & Maint - City Wide,"AMEND BOARD REPORT 23-0628-PR4AUTHORIZE A NEW AGREEMENT WITH JONES LANG LASALLE AMERICAS, INC. FOR FACILITY MANAGEMENT AND BUILDING ENGINEERING SERVICES"
2024,24-0222-PR3,24-0222-PR3-1,ARAMARK SERVICES INC DBA ARAMARK MANAGEMENT SERVICES LP,391000000.0,391000000.0,08/01/2021,06/30/2024,,11880 Facility Opers & Maint - City Wide;11880 Facility Opers & Maint - City Wide,AMEND BOARD REPORT 21-0728-PR14AUTHORIZE A NEW AGREEMENT WITH ARAMARK MANAGEMENT SERVICES LIMITED PARTNERSHIP FOR CUSTODIAL SERVICES AND RELATED PROFESSIONAL SERVICES
2024,24-0222-PR11,24-0222-PR11-1,"ORACLE AMERICA, INC.",44000000.0,44000000.0,03/01/2024,02/28/2029,05/31/2024,12510 Information & Technology Services,"AUTHORIZE A NEW SOFTWARE SERVICES AGREEMENT WITH ORACLE AMERICA, INC. FOR ERP CLOUD PLATFORM LICENSING AND RELATED SERVICES"
2024,24-0222-PR10,24-0222-PR10-1,"SENTINEL TECHNOLOGIES, INC.",3963951.0,3963951.0,10/09/2023,10/08/2024,04/18/2024,12510 Information & Technology Services,"RATIFY THE EXTENSION OF THE AGREEMENT WITH SENTINEL TECHNOLOGIES, INC. FOR FIREWALL REPLACEMENT AND RELATED SERVICES"
2024,24-0222-PR1,24-0222-PR1-1,"SAGA INNOVATIONS, INC.",10850000.0,10850000.0,07/01/2022,06/30/2024,,"10810 Teaching and Learning Office;10871 Science, Technology, Engineering, and Math (STEM) ","AMEND BOARD REPORT 22-0525-PR3AUTHORIZE THE FIRST RENEWAL AGREEMENT WITH SAGA INNOVATIONS, INC. FOR IN-CLASS MATH TUTORING SERVICES TO AT-RISK STUDENT AT VARIOUS HIGH SCHOOLS"
2024,24-0220-MISC06,24-0220-MISC06-1,NORTHERN ILLINOIS UNIVERSITY,0.0,0.0,03/01/2022,12/31/2026,03/11/2022,NO_DOC_URL,Contributor and Participation Agreement For the Chicago Early Childhood Integrated Data System
2024,24-0215-MISC05,24-0215-MISC05-1,AFTER-SCHOOL ALL-STARS,0.0,0.0,10/01/2020,09/30/2024,11/03/2021,NO_DOC_URL,AGREEMENT EXERCISING THE FIRST AND SECOND RENEWAL OPTION TO RENEW THE PROGRAM SERVICES AGREEMENT BETWEEN THE BOARD OF EDUCATION OF CITY OF CHICAGO ANDAFTER SCHOOL ALL STARS
2024,24-0214-PRDA11,24-0214-PRDA11-1,"BRINK'S, INCORPORATED",0.0,950000.0,09/01/2023,06/30/2026,09/23/2023,NO_DOC_URL,"AUTHORIZE A NEW AGREEMENT WITH BRINK'S, INCORPORATED FOR ARMORED CAR COURIER SERVICES"
2024,24-0212-PRDA10,24-0212-PRDA10-1,"ARC LIGHT INVESTIGATIVE SERVICES, INC.",0.0,145000.0,10/15/2023,10/14/2025,03/01/2024,NO_DOC_URL,"AUTHORIZE THE FIRST RENEWAL AGREEMENT WITH ARC LIGHT INVESTIGATIVE SERVICES, INC. FOR INVESTIGATIVE SERVICES"
2024,24-0212-PRDA09,24-0212-PRDA09-2,"MANSON WESTERN, LLC",0.0,250000.0,01/01/2024,12/31/2024,,NO_DOC_URL,"AUTHORIZE THE FIRST RENEWAL AGREEMENT WITH MULTI-HEALTH SYSTEMS, INC., MANSON WESTERN, LLC DBA WESTERN PSYCHOLOGICAL SERVICES (WPS) FOR DIGITAL ASSESMENT AND EVALUATION TOOLS"
2024,24-0212-PRDA08,24-0212-PRDA08-1,"Coal Creek Software, Inc dba Verifent",0.0,37500.0,11/01/2023,10/31/2024,11/02/2023,NO_DOC_URL,"AUTHORIZE A NEW AGREEMENT WITH COAL CREEK SOFTWARE, INC. DBA VERIFENT FOR CANDIDATE VERIFICATION SERVICES"
2024,24-0212-PRDA07,24-0212-PRDA07-1,CAMPUS KAIZEN LLC,0.0,68500.0,11/10/2023,11/09/2024,12/04/2023,NO_DOC_URL,A NEW SOFTWARE LICENSE AGREEMENT WITH CAMPUS KAIZEN LLC FOR CASE MANAGEMENT SOFTWARE SERVICES
2024,24-0212-PRDA06,24-0212-PRDA06-1,NORTHWESTERN  UNIVERSITY,0.0,309000.0,02/09/2024,02/08/2025,06/18/2024,NO_DOC_URL,AUTHORIZE A NEW AGREEMENT WITH NORTHWESTERN UNIVERSITY FOR CHICAGO PRINCIPAL FELLOWS PROGRAM SERVICES
2024,24-0212-PRDA05,24-0212-PRDA05-1,ECRA GROUP INCORPORATED,0.0,495000.0,03/01/2024,02/28/2025,03/04/2024,NO_DOC_URL,AUTHORIZE A NEW AGREEMENT WITH ECRA GROUP INCORPORATED FOR STUDENT GROWTH MEASUREMENT SERVICES
2024,24-0207-PRDA03,24-0207-PRDA03-1,"RESONANT EDUCATION, INC.",0.0,115000.0,10/02/2023,10/01/2024,03/08/2024,NO_DOC_URL,"AUTHORIZE THE FIRST RENEWAL AGREEMENT WITH RESONANT EDUCATION, INC FOR AP EVALUATION VALIDITY STUDIES SERVICES"
2024,24-0207-PRDA02,24-0207-PRDA02-1,"AVANT ASSESSMENT, LLC",0.0,225000.0,01/01/2024,12/31/2024,02/14/2024,NO_DOC_URL,"AUTHORIZE THE FIRST RENEWAL AGREEMENT WITH AVANT ASSESSMENT, LLC FOR LANGUAGE PROFICIENCY TESTING SERVICES"
2024,24-0207-PRDA01,24-0207-PRDA01-1,"LIONHEART CRITICAL POWER SPECIALISTS, INC.",0.0,917208.0,10/01/2023,09/30/2026,02/09/2024,NO_DOC_URL,"AUTHORIZE THE FIRST, SECOND, AND THIRD (FINAL) RENEWAL AGREEMENT WITH LIONHEART CRITICAL POWER SPECIALISTS, INC. FOR EMERGENCY GENERATOR SYSTEMS PREVENTATIVE MAINTENANCE AND REPAIR SERVICES"
2024,24-0206-MISC04,24-0206-MISC04-1,AMERICAN INSTITUTES FOR RESEARCH IN THE BEHAVIORAL SCIENCES DBA AMERICAN INSTITUTES FOR RESEARCH,0.0,0.0,09/21/2021,09/20/2023,,NO_DOC_URL,MASTER AGREEMENT FOR RESEARCH SERVICES(AMERICAN INSTITUTES FOR RESEARCH IN THE BEHAVIORAL SCIENCES)
2024,24-0205-MISC03,24-0205-MISC03-1,ARAB AMERICAN ACTION NETWORK (AAAN),0.0,0.0,09/05/2023,06/30/2024,,NO_DOC_URL,"BOARD OF EDUCATION OF THE CITY OF CHICAGO AGREEMENT FOR OUT OF SCHOOL TIME PROGRAMS (Free, Tuition-Based or Provider Paid by School) - Arab American Action Network"
2024,24-0202-MISC02,24-0202-MISC02-1,"Skyline Studios, Inc.",0.0,0.0,08/30/2023,06/30/2024,,NO_DOC_URL,"BOARD OF EDUCATION OF THE CITY OF CHICAGO AGREEMENT FOR OUT OF SCHOOL TIME PROGRAMS (Free, Tuition-Based or Provider Paid by School) - Skyline Studios, Inc."
2024,24-0202-MISC01,24-0202-MISC01-1,DEBORAH A. GRIMES DBA SMILING STRINGS,0.0,0.0,09/14/2023,06/30/2024,,NO_DOC_URL,"BOARD OF EDUCATION OF THE CITY OF CHICAGO AGREEMENT FOR OUT OF SCHOOL TIME PROGRAMS (Free, Tuition-Based or Provider Paid by School) - Deborah A. Grimes dba Smiling Strings"
2024,24-0131-MISC08,24-0131-MISC08-1,CHICAGO DEPARTMENT OF PUBLIC HEALTH,0.0,0.0,07/31/2022,07/30/2024,,NO_DOC_URL,INTERGOVERNMENTAL AGREEMENT CITY OF CHICAGO DEPARTMENT OF PUBLIC HEALTH AND THE BOARD OF EDUCATION OF THE CITY OF CHICAGO FOR THE CHAT (CHICAGO HEALTHY ADOLESCENTS AND TEENS) PROGRAM
2024,24-0129-PRDA12,24-0129-PRDA12-1,CHICAGO COOK WORKFORCE PARTNERSHIP,0.0,314639.0,02/24/2024,02/23/2025,03/22/2024,NO_DOC_URL,AUTHORIZE THE FIRST RENEWAL AGREEMENT WITH CHICAGO COOK WORKFORCE PARTNERSHIP FOR LOGISTICAL MANAGEMENT SERVICES
2024,24-0129-PRDA11,24-0129-PRDA11-1,"VERTOSOFT, LLC",0.0,295000.0,01/01/2024,12/31/2026,02/13/2024,NO_DOC_URL,"AUTHORIZE A NEW AGREEMENT WITH VERTOSOFT, LLC. FOR ANNUAL COMPREHENSIVE FINANCIAL REPORT SOFTWARE AUTOMATION SERVICES"
2024,24-0125-PR4,24-0125-PR4-1,"HENRICKSEN & COMPANY, INC.",15000000.0,15000000.0,02/01/2024,01/31/2027,,11860 Facility Operations & Maintenance;11880 Facility Opers & Maint - City Wide,"AUTHORIZE A NEW AGREEMENT WITH HENRICKSEN &amp; COMPANY, INC. TO PROVIDE SYSTEMS FURNITURE, ACCESSORIES AND RELATED SERVICES"
2024,24-0125-PR2,24-0125-PR2-1,AMERICAN INSTITUTES FOR RESEARCH IN THE BEHAVIORAL SCIENCES DBA AMERICAN INSTITUTES FOR RESEARCH,4157754.0,4157754.0,01/25/2024,06/30/2024,02/05/2024,11110 Network Support;11110 Network Support,AUTHORIZE A NEW AGREEMENT WITH AMERICAN INSTITUTES FOR RESEARCH IN THE BEHAVIORAL SCIENCES (AIR) FOR SCHOOL-LEVEL NEEDS ASSESSMENTS SERVICES
2024,24-0125-PR1,24-0125-PR1-1,"A MOON JUMP 4U, INC. DBA AMJ SPECTACULAR EVENTS",1550000.0,1550000.0,04/01/2022,03/31/2025,04/09/2024,14060 Family & Community Engagement Office,"AMEND BOARD REPORT 22-0223-PR2 AUTHORIZE THE SECOND, THIRD AND FINAL RENEWAL AGREEMENT WITH A MOON JUMP 4U, INC. TO PROVIDE RENTAL EQUIPMENT AND RELATED SERVICES FOR SCHOOL BASED EVENTS"
2024,24-0125-OP9,24-0125-OP9-1,,4.0,4.0,07/01/2024,06/30/2028,02/04/2025,NO_USER_UNIT,"APPROVE RENEWAL LEASE AGREEMENT WITH NOBLE NETWORK OF CHARTER SCHOOLS FOR A PORTION OF THE BOWEN HIGH SCHOOL BUILDING, 2710 EAST 89th STREET"
2024,24-0125-OP8,24-0125-OP8-1,,0.0,3.0,07/01/2024,06/30/2027,,NO_USER_UNIT,"APPROVE RENEWAL LEASE AGREEMENT WITH THE MONTESSORI NETWORK FOR THE FORMER JOHNS SCHOOL BUILDING, 6936 SOUTH HERMITAGE AVENUE"
2024,24-0125-OP7,24-0125-OP7-1,,4.0,4.0,07/01/2024,06/30/2028,,NO_USER_UNIT,"APPROVE RENEWAL LEASE AGREEMENT WITH L.E.A.R.N. CHARTER SCHOOL FOR A PORTION OF THE JAMES THORP ELEMENTARY SCHOOL BUILDING, 8914 SOUTH BUFFALO AVENUE"
2024,24-0125-OP6,24-0125-OP6-1,,3.0,3.0,07/01/2024,06/30/2027,,NO_USER_UNIT,"APPROVE RENEWAL LEASE AGREEMENT WITH KIPP CHICAGO SCHOOLS FOR A PORTION OF THE ORR ACADEMY HIGH SCHOOL BUILDING, 730 NORTH PULASKI ROAD"
2024,24-0125-OP5,24-0125-OP5-1,,0.0,3.0,07/01/2024,06/30/2027,,NO_USER_UNIT,"APPROVE RENEWAL LEASE AGREEMENT WITH KIPP CHICAGO SCHOOLS FOR A PORTION OF THE FORMER HOPE SCHOOL BUILDING, 5515 SOUTH LOWE AVENUE"
2024,24-0125-OP4,24-0125-OP4-1,,3.0,3.0,07/01/2024,06/30/2027,,NO_USER_UNIT,"APPROVE RENEWAL LEASE AGREEMENT WITH KIPP CHICAGO SCHOOLS FOR A PORTION OF THE PENN ELEMENTARY SCHOOL BUILDING, 1616 SOUTH AVERS AVENUE"
2024,24-0125-OP3,24-0125-OP3-1,,3.0,3.0,07/01/2024,06/30/2027,,NO_USER_UNIT,"APPROVE RENEWAL LEASE AGREEMENT WITH KIPP CHICAGO SCHOOLS FOR THE FORMER LATHROP SCHOOL BUILDING, 1440 SOUTH CHRISTIANA AVENUE"
2024,24-0125-OP2,24-0125-OP2-1,,3.0,3.0,07/01/2024,06/30/2027,,NO_USER_UNIT,"APPROVE RENEWAL LEASE AGREEMENT WITH KIPP CHICAGO SCHOOLS FOR A PORTION OF THE NASH SCHOOL BUILDING, 4818 WEST OHIO STREET"
2024,24-0125-OP15,24-0125-OP15-1,,0.0,4.0,07/01/2024,06/30/2028,02/04/2025,NO_USER_UNIT,"APPROVE RENEWAL LEASE AGREEMENT WITH NOBLE NETWORK OF CHARTER SCHOOLS FOR THE FORMER GLADSTONE SCHOOL BUILDING, 1231 SOUTH DAMEN AVENUE"
2024,24-0125-OP14,24-0125-OP14-1,,4.0,4.0,07/01/2024,06/30/2028,02/04/2025,NO_USER_UNIT,"APPROVE RENEWAL LEASE AGREEMENT WITH NOBLE NETWORK OF CHARTER SCHOOLS FOR THE FORMER TRUTH SCHOOL MAIN BUILDING, 1443 NORTH OGDEN AVENUE, AND ANNEX, 1409 NORTH OGDEN AVENUE"
2024,24-0125-OP13,24-0125-OP13-1,,4.0,4.0,07/01/2024,06/30/2028,02/04/2025,NO_USER_UNIT,"APPROVE RENEWAL LEASE AGREEMENT WITH NOBLE NETWORK OF CHARTER SCHOOLS FOR THE FORMER REED SCHOOL BUILDING, 6350 SOUTH STEWART AVENUE"
2024,24-0125-OP12,24-0125-OP12-1,,4.0,4.0,07/01/2024,06/30/2028,02/04/2025,NO_USER_UNIT,"APPROVE RENEWAL LEASE AGREEMENT WITH NOBLE NETWORK OF CHARTER SCHOOLS FOR A PORTION OF THE REVERE ELEMENTARY SCHOOL BUILDING, 1010 EAST 72nd STREET"
2024,24-0125-OP11,24-0125-OP11-1,,4.0,4.0,07/01/2024,06/30/2028,02/04/2025,NO_USER_UNIT,"APPROVE RENEWAL LEASE AGREEMENT WITH NOBLE NETWORK OF CHARTER SCHOOLS FOR THE FORMER CREGIER SCHOOL BUILDING, 2040 WEST ADAMS STREET"
2024,24-0125-OP10,24-0125-OP10-1,,4.0,4.0,07/01/2024,06/30/2028,02/04/2025,NO_USER_UNIT,"APPROVE RENEWAL LEASE AGREEMENT WITH NOBLE NETWORK OF CHARTER SCHOOLS FOR A PORTION OF THE CORLISS HIGH SCHOOL BUILDING, 821 EAST 103rd STREET"
2024,24-0125-EX9,24-0125-EX9-1,,0.0,0.0,07/01/2024,06/30/2028,07/19/2024,NO_USER_UNIT,AUTHORIZE THE RENEWAL OF THE LEGACY CHARTER SCHOOL AGREEMENT WITH CONDITIONS
2024,24-0125-EX8,24-0125-EX8-1,,0.0,0.0,07/01/2024,06/30/2028,03/31/2025,NO_USER_UNIT,AUTHORIZE THE RENEWAL OF THE LEARN CHARTER SCHOOL AGREEMENT WITH CONDITIONS
2024,24-0125-EX7,24-0125-EX7-1,,0.0,0.0,07/01/2024,06/30/2027,07/31/2024,NO_USER_UNIT,AUTHORIZE THE RENEWAL OF THE KIPP CHICAGO CHARTER SCHOOLS AGREEMENT WITH CONDITIONS
2024,24-0125-EX6,24-0125-EX6-1,GREAT LAKES ACADEMY CHARTER SCHOOL,0.0,0.0,07/01/2024,06/30/2027,,NO_USER_UNIT,AUTHORIZE THE RENEWAL OF THE GREAT LAKES ACADEMY CHARTER SCHOOL AGREEMENT WITH CONDITIONS
2024,24-0125-EX5,24-0125-EX5-1,CHICAGO CHARTER SCHOOL FOUNDATION DBA CHICAGO INT'L CHARTER SCHOOL,0.0,0.0,07/01/2024,06/30/2027,,NO_USER_UNIT,AUTHORIZE THE RENEWAL OF THE CHICAGO INTERNATIONAL CHARTER SCHOOL AGREEMENT WITH CONDITIONS
2024,24-0125-EX4,24-0125-EX4-1,,0.0,0.0,07/01/2024,06/30/2026,,NO_USER_UNIT,AUTHORIZE THE RENEWAL OF THE CHICAGO HIGH SCHOOL FOR THE ARTS AGREEMENT WITH CONDITIONS
2024,24-0125-EX3,24-0125-EX3-1,A.I.M. (Art in Motion),0.0,0.0,07/01/2024,06/30/2027,05/22/2025,NO_USER_UNIT,AUTHORIZE THE RENEWAL OF THE ART IN MOTION CHARTER SCHOOL AGREEMENT WITH CONDITIONS
2024,24-0125-EX2,24-0125-EX2-1,"INSTITUTE FOR LATINO PROGRESS, INC.",0.0,0.0,07/01/2024,06/30/2025,03/25/2024,NO_USER_UNIT,AUTHORIZE RENEWAL OF THE INSTITUTO JUSTICE AND LEADERSHIP ACADEMY CHARTER HIGH SCHOOL AGREEMENT WITH CONDITIONS
2024,24-0125-EX13,24-0125-EX13-1,,0.0,0.0,07/01/2024,06/30/2028,,NO_USER_UNIT,AUTHORIZE THE RENEWAL OF THE NOBLE NETWORK OF CHARTER SCHOOLS AGREEMENT WITH CONDITIONS
2024,24-0125-EX12,24-0125-EX12-1,Namaste Charter School,0.0,0.0,07/01/2024,06/30/2027,,NO_USER_UNIT,AUTHORIZE THE RENEWAL OF THE NAMASTE CHARTER SCHOOL AGREEMENT WITH CONDITIONS
2024,24-0125-EX11,24-0125-EX11-1,,0.0,0.0,07/01/2024,06/30/2027,05/05/2025,NO_USER_UNIT,AUTHORIZE THE RENEWAL OF THE MONTESSORI SCHOOL OF ENGLEWOOD CHARTER AGREEMENT WITH CONDITIONS
2024,24-0125-EX10,24-0125-EX10-1,,0.0,0.0,07/01/2024,06/30/2028,03/25/2024,NO_USER_UNIT,AUTHORIZE THE RENEWAL OF THE LEGAL PREP CHARTER ACADEMY AGREEMENT WITH CONDITIONS
2024,24-0124-PRDA10,24-0124-PRDA10-1,"OUTMATCH, INC.",0.0,87500.0,01/01/2024,12/31/2024,02/22/2024,NO_DOC_URL,"AUTHORIZE THE SECOND AND FINAL RENEWAL AGREEMENT WITH OUTMATCH, INC. FOR AUTOMATED REFERENCE CHECK SERVICES"
2024,24-0124-MISC07,24-0124-MISC07-1,"EDUCATION DEVELOPMENT CENTER,",0.0,0.0,01/20/2022,09/30/2023,,NO_DOC_URL,"NO-COST RESEARCH EVALATION SERVICES AGREEMENT(EDUCATION DEVELOPMENT CENTER, INC.)"
2024,24-0123-PRDA09,24-0123-PRDA09-1,"JENNIFER THOMPSON, LLC",0.0,250000.0,01/01/2024,12/31/2024,01/23/2024,NO_DOC_URL,"AUTHORIZE A NEW AGREEMENT WITH JENNIFER THOMPSON, LLC FOR PRINCIPAL ELIGIBILITY REVISION SERVICES"
2024,24-0123-MISC06,24-0123-MISC06-1,THE CHRISTOPHER L & M SUSAN GUST FOUNDATION,0.0,1.0,09/27/2023,06/30/2024,,NO_DOC_URL,"BOARD OF EDUCATION OF THE CITY OF CHICAGO AGREEMENT FOR OUT OF SCHOOL TIME PROGRAMS - (Free, Tuition-Based or Provider Paid by School) - The Christopher L. &amp; M. Susan Gust Foundation"
2024,24-0122-MISC05,24-0122-MISC05-1,Envision Community Services Inc NFP,0.0,0.0,07/01/2023,06/30/2024,,NO_DOC_URL,"BOARD OF EDUCATION OF THE CITY OF CHICAGO AGREEMENT FOR OUT OF SCHOOL TIME PROGRAMS (Free, Tuition-Based or Provider Paid by School) - Envision Community Services"
2024,24-0118-PRDA08,24-0118-PRDA08-1,SMARTSHEET INC,0.0,75000.0,01/31/2024,01/30/2025,01/12/2024,NO_DOC_URL,AUTHORIZE A NEW SOFTWARE LICENSE AGREEMENT WITH SMARTSHEET INC. FOR DIGITAL ASSET MANAGEMENT SYSTEM
2024,24-0118-MISC04,24-0118-MISC04-1,CONCORDIA UNIVERSITY,0.0,0.0,07/01/2022,06/30/2026,07/18/2022,NO_DOC_URL,SCHOOL COUNSELOR PRACTICUM/INTERNSHIP AGREEMENT (CONCORDIA UNIVERSITY CHICAGO)
2024,24-0118-MISC03,24-0118-MISC03-1,LEWIS UNIVERSITY,0.0,0.0,07/01/2022,06/30/2026,07/18/2022,NO_DOC_URL,SCHOOL COUNSELOR PRACTICUM/INTERNSHIP AGREEMENT (LEWIS UNIVERSITY)
2024,24-0117-MISC02,24-0117-MISC02-1,LOYOLA UNIVERSITY OF CHICAGO,0.0,0.0,07/01/2022,06/30/2026,08/29/2022,NO_DOC_URL,SCHOOL COUNSELOR PRACTICUM/INTERNSHIP AGREEMENT (LOYOLA UNIVERSITY CHICAGO)
2024,24-0117-MISC01,24-0117-MISC01-1,National Louis University,0.0,0.0,07/01/2022,06/30/2026,07/18/2022,NO_DOC_URL,SCHOOL COUNSELOR PRACTICUM/INTERNSHIP AGREEMENT (NATIONAL LOUIS UNIVERSITY)
2024,24-0112-PRDA07,24-0112-PRDA07-1,"ORACLE AMERICA, INC.",0.0,380000.0,01/01/2024,12/31/2024,12/12/2023,NO_DOC_URL,"AUTHORIZE THE FIRST AND FINAL RENEWAL AGREEMENT WITH ORACLE AMERICA, INC. FOR FOR TALENT ACQUISITION AND ON-BOARDING PROVIDED AS SOFTWARE AS A SERVICE (SAAS) CLOUD SERVICES AGREEMENT FOR CPQ-3152422-1"
2024,24-0112-PRDA06,24-0112-PRDA06-1,"Lake Shore Athletic Services, Inc. dba Lakeshore Athletic Services Inc.",0.0,75000.0,01/01/2024,12/31/2024,01/01/2024,NO_DOC_URL,"AUTHORIZE THE SECOND (FINAL) RENEWAL WITH LAKE SHORE ATHLETIC SERVICES, INC. FOR CROSS COUNTRY AND TRACK AND FIELD TIMING SERVICES"
2024,24-0110-PRDA05,24-0110-PRDA05-1,"AQUA ENTERPRISES, INC.",0.0,252439.0,10/01/2023,09/30/2024,08/22/2023,NO_DOC_URL,"AUTHORIZE THE FIRST RENEWAL AGREEMENT WITH AQUA ENTERPRISES, INC. DBA AQUA PURE ENTERPRISES, INC. FOR POOL CHEMICAL AND RELATED PRODUCTS"
2024,24-0110-PRDA04,24-0110-PRDA04-1,Promise54,0.0,75000.0,12/01/2023,04/30/2024,01/03/2024,NO_DOC_URL,AUTHORIZE A NEW AGREEMENT WITH PROMISE54 FOR FACILITATION SERVICES.
2024,24-0110-PRDA03,24-0110-PRDA03-1,NATIONAL EDUCATION OPPORTUNITY NETWORK,0.0,75000.0,08/01/2024,09/30/2025,08/01/2024,NO_DOC_URL,"AUTHORIZE A NEW AGREEMENT WITH NATIONAL EDUCATION EQUITY LAB, INC. FOR DUAL ENROLLMENT COURSE SERVICES"
2024,24-0110-PRDA02,24-0110-PRDA02-1,"ASKREPLY, INC. DBA B2GNOW",0.0,100000.0,02/01/2024,01/31/2025,12/06/2023,NO_DOC_URL,"AUTHORIZE THE FIRST RENEWAL AGREEMENT WITH ASKREPLY, INC., DBA B2GNOW FOR COMPLIANCE REPORTING SYSTEM AND SERVICES"
2024,24-0108-PRDA01,24-0108-PRDA01-1,GABRIEL OROSCO DBA EHECATL WIND PHILOSOPHY,0.0,74370.0,02/22/2023,06/30/2024,01/08/2024,NO_DOC_URL,AUTHORIZE A NEW AGREEMENT WITH EHECATL WIND PHILOSOPHY LLC FOR PRE-SERVICE TEACHER EQUITY PROJECT SERVICES
2024,23-1220-MISC06,23-1220-MISC06-1,ROOSEVELT UNIVERSITY,0.0,0.0,07/01/2022,06/30/2026,08/29/2022,NO_DOC_URL,SCHOOL COUNSELOR PRACTICUM/INTERNSHIP AGREEMENT(ROOSEVELT UNIVERSITY)
2024,23-1220-MISC05,23-1220-MISC05-1,RUSH UNIVERSITY MEDICAL CENTER,0.0,0.0,05/01/2022,04/30/2027,08/31/2022,NO_DOC_URL,AFFILIATION AGREEMENT BETWEEN RUSH UNIVERSITY MEDICAL CENTER AND CHICAGO PUBLIC SCHOOLS
2024,23-1220-MISC04,23-1220-MISC04-1,CHICAGO STATE UNIVERSITY,0.0,0.0,07/01/2022,06/30/2026,07/18/2022,NO_DOC_URL,SCHOOL COUNSELOR PRACTICUM/INTERNSHIP AGREEMENT (CHICAGO STATE UNIVERSITY)
2024,23-1220-MISC03,23-1220-MISC03-1,DEPAUL UNIVERSITY,0.0,0.0,07/15/2022,06/30/2026,08/29/2022,NO_DOC_URL,SCHOOL COUNSELOR PRACTICUM/INTERNSHIP AGREEMENT (DEPAUL UNIVERSITY)
2024,23-1219-MISC02,23-1219-MISC02-1,PUERTO RICAN ARTS ALLIANCE,0.0,0.0,10/01/2022,09/30/2028,09/10/2022,NO_DOC_URL,PUERTO RICAN ARTS ALLIANCE MEMORANDUM OF UNDERSTANDING
2024,23-1219-MISC01,23-1219-MISC01-1,FRIDA KAHLO COMMUNITY ORGANIZATION,0.0,0.0,10/01/2022,09/30/2028,09/12/2022,NO_DOC_URL,FRIDA COMMUNITY ORGANIZATION MEMORANDUM OF UNDERSTANDING
2024,23-1214-PR8,23-1214-PR8-1,CARAHSOFT TECHNOLOGY CORPORATION,2250000.0,2250000.0,01/01/2024,12/31/2026,01/29/2024,10210 Law Office,AUTHORIZE A NEW AGREEMENT WITH CARAHSOFT TECHNOLOGY CORP. FOR CONTRACT MANAGEMENT SYSTEM SERVICES
2024,23-1214-PR6,23-1214-PR6-1,"SUTTON FORD, INC.",2000000.0,2000000.0,01/01/2024,12/31/2025,01/16/2024,11860 Facility Operations & Maintenance;11880 Facility Opers & Maint - City Wide,"AUTHORIZE THE FIRST RENEWAL AGREEMENT WITH SUTTON FORD, INC TO PROVIDE VARIOUS VEHICLES, INCLUDING MAINTENANCE AND RELATED SERVICES"
2024,23-1214-PR4,23-1214-PR4-1,"ODP BUSINESS SOLUTIONS, LLC",10000000.0,10000000.0,03/01/2024,02/28/2025,03/02/2024,12210 Procurement and Contracts Office,"AUTHORIZE THE FIRST RENEWAL AGREEMENT WITH ODP BUSINESS SOLUTIONS, LLC FOR THE PURCHASE OF OFFICE SUPPLIES AND RELATED PRODUCTS"
2024,23-1214-PR2,23-1214-PR2-1,CARAHSOFT TECHNOLOGY CORPORATION,1443000.0,1443000.0,02/01/2024,01/31/2025,01/22/2024,12510 Information & Technology Services,AUTHORIZE THE FIRST (FINAL) RENEWAL AGREEMENT WITH CARAHSOFT TECHNOLOGY CORP. FOR IDENTITY AND ACCESS MANAGEMENT SERVICES
2024,23-1214-EX5,23-1214-EX5-1,CITY OF CHICAGO,175000000.0,175000000.0,01/01/2023,12/31/2023,01/05/2024,NO_USER_UNIT,RATIFY THE THIRD RENEWAL OF THE INTERGOVERNMENTAL AGREEMENT WITH THE CITY OF CHICAGO FOR THE MUNICIPAL EMPLOYEES' ANNUITY AND BENEFIT FUND
2024,23-1214-EX4,23-1214-EX4-1,,0.0,0.0,07/01/2023,06/30/2024,,NO_USER_UNIT,AUTHORIZE RENEWAL OF URBAN PREP CHARTER ACADEMY FOR YOUNG MEN HIGH SCHOOL ENGLEWOOD CAMPUS AGREEMENT WITH CONDITIONS
2024,23-1214-EX3,23-1214-EX3-1,,0.0,0.0,07/01/2023,06/30/2024,,NO_USER_UNIT,AUTHORIZE RENEWAL OF URBAN PREP CHARTER ACADEMY FOR YOUNG MEN HIGH SCHOOL BRONZEVILLE CAMPUS AGREEMENT WITH CONDITIONS
2024,23-1213-PRDA04,23-1213-PRDA04-1,WEX HEALTH INC.,0.0,150000.0,01/01/2023,12/31/2023,01/30/2023,NO_DOC_URL,AUTHORIZE THE EXTENSION OF THE AGREEMENT WITH WEX HEALTH INC. FOR MEDICAL AND DEPENDENT CARE FLEXIBLE SPENDING ACCOUNT SERVICES
2024,23-1206-PRDA03,23-1206-PRDA03-1,"BLAIDA AND ASSOCIATES, LLC",0.0,114577.0,01/01/2024,12/31/2024,01/17/2024,NO_DOC_URL,AUTHORIZE THE SECOND (FINAL) RENEWAL AGREEMENT WITH DEREK A. BLAIDA DBA BLAIDA AND ASSOCIATES LLC FOR LEGISLATIVE CONSULTING SERVICES
2024,23-1206-PRDA02,23-1206-PRDA02-1,Brandon Watts dba 1000 Watts Sports,0.0,140000.0,11/01/2023,10/31/2024,11/01/2023,NO_DOC_URL,AUTHORIZE A NEW AGREEMENT WITH BRANDON WATTS DBA 1000 WATTS SPORTS FOR LUNCH AND RECESS SUPPORT SERVICES
2024,23-1201-PRDA01,23-1201-PRDA01-1,VEX Robotics Inc,0.0,40000.0,11/01/2023,10/31/2024,01/05/2024,NO_DOC_URL,AUTHORIZE THE FIRST RENEWAL AGREEMENT WITH VEX ROBOTICS INC. FOR ROBOTIC EQUIPMENT AND SUPPLIES
2024,23-1127-PRDA04,23-1127-PRDA04-1,"HENDY AVENUE CONSULTING, LLC",0.0,221650.0,09/01/2023,08/31/2024,09/20/2023,NO_DOC_URL,AUTHORIZE THE FIRST RENEWAL AGREEMENT WITH HENDY AVENUE CONSULTING LLC FOR CONSULTING SERVICES
2024,23-1121-PRDA03,23-1121-PRDA03-1,CARAHSOFT TECHNOLOGY CORPORATION,0.0,258000.0,11/24/2023,11/23/2024,,NO_DOC_URL,"AUTHORIZE THE FIRST RENEWAL AGREEMENT WITH CARAHSOFT TECHNOLOGY CORP. FOR THE LICENSING OF SALESFORCE, TABLEAU AND SERVICE LEVEL AGREEMENTS"
2024,23-1109-PRDA02,23-1109-PRDA02-1,POSITIVE COACHING ALLIANCE,0.0,100000.0,11/01/2023,10/31/2024,11/01/2023,NO_DOC_URL,AUTHORIZE A NEW AGREEMENT WITH POSITIVE COACHING ALLIANCE FOR LEADERSHIP TRAINING FOR ATHLETIC ADMINISTRATORS AND LIAISONS SERVICES.
2024,23-1109-PRDA01,23-1109-PRDA01-1,"SWITCH VEHICLES, INC.",0.0,75701.0,11/01/2023,10/31/2024,,NO_DOC_URL,"AUTHORIZE A NEW AGREEMENT WITH SWITCH VEHICLES, INC. FOR ELECTRIC VEHICLE CONSTRUCTION KIT AND TRAINING SERVICES."
2024,23-1025-PRDA03,23-1025-PRDA03-1,POWERSCHOOL HOLDINGS LLC DBA POWERSCHOOL GROUP LLC,0.0,880585.0,07/01/2023,06/30/2025,12/22/2023,NO_DOC_URL,AUTHORIZE A NEW AGREEMENT WITH POWERSCHOOL HOLDINGS LLC DBA POWERSCHOOL GROUP LLC FOR PRINCIPAL LEADERSHIP DEVELOPMENT PLATFORM SERVICES
2024,23-1025-PR8,23-1025-PR8-1,APPLE INC.,24558279.0,24558279.0,11/01/2023,10/31/2024,10/31/2023,12510 Information & Technology Services,"AUTHORIZE A NEW AGREEMENT WITH APPLE INC. FOR THE PURCHASE OF HARDWARE, SOFTWARE AND SERVICES"
2024,23-1025-PR7,23-1025-PR7-1,"AT&T ENTERPRISES, LLC",11081213.0,11081213.0,07/01/2021,06/30/2024,,12510 Information & Technology Services ,"AMEND BOARD REPORT 21-0623-PR21AUTHORIZE A NEW AGREEMENT WITH A T AND T CORP. FOR CELLULAR SERVICES, APPLICATIONS, EQUIPMENT, ACCESSORIES AND SUPPORT"
2024,23-1025-PR6,23-1025-PR6-1,"SIVIC SOLUTIONS GROUP, LLC",1248000.0,1248000.0,01/01/2023,12/31/2024,11/16/2023,12610 Budget & Management Office ,"AMEND BOARD REPORT 22-1026-PR6 AUTHORIZE THE FOURTH AND FINAL RENEWAL AGREEMENT WITH SIVIC SOLUTIONS GROUP, LLC FOR MEDICAID CLAIMS PROCESSING AND ADVISORY SERVICES"
2024,23-1025-PR5,23-1025-PR5-1,BLENDERBOX INC.,3850000.0,3850000.0,11/01/2023,10/31/2026,04/16/2024,11201 Access and Enrollment,AUTHORIZE A NEW AGREEMENT WITH BLENDERBOX INC. FOR GOCPS 3.0 STUDENT APPLICATION PLATFORM AND RELATED SERVICES
2024,23-1025-PR4,23-1025-PR4-1,THORSEN CONSULTING INC,772500.0,772500.0,01/01/2024,12/31/2024,11/02/2023,11201 Access and Enrollment,"AUTHORIZE THE SECOND (FINAL) RENEWAL AGREEMENT WITH THORSEN CONSULTING, INC. FOR DEVELOPMENT AND HOSTING OF GOCPS WAITLIST/OFFER MODULE SERVICES"
2024,23-1025-PR3,23-1025-PR3-1,SCHOOLMINT INC,678000.0,678000.0,03/01/2024,02/28/2025,01/21/2024,11201 Access and Enrollment,"AUTHORIZE THE SECOND (FINAL) RENEWAL AGREEMENT WITH SCHOOLMINT INC FOR STUDENT APPLICATION, ASSIGNMENT AND ENROLLMENT MANAGEMENT SERVICES"
2024,23-1025-PR18,23-1025-PR18-1,"CAREMARKPCS HEALTH, L.L.C.",300000000.0,300000000.0,01/01/2024,12/31/2026,,11010 Talent Office,"AUTHORIZE A NEW AGREEMENT WITH CAREMARKPCS HEALTH, L.L.C. FOR PHARMACY BENEFIT MANAGEMENT SERVICES"
2024,23-1025-PR17,23-1025-PR17-1,ACADEMY FOR URBAN SCHOOL LEADERSHIP,14490000.0,14490000.0,07/01/2024,06/30/2027,04/09/2024,11010 Talent Office,AUTHORIZE A NEW AGREEMENT WITH ACADEMY FOR URBAN SCHOOL LEADERSHIP FOR A TEACHER RESIDENCY PROGRAM
2024,23-1025-PR16,23-1025-PR16-1,STANDARD INSURANCE COMPANY,1050000.0,1050000.0,01/01/2024,12/31/2025,06/05/2024,11010 Talent Office,"AUTHORIZE THE FIRST AND SECOND (FINAL) RENEWAL AGREEMENT WITH STANDARD INSURANCE COMPANY FOR LIFE INSURANCE, LONG TERM DISABILITY, AND VOLUNTARY BENEFITS SERVICE"
2024,23-1025-PR14,23-1025-PR14-1,DELTA DENTAL OF ILLINOIS,26500000.0,26500000.0,01/01/2023,12/31/2024,12/22/2023,11010 Talent Office ,AMEND BOARD REPORT 22-1026-PR16 AUTHORIZE THE SECOND AND FINAL RENEWAL AGREEMENT WITH DELTA DENTAL OF ILLINOIS FOR DPPO AND DHMO INSURANCE SERVICES
2024,23-1025-PR10,23-1025-PR10-1,"AMERESCO, INC",1155000.0,1155000.0,01/01/2024,12/31/2026,11/01/2023,11880 Facility Opers & Maint - City Wide,"AUTHORIZE A NEW AGREEMENT WITH AMERESCO, INC FOR ENERGY MANAGEMENT CONSULTING SERVICES."
2024,23-1025-PR1,23-1025-PR1-1,ACUMEN SOLUTIONS INC,1500000.0,1500000.0,07/01/2023,06/30/2024,12/22/2023,11110 Network Support ;11110 Network Support ,AUTHORIZE THE AMENDMENT OF THE FIRST RENEWAL AGREEMENT WITH ACUMEN SOLUTIONS INC FOR UNIFIED CONTINUOUS IMPROVEMENT PLATFORM AND RELATED SERVICES
2024,23-1013-PRDA02,23-1013-PRDA02-1,ADVANCE SECURITY RESOURCES LLC,196100.0,196100.0,08/01/2023,07/31/2024,07/21/2023,NO_DOC_URL,"AUTHORIZE THE FINAL RENEWAL AGREEMENT WITH ADVANCE SECURITY RESOURCES LLC FOR THE PURCHASE OF WALK-THROUGH METAL DETECTORS AND RELATED INSTALLATION, MAINTENANCE AND TRAINING SERVICES"
2024,23-1010-PRDA01,23-1010-PRDA01-1,"JOHNSON RESEARCH GROUP, INC.",0.0,200000.0,07/01/2023,06/30/2024,07/07/2023,NO_DOC_URL,"AUTHORIZE THE FINAL RENEWAL AGREEMENT WITH JOHNSON RESEARCH GROUP, INC. FOR TAX INCREMENT FINANCING (TIF) FUNDING FOR THE CAPITAL IMPROVEMENT PROGRAM"
2024,23-1006-CPOR-8065,23-1006-CPOR-8065,"MELINDA FABER DBA CONVERGENCE DESIGN LAB, LLC",74500.0,74500.0,12/01/2023,11/30/2024,10/18/2023,PDF_404,Accountability Redesign Learning Demands
2024,23-0921-MISC21,23-0921-MISC21-1,"ARAMARK EDUCATIONAL SERVICES, LLC",0.0,0.0,05/23/2023,05/24/2024,05/24/2023,NO_DOC_URL,"INTERNSHIP EXPERIENCE AFFILIATION AGREEMENT by and between AramarkHealthcare Support Services, LLC, a Delaware limited liability company (¿Aramark¿) and theBoard of Education of the City of Chicago"
2024,23-0921-MISC20,23-0921-MISC20-1,NORTHEASTERN ILLINOIS UNIVERSITY,0.0,0.0,12/20/2022,12/21/2023,12/10/2022,NO_DOC_URL,MEMORANDUM OF UNDERSTANDINGFOR COMPUTER SCIENCE ENDORSEMENT(Northeastern Illinois University)
2024,23-0921-MISC19,23-0921-MISC19-1,"HOME DEPOT U.S.A., INC.",0.0,0.0,12/09/2022,12/08/2023,,NO_DOC_URL,MEMORANDUM OF UNDERSTANDING BETWEEN THE BOARD OF EDUCATION OF THE CITY OF CHICAGO AND THE HOME DEPOT
2024,23-0921-MISC18,23-0921-MISC18-1,JOHNSON CONTROLS FIRE PROTECTION LP,0.0,0.0,12/01/2022,11/30/2023,,NO_DOC_URL,A MEMORANDUM OF UNDERSTANDING BETWEEN THE BOARD OF EDUCATION OF THE CITY OF CHICAGO AND JOHNSON &amp; JOHNSON HEALTH CARE SYSTEMS INC.
2024,23-0921-MISC17,23-0921-MISC17-1,CHANGE THE TUNE,0.0,0.0,01/01/2023,01/01/2024,,NO_DOC_URL,MEMORANDUM OF UNDERSTANDING (CHIEFS FOR CHANGE)
2024,23-0921-MISC16,23-0921-MISC16-1,"TNTP, INC.",0.0,0.0,04/01/2022,10/20/2024,03/17/2023,NO_DOC_URL,"DATA SHARING AGREENENT (TNTP, INC.)"
2024,23-0921-MISC14,23-0921-MISC14-1,LOYOLA UNIVERSITY OF CHICAGO,0.0,0.0,01/09/2023,06/04/2024,,NO_DOC_URL,MEMORANDUM OF UNDERSTANDING BETWEEN THE BOARD OF EDUCATION OF THE CITY OF CHICAGO AND LOYOLA UNIVERSITY OF CHICAGO
2024,23-0921-MISC13,23-0921-MISC13-1,"MINDPLAY EDUCATION, LLC",0.0,0.0,09/01/2022,10/02/2023,04/10/2023,NO_DOC_URL,"NO-COST SERVICES AGREEMENT (Metis Associates, Inc.)"
2024,23-0921-MISC12,23-0921-MISC12-1,National Consortium for Health Science Education,0.0,0.0,09/11/2023,06/03/2024,05/15/2023,NO_DOC_URL,MEMORANDUM OF UNDERSTANDING BETWEEN THE BOARD OF EDUCATION OF THE CITY OF CHICAGO AND NATIONAL CARES MENTORING MOVEMENT INC.
2024,23-0920-MISC11,23-0920-MISC11-1,NORTHEASTERN ILLINOIS UNIVERSITY,0.0,2250.0,08/15/2023,12/23/2023,,NO_DOC_URL,FACILITY USE AGREEMENT
2024,23-0919-MISC10,23-0919-MISC10-1,NORTHERN ILLINOIS UNIVERSITY,0.0,0.0,01/01/2023,06/30/2024,06/21/2023,NO_DOC_URL,DATA SHARING AND RESEARCH EVALUATION AGREEMENT(Board Of Trustees Of Northern Illinois University)
2024,23-0919-MISC09,23-0919-MISC09-1,"LEE Foundation for Civic Leadership, Inc",0.0,5500.0,09/01/2023,05/31/2024,07/14/2023,NO_DOC_URL,FELLOWSHIP HOST AGREEMENT
2024,23-0919-MISC08,23-0919-MISC08-1,NORTH PARK UNIVERSITY,0.0,0.0,08/01/2023,07/31/2026,08/09/2022,NO_DOC_URL,NO-COST SERVICES AGREEMENT(North Park University)
2024,23-0919-MISC07,23-0919-MISC07-1,Springboard Collaborative,0.0,0.0,06/26/2023,06/30/2024,07/10/2023,NO_DOC_URL,NO COST SERVICES AGREEMENT(Springboard Collaborative)
2024,23-0919-MISC03,23-0919-MISC03-1,JUNIOR ACHIEVEMENT OF CHICAGO,0.0,0.0,07/01/2023,06/30/2026,06/30/2023,NO_DOC_URL,SERVICES AGREEMENT (Junior Achievement of Chicago)
2024,23-0915-MISC02,23-0915-MISC02-1,THE UNIVERSITY OF CHICAGO,0.0,0.0,07/01/2023,06/30/2024,,NO_DOC_URL,AGREEMENT EXERCISING THE SECOND OPTIONTO RENEW THE MASTER RESEARCH SERVICES AGREEMENT(Chapin Hall at the University of Chicago)
2024,23-0914-CPOR-8052,23-0914-CPOR-8052,GREATLAND CORPORATION,134000.0,134000.0,07/01/2023,06/30/2024,12/20/2023,PDF_404,W2 and Affordable Care Act 1095-C Processing Services
2024,23-0824-PR7,23-0824-PR7-1,JOHNSON CONTROLS FIRE PROTECTION LP,1000000.0,1000000.0,10/01/2023,09/30/2024,10/31/2023,11880 Facility Opers & Maint - City Wide,AUTHORIZE THE FIRST RENEWAL AGREEMENT WITH JOHNSON CONTROLS FIRE PROTECTION LP FOR FIRE SUPPRESSION SYSTEM MAINTENANCE AND REPAIR SERVICES
2024,23-0824-PR6,23-0824-PR6-1,JOHNSON CONTROLS FIRE PROTECTION LP,3000000.0,3000000.0,10/01/2023,09/30/2024,09/14/2023,11880 Facility Opers & Maint - City Wide,AUTHORIZE THE FIRST RENEWAL AGREEMENT WITH JOHNSON CONTROLS FIRE PROTECTION LP FOR FIRE SUPPRESSION ANSUL AND EXHAUST SYSTEM MAINTENANCE AND REPAIR SERVICES
2024,23-0824-PR2,23-0824-PR2-1,"AMPLIFY EDUCATION, INC.",12000000.0,16481190.13,09/01/2023,08/31/2026,09/22/2023,"10810 Teaching and Learning Office;10814 Curriculum, Instruction, and Digital Learning","AUTHORIZE A NEW AGREEMENT WITH AMPLIFY EDUCATION, INC. FOR THE PURCHASE OF SCIENCE KITS"
2024,23-0824-PR16,23-0824-PR16-1,"CONVERGEONE, INC",2970802.0,2970802.0,09/01/2023,06/30/2026,01/12/2024,12510 Information & Technology Services,"AUTHORIZE A NEW AGREEMENT WITH CONVERGEONE, INC. FOR THE PURCHASE OF CLOUD BASED CALL CENTER MANAGED SERVICES"
2024,23-0824-PR11,23-0824-PR11-1,"GLOBAL WATER TECHNOLOGY, INC.",7500000.0,7500000.0,10/01/2023,09/30/2026,09/18/2023,11880 Facility Opers & Maint - City Wide;11880 Facility Opers & Maint - City Wide,"AUTHORIZE THE FIRST, SECOND AND THIRD (FINAL) RENEWAL AGREEMENT WITH GLOBAL WATER TECHNOLOGY, INC. FOR WATER TREATMENT PRODUCTS AND SERVICES"
2024,23-0824-PR10,23-0824-PR10-1,Aero Elevator LLC,5400000.0,5400000.0,10/01/2023,09/30/2026,12/20/2023,11880 Facility Opers & Maint - City Wide;11880 Facility Opers & Maint - City Wide,"AUTHORIZE THE FIRST, SECOND AND THIRD (FINAL) RENEWAL AGREEMENT WITH AERO ELEVATOR LLC FOR CONVEYANCE MAINTENANCE AND REPAIR SERVICES"
2024,23-0824-PR1,23-0824-PR1-1,FISHER SCIENTIFIC COMPANY LLC,5000000.0,5000000.0,09/01/2023,08/31/2024,,14050 Office of Student Health & Wellness ,AUTHORIZE A NEW AGREEMENT WITH FISHER SCIENTIFIC COMPANY L.L.C. FOR THE PURCHASE OF COVID TESTING AND SERVICES
2024,23-0824-OP2,23-0824-OP2-1,4600 SOUTH KEDZIE LLC,1028995.0,1028995.0,01/01/2024,06/30/2026,10/06/2023,NO_USER_UNIT,AUTHORIZE EXTENSION OF THE LEASE AGREEMENT WITH 4600 S. KEDZIE LLC FOR THE USE OF SPACE AT 4600 SOUTH KEDZIE AVENUE
2024,23-0824-OP1,23-0824-OP1-1,,0.0,75000.0,,,,NO_USER_UNIT,AMEND BOARD REPORT 22-1207-OP1 AMEND BOARD REPORT 17-1206-OP22 DISPOSITION OF BIDS RECEIVED FOR THE SALE OF PROPERTY LOCATED AT 5500 W. MADISON STREET (FORMER ROBERT EMMET ELEMENTARY SCHOOL)
2024,23-0822-CPOR-8057,23-0822-CPOR-8057,ALMA ADVISORY GROUP LLC,250000.0,250000.0,07/01/2023,06/30/2024,09/15/2023,PDF_404,Executive Search Services (REISSUED CPOR)
2024,23-0822-CPOR-8057,23-0822-CPOR-8057,MICHAEL MONTOYA DBA STRONGER CONSULTING INC. 1,250000.0,250000.0,07/01/2023,06/30/2024,09/15/2023,PDF_404,Executive Search Services (REISSUED CPOR)
2024,23-0822-CPOR-8057,23-0822-CPOR-8057,"TalentED Advisors, Inc.",250000.0,250000.0,07/01/2023,06/30/2024,09/15/2023,PDF_404,Executive Search Services (REISSUED CPOR)
2024,23-0817-CPOR-8064,23-0817-CPOR-8064,"SWITCH VEHICLES, INC.",75580.0,75580.0,11/01/2023,10/31/2024,11/29/2023,PDF_404,Career and Technical Education (CTE) Auto Tech and Electrical Program Electric Vehicle Kit
2024,23-0817-CPOR-8062,23-0817-CPOR-8062,RENAISSANCE KNIGHTS FOUNDATION,149500.0,149500.0,11/01/2023,10/31/2024,08/31/2023,PDF_404,USCF Certified Tournament Director and International Chess Federation (USCF) Licensed Trainer
2024,23-0817-CPOR-8040,23-0817-CPOR-8040,PRENTKE ROMICH COMPANY DBA PRC SALTILLO,225000.0,225000.0,09/01/2023,08/31/2024,11/29/2023,PDF_404,Specialized Education Equipment and Accessories
2024,23-0803-CPOR-8042,23-0803-CPOR-8042-1,SONOVA USA INC.,250000.0,250000.0,08/01/2023,07/31/2024,09/20/2023,PDF_404,Hearing Assistive Technology (HAT) & Frequency Modulation (FM) Equipment
2024,23-0726-PR7,23-0726-PR7-1,CINTAS CORPORATION NO. 2,7500000.0,7500000.0,08/01/2023,07/31/2025,10/23/2023,11880 Facility Opers & Maint - City Wide;11880 Facility Opers & Maint - City Wide,AUTHORIZE A NEW AGREEMENT WITH CINTAS CORPORATION NO. 2 FOR THE PURCHASE OF CUSTODIAL CONSUMABLES/SUPPLIES
2024,23-0726-PR6,23-0726-PR6-1,"ABC Humane Wildlife Control & Prevention, Inc. dba Landmark Pest Management",7500000.0,7500000.0,10/01/2023,09/30/2026,10/17/2023,11880 Facility Opers & Maint - City Wide,"AUTHORIZE THE FIRST, SECOND, AND THIRD (FINAL) RENEWAL AGREEMENT WITH ABC HUMANE WILDLIFE CONTROL AND PREVENTION, INC. DBA LANDMARK PEST MANAGEMENT, INC. FOR INTEGRATED PEST MANAGEMENT SERVICES"
2024,23-0726-PR5,23-0726-PR5-1,CHICAGO FIRE PROTECTION LLC,2500000.0,2500000.0,10/01/2023,09/30/2024,10/05/2023,11880 Facility Opers & Maint - City Wide,AUTHORIZE THE FIRST RENEWAL AGREEMENT WITH CHICAGO FIRE PROTECTION LLC FOR FIRE ALARM SYSTEM MAINTENANCE AND REPAIR SERVICES
2024,23-0726-PR2,23-0726-PR2-1,"SAGA INNOVATIONS, INC.",1000000.0,1000000.0,08/01/2023,07/31/2024,08/18/2023,11110 Network Support;10816 Chief Education Office,"AUTHORIZE THE FIRST (FINAL) RENEWAL AGREEMENT WITH SAGA INNOVATONS, INC. FOR ONLINE PILOT FOR MATH TUTORING SERVICES"
2024,23-0726-PR10,23-0726-PR10-1,"LINEV SYSTEMS US, INC.",1000000.0,1000000.0,08/01/2023,07/31/2024,06/03/2024,10610 School Safety and Security Office,"AUTHORIZE THE FIRST RENEWAL AGREEMENT WITH LINEV SYSTEMS US, INC FOR THE PURCHASE OF PORTABLE X-RAY MACHINES AND RELATED INSTALLATION, MAINTENANCE AND TRAINING SERVICES"
2024,23-0726-PR1,23-0726-PR1-1,"RIVERSIDE ASSESSMENTS, LLC DBA RIVERSIDE INSIGHTS",1227500.0,1227500.0,09/01/2023,08/31/2024,10/04/2023,11210 Student Assessment and MTSS,"AUTHORIZE A NEW AGREEMENT WITH RIVERSIDE ASSESSMENTS, LLC DBA RIVERSIDE INSIGHTS FOR THE PURCHASE OF TEST MATERIALS FOR HIGH SCHOOL ADMISSIONS, SELECTIVE ENROLLMENT, COMPREHENSIVE GIFTED, ACCELERATED PLACEMENT, AND RELATED SERVICES"
2024,23-0726-EX2,23-0726-EX2-1,"Shrub Oak International School, LLC",1200000.0,1200000.0,02/01/2023,06/30/2024,10/16/2023,NO_USER_UNIT,RATIFY AND AMEND BOARD REPORT 23-0222-EX2 RATIFY A PLACEMENT AGREEMENT WITH SHRUB OAK INTERNATIONAL SCHOOL REGARDING P.Z.
2024,23-0713-CPOR-7981,23-0713-CPOR-7981,"LAKESHORE PARENT LLC DBA LAKESHORE LEARNING MATERIALS, LLC",250000.0,250000.0,08/01/2023,07/31/2024,09/01/2023,PDF_404,Assessments for Students Requiring Significantly Modified Instruction FY24
2024,23-0711-CPOR-8049,23-0711-CPOR-8049,THE LEARNING COLLECTIVE INC.,115500.0,115500.0,08/01/2023,07/31/2024,07/13/2023,PDF_404,Academic Support for Charter and Contract Renewals
2024,23-0707-CPOR-8046,23-0707-CPOR-8046-1,COMMUNITY ORGANIZING AND FAMILY ISSUES,108000.0,108000.0,08/01/2023,07/31/2024,07/24/2023,PDF_404,Early Childhood Outreach Program
2024,23-0706-CPOR-8025,23-0706-CPOR-8025-1,LA TIA T. COLLINS,65000.0,65000.0,06/01/2023,05/31/2024,06/01/2023,PDF_404,CEL Coordinator
2024,23-0706-CPOR-8020,23-0706-CPOR-8020-1,KERRY'S AUTO BODY INC.,300000.0,300000.0,07/01/2023,06/30/2025,07/18/2023,PDF_404,Vehicle Maintenance Services
2023,23-0628-PR6,23-0628-PR6-1,HERC RENTALS INC.,3000000.0,3000000.0,07/01/2023,06/30/2026,10/01/2024,11880 Facility Opers & Maint - City Wide;11880 Facility Opers & Maint - City Wide,AUTHORIZE A NEW AGREEMENT WITH HERC RENTALS INC. FOR THE PURCHASE OR RENTAL OF HEAVY EQUIPMENT
2023,23-0628-PR4,23-0628-PR4-1,"JONES LANG LASALLE AMERICAS, INC.",376500000.0,376500000.0,07/01/2021,06/30/2024,,11880 Facility Opers & Maint - City Wide ;11880 Facility Opers & Maint - City Wide ,"AMEND BOARD REPORT 21-0623-PR18AUTHORIZE A NEW AGREEMENT WITH JONES LANG LASALLE AMERICAS, INC. FOR FACILITY MANAGEMENT AND BUILDING ENGINEERING SERVICES"
2023,23-0628-PR16,23-0628-PR16-1,KALAJU TRANS LLC,10000000.0,10000000.0,07/01/2023,06/30/2025,10/27/2023,11870 Student Transportation;11870 Student Transportation,RATIFY PAYMENTS AND AUTHORIZE THE SECOND AND THIRD (FINAL) RENEWAL AGREEMENT WITH KALAJU TRANS LLC FOR PARATRANSIT AND ALTERNATE MODES OF STUDENT TRANSPORTATION SERVICES
2023,23-0628-PR15,23-0628-PR15-1,CHRISTOPHER TOCZYCKI,1064250.0,1064250.0,07/01/2023,06/30/2024,07/06/2023,11870 Student Transportation;11870 Student Transportation,AUTHORIZE THE EXTENSION OF THE AGREEMENT WITH CHRISTOPHER TOCZYCKI INCORPORATED FOR STUDENT TRANSPORTATION CONSULTING SERVICES
2023,23-0628-PR14,23-0628-PR14-1,"EVERDRIVEN TECHNOLOGIES, LLC",12000000.0,12000000.0,08/01/2023,09/30/2026,10/10/2023,11870 Student Transportation;11870 Student Transportation,"AUTHORIZE THE FIRST AND SECOND (FINAL) RENEWAL AGREEMENT WITH EVERDRIVEN TECHNOLOGIES, LLC FOR PARATRANSIT AND ALTERNATE MODES OF STUDENT TRANSPORTATION SERVICES"
2023,23-0628-PR13,23-0628-PR13-1,CDW GOVERNMENT LLC,10000000.0,10000000.0,07/01/2023,06/30/2024,08/04/2023,12510 Information & Technology Services,AUTHORIZE THE EXTENSION OF THE AGREEMENT WITH CDW GOVERNMENT LLC FOR THE PURCHASE OF AUDIO VISUAL AND INTERACTIVE WHITEBOARD EQUIPMENT
2023,23-0628-PR11,23-0628-PR11-1,CARAHSOFT TECHNOLOGY CORPORATION,550000.0,550000.0,07/15/2023,07/14/2024,07/17/2023,12510 Information & Technology Services,AUTHORIZE THE FIRST (FINAL) RENEWAL AGREEMENT WITH CARAHSOFT TECHNOLOGY CORPORATION FOR DOCUSIGN ELECTRONIC SIGNATURE PLATFORM AND RELATED SERVICES
2023,23-0628-PR10,23-0628-PR10-1,"ORACLE AMERICA, INC.",4200000.0,4200000.0,07/01/2023,06/30/2024,07/27/2023,12510 Information & Technology Services,"AUTHORIZE THE ANNUAL RENEWAL AGREEMENT WITH ORACLE AMERICA, INC FOR LICENSING AND SUPPORT FOR ORACLE ENTERPRISE FINANCIAL SYSTEMS"
2023,23-0628-OP2,23-0628-OP2-1,,10.0,10.0,,,,NO_USER_UNIT,APPROVE A LEASE AGREEMENT WITH THE METROPOLITAN WATER RECLAMATION DISTRICT OF GREATER CHICAGO FOR THE USE OF PROPERTY LOCATED ADJACENT TO NORTHSIDE COLLEGE PREP
2023,23-0628-OP1,23-0628-OP1-1,"HIGHLAND AVONDALE PROPERTIES, LLC",397837.0,397837.0,09/01/2023,08/30/2024,08/04/2023,NO_USER_UNIT,AUTHORIZE RENEWAL OF THE LEASE AGREEMENT WITH HIGHLAND AVONDALE PROPERTIES LLC FOR THE USE OF OFFICE SPACE AT 6323 NORTH AVONDALE AVENUE
2023,23-0628-EX5,23-0628-EX5-1,CITY OF CHICAGO,99624439.0,99624439.0,07/01/2023,06/30/2024,11/07/2023,NO_USER_UNIT,APPROVE THE THIRD OPTION TO RENEW THE INTERGOVERNMENTAL AGREEMENT WITH THE DEPARTMENT OF FAMILY & SUPPORT SERVICES (DFSS) - THE CITY OF CHICAGO
2023,23-0628-EX4,23-0628-EX4-1,CITY OF CHICAGO,1500000.0,1500000.0,07/01/2023,06/30/2024,11/29/2023,NO_USER_UNIT,APPROVE THE SECOND OPTION TO RENEW THE INTERGOVERNMENTAL AGREEMENT WITH THE DEPARTMENT OF FAMILY & SUPPORT SERVICES (DFSS) - THE CITY OF CHICAGO
2023,23-0628-EX3,23-0628-EX3-1,CHICAGO POLICE DEPARTMENT,10347298.0,10347298.0,09/01/2023,08/31/2024,09/29/2023,NO_USER_UNIT,AUTHORIZE THE FIRST RENEWAL OF THE INTERGOVERNMENTAL AGREEMENT WITH THE CHICAGO POLICE DEPARTMENT OF THE CITY OF CHICAGO FOR SCHOOL RESOURCE OFFICER SERVICES
2023,23-0628-EX2,23-0628-EX2-1,,0.0,0.0,07/01/2017,06/30/2024,,NO_USER_UNIT,AMEND BOARD REPORT 20-1118-EX2 AMEND BOARD REPORT 19-0724-EX3 AMEND BOARD REPORT 18-0425-EX7 AMEND BOARD REPORT 17-0828-EX10 AMEND BOARD REPORT 16-1207-EX6 AUTHORIZE RENEWAL OF THE CHICAGO INTERNATIONAL CHARTER SCHOOL AGREEMENT WITH CONDITIONS
2023,23-0615-CPOR-8029,23-0615-CPOR-8029,KTECH PRODUCTS LLC,250000.0,250000.0,07/14/2023,07/13/2024,07/19/2023,PDF_404,Automation and ANM RPA Project
2023,23-0609-CPOR-8024,23-0609-CPOR-8024,CAL INTERPRETING & TRANSLATIONS,75000.0,75000.0,08/01/2023,06/30/2024,06/22/2023,PDF_404,Translation of Sexual Health Education Curriculum
2023,23-0608-CPOR-8031,23-0608-CPOR-8031,"HOGAN MARREN BABBO & ROSE, LTD",120000.0,120000.0,03/16/2023,09/15/2023,06/13/2023,PDF_404,Title IX Audit
2023,23-0605-CPOR-8017,23-0605-CPOR-8017-1,"CONSORTIUM FOR EDUCATIONAL RESEARCH AND ADVANCEMENT, LLC",74500.0,74500.0,05/22/2023,05/21/2024,06/01/2023,PDF_404,Scope Writing Services
2023,23-0605-CPOR-8017,23-0605-CPOR-8017-2,"SLALOM, INC.",74400.0,74400.0,05/22/2023,05/21/2024,06/01/2023,PDF_404,Scope Writing Services
2023,23-0601-CPOR-8016,23-0601-CPOR-8016,"WILLIAM K. RICE, JR. DBA RICE CONSULTING",120450.0,120450.0,07/01/2023,06/30/2024,05/30/2023,PDF_404,Consulting Services for Local School Council Relations
2023,23-0601-CPOR-7919,23-0601-CPOR-7919,ECRA GROUP INCORPORATED,230000.0,230000.0,04/01/2023,03/31/2024,07/05/2023,PDF_404,Student Growth Measure Services
2023,23-0524-PR7,23-0524-PR7-1,"W. W. GRAINGER, INC.",7585575.0,7585575.0,07/01/2023,06/30/2026,06/01/2023,11880 Facility Opers & Maint - City Wide;11880 Facility Opers & Maint - City Wide,"AUTHORIZE A NEW AGREEMENT WITH W. W. GRAINGER, INC. FOR THE PURCHASE OF RESTROOM FIXTURES"
2023,23-0524-PR6,23-0524-PR6-1,ILLINOIS ACTION FOR CHILDREN,795000.0,795000.0,07/01/2023,06/30/2024,07/06/2023,11201 Access and Enrollment,AUTHORIZE THE FIRST RENEWAL AGREEMENT WITH ILLINOIS ACTION FOR CHILDREN TO PROVIDE SUPPORT THROUGH THE UNIVERSAL APPLICATION HOTLINE
2023,23-0524-PR18,23-0524-PR18-1,POWERSCHOOL HOLDINGS LLC DBA POWERSCHOOL GROUP LLC,1036112.0,1036112.0,07/01/2023,06/30/2025,07/12/2023,11010 Talent Office,AUTHORIZE THE EXTENSION OF THE AGREEMENT WITH POWERSCHOOL GROUP LLC FOR SOFTWARE AND RELATED SERVICES FOR PERFORMANCE EVALUATIONS
2023,23-0524-PR17,23-0524-PR17-1,CHICAGO TRANSIT AUTHORITY,37500000.0,37500000.0,08/01/2023,07/31/2028,07/14/2023,11870 Student Transportation;11870 Student Transportation,AUTHORIZE A NEW INTERGOVERNMENTAL AGREEMENT WITH CHICAGO TRANSIT AUTHORITY FOR THE PURCHASE OF REDUCED FARE CARDS (VENTRA CARD SYSTEM) AND LIMITED USE TICKETS
2023,23-0524-PR14,23-0524-PR14-1,"YOUTH ADVOCATE PROGRAMS, INC.",20853706.0,20853706.0,07/01/2023,06/30/2025,05/17/2024,10610 School Safety and Security Office,"AUTHORIZE A NEW AGREEMENT WITH YOUTH ADVOCATE PROGRAMS, INC. FOR YOUTH THERAPY SERVICES"
2023,23-0524-PR13,23-0524-PR13-1,"TRIMARK MARLINN, LLC",14850000.0,14850000.0,07/01/2023,06/30/2026,08/04/2023,12010 Nutrition Support Services,"AUTHORIZE A NEW AGREEMENT WITH TRIMARK MARLINN, LLC FOR THE PURCHASE OF FOOD SERVICE EQUIPMENT AND RELATED SUPPLIES AND SERVICES"
2023,23-0524-PR11,23-0524-PR11-1,"OMICRON TECHNOLOGY SOLUTIONS, LLC",555000.0,555000.0,07/01/2023,06/30/2026,07/24/2023,12510 Information & Technology Services,AUTHORIZE THE EXTENSION OF THE AGREEMENT WITH BIOMEDICAL RESEARCH FOUNDATION OF NORTHWEST LOUISIANA FOR STUDENT KEY CARD SYSTEMS AND ASSOCIATED SERVICES
2023,23-0524-PR10,23-0524-PR10-1,"MYTHICS, LLC",3000000.0,3000000.0,07/01/2023,06/30/2024,07/24/2023,12510 Information & Technology Services,"AUTHORIZE THE THIRD (FINAL) RENEWAL AGREEMENT WITH MYTHICS, LLC FOR ORACLE INFRASTRUCTURE UPGRADES"
2023,23-0524-OP4,23-0524-OP4-1,,1794462.84,1794462.84,07/01/2023,06/30/2025,,NO_USER_UNIT,APPROVE INTERGOVERNMENTAL AGREEMENT WITH CITY COLLEGES OF CHICAGO FOR USE OF THE BUILDING LOCATED AT 3400 N. AUSTIN AVENUE
2023,23-0524-OP3,23-0524-OP3-1,,621649.02,621649.02,07/01/2023,06/30/2024,06/07/2023,NO_USER_UNIT,AUTHORIZE SECOND RENEWAL OF THE LEASE AGREEMENT WITH 11424 S. WESTERN AVENUE LLC FOR THE LEASE OF SPACE AT 11424 S. WESTERN AVENUE
2023,23-0524-OP2,23-0524-OP2-1,,0.0,80000.0,,,,NO_USER_UNIT,AMEND BOARD REPORT 18-0822-OP2 DISPOSITION OF BIDS RECEIVED FOR THE SALE OF PROPERTY LOCATED AT 412 S. KEELER AVENUE (FORMER MELODY ELEMENTARY SCHOOL)
2023,23-0524-OP1,23-0524-OP1-1,,0.0,200000.0,,,,NO_USER_UNIT,AMEND BOARD REPORT 17-0927-OP1 DISPOSITION OF BIDS RECEIVED FOR THE SALE OF PROPERTY LOCATED AT 6121 S. HERMITAGE AVENUE (FORMER CHARLES W. EARLE SCHOOL)
2023,23-0524-FN1,23-0524-FN1-1,MESIROW INSURANCE SERVICES INC.,17000000.0,17000000.0,07/01/2023,06/30/2024,,NO_USER_UNIT,"AUTHORIZE PLACEMENT OF THE BOARD¿S FY 2024 EXCESS LIABILITY AND PROPERTY INSURANCE PROGRAMS WITH VARIOUS INSURANCE COMPANIES THROUGH MESIROW INSURANCE SERVICES, INC."
2023,23-0522-CPOR-8019,23-0522-CPOR-8019,"5 STAR INTERPRETING CHICAGO, LLC",0.0,0.0,07/01/2023,06/30/2025,06/21/2023,PDF_404,Sign Language Interpreting Services
2023,23-0504-CPOR-7943,23-0504-CPOR-7943-1,Fernando Avila dba Social Impact Films,75000.0,75000.0,01/01/2023,12/31/2023,05/26/2023,PDF_404,OSP Compliance Trainings
2023,23-0502-CPOR-7924,23-0502-CPOR-7924,DISTRIBUTED WEBSITE CORPORATION DBA RSCHOOLTODAY-VNN,121911.0,121911.0,07/01/2023,06/30/2024,09/29/2023,PDF_404,Sports Activity Scheduler and Website
2023,23-0427-CPOR-7871,23-0427-CPOR-7871,HONEST GAME CORPORATION,100000.0,100000.0,05/01/2023,04/30/2024,05/26/2023,PDF_404,Post Secondary Pathways
2023,23-0426-PR6,23-0426-PR6-1,THE NATIONAL CENTER FOR THE IMPROVEMENT OF EDUCATIONAL ASSESSMENT INC,259963.0,259963.0,05/01/2023,04/30/2024,08/09/2023,10811 Office of School Quality Measurement ,"AUTHORIZE A NEW AGREEMENT WITH THE NATIONAL CENTER FOR IMPROVEMENT OF EDUCATIONAL ASSESSMENT, INC. FOR ACCOUNTABILITY REDESIGN SUPPORT SERVICES"
2023,23-0426-PR5,23-0426-PR5-1,DeVry University Inc dba DeVry University dba Keller Graduate School of Management,2677500.0,2677500.0,07/01/2023,06/30/2028,07/06/2023,13725 Early College and Career ,"AUTHORIZE A NEW AGREEMENT WITH DEVRY UNIVERSITY, INC FOR THE DEVRY ADVANTAGE ACADEMY SCHOOL"
2023,23-0426-PR4,23-0426-PR4-1,ELECTRICAL JOINT APPRENTICESHIP AND TRAINING TRUST,160000.0,160000.0,08/01/2023,07/31/2024,05/31/2023,13725 Early College and Career,AUTHORIZE THE SECOND RENEWAL AGREEMENT WITH ELECTRICAL JOINT APPRENTICESHIP AND TRAINING TRUST TO PROVIDE EDUCATIONAL SERVICES
2023,23-0426-PR3,23-0426-PR3-1,"NCS PEARSON, INC.",250000.0,250000.0,07/01/2023,06/30/2024,05/31/2023,11360 Early Childhood Development ;11360 Early Childhood Development ,"AUTHORIZE THE FIRST RENEWAL AGREEMENT WITH NCS PEARSON, INC. DBA CERTIPORT, A BUSINESS OF NCS PEARSON, INC TO PURCHASE A DEVELOPMENTAL SCREENING TOOL"
2023,23-0426-PR20,23-0426-PR20-1,ONE MILLION DEGREES,1000000.0,1000000.0,05/01/2023,04/30/2025,05/25/2023,11010 Talent Office,AUTHORIZE THE FIRST AND SECOND (FINAL) RENEWAL AGREEMENT WITH ONE MILLION DEGREES TO PROVIDE SUPPORT TO TEACH CHICAGO TOMORROW STUDENTS
2023,23-0426-PR2,23-0426-PR2-1,National Louis University,1600000.0,1600000.0,07/01/2023,06/30/2024,05/08/2023,11360 Early Childhood Development ;11360 Early Childhood Development ,AUTHORIZE THE FIRST RENEWAL AGREEMENT WITH NATIONAL LOUIS UNIVERSITY FOR CLASS PROFESSIONAL DEVELOPMENT FOR PRE-K SERVICES
2023,23-0426-PR18,23-0426-PR18-1,CDW GOVERNMENT LLC,24000000.0,24000000.0,07/01/2023,06/30/2026,09/18/2023,12510 Information & Technology Services ;11880 Facility Opers & Maint - City Wide ,"AUTHORIZE A NEW AGREEMENT WITH CDW GOVERNMENT LLC FOR BUILDING AUTOMATION SYSTEM (BAS) INSTALLATION, MAINTENANCE, REPAIR, AND RESOURCES"
2023,23-0426-PR17,23-0426-PR17-1,"RL CANNING, INC.",13870000.0,13870000.0,07/01/2023,06/30/2026,05/25/2023,12510 Information & Technology Services,"AUTHORIZE THE SECOND (FINAL) RENEWAL AGREEMENT WITH RL CANNING, INC. FOR SERVICE DESK AND TECH SUPPORT SERVICES"
2023,23-0426-PR11,23-0426-PR11-1,JACOBS PROJECT MANAGEMENT CO.,70250000.0,70250000.0,09/01/2022,12/31/2024,05/25/2023,11860 Facility Operations & Maintenance;11880 Facility Opers & Maint - City Wide,"AMEND BOARD REPORT 21-1215-PR5AUTHORIZE THE FIRST, SECOND AND FINAL RENEWAL AGREEMENT WITH JACOBS PROJECTS MANAGEMENT CO. FOR CAPITAL PROGRAM MANAGEMENT SERVICES"
2023,23-0426-PR10,23-0426-PR10-1,COLLEGE BOARD,14496760.0,14496760.0,07/01/2023,06/30/2026,03/13/2024,10810 Teaching and Learning Office ;10845 Advanced Learning and Specialty Programs ,"AUTHORIZE A NEW AGREEMENT WITH COLLEGE BOARD FOR COLLEGE ENTRANCE EXAMS, PROFESSIONAL DEVELOPMENT AND RELATED SERVICES"
2023,23-0426-EX3,23-0426-EX3-1,,250000.0,250000.0,05/01/2023,01/31/2024,,NO_USER_UNIT,AUTHORIZE A NEW PLACEMENT AGREEMENT WITH NORTHWEST PASSAGE LIMITED (LTD.) REGARDING A.S.
2023,23-0426-EX2,23-0426-EX2-1,CITY OF CHICAGO,88251200.0,88251200.0,07/01/2022,06/30/2023,,NO_USER_UNIT,AMEND BOARD REPORT 22-0525-EX3 APPROVE THE SECOND OPTION TO RENEW THE INTERGOVERNMENTAL AGREEMENT WITH THE DEPARTMENT OF FAMILY & SUPPORT SERVICES (DFSS) - THE CITY OF CHICAGO
2023,23-0424-CPOR-7988,23-0424-CPOR-7988,"iHeartmedia Entertainment Inc dba iHeartmedia, IHRT-FM",42500.0,42500.0,06/01/2023,05/31/2024,06/06/2023,PDF_404,Pride Parade Float
2023,23-0424-CPOR-7932,23-0424-CPOR-7932,"AVANT ASSESSMENT, LLC",150000.0,150000.0,01/01/2023,12/31/2023,04/27/2023,PDF_404,Language Proficiency Testing 5th to 12th Grade
2023,23-0420-CPOR-7986,23-0420-CPOR-7986,"EQUAL LEVEL, INC.",128000.0,128000.0,03/22/2023,03/21/2024,05/26/2023,PDF_404,E-Marketplace Solution
2023,23-0410-CPOR-7996,23-0410-CPOR-7996,"MILLIMAN, INC",100000.0,100000.0,07/01/2023,06/30/2024,10/06/2023,PDF_404,Actuarial Services
2023,23-0330-CPOR-7952,23-0330-CPOR-7952-1,MENA TOURS AND TRAVEL INC,123949.51,123949.51,03/29/2023,04/03/2023,03/22/2023,PDF_404,Travel for US Chess National Tournament FY23
2023,23-0328-CPOR-7990,23-0328-CPOR-7990,"WILLIS TOWERS WATSON MIDWEST, INC.",120000.0,120000.0,03/01/2023,02/29/2024,06/01/2023,PDF_404,Healthcare and Benefits Consulting Services
2023,23-0322-PR9,23-0322-PR9-1,"EDUCATION LOGISTICS, INC.",4000000.0,4000000.0,04/01/2023,06/30/2026,08/15/2023,11870 Student Transportation;11870 Student Transportation,"AUTHORIZE A NEW AGREEMENT WITH EDUCATION LOGISTICS, INC. FOR STUDENT TRANSPORTATION CONSULTING SERVICES AND ROUTING SOFTWARE"
2023,23-0322-PR8,23-0322-PR8-1,"ACTIVE INTERNET TECHNOLOGIES, LLC DBA FINALSITE",2085500.0,2085500.0,07/01/2023,06/30/2026,09/05/2023,12510 Information & Technology Services,"AUTHORIZE A NEW AGREEMENT WITH ACTIVE INTERNET TECHNOLOGIES, LLC DBA FINALSITE FOR A DISTRICT-WIDE COMMUNICATIONS SOLUTION"
2023,23-0322-PR7,23-0322-PR7-1,"COMPUTER AID, INC.",12000000.0,12000000.0,07/01/2023,06/30/2026,03/28/2023,12510 Information & Technology Services,"AUTHORIZE THE FIRST, SECOND AND THIRD (FINAL) RENEWALS WITH COMPUTER AID, INC. FOR MANAGED SERVICES FOR ENTERPRISE FINANCIAL SYSTEMS"
2023,23-0322-PR5,23-0322-PR5-1,"e-Builder DBA e-Builder, Inc a Trimble company",4031496.34,4031496.34,06/14/2023,06/13/2028,06/29/2023,11860 Facility Operations & Maintenance;11880 Facility Opers & Maint - City Wide,"AUTHORIZE A NEW AGREEMENT WITH E-BUILDER, INC. FOR CONSTRUCTION MANAGEMENT SOFTWARE AND RELATED SERVICES"
2023,23-0322-PR4,23-0322-PR4-1,"W. W. GRAINGER, INC.",5000000.0,5000000.0,04/09/2023,04/08/2024,03/28/2023,11880 Facility Opers & Maint - City Wide;11880 Facility Opers & Maint - City Wide,"AUTHORIZE THE FIRST RENEWAL AGREEMENT WITH W.W. GRAINGER, INC. FOR THE PURCHASE OF MAINTENANCE, REPAIR AND OPERATION SUPPLIES"
2023,23-0310-CPOR-7969,23-0310-CPOR-7969-1,"Lake Shore Athletic Services, Inc. dba Lakeshore Athletic Services Inc.",73330.0,73330.0,01/01/2023,12/31/2023,03/23/2023,PDF_404,CPS SCORE
2023,23-0301-CPOR-7977,23-0301-CPOR-7977,"FACILITRON, INC.",10.0,10.0,05/01/2023,04/30/2024,03/21/2023,PDF_404,Online School Rental Portal
2023,23-0301-CPOR-7927,23-0301-CPOR-7927,"LAKELAND HOLDINGS, LLC DBA LAKELAND TOURS LLC DBA WORLDSTRIDES",41790.0,41790.0,02/01/2023,05/05/2023,02/14/2023,PDF_404,8th Grade Trip to Washington D.C.
2023,23-0222-PR9,23-0222-PR9-1,"SENTINEL TECHNOLOGIES, INC.",43970000.0,43970000.0,07/01/2023,06/30/2026,02/28/2023,12510 Information & Technology Services,"AUTHORIZE THE FIRST (AND FINAL) RENEWAL AGREEMENT WITH SENTINEL TECHNOLOGIES, INC FOR DATA NETWORK UPGRADE SERVICES"
2023,23-0222-PR8,23-0222-PR8-1,THE UNIVERSITY OF CHICAGO,0.0,286427.0,10/01/2022,09/30/2023,,12510 Information & Technology Services ,AMEND BOARD REPORT 22-0928-PR7AUTHORIZE A NEW AGREEMENT WITH THE UNIVERSITY OF CHICAGO FOR SURVEY OF CLASSROOM EXPERIENCES
2023,23-0222-PR5,23-0222-PR5-1,HERTZ FURNITURE SYSTEMS LLC,8402140.32,8402140.32,04/01/2023,03/31/2025,03/07/2023,11860 Facility Operations & Maintenance;11880 Facility Opers & Maint - City Wide,AUTHORIZE THE FIRST AND SECOND RENEWAL AGREEMENT WITH VARIOUS VENDORS FOR THE PURCHASE OF FURNITURE AND RELATED ACCESSORIES AND SERVICES
2023,23-0222-PR3,23-0222-PR3-1,AMERICAN INSTITUTES FOR RESEARCH IN THE BEHAVIORAL SCIENCES DBA AMERICAN INSTITUTES FOR RESEARCH,997911.0,997911.0,03/01/2023,02/29/2028,05/18/2023,10810 Teaching and Learning Office;10845 Advanced Learning and Specialty Programs,AUTHORIZE A NEW AGREEMENT WITH AMERICAN INSTITUTES FOR RESEARCH IN THE BEHAVIORAL SCIENCES DBA AMERICAN INSTITUTES FOR RESEARCH TO CONDUCT EVALUATIONS OF MAGNET SCHOOLS ASSISTANCE PROGRAM (MSAP) GRANT SERVICES
2023,23-0222-PR2,23-0222-PR2-1,CHICAGO COOK WORKFORCE PARTNERSHIP,314639.0,314639.0,02/24/2023,02/23/2024,02/28/2023,10870 College and Career Success Office;10870 College and Career Success Office,AUTHORIZE A NEW AGREEMENT WITH CHICAGO COOK WORKFORCE PARTNERSHIP FOR LOGISTICAL MANAGEMENT SERVICES
2023,23-0222-PR13,23-0222-PR13-1,QBS LLC,2765135.0,2765135.0,03/01/2023,02/28/2025,03/17/2023,10615 Safety and Security - City Wide,AUTHORIZE A NEW AGREEMENT WITH QBS LLC FOR DE-ESCALATION AND PHYSICAL RESTRAINT TRAINING SERVICES
2023,23-0222-PR12,23-0222-PR12-1,BATTELLE FOR KIDS,90058.0,90058.0,02/01/2023,01/31/2024,,10811 Office of School Quality Measurement;12120 Office Of Portfolio Management,RATIFY FIRST RENEWAL AGREEMENT WITH BATTELLE FOR KIDS FOR ROSTER VERIFICATION SERVICES
2023,23-0222-PR11,23-0222-PR11-1,"IBOSS, INC.",948372.0,948372.0,04/01/2023,03/31/2024,03/13/2023,12510 Information & Technology Services,"AUTHORIZE THE EXTENSION OF THE AGREEMENT WITH IBOSS, INC. FOR WEB CONTENT FILTERING SERVICES"
2023,23-0222-PR10,23-0222-PR10-1,GENESYS WORKS CHICAGO,270000.0,270000.0,04/01/2023,03/31/2024,03/06/2023,12510 Information & Technology Services,AUTHORIZE THE SECOND (AND FINAL) RENEWAL AGREEMENT WITH GENESYS WORKS CHICAGO FOR TECHNICAL SUPPORT SERVICES
2023,23-0222-OP1,23-0222-OP1-1,,5507394.66,5507394.66,07/01/2016,06/30/2023,,NO_USER_UNIT,AMEND BOARD REPORT 16-0824-OP2 AMEND BOARD REPORT 16-0525-OP2 RATIFY RENEWAL OF INTERGOVERNMENTAL AGREEMENT WITH CITY COLLEGES FOR USE OF THE BUILDING LOCATED AT 3400 N AUSTIN AVE
2023,23-0222-EX4,23-0222-EX4-1,"Shrub Oak International School, LLC",600000.0,600000.0,02/01/2023,09/30/2023,,NO_USER_UNIT,READOPT AND APPROVE BOARD REPORT 23-0125-EX26 AND RATIFY ALL ACTIONS TAKEN PURSUANT THERETO AUTHORIZE A NEW PLACEMENT AGREEMENT WITH SHRUB OAK INTERNATIONAL SCHOOL REGARDING Z.G.
2023,23-0222-EX3,23-0222-EX3-1,,374579.58,374579.58,07/01/2021,02/06/2023,03/20/2023,NO_USER_UNIT,RATIFY A PLACEMENT AGREEMENT WITH JUSTICE RESOURCE INSTITUTE-GLENHAVEN ACADEMY REGARDING E.B.
2023,23-0222-EX2,23-0222-EX2-1,"Shrub Oak International School, LLC",600000.0,600000.0,02/01/2023,06/30/2023,03/17/2023,NO_USER_UNIT,RATIFY A NEW PLACEMENT AGREEMENT WITH SHRUB OAK INTERNATIONAL SCHOOL REGARDING P.Z.
2023,23-0221-CPOR-7971,23-0221-CPOR-7971,"CONCENTRA HEALTH SERVICES, INC. DBA CONCENTRA MEDICAL CENTERS, INC.",250000.0,250000.0,03/01/2023,02/28/2025,02/09/2024,PDF_404,Occupational Health Services
2023,23-0208-CPOR-7951,23-0208-CPOR-7951-1,FORWARD MOMENTUM CHICAGO NFP,74375.0,74375.0,02/15/2023,12/31/2023,02/20/2023,PDF_404,Marquette School Art Residency
2023,23-0207-CPOR-7967,23-0207-CPOR-7967,AMERICAN INSTITUTES FOR RESEARCH IN THE BEHAVIORAL SCIENCES,46607.0,46607.0,04/01/2022,07/31/2023,06/05/2023,PDF_404,Competency-Based Education SEL Evaluation
2023,23-0207-CPOR-7946,23-0207-CPOR-7946-1,Johnson Research Group,200000.0,200000.0,07/01/2023,06/30/2024,07/07/2023,PDF_404,TIF Consulting Services
2023,23-0207-CPOR-7938,23-0207-CPOR-7938,"RESONANT EDUCATION, INC.",115000.0,115000.0,03/27/2023,10/01/2023,03/29/2023,PDF_404,Validity Study for New Principal Competencies
2023,23-0202-CPOR-7957,23-0202-CPOR-7957,"VERTOSOFT, LLC",115000.0,115000.0,07/01/2023,06/30/2024,04/10/2023,PDF_404,Internal Audit Service
2023,23-0131-CPOR-7964,23-0131-CPOR-7964,QBS MIDCO LLC DBA QBS LLC,45000.0,45000.0,02/01/2023,01/31/2024,02/10/2023,PDF_404,De-escalation and Physical Restraint Training
2023,23-0126-CPOR-7923,23-0126-CPOR-7923,SMARTSHEET INC.,47000.0,47000.0,01/31/2023,01/30/2024,02/01/2023,PDF_404,Project Portfolio Managment
2023,23-0125-PR8,23-0125-PR8-1,"RL CANNING, INC.",11120000.0,11120000.0,07/01/2020,06/30/2023,,12510 Information & Technology Services,"AMEND BOARD REPORT 19-1211-PR6AUTHORIZE THE FIRST RENEWAL AND AMENDMENT OF AGREEMENT WITH RL CANNING, INC. FOR SERVICE DESK AND TECH SUPPORT SERVICES"
2023,23-0125-PR2,23-0125-PR2-1,THE CHICAGO DEBATE COMMISSION,1360000.0,1360000.0,02/01/2023,01/31/2026,05/25/2023,10810 Teaching and Learning Office;10810 Teaching and Learning Office,AUTHORIZE A NEW AGREEMENT WITH THE CHICAGO DEBATE COMMISSION FOR DEBATE SERVICES
2023,23-0125-PR11,23-0125-PR11-1,KCC CLASS ACTION SERVICES LLC,250000.0,250000.0,04/01/2023,03/31/2024,08/18/2023,10210 Law Office,AUTHORIZE THE FIRST RENEWAL AGREEMENT WITH KCC CLASS ACTION SERVICES LLC FOR SSCA CLAIMS ADMINISTRATOR SERVICES
2023,23-0125-PR10,23-0125-PR10-1,QBS LLC,190050.0,190050.0,02/01/2022,01/31/2023,02/10/2023,10615 Safety and Security - City Wide;10610 School Safety and Security Office,AUTHORIZE THE RATIFICATION OF THE AMENDED AGREEMENT WITH QBS LLC FOR DE-ESCALATION AND PHYSICAL RESTRAINT TRAINING SERVICES
2023,23-0125-OP2,23-0125-OP2-1,,0.0,3.0,07/01/2023,06/30/2026,05/04/2026,NO_USER_UNIT,"APPROVE RENEWAL LEASE AGREEMENT WITH UNIVERSITY OF CHICAGO CHARTER SCHOOL CORPORATION FOR DONOGHUE SCHOOL, 707 E. 37TH STREET"
2023,23-0125-OP1,23-0125-OP1-1,,0.0,2.0,07/01/2023,06/30/2025,,NO_USER_UNIT,"APPROVE RENEWAL LEASE AGREEMENT WITH NORTH LAWNDALE COLLEGE PREPARATORY CHARTER HIGH SCHOOL FOR A PORTION OF THE COLLINS HIGH SCHOOL BUILDING, 1313 S. SACRAMENTO DRIVE"
2023,23-0125-EX9,23-0125-EX9-1,,0.0,0.0,07/01/2023,06/30/2025,06/16/2023,NO_USER_UNIT,AUTHORIZE RENEWAL OF THE HORIZON SCIENCE ACADEMY SOUTHWEST CHICAGO CHARTER SCHOOL AGREEMENT WITH CONDITIONS
2023,23-0125-EX8,23-0125-EX8-1,,0.0,0.0,07/01/2023,06/30/2026,05/18/2023,NO_USER_UNIT,AUTHORIZE RENEWAL OF THE CHRISTOPHER HOUSE CHARTER SCHOOL AGREEMENT WITH CONDITIONS
2023,23-0125-EX7,23-0125-EX7-1,"CHICAGO COLLEGIATE, INC",0.0,0.0,07/01/2023,06/30/2026,06/22/2023,NO_USER_UNIT,AUTHORIZE RENEWAL OF THE CHICAGO COLLEGIATE CHARTER SCHOOL AGREEMENT WITH CONDITIONS
2023,23-0125-EX6,23-0125-EX6-1,"ASIAN HUMAN SERVICES, INC.",0.0,0.0,07/01/2023,06/30/2025,06/30/2023,NO_USER_UNIT,AUTHORIZE RENEWAL OF THE ASIAN HUMAN SERVICES-PASSAGES CHARTER SCHOOL AGREEMENT WITH CONDITIONS
2023,23-0125-EX5,23-0125-EX5-1,Alain Locke Charter School,0.0,0.0,07/01/2023,06/30/2025,,NO_USER_UNIT,AUTHORIZE RENEWAL OF THE ALAIN LOCKE CHARTER AGREEMENT SCHOOL WITH CONDITIONS
2023,23-0125-EX4,23-0125-EX4-1,"Acero Charter Schools, Inc",0.0,0.0,07/01/2023,06/30/2026,08/04/2023,NO_USER_UNIT,AUTHORIZE RENEWAL OF THE ACERO CHARTER SCHOOLS AGREEMENT WITH CONDITIONS
2023,23-0125-EX26,23-0125-EX26-1,"Shrub Oak International School, LLC",600000.0,600000.0,02/01/2023,09/30/2023,01/27/2023,NO_USER_UNIT,AUTHORIZE A NEW PLACEMENT AGREEMENT WITH SHRUB OAK INTERNATIONAL SCHOOL REGARDING Z.G.
2023,23-0125-EX21,23-0125-EX21-1,,0.0,0.0,07/01/2023,06/30/2027,10/23/2023,NO_USER_UNIT,"AUTHORIZE RENEWAL WITH CAMELOT ALT ED-ILLINOIS, LLC WITH CONDITIONS FOR ALTERNATIVE SAFE SCHOOL PROGRAM SERVICES"
2023,23-0125-EX20,23-0125-EX20-1,"AMERICAN QUALITY SCHOOLS CORPORATION, THE",0.0,0.0,07/01/2023,06/30/2025,06/29/2023,NO_USER_UNIT,AUTHORIZE RENEWAL OF THE PLATO LEARNING ACADEMY AGREEMENT WITH CONDITIONS
2023,23-0125-EX19,23-0125-EX19-1,"LITTLE BLACK PEARL WORKSHOP,",0.0,0.0,07/01/2023,06/30/2025,11/21/2023,NO_USER_UNIT,AUTHORIZE RENEWAL OF THE LITTLE BLACK PEARL ART AND DESIGN ACADEMY WITH CONDITIONS
2023,23-0125-EX18,23-0125-EX18-1,,0.0,0.0,07/01/2023,06/30/2027,,NO_USER_UNIT,AUTHORIZE RENEWAL OF THE HOPE LEARNING ACADEMY AGREEMENT WITH CONDITIONS
2023,23-0125-EX17,23-0125-EX17-1,,0.0,0.0,07/01/2023,06/30/2028,,NO_USER_UNIT,AUTHORIZE RENEWAL OF THE CHICAGO TECH ACADEMY HIGH SCHOOL AGREEMENT
2023,23-0125-EX16,23-0125-EX16-1,,0.0,0.0,07/01/2023,06/30/2028,12/11/2023,NO_USER_UNIT,AUTHORIZE RENEWAL OF THE EXCEL ACADEMY OF ENGLEWOOD AGREEMENT WITH CONDITIONS
2023,23-0125-EX15,23-0125-EX15-1,,0.0,0.0,07/01/2023,06/30/2027,12/01/2023,NO_USER_UNIT,AUTHORIZE RENEWAL OF THE CHICAGO EXCEL ACADEMY AGREEMENT WITH CONDITIONS
2023,23-0125-EX14,23-0125-EX14-1,,0.0,0.0,07/01/2023,06/30/2026,06/30/2023,NO_USER_UNIT,AUTHORIZE RENEWAL OF THE UNIVERSITY OF CHICAGO CHARTER SCHOOL AGREEMENT WITH CONDITIONS
2023,23-0125-EX13,23-0125-EX13-1,,0.0,0.0,07/01/2023,06/30/2025,06/29/2023,NO_USER_UNIT,AUTHORIZE RENEWAL OF THE NORTH LAWNDALE COLLEGE PREPARATORY CHARTER HIGH SCHOOL AGREEMENT WITH CONDITIONS
2023,23-0125-EX12,23-0125-EX12-1,INTRINSIC SCHOOLS,0.0,0.0,07/01/2023,06/30/2026,05/09/2023,NO_USER_UNIT,AUTHORIZE RENEWAL OF THE INTRINSIC CHARTER SCHOOL AGREEMENT WITH CONDITIONS
2023,23-0125-EX11,23-0125-EX11-1,"INSTITUTE FOR LATINO PROGRESS, INC.",0.0,0.0,07/01/2023,06/30/2024,05/25/2023,NO_USER_UNIT,AUTHORIZE RENEWAL OF THE INSTITUTO JUSTICE AND LEADERSHIP ACADEMY CHARTER HIGH SCHOOL AGREEMENT WITH PERFORMANCE BENCHMARKS AND CONDITIONS
2023,23-0125-EX10,23-0125-EX10-1,"INSTITUTE FOR LATINO PROGRESS, INC.",0.0,0.0,07/01/2023,06/30/2025,06/05/2023,NO_USER_UNIT,AUTHORIZE RENEWAL OF THE INSTITUTO HEALTH SCIENCES CAREER ACADEMY CHARTER HIGH SCHOOL AGREEMENT WITH CONDITIONS
2023,23-0123-CPOR-7956,23-0123-CPOR-7956-1,"BLAIDA AND ASSOCIATES, LLC",111240.0,111240.0,01/01/2023,12/31/2023,01/20/2023,PDF_404,Legislative Consulting Services
2023,23-0120-CPOR-7953,23-0120-CPOR-7953,"EQUIFAX INFORMATION SERVICES, LLC",149000.0,149000.0,11/01/2022,10/31/2023,12/02/2022,PDF_404,Unemployment Solutions Project
2023,22-1214-CPOR-7898,22-1214-CPOR-7898-3,"MULTI-HEALTH SYSTEMS, INC.",250000.0,250000.0,12/01/2022,11/30/2023,12/01/2022,PDF_404,Assessment and Evaluation Tools
2023,22-1214-CPOR-7898,22-1214-CPOR-7898-1,"MANSON WESTERN, LLC",250000.0,250000.0,12/01/2022,11/30/2023,12/12/2022,PDF_404,Assessment and Evaluation Tools
2023,22-1214-CPOR-7898,22-1214-CPOR-7898-2,"NCS PEARSON, INC. DBA CERTIPORT, A BUSINESS OF NCS PEARSON, INC.",250000.0,250000.0,12/01/2022,11/30/2023,12/12/2022,PDF_404,Assessment and Evaluation Tools
2023,22-1214-CPOR-7822,	22-1214-CPOR-7822-1,"MELINDA FABER DBA CONVERGENCE DESIGN LAB, LLC",74500.0,74500.0,12/14/2022,11/30/2023,12/14/2022,PDF_404,Accountability Redesign Learning Demands
2023,22-1207-PR9,22-1207-PR9-1,TRANE U.S. INC. DBA TRANE INTEGRATED FUNDING SOLUTIONS,1875000.0,1875000.0,01/01/2023,12/31/2025,02/17/2023,11880 Facility Opers & Maint - City Wide;11880 Facility Opers & Maint - City Wide,AUTHORIZE A NEW AGREEMENT WITH TRANE U.S. INC. DBA TRANE INTEGRATED FUNDING SOLUTIONS FOR THE PURCHASE OR RENTAL OF HEAVY EQUIPMENT
2023,22-1207-PR8,22-1207-PR8-1,"SUTTON FORD, INC.",800000.0,800000.0,01/01/2023,12/31/2023,04/25/2023,11880 Facility Opers & Maint - City Wide;11860 Facility Operations & Maintenance,"AUTHORIZE A NEW AGREEMENT WITH SUTTON FORD, INC. TO PROVIDE VARIOUS VEHICLES, INCLUDING MAINTENANCE AND SERVICE"
2023,22-1207-PR7,22-1207-PR7-1,"CONSTELLATION NEWENERGY, INC",160000000.0,160000000.0,01/01/2024,12/31/2027,03/13/2023,11880 Facility Opers & Maint - City Wide;11880 Facility Opers & Maint - City Wide,"AUTHORIZE THE FOURTH AND FIFTH (FINAL) RENEWAL AGREEMENT WITH CONSTELLATION NEWENERGY, INC FOR THE SUPPLY OF ELECTRICITY"
2023,22-1207-PR5,22-1207-PR5-1,"GLOBAL WATER TECHNOLOGY, INC.",2446250.0,2446250.0,10/01/2021,09/30/2023,12/12/2022,11880 Facility Opers & Maint - City Wide;11880 Facility Opers & Maint - City Wide,"AMEND BOARD REPORT 21-0728-PR17AUTHORIZE A NEW AGREEMENT WITH GLOBAL WATER TECHNOLOGY, INC. FOR WATER TREATMENT PRODUCTS AND SERVICES"
2023,22-1207-PR4,22-1207-PR4-1,"ABC Humane Wildlife Control & Prevention, Inc. dba Landmark Pest Management",4071000.0,4071000.0,10/01/2021,09/30/2023,12/12/2022,11880 Facility Opers & Maint - City Wide;11880 Facility Opers & Maint - City Wide,"AMEND BOARD REPORT 21-0728-PR12AUTHORIZE A NEW AGREEMENT WITH ABC HUMANE WILDLIFE CONTROL AND PREVENTION, INC. DBA LANDMARK PEST MANAGEMENT, INC. FOR INTEGRATED PEST MANAGEMENT SERVICES"
2023,22-1207-PR3,22-1207-PR3-1,"VERA CREATIVE, INC.",250000.0,250000.0,01/01/2023,12/31/2023,12/12/2022,11385 Early Childhood Development - City Wide,"AUTHORIZE THE FIRST RENEWAL AGREEMENT WITH VERA CREATIVE, INC. FOR EARLY CHILDHOOD MARKETING SERVICES"
2023,22-1207-PR2,22-1207-PR2-1,"SCHOOLINKS, INC.",2000000.0,2000000.0,01/01/2023,12/31/2025,02/10/2023,10850 Counseling and Postsecondary Advising;10870 College and Career Success Office,"AUTHORIZE A NEW AGREEMENT WITH SCHOOLINKS, INC. TO PROVIDE A COLLEGE AND CAREER ENTERPRISE SYSTEM TO THE DISTRICT"
2023,22-1207-PR14,22-1207-PR14-1,"R-4 SERVICES, LLC",2500000.0,2500000.0,02/01/2023,01/31/2028,12/21/2022,11220 Policy and Procedures,"AUTHORIZE THE FIRST, SECOND, THIRD, FOURTH, AND FIFTH (FINAL) RENEWAL AGREEMENT WITH R-4 SERVICES, LLC FOR OFFSITE RECORD STORAGE SERVICES"
2023,22-1207-PR13,22-1207-PR13-1,CARAHSOFT TECHNOLOGY CORPORATION,1100000.0,1100000.0,02/01/2023,01/31/2024,02/17/2023,12510 Information & Technology Services,AUTHORIZE A NEW AGREEMENT WITH CARAHSOFT TECHNOLOGY CORP. FOR IDENTITY AND ACCESS MANAGEMENT SERVICES
2023,22-1207-PR10,22-1207-PR10-1,,0.0,62000000.0,01/17/2023,01/16/2026,01/26/2023,11880 Facility Opers & Maint - City Wide;11880 Facility Opers & Maint - City Wide,AUTHORIZE A NEW AGREEMENT WITH VENDORS FOR NATURAL GAS SUPPLY SERVICES
2023,22-1207-PR1,22-1207-PR1-1,SCHOOLMINT INC,736464.0,736464.0,03/01/2023,02/29/2024,03/13/2023,11201 Access and Enrollment;12120 Office Of Portfolio Management,"AUTHORIZE THE FIRST RENEWAL AGREEMENT WITH SCHOOLMINT INC. FOR STUDENT APPLICATION, ASSIGNMENT AND ENROLLMENT MANAGEMENT SERVICES"
2023,22-1207-OP4,22-1207-OP4-1,,13088337.5,13088337.5,01/01/2023,03/31/2031,12/20/2022,NO_USER_UNIT,"APPROVE ENTERING INTO SUBLEASE AGREEMENT WITH CSG SYSTEMS, INC., FOR 1 NORTH DEARBORN, 14 th FLOOR FOR USE AS OFFICE SPACE"
2023,22-1207-OP3,22-1207-OP3-1,,2030652.0,2030652.0,01/01/2023,12/31/2027,02/28/2023,NO_USER_UNIT,AUTHORIZE RENEWAL OF LEASE AGREEMENT WITH CHICAGO TRANSIT AUTHORITY FOR ADDITIONAL OFFICES FOR THE INSPECTOR GENERAL
2023,22-1207-OP2,22-1207-OP2-1,,1016520.0,1016520.0,01/01/2023,12/31/2027,02/23/2023,NO_USER_UNIT,AUTHORIZE RENEWAL OF LEASE AGREEMENT WITH CHICAGO TRANSIT AUTHORITY FOR ADDITIONAL OFFICES FOR THE INSPECTOR GENERAL
2023,22-1207-OP1,22-1207-OP1-1,,0.0,75000.0,,,,NO_USER_UNIT,AMEND BOARD REPORT 17-1206-OP22 DISPOSITION OF BIDS RECEIVED FOR THE SALE OF PROPERTY LOCATED AT 5500 W. MADISON STREET (FORMER ROBERT EMMET ELEMENTARY SCHOOL)
2023,22-1207-EX6,22-1207-EX6-1,,0.0,0.0,,,12/14/2022,NO_USER_UNIT,APPROVE THE MEMORANDUM OF AGREEMENT WITH THE BOARD OF TRUSTEES OF THE PUBLIC SCHOOL TEACHERS' PENSION AND RETIREMENT FUND OF CHICAGO REGARDING OCCUPATIONAL AND PHYSICAL THERAPISTS
2023,22-1207-EX3,22-1207-EX3-1,SCH&T CORP OF ILLINOIS DBA SHERATON GRAND CHICAGO RIVERWALK,120000.0,120000.0,05/13/2023,05/13/2023,,NO_USER_UNIT,AUTHORIZE NEW AGREEMENT WITH SCH&T CORP OF ILLINOIS DBA SHERATON GRAND CHICAGO FOR ALBERT G LANE TECHNICAL HIGH SCHOOL PROM
2023,22-1121-CPOR-7901,22-1121-CPOR-7901,Board of Trustees of the University of Illinois DBA University of Illinois,47545.0,47545.0,08/01/2022,07/31/2023,10/05/2022,PDF_404,Healthy CPS Data Analysis
2023,22-1114-CPOR-7899,22-1114-CPOR-7899,AMERICAN INSTITUTES FOR RESEARCH IN THE BEHAVIORAL SCIENCES,250000.0,250000.0,10/01/2022,09/30/2023,09/06/2022,PDF_404,Teachers lead Chicago Evaluation Partner
2023,22-1027-CPOR-7909,22-1027-CPOR-7909,"OUTMATCH, INC.",87500.0,87500.0,01/01/2023,12/31/2023,12/12/2022,PDF_404,Automated Reference Checks
2023,22-1026-PR8,22-1026-PR8-1,SCHOOL HEALTH CORPORATION,4356000.0,4356000.0,10/01/2021,09/30/2023,,11880 Facility Opers & Maint - City Wide;13737 Sports Administration and Facilities Management - City ,"AMEND BOARD REPORT 21-0825-PR6AUTHORIZE THE FIRST AND FINAL RENEWAL AGREEMENT AND AMEND AGREEMENT WITH SCHOOL HEALTH CORPORATION FOR THE PURCHASE, INSTALLATION AND MAINTENANCE SERVICES OF AUTOMATED EXTERNAL DEFIBRILLATORS (AED) AND NUTRITIONAL PRODUCTS"
2023,22-1026-PR6,22-1026-PR6-1,"SIVIC SOLUTIONS GROUP, LLC",624000.0,624000.0,01/01/2023,12/31/2023,11/28/2022,12610 Budget & Management Office,"AUTHORIZE THE FOURTH AND FINAL RENEWAL AGREEMENT WITH SIVIC SOLUTIONS GROUP, LLC FOR MEDICAID CLAIMS PROCESSING AND ADVISORY SERVICES"
2023,22-1026-PR5,22-1026-PR5-1,FRONTLINE TECHNOLOGIES GROUP LLC DBA FRONTLINE EDUCATION,675000.0,675000.0,12/01/2022,11/30/2024,03/02/2023,12410 Accounting,AUTHORIZE THE SECOND AND FINAL RENEWAL AGREEMENT WITH FRONTLINE TECHNOLOGIES GROUP LLC FOR AN ASSET MANAGEMENT SOLUTION
2023,22-1026-PR3,22-1026-PR3-1,"GLOBAL PAYMENTS INC. DBA HEARTLAND PAYMENT SYSTEMS, LLC",2800000.0,2800000.0,06/05/2023,06/04/2025,05/18/2023,12010 Nutrition Support Services;12010 Nutrition Support Services,AUTHORIZE A NEW AGREEMENT WITH GLOBAL PAYMENT INC DBA HEARTLAND PAYMENT SYSTEMS LLC DBA HEARTLAND SCHOOL SOLUTIONS FOR MEAL MANAGEMENT POINT OF SALE (POS) SYSTEM SERVICES
2023,22-1026-PR20,22-1026-PR20-1,KCC CLASS ACTION SERVICES LLC,0.0,310000.0,11/01/2021,03/31/2023,02/02/2023,NO_USER_UNIT,"AMEND BOARD REPORT 22-0427-PR14AUTHORIZE AN AMENDMENT TO THE AGREEMENT WITH KCC CLASS ACTION SERVICES, LLC FOR SSCA CLAIMS ADMINISTRATOR SERVICES"
2023,22-1026-PR18,22-1026-PR18-1,"CANNON COCHRAN MANAGEMENT SERVICES, INC.",125000000.0,125000000.0,01/01/2023,12/31/2025,05/09/2023,11010 Talent Office;12440 Treasury,"AUTHORIZE A NEW AGREEMENT WITH CANNON COCHRAN MANAGEMENT SERVICES, INC. FOR THIRD PARTY CLAIMS ADMINISTRATION SERVICES"
2023,22-1026-PR16,22-1026-PR16-1,DELTA DENTAL OF ILLINOIS,12000000.0,12000000.0,01/01/2023,12/31/2023,12/06/2022,11010 Talent Office,AUTHORIZE THE SECOND AND FINAL RENEWAL AGREEMENT WITH DELTA DENTAL OF ILLINOIS FOR DPPO AND DHMO INSURANCE SERVICES
2023,22-1026-PR15,22-1026-PR15-1,"FOLLETT SOFTWARE, LLC",9809250.0,9809250.0,01/01/2023,12/31/2027,01/31/2023,12510 Information & Technology Services,"AUTHORIZE A NEW AGREEMENT WITH FOLLETT CONTENT SOLUTIONS, LLC FOR STUDENT INFORMATION SYSTEM SOFTWARE, HOSTING, MAINTENANCE, AND SUPPORT SERVICE"
2023,22-1026-PR1,22-1026-PR1-1,THORSEN CONSULTING INC,957500.0,957500.0,01/01/2023,12/31/2023,11/03/2022,11201 Access and Enrollment;12120 Office Of Portfolio Management,"AUTHORIZE THE SECOND RENEWAL AGREEMENT WITH THORSEN CONSULTING, INC. FOR DEVELOPMENT AND HOSTING OF GOCPS WAITLIST/OFFER MODULE SERVICES"
2023,22-1026-EX4,22-1026-EX4-1,Urban Prep Academy for Young Men Charter School-Englewood Campus,0.0,0.0,07/01/2022,06/30/2023,,NO_USER_UNIT,AMEND BOARD REPORT 22-0223-EX3 AUTHORIZE THE RENEWAL OF THE URBAN PREP CHARTER ACADEMY FOR YOUNG MEN HIGH SCHOOL - ENGLEWOOD CAMPUS AGREEMENT WITH PERFORMANCE BENCHMARKS AND CONDITIONS
2023,22-1026-EX3,22-1026-EX3-1,Urban Prep Academy for Young Men Charter School-Englewood Campus,0.0,0.0,,06/30/2023,,NO_USER_UNIT,APPROVE RECOMMENDATION TO NON-RENEW URBAN PREP CHARTER ACADEMY FOR YOUNG MEN HIGH SCHOOL ¿ ENGLEWOOD CAMPUS AT THE END OF THE 2022-23 SCHOOL YEAR AND AUTHORIZE AGREEMENT WITH RESPECT TO OPERATIONS WIND DOWN
2023,22-1026-EX2,22-1026-EX2-1,URBAN PREP ACADEMIES  1,0.0,0.0,07/01/2020,06/30/2023,,NO_USER_UNIT,APPROVE RECOMMENDATION TO NON-RENEW URBAN PREP CHARTER ACADEMY FOR YOUNG MEN HIGH SCHOOL ¿ BRONZEVILLE CAMPUS AT THE END OF THE 2022-23 SCHOOL YEAR AND AUTHORIZE AGREEMENT WITH RESPECT TO OPERATIONS WIND DOWN
2023,22-1018-CPOR-7915,22-1018-CPOR-7915,RENAISSANCE KNIGHTS FOUNDATION,149500.0,149500.0,11/01/2022,10/31/2023,11/05/2022,PDF_404,USCF Certified Tournament Director and International Chess Federation (USCF) Licensed Trainer
2023,22-1018-CPOR-7900,22-1018-CPOR-7900,"IEM INTERNATIONAL, INC.",246427.0,246427.0,10/01/2022,09/30/2023,11/02/2022,PDF_404,FEMA Reimbursement Services
2023,22-1017-CPOR-7897,22-1017-CPOR-7897-1,VEX Robotics Inc,40000.0,40000.0,10/18/2022,10/31/2023,10/18/2022,PDF_404,Von Steuben?s Engineering Education Department Robotics Course
2023,22-1014-CPOR-7905,22-1014-CPOR-7905,HENDY AVENUE CONSULTING LLC,147500.0,147500.0,09/01/2022,08/31/2023,11/09/2022,PDF_404,Consulting Support on Professional Learning
2023,22-0928-PR7,22-0928-PR7-1,THE UNIVERSITY OF CHICAGO,286427.0,286427.0,10/01/2022,09/30/2023,11/17/2022,12510 Information & Technology Services ,AUTHORIZE A NEW AGREEMENT WITH THE UNIVERSITY OF CHICAGO FOR SURVEY OF CLASSROOM EXPERIENCES
2023,22-0928-PR5,22-0928-PR5-1,120Water Inc,250000.0,250000.0,10/01/2022,09/30/2026,10/05/2022,11880 Facility Opers & Maint - City Wide,"AUTHORIZE THE FIRST AND FINAL RENEWAL AGREEMENT WITH 120 WATER AUDIT LLC FOR SOFTWARE TO MANAGE WATER QUALITY TESTING, REPORTING AND PUBLISHING"
2023,22-0928-PR3,22-0928-PR3-1,"WAREHOUSE DIRECT, INC.",20000000.0,20000000.0,10/01/2022,10/31/2023,,12150 Capital/Operations - City Wide ;11860 Facility Operations & Maintenance ,"AUTHORIZE A NEW AGREEMENT WITH WAREHOUSE DIRECT, INC. D/B/A LOWERY MCDONNELL COMPANY D/B/A MIDWEST OFFICE INTERIORS TO PROVIDE VARIOUS FURNITURE, ACCESSORIES AND RELATED FURNITURE RECONFIGURATION, REPAIR AND STORAGE SERVICES"
2023,22-0928-PR2,22-0928-PR2-1,"CITY YEAR, INC.",7905000.0,7905000.0,08/01/2022,07/31/2024,12/01/2022,11371 Student Support and Engagement;10870 College and Career Success Office,"AMEND BOARD REPORT 22-0727-PR6AUTHORIZE THE FIRST AND FINAL RENEWAL AGREEMENT WITH CITY YEAR, INC. FOR IN-SCHOOL AND OUT-OF-SCHOOL MENTORING AND TUTORING SERVICES"
2023,22-0928-PR1,22-0928-PR1-1,"CAREERS THROUGH CULINARY ARTS PROGRAM, INC.",145075.0,145075.0,09/01/2022,08/31/2023,12/12/2022,13725 Early College and Career;10870 College and Career Success Office,"RATIFY THIRD AND FINAL RENEWAL AGREEMENT WITH CAREERS THROUGH CULINARY ARTS PROGRAM, INC. FOR EDUCATIONAL SERVICES TO CULINARY STUDENTS AND TEACHERS"
2023,22-0928-OP8,22-0928-OP8-1,,10393800.0,10393800.0,,,10/06/2022,NO_USER_UNIT,AUTHORIZATION TO PURCHASE PROPERTY AT 23RD STREET AND SOUTH WABASH AVENUE IN CONNECTION WITH THE CONSTRUCTION OF A NEW NEAR SOUTH HIGH SCHOOL
2023,22-0928-EX6,22-0928-EX6-1,,0.0,0.0,,,10/06/2022,NO_USER_UNIT,APPROVE THE MEMORANDUM OF AGREEMENT WITH THE BOARD OF TRUSTEES OF THE PUBLIC SCHOOL TEACHERS¿ PENSION AND RETIREMENT FUND OF CHICAGO
2023,22-0928-CPOR-7883,22-0928-CPOR-7883,"5 STAR INTERPRETING CHICAGO, LLC",100000.0,100000.0,07/01/2022,06/30/2023,09/28/2022,PDF_404,Sign Language Interpreting Services
2023,22-0928-AR7,22-0928-AR7-1,PEOPLES GAS,0.0,0.0,,06/30/2023,10/07/2022,NO_USER_UNIT,AUTHORIZE SETTLEMENT AGREEMENT WITH PEOPLES GAS
2023,22-0922-CPOR-7904,22-0922-CPOR-7904,"VERTOSOFT, LLC",120000.0,120000.0,01/01/2023,12/31/2023,11/21/2022,PDF_404,Comprehensive Annual Financial Report (CAFR Automation) Software
2023,22-0916-CPOR-7896,22-0916-CPOR-7896,WEST PUBLISHING CORPORATION DBA ODEN DBA SERENGETI LAW,146397.72,146397.72,09/01/2022,08/31/2023,01/23/2023,PDF_404,Online Legal Research
2023,22-0913-CPOR-7894,22-0913-CPOR-7894-1,PRENTKE ROMICH COMPANY DBA PRC SALTILLO,150000.0,150000.0,09/13/2022,08/31/2023,09/13/2022,PDF_404,Specialized Education Equipment and Accessories
2023,22-0912-CPOR-7890,22-0912-CPOR-7890,AMERICAN INSTITUTES FOR RESEARCH IN THE BEHAVIORAL SCIENCES,73328.0,73328.0,07/01/2023,06/30/2024,09/28/2023,PDF_404,TIERRS Grant Evaluation
2023,22-0912-CPOR-7882,22-0912-CPOR-7882,CAL INTERPRETING & TRANSLATIONS,74691.96,74691.96,08/01/2022,07/31/2023,09/20/2022,PDF_404,Translation of Sexual Health Education Curriculum
2023,22-0824-PR7,22-0824-PR7-1,DCS GLOBAL ENTERPRISE CANADA INC.,3300000.0,3300000.0,10/01/2022,09/30/2024,09/19/2022,11880 Facility Opers & Maint - City Wide,"AUTHORIZE THE FIRST, SECOND AND FINAL RENEWAL AGREEMENT WITH DCS GLOBAL ENTERPRISE CANADA INC FOR CLEANLINESS AUDIT SERVICES"
2023,22-0824-PR4,22-0824-PR4-1,ILLINOIS INSTITUTE OF TECHNOLOGY,2125793.0,2125793.0,09/01/2022,08/31/2024,11/03/2022,11210 Student Assessment and MTSS;11201 Access and Enrollment,AUTHORIZE A NEW AGREEMENT WITH ILLINOIS INSTITUTE OF TECHNOLOGY FOR TESTING ADMINISTRATION SERVICES
2023,22-0824-PR3,22-0824-PR3-1,"VISTA HIGHER LEARNING, INC.",24000000.0,24000000.0,09/01/2022,08/31/2025,10/18/2022,10814 Pre-K - 12 Curriculum;11510 Language and Cultural Education,"AUTHORIZE A NEW AGREEMENT WITH VISTA HIGHER LEARNING, INC. FOR PK-12 SPANISH LANGUAGE ARTS CURRICULUM SERVICES"
2023,22-0824-PR13,22-0824-PR13-1,ENTERPRISE FM TRUST,5173611.11,5173611.11,09/01/2022,02/28/2025,10/13/2023,11870 Student Transportation;11870 Student Transportation,"AUTHORIZE A NEW AGREEMENT WITH ENTERPRISE FLEET MANAGEMENT, INC. FOR THE PURCHASE OF FLEET LEASING FOR C-SUITE/DRIVERS EDUCATION VEHICLES"
2023,22-0824-PR12,22-0824-PR12-1,"SST, USA, INC.",161417.0,161417.0,09/01/2022,09/30/2023,09/27/2022,10610 School Safety and Security Office,"AUTHORIZE A NEW AGREEMENT WITH SST, USA, INC. FOR THE SUPPORTING OUR STUDENTS PROGRAM"
2023,22-0824-PR11,22-0824-PR11-1,AMAZON.COM SERVICES LLC,30000000.0,30000000.0,09/01/2022,08/31/2025,09/02/2022,12210 Procurement and Contracts Office,AUTHORIZE A NEW AGREEMENT WITH AMAZON.COM SERVICES LLC FOR THE PURCHASE OF TAIL SPEND MARKETPLACE PRODUCTS AND SERVICES
2023,22-0824-PR10,22-0824-PR10-1,APPLE INC.,26000000.0,26000000.0,11/01/2022,10/31/2023,10/25/2022,12510 Information & Technology Services,"AUTHORIZE THE SECOND AND FINAL RENEWAL AGREEMENT WITH APPLE, INC FOR THE PURCHASE OF HARDWARE, SOFTWARE AND SERVICES"
2023,22-0824-EX3,22-0824-EX3-1,ILLINOIS DEPARTMENT OF CHILDREN & FAMILY SERVICES,3920518.3,3920518.3,09/01/2022,08/31/2027,09/09/2022,NO_USER_UNIT,APPROVE ENTERING INTO AN INTERGOVERNMENTAL AGREEMENT WITH THE ILLINOIS DEPARTMENT OF CHILDREN AND FAMILY SERVICES (DCFS)
2023,22-0819-CPOR-7893,22-0819-CPOR-7893,FISCAL TECHNOLOGIES INC.,56039.0,56039.0,10/01/2022,09/30/2023,09/30/2022,PDF_404,Forensic Software for AP
2023,22-0819-CPOR-7886,22-0819-CPOR-7886,"WILLIAM K. RICE, JR. DBA RICE CONSULTING",96324.0,96324.0,07/01/2022,06/30/2023,08/11/2022,PDF_404,Consulting Services for Local School Council Relations
2023,22-0817-CPOR-7863,22-0817-CPOR-7863,"ENCYCLOPAEDIA BRITANNICA, INC.",63268.18,63268.18,09/01/2022,08/31/2023,09/14/2022,PDF_404,Library Database Subscriptions
2023,22-0817-CPOR-7863,22-0817-CPOR-7863,"CENGAGE LEARNING, INC.",172767.53,172767.53,09/01/2022,08/31/2023,09/14/2022,PDF_404,Library Database Subscriptions
2023,22-0817-CPOR-7816,22-0817-CPOR-7816-1,THE LEARNING COLLECTIVE INC.,99500.0,99500.0,08/17/2022,08/31/2023,08/17/2022,PDF_404,Academic Support for Charter and Contract Renewals
2023,22-0803-CPOR-7826,22-0803-CPOR-7826-1,DANIEL SHAMEBO SABORE DBA LANGUAGES TRANSLATION SERVICES,24000.0,24000.0,08/01/2022,04/30/2023,08/01/2022,PDF_404,Accountability Redesign Translation Services
2023,22-0727-PR9,22-0727-PR9-1,THE CHICAGO DEBATE COMMISSION,150000.0,150000.0,08/01/2022,01/31/2023,10/14/2022,10810 Teaching and Learning Office;10810 Teaching and Learning Office,AUTHORIZE A NEW AGREEMENT WITH THE CHICAGO DEBATE COMMISSION FOR SERVICES FOR THE CHICAGO DEBATE LEAGUE
2023,22-0727-PR7,22-0727-PR7-1,AMERICAN INSTITUTES FOR RESEARCH IN THE BEHAVIORAL SCIENCES DBA AMERICAN INSTITUTES FOR RESEARCH,228362.0,228362.0,10/01/2022,09/30/2023,09/06/2022,10810 Teaching and Learning Office;10845 Advanced Learning and Specialty Programs,AUTHORIZE THE FIRST AND FINAL RENEWAL AGREEMENT WITH AMERICAN INSTITUTES FOR RESEARCH IN THE BEHAVORIAL SCIENCES DBA AMERICAN INSTITUTES FOR RESEARCH TO CONDUCT EVALUATION OF MAGNET SCHOOLS ASSISTANCE PROGRAM GRANT SERVICES
2023,22-0727-PR6,22-0727-PR6-1,"CITY YEAR, INC.",6387000.0,6387000.0,08/01/2022,07/31/2024,08/01/2022,11371 Student Support and Engagement;10870 College and Career Success Office,"AUTHORIZE THE FIRST AND FINAL RENEWAL AGREEMENT WITH CITY YEAR, INC. FOR IN-SCHOOL AND OUT-OF-SCHOOL MENTORING AND TUTORING SERVICES"
2023,22-0727-PR5,22-0727-PR5-1,FISHER SCIENTIFIC COMPANY LLC,85000000.0,85000000.0,08/01/2022,07/31/2023,08/01/2022,14050 Office of Student Health & Wellness;14050 Office of Student Health & Wellness,"AUTHORIZE THE FIRST AND FINAL RENEWAL AGREEMENT WITH FISHER SCIENTIFIC COMPANY, LLC FOR COVID TESTING SUPPLIES AND SERVICES"
2023,22-0727-PR3,22-0727-PR3-1,"BSN SPORTS, LLC 1",2900000.0,2900000.0,11/01/2022,10/31/2023,08/10/2022,13737 Sports Administration and Facilities Management - City ,"AUTHORIZE THE FIRST AND FINAL RENEWAL AGREEMENT WITH BSN SPORTS, LLC FOR PHYSICAL EDUCATION SUPPLIES AND EQUIPMENT"
2023,22-0727-PR2,22-0727-PR2-1,"BSN SPORTS, LLC 1",2900000.0,2900000.0,11/01/2021,10/31/2022,,13737 Sports Administration and Facilities Management - City ,"AMEND BOARD REPORT 21-0922-PR2AUTHORIZE A NEW AGREEMENT WITH BSN SPORTS, LLC FOR THE PURCHASE OF PHYSICAL EDUCATION SUPPLIES AND EQUIPMENT"
2023,22-0727-PR19,22-0727-PR19-16,FIAT LOGISTICS AND TRANSIT,0.0,375000000.0,08/01/2022,07/31/2023,08/01/2022,11870 Student Transportation,AMEND BOARD REPORT 20-0527-PR12AUTHORIZE NEW AGREEMENTS WITH VARIOUS VENDORS FOR STUDENT TRANSPORTATION SERVICES (SCHOOL BUS SERVICES)
2023,22-0727-PR18,22-0727-PR18-1,"YOUTH ADVOCATE PROGRAMS, INC.",17077409.0,17077409.0,10/15/2018,06/30/2023,08/01/2022,10610 School Safety and Security Office,"AMEND BOARD REPORT 21-0623-PR25AMEND AND EXTEND BOARD REPORT 20-0122-PR6RATIFY TO AMEND AND EXTEND BOARD REPORT 19-0724-PR13AUTHORIZE A NEW AGREEMENT WITH YOUTH ADVOCATE PROGRAMS, INC FOR CHOOSE TO CHANGE PROGRAM'S YOUTH THERAPY SERVICES"
2023,22-0727-PR15,22-0727-PR15-1,THE UNIVERSITY OF CHICAGO,97552.0,97552.0,10/01/2022,09/30/2023,11/28/2022,12510 Information & Technology Services,AUTHORIZE THE FIRST AND FINAL RENEWAL AGREEMENT WITH THE UNIVERSITY OF CHICAGO FOR SCHOOL CLIMATE SURVEY OF STUDENTS AND TEACHERS SERVICES
2023,22-0727-PR11,22-0727-PR11-1,CARNOW CONIBEAR & ASSOC LTD,2000000.0,2000000.0,09/01/2022,08/31/2026,11/01/2022,11880 Facility Opers & Maint - City Wide,"AUTHORIZE THE FIRST AND FINAL RENEWAL AGREEMENT WITH CARNOW, CONIBEAR AND ASSOC., LTD. FOR WATER QUALITY TESTING SERVICES"
2023,22-0727-PR10,22-0727-PR10-1,"W. W. GRAINGER, INC.",11250000.0,11250000.0,04/09/2020,04/08/2023,08/01/2022,11880 Facility Opers & Maint - City Wide,"AMEND BOARD REPORT 20-0325-PR6AUTHORIZE A NEW AGREEMENT WITH W.W. GRAINGER, INC. FOR THE PURCHASE OF MAINTENANCE, REPAIR AND OPERATION SUPPLIES"
2023,22-0727-PR1,22-0727-PR1-123,"HEARTLAND ALLIANCE INTERNATIONAL, LLC",0.0,75000000.0,,06/30/2024,,10895 Social and Emotional Learning;10898 Social and Emotional Learning - City Wide;10870 College and Career Success Office,AMEND BOARD REPORT 22-0323-PR1AMEND BOARD REPORT 21-1027-PR1AMEND BOARD REPORT 21-0825-PR2AUTHORIZE NEW AGREEMENTS WITH VARIOUS VENDORS FOR SOCIAL AND EMOTIONAL LEARNING PRODUCTS AND SERVICES AND RATIFY AGREEMENT WITH YOUTH ADVOCATE PROGRAMS
2023,22-0727-OP2,22-0727-OP2-1,,235000.0,235000.0,,,09/09/2022,NO_USER_UNIT,AUTHORIZATION TO PURCHASE 4717 S. BISHOP STREET FOR THE EXPANSION OF THE JOHN H. HAMLINE ELEMENTARY SCHOOL
2023,22-0727-OP1,22-0727-OP1-1,,155706.48,155706.48,08/01/2022,01/31/2023,08/03/2022,NO_USER_UNIT,APPROVE ENTERING INTO A NEW SUBLEASE AGREEMENT FOR SPACE LOCATED AT 2727 N. LINCOLN AVENUE FOR USE AS A PRE-K/EARLY CHILDHOOD CENTER
2023,22-0727-EX4,22-0727-EX4-1,ILLINOIS STATE BOARD OF EDUCATION,87512939.34,87512939.34,08/01/2022,10/01/2030,,NO_USER_UNIT,AUTHORIZE AGREEMENT WITH ILLINOIS STATE BOARD OF EDUCATION FOR REPAYMENT OF EVIDENCE-BASED FUNDING
2023,22-0727-EX2,22-0727-EX2-1,CHICAGO POLICE DEPARTMENT,10166587.0,10166587.0,09/01/2022,08/31/2023,08/22/2022,NO_USER_UNIT,AUTHORIZE NEW INTERGOVERNMENTAL AGREEMENT WITH THE CHICAGO POLICE DEPARTMENT OF THE CITY OF CHICAGO FOR SCHOOL RESOURCE OFFICER SERVICES
2023,22-0721-CPOR-7870,22-0721-CPOR-7870-1,COMMUNITY ORGANIZING AND FAMILY ISSUES,100000.0,100000.0,08/01/2022,07/31/2023,07/22/2022,PDF_404,Early Childhood Outreach Program
2023,22-0714-CPOR-7855,22-0714-CPOR-7855-1,"Family Centered Educational Agency, Inc.",20000.0,20000.0,07/01/2022,02/28/2023,06/30/2022,PDF_404,Supplemental Early Childhood Community Engagement
2023,22-0707-CPOR-7868,22-0707-CPOR-7868,GREATLAND CORPORATION,125000.0,125000.0,07/01/2022,06/30/2023,11/29/2022,PDF_404,W2 and Affordable Care Act 1095-C Processing Services
2023,22-0706-CPOR-7846,22-0706-CPOR-7846,"IDEA LANGUAGE SERVICES, LLC",32813.54,32813.54,06/01/2022,05/31/2023,05/23/2022,PDF_404,Policy & Board Rules Translation Services
2023,22-0706-CPOR-7846,22-0706-CPOR-7846,"LANGUAGE LINE SERVICES, INC DBA LANGUAGE LINE SOLUTIONS",70695.57,70695.57,06/01/2022,05/31/2023,05/23/2022,PDF_404,Policy & Board Rules Translation Services
2023,22-0706-CPOR-7846,22-0706-CPOR-7846,CAL INTERPRETING & TRANSLATIONS,50658.72,50658.72,06/01/2022,05/31/2023,05/23/2022,PDF_404,Policy & Board Rules Translation Services
2022,22-0630-CPOR-7866,21-0518-CPOR-7672,"MILLIMAN, INC",59595.0,59595.0,07/01/2022,06/30/2023,07/03/2022,PDF_404,Actuarial Services
2022,22-0623-CPOR-7848,22-0623-CPOR-7848,"iHeartmedia Entertainment Inc dba iHeartmedia, IHRT-FM",42500.0,42500.0,06/22/2022,06/26/2022,06/23/2022,PDF_404,Pride Parade Float
2022,22-0622-RS4,22-0622-RS4-1,,100000000.0,100000000.0,07/01/2022,06/30/2023,,NO_USER_UNIT,RESOLUTION AUTHORIZING EXPENDITURES AND ACTIONS IN RESPONSE TO THE CORONAVIRUS DISEASE 2019 (COVID-19) FOR FY23
2022,22-0622-PR7,22-0622-PR7-1,AMERICAN INSTITUTES FOR RESEARCH IN THE BEHAVIORAL SCIENCES DBA AMERICAN INSTITUTES FOR RESEARCH,250000.0,250000.0,07/01/2022,08/31/2024,10/05/2022,11371 Student Support and Engagement;10870 College and Career Success Office,AUTHORIZE A NEW AGREEMENT WITH AMERICAN INSTITUTES FOR RESEARCH IN THE BEHAVIORAL SCIENCES TO PROVIDE EXTERNAL EVALUATION SERVICES FOR THE COMMUNITY SERVICES SCHOOLS INITIATIVE
2022,22-0622-PR4,22-0622-PR4-1,ELECTRICAL JOINT APPRENTICESHIP AND TRAINING TRUST,160000.0,160000.0,08/01/2022,07/31/2023,07/18/2022,13725 Early College and Career;10870 College and Career Success Office,AUTHORIZE THE FIRST RENEWAL AGREEMENT WITH ELECTRICAL JOINT APPRENTICESHIP AND TRAINING TRUST TO PROVIDE EDUCATIONAL SERVICES
2022,22-0622-PR20,22-0622-PR20-1,POWERSCHOOL HOLDINGS LLC DBA POWERSCHOOL GROUP LLC,500900.0,500900.0,07/01/2022,06/30/2023,08/01/2022,11010 Talent Office,AUTHORIZE THE SECOND AND FINAL RENEWAL AGREEMENT WITH POWERSCHOOL GROUP LLC FOR SOFTWARE AND RELATED SERVICES FOR PERFORMANCE EVALUATIONS
2022,22-0622-PR18,22-0622-PR18-1,CHRISTOPHER TOCZYCKI,677500.0,677500.0,07/01/2022,06/30/2023,08/05/2022,11870 Student Transportation,AUTHORIZE A NEW AGREEMENT WITH CHRISTOPHER TOCZYCKI INCORPORATED FOR STUDENT TRANSPORTATION CONSULTING SERVICES
2022,22-0622-PR17,22-0622-PR17-1,"OMICRON TECHNOLOGY SOLUTIONS, LLC",1350000.0,1350000.0,07/01/2022,06/30/2025,10/18/2022,11870 Student Transportation,"AUTHORIZE A NEW AGREEMENT WITH BIOMEDICAL RESEARCH FOUNDATION OF NORTHWEST LOUISIANA TO ORIGINATE, DISTRIBUTE AND TRACK CPS VENTRA CARD AND LIMITED USE TICKETS (LUTS) SERVICES"
2022,22-0622-PR16,22-0622-PR16-1,ADVANCE SECURITY RESOURCES LLC,196100.0,196100.0,08/01/2022,07/31/2023,07/18/2022,10610 School Safety and Security Office,"AUTHORIZE THE SECOND RENEWAL AGREEMENT WITH ADVANCE SECURITY RESOURCES LLC FOR THE PURCHASE OF WALK-THROUGH METAL DETECTORS AND RELATED INSTALLATION, MAINTENANCE AND TRAINING SERVICES"
2022,22-0622-PR15,22-0622-PR15-1,POWERSCHOOL HOLDINGS LLC DBA POWERSCHOOL GROUP LLC,78750.0,78750.0,07/01/2022,06/30/2023,08/26/2022,12510 Information & Technology Services,AUTHORIZE A NEW AGREEMENT WITH POWERSCHOOL GROUP LLC FOR DATA WAREHOUSE AND DASHBOARD MAINTENANCE SUPPORT
2022,22-0622-PR14,22-0622-PR14-1,CARAHSOFT TECHNOLOGY CORPORATION,550000.0,550000.0,07/15/2022,07/14/2023,10/13/2022,12510 Information & Technology Services,AUTHORIZE A NEW AGREEMENT WITH CARAHSOFT TECHNOLOGY CORPORATION FOR DOCUSIGN ELECTRONIC SIGNATURE PLATFORM AND RELATED SERVICES
2022,22-0622-PR13,22-0622-PR13-1,CDW GOVERNMENT LLC,6000000.0,6000000.0,07/01/2022,06/30/2023,08/05/2022,12510 Information & Technology Services ,"AUTHORIZE THE FIRST AND FINAL RENEWAL AND AMEND AGREEMENT WITH CDW GOVERNMENT, LLC FOR THE PURCHASE OF AUDIO VISUAL AND INTERACTIVE WHITEBOARD EQUIPMENT"
2022,22-0622-PR11,22-0622-PR11-1,UKG INC DBA UKG KRONOS SYSTEMS LLC,915000.0,915000.0,07/01/2022,06/30/2024,07/07/2022,12510 Information & Technology Services,AUTHORIZE THE EXTENSION OF THE AGREEMENT WITH KRONOS INCORPORATED FOR SOFTWARE AND HARDWARE MAINTENANCE
2022,22-0622-PR1,22-0622-PR1-1,"Joel Straus Consulting, LTD. dba Straus Art Group",700000.0,700000.0,11/01/2022,10/31/2023,09/29/2022,10890 Arts;11860 Facility Operations & Maintenance,"AUTHORIZE THE FIRST AND FINAL RENEWAL AND AMEND AGREEMENT WITH JOEL STRAUS CONSULTING, LTD. DBA STRAUS ART GROUP FOR FINE ART PORTFOLIO ASSESSMENT SERVICES"
2022,22-0622-OP2,22-0622-OP2-1,,65000.0,65000.0,,,,NO_USER_UNIT,AMEND BOARD REPORT 18-0822-OP4 DISPOSITION OF BIDS RECEIVED FOR THE SALE OF PROPERTY COMMONLY KNOWN AS 7025 S. PRINCETON (FORMER YALE ELEMENTARY SCHOOL)
2022,22-0622-OP1,22-0622-OP1-1,,125000.0,125000.0,,,,NO_USER_UNIT,AMEND BOARD REPORT 18-0822-OP3 DISPOSITION OF BIDS RECEIVED FOR THE SALE OF THE PROPERTY LOCATED AT 11725 S. PERRY AVENUE (FORMER SONGHAI ELEMENTARY SCHOOL)
2022,22-0614-CPOR-7820,22-0614-CPOR-7820-1,KERRY'S AUTO BODY INC.,150000.0,150000.0,07/01/2022,06/30/2023,07/25/2022,PDF_404,Vehicle Maintenance Services
2022,22-0607-CPOR-7814,22-0607-CPOR-7814-1,"SANDRA L STOREY DBA SLS METRICS, LLC",106500.0,106500.0,07/01/2022,06/30/2023,06/06/2022,PDF_404,SQRP Data Analyst Contractor
2022,22-0602-CPOR-7858,22-0602-CPOR-7858,"LAKESHORE PARENT LLC DBA LAKESHORE LEARNING MATERIALS, LLC",74760.0,74760.0,07/01/2022,06/30/2023,08/11/2022,PDF_404,K-2 Diverse Learner Assessment
2022,22-0602-CPOR-7835,22-0602-CPOR-7835,"CONSORTIUM FOR EDUCATIONAL RESEARCH AND ADVANCEMENT, LLC",74500.0,74500.0,05/22/2022,05/23/2023,05/19/2022,PDF_404,Scope Writing Training Course
2022,22-0525-PR8,22-0525-PR8-1,CITYSPAN TECHNOLOGIES INC.,752000.0,752000.0,07/01/2022,06/30/2024,06/06/2022,12625 Grant Funded Programs Office - City Wide,"AUTHORIZE THE FIRST, SECOND AND FINAL RENEWAL AGREEMENT WITH CITYSPAN TECHNOLOGIES, INC. FOR PROGRAM MANAGEMENT FUNCTIONS FOR STUDENT TRANSITION PROGRAMS SERVICES"
2022,22-0525-PR7,22-0525-PR7-1,THE INSTITUTE FOR EXCELLENCE IN EDUCATION DBA NATIONAL CHARTER SCHOOLS INSTITUTE,340000.0,340000.0,07/01/2022,06/30/2024,05/31/2023,13610 Innovation and Incubation,AUTHORIZE A NEW AGREEMENT WITH THE INSTITUTE FOR EXCELLENCE IN EDUCATION DBA NATIONAL CHARTER SCHOOLS INSTITUTE FOR SCHOOL OVERSIGHT SYSTEM SERVICES
2022,22-0525-PR3,22-0525-PR3-1,"SAGA INNOVATIONS, INC.",9754624.0,9754624.0,07/01/2022,06/30/2024,06/10/2022,"10810 Teaching and Learning Office;10871 Science, Technology, Engineering, and Math (STEM) ","AUTHORIZE THE FIRST RENEWAL AGREEMENT WITH SAGA INNOVATIONS, INC. FOR IN-CLASS MATH TUTORING SERVICES TO AT-RISK STUDENT AT VARIOUS HIGH SCHOOLS"
2022,22-0525-PR2,22-0525-PR2-1,"TEACHING STRATEGIES, LLC",5300000.0,5300000.0,06/01/2022,07/31/2025,07/13/2022,11385 Early Childhood Development - City Wide;11385 Early Childhood Development - City Wide,"AUTHORIZE A NEW AGREEMENT WITH TEACHING STRATEGIES, LLC FOR EARLY CHILDHOOD CURRICULUM AND ASSESSMENT SERVICES"
2022,22-0525-PR14,22-0525-PR14-1,"ORACLE AMERICA, INC.",4700000.0,4700000.0,07/01/2022,06/30/2023,06/06/2022,12510 Information & Technology Services ,"AUTHORIZE THE ANNUAL RENEWAL AGREEMENT WITH ORACLE AMERICA, INC FOR LICENSING AND SUPPORT FOR ORACLE ENTERPRISE FINANCIAL SYSTEMS"
2022,22-0525-PR12,22-0525-PR12-1,"CHICAGO UNITED INDUSTRIES, LTD.",1500000.0,1500000.0,06/01/2022,05/31/2023,06/29/2022,11880 Facility Opers & Maint - City Wide,"AUTHORIZE A NEW AGREEMENT WITH CHICAGO UNITED INDUSTRIES, LTD. FOR WINDOW AC SUPPLY AND DELIVERY"
2022,22-0525-PR11,22-0525-PR11-1,CITY OF CHICAGO,1250000.0,1250000.0,11/01/2019,10/31/2027,06/13/2025,12150 Capital/Operations - City Wide;11870 Student Transportation,AMEND BOARD REPORT 19-0925-PR15APPROVE ENTERING INTO AN INTERGOVERNMENTAL AGREEMENT WITH THE CITY OF CHICAGO DEPARTMENT OF FLEET AND FACILITY MANAGEMENT FOR THE PURCHASE OF FUEL AND ANCILLARY LIQUIDS
2022,22-0525-PR10,22-0525-PR10-1,"DAVIS BANCORP, INCORPORATED",400000.0,400000.0,07/01/2022,06/30/2023,06/06/2022,12440 Treasury,"AUTHORIZE THE THIRD AND FINAL RENEWAL AGREEMENT WITH DAVIS BANCORP, INCORPORATED FOR ARMORED CAR COURIER SERVICES"
2022,22-0525-PR1,22-0525-PR1-1,ILLINOIS ACTION FOR CHILDREN,517000.0,517000.0,07/01/2022,06/30/2023,06/24/2022,11385 Early Childhood Development - City Wide;11385 Early Childhood Development - City Wide,AUTHORIZE A NEW AGREEMENT WITH ILLINOIS ACTION FOR CHILDREN TO PROVIDE SUPPORT THROUGH THE UNIVERSAL APPLICATION HOTLINE
2022,22-0525-FN1,22-0525-FN1-1,MESIROW INSURANCE SERVICES INC.,15000000.0,15000000.0,07/01/2022,07/30/2023,,NO_USER_UNIT,"AUTHORIZE PLACEMENT OF THE BOARD'S FY 2023 EXCESS LIABILITY AND PROPERTY INSURANCE PROGRAMS WITH VARIOUS INSURANCE COMPANIES THROUGH MESIROW INSURANCE SERVICES, INC."
2022,22-0525-EX6,22-0525-EX6-1,,0.0,0.0,07/01/2018,06/30/2025,08/19/2022,NO_USER_UNIT,AMEND BOARD REPORT 17-1206-EX11 AUTHORIZE RENEWAL OF THE EPIC ACADEMY CHARTER HIGH SCHOOL AGREEMENT WITH CONDITIONS
2022,22-0525-EX4,22-0525-EX4-1,,175000000.0,175000000.0,01/01/2022,12/31/2022,09/29/2022,NO_USER_UNIT,RATIFY THE SECOND RENEWAL AND AMEND THE INTERGOVERNMENTAL AGREEMENT WITH THE CITY OF CHICAGO FOR THE MUNICIPAL EMPLOYEES' ANNUITY AND BENEFIT FUND
2022,22-0525-EX3,22-0525-EX3-1,,80200000.0,80200000.0,07/01/2022,06/30/2023,04/03/2023,NO_USER_UNIT,APPROVE THE SECOND OPTION TO RENEW THE INTERGOVERNMENTAL AGREEMENT WITH THE DEPARTMENT OF FAMILY & SUPPORT SERVICES (DFSS) - THE CITY OF CHICAGO
2022,22-0525-EX2,22-0525-EX2-1,,1500000.0,1500000.0,07/01/2022,06/30/2023,06/06/2022,NO_USER_UNIT,APPROVE THE FIRST OPTION TO RENEW THE INTERGOVERNMENTAL AGREEMENT WITH THE DEPARTMENT OF FAMILY & SUPPORT SERVICES (DFSS) ¿ THE CITY OF CHICAGO
2022,22-0525-CPOR-7794,22-0525-CPOR-7794-1,Joseph Williams dba Mr. Dads Fathers Club,20000.0,20000.0,05/13/2022,05/31/2023,05/13/2022,PDF_404,Early Childhood Community Engagement
2022,22-0525-CPOR-7794,22-0525-CPOR-7794-1,"PLAY SMART LITERACY, INC.",20000.0,20000.0,05/13/2022,05/31/2023,05/13/2022,PDF_404,Early Childhood Community Engagement
2022,22-0513-CPOR-7810,22-0513-CPOR-7810-1,LA TIA T. COLLINS,65000.0,65000.0,06/01/2022,05/31/2023,06/01/2022,PDF_404,CEL Coordinator
2022,22-0506-CPOR-7850,22-0506-CPOR-7850,"INSPIRA FINANCIAL HEALTH, INC.",150000.0,150000.0,08/01/2022,07/31/2023,05/22/2022,PDF_404,COBRA Administrative Services
2022,22-0427-PR9,22-0427-PR9-1,"MYTHICS, LLC",3000000.0,3000000.0,07/01/2022,06/30/2023,08/29/2022,12510 Information & Technology Services,"AUTHORIZE THE SECOND RENEWAL AGREEMENT WITH MYTHICS, INC. FOR ORACLE INFRASTRUCTURE UPGRADES"
2022,22-0427-PR7,22-0427-PR7-1,"e-Builder DBA e-Builder, Inc a Trimble company",565000.0,565000.0,06/14/2022,06/13/2023,05/17/2022,11860 Facility Operations & Maintenance,"AUTHORIZE THE THIRD AND FINAL RENEWAL AGREEMENT WITH E-BUILDER, INC. FOR CONSTRUCTION MANAGEMENT SOFTWARE AND RELATED SERVICES"
2022,22-0427-PR5,22-0427-PR5-1,INTERNATIONAL BACCALAUREATE ORGANIZATION,6305860.0,6305860.0,07/01/2022,06/30/2024,09/14/2022,"10810 Teaching and Learning Office;10845 Magnet, Gifted and IB Programs","AUTHORIZE A NEW AGREEMENT WITH INTERNATIONAL BACCALAUREATE ORGANIZATION TO PROVIDE PROFESSIONAL DEVELOPMENT, STUDENT ASSESSMENTS AND RELATED SCHOOL SERVICES"
2022,22-0427-PR3,22-0427-PR3-1,"CURRICULUM ASSOCIATES, LLC",6750000.0,6750000.0,05/01/2022,06/30/2025,06/24/2022,10810 Teaching and Learning Office;11210 Assessment,"AUTHORIZE A NEW AGREEMENT WITH CURRICULUM ASSOCIATES, LLC FOR K-2 READING AND MATHEMATIC ASSESSMENT SERVICES"
2022,22-0427-PR2,22-0427-PR2-1,"NCS PEARSON, INC.",250000.0,250000.0,07/01/2022,06/30/2023,10/25/2022,11385 Early Childhood Development - City Wide;11360 Early Childhood Development,AUTHORIZE A NEW AGREEMENT WITH NCS PEARSON INC. TO PURCHASE A DEVELOPMENTAL SCREENING TOOL
2022,22-0427-PR14,22-0427-PR14-1,KCC CLASS ACTION SERVICES LLC,250000.0,250000.0,11/01/2021,03/31/2022,06/07/2022,10210 Law Office,"AUTHORIZE AN AMENDMENT TO THE AGREEMENT WITH KCC CLASS ACTION SERVICES, LLC FOR SSCA CLAIMS ADMINISTRATOR SERVICES"
2022,22-0427-PR13,22-0427-PR13-1,ONE MILLION DEGREES,250000.0,250000.0,05/01/2022,04/30/2023,04/12/2023,11010 Talent Office,AUTHORIZE A NEW AGREEMENT WITH ONE MILLION DEGREES TO PROVIDE SUPPORT TO TEACH CHICAGO TOMORROW STUDENTS
2022,22-0427-PR11,22-0427-PR11-1,CDW GOVERNMENT LLC,3000000.0,3000000.0,05/01/2022,04/30/2025,01/23/2023,12510 Information & Technology Services,"AUTHORIZE A NEW AGREEMENT WITH CDW GOVERNMENT, LLC FOR WEB CONTENT FILTERING SERVICES"
2022,22-0427-PR10,22-0427-PR10-1,"MITEL NETWORKS, INC.",12240000.0,12240000.0,07/01/2022,06/30/2024,07/19/2022,12510 Information & Technology Services,"AUTHORIZE THE EXTENSION OF THE AGREEMENT WITH MITEL NETWORKS, INC. FOR WIRING, CABLING, VOICE MAINTENANCE, AND SUPPORT SERVICES"
2022,22-0427-PR1,22-0427-PR1-1,National Louis University,1600000.0,1600000.0,07/01/2022,06/30/2023,07/18/2022,11385 Early Childhood Development - City Wide,AUTHORIZE A NEW AGREEMENT WITH NATIONAL LOUIS UNIVERSITY FOR CLASS PROFESSIONAL DEVELOPMENT FOR PRE-K SERVICES
2022,22-0427-OP3,22-0427-OP3-1,OND JV LLC DBA OND Property LLC,134209770.62,134209770.62,11/12/2014,11/30/2034,05/03/2022,NO_USER_UNIT,"AMEND BOARD REPORT 14-0625-OP2 AMEND BOARD REPORT 14-0326-OP1 AMEND BOARD REPORT 13-1218-OP3 APPROVE NEW LEASE AGREEMENT WITH ONE NORTH DEARBORN PROPERTIES, LLC FOR CPS' HEADQUARTERS OFFICE"
2022,22-0427-OP2,22-0427-OP2-1,,95000.0,95000.0,07/01/2022,06/30/2023,11/07/2022,NO_USER_UNIT,AUTHORIZE RENEWAL OF LICENSE AGREEMENT WITH THE BOYS & GIRLS CLUB OF CHICAGO LOCATED AT 2950 W 25TH ST FOR SPRY COMMUNITY LINKS HIGH SCHOOL
2022,22-0427-OP1,22-0427-OP1-1,LITTLE ANGELS FAMILY DAYCARE II INC.,2400000.0,2400000.0,08/01/2025,07/31/2030,08/05/2025,NO_USER_UNIT,"AMEND BOARD REPORT 19-0626-OP3 AUTHORIZE AGREEMENT WITH LITTLE ANGELS FAMILY DAYCARE II, INC. TO PROVIDE FUNDING FOR CONSTRUCTION OF EARLY LEARNING CHILDHOOD FACILITY TO PROVIDE EARLY CHILDHOOD SERVICES"
2022,22-0427-EX2,22-0427-EX2-1,Youth Connection Charter School (YCCS),0.0,0.0,07/01/2020,06/30/2025,07/31/2024,NO_USER_UNIT,AMEND BOARD REPORT 20-0122-EX12 AUTHORIZE RENEWAL OF THE YOUTH CONNECTION CHARTER SCHOOL AGREEMENT WITH CONDITIONS
2022,22-0426-CPOR-7827,22-0426-CPOR-7827,"FACILITRON, INC.",10.0,10.0,05/01/2022,04/30/2023,04/29/2022,PDF_404,Online School Rental Portal
2022,22-0413-CPOR-7821,97463,ONE MILLION DEGREES,249887.0,249887.0,05/01/2022,06/30/2023,06/14/2022,PDF_404,Teach Chicago Tomorrow Metorship Partner
2022,22-0406-CPOR-7759,22-0406-CPOR-7759,KTECH PRODUCTS LLC,83900.0,83900.0,07/14/2022,07/13/2023,08/03/2022,PDF_404,Automation and ANM RPA Project
2022,22-0323-PR9,22-0323-PR9-1,"SENTINEL TECHNOLOGIES, INC.",0.0,60000.0,10/01/2021,09/30/2022,03/25/2022,12510 Information & Technology Services ,"AUTHORIZE RATIFICATION AND EXTENSION OF AGREEMENT WITH SENTINEL TECHNOLOGIES, INC. FOR SCHOOL DATA NETWORK UPGRADE SERVICES"
2022,22-0323-PR8,22-0323-PR8-1,"IBOSS, INC.",948372.0,948372.0,04/01/2022,03/31/2023,04/04/2022,12510 Information & Technology Services,"AUTHORIZE THE EXTENSION OF THE AGREEMENT WITH IBOSS, INC. FOR WEB FILTERING SERVICES"
2022,22-0323-PR7,22-0323-PR7-1,BLACKBOARD INC,396000.0,396000.0,07/01/2022,06/30/2023,04/01/2022,12510 Information & Technology Services,AUTHORIZE THE EXTENSION OF THE AGREEMENT WITH BLACKBOARD INC FOR A DISTRICT-WIDE COMMUNICATIONS SOLUTION
2022,22-0323-PR6,22-0323-PR6-1,"AT&T ENTERPRISES, LLC",12616750.0,25764370.0,07/01/2022,06/30/2024,03/25/2022,12510 Information & Technology Services ,"AUTHORIZE THE FIRST RENEWAL AGREEMENT WITH AT AND T, CORP. FOR INTERNET, VOICE AND DATA CIRCUITS AND SERVICES"
2022,22-0323-PR4,22-0323-PR4-1,THE LIBRARY CORPORATION,449960.0,449960.0,09/01/2022,08/31/2024,03/29/2022,10814 Pre-K - 12 Curriculum;10810 Teaching and Learning Office,AUTHORIZE THE THIRD AND FINAL RENEWAL AGREEMENT WITH THE LIBRARY CORPORATION FOR SOFTWARE LICENSE AND SERVICES
2022,22-0323-PR3,22-0323-PR3-1,BLUEMARK LLC,186000.0,186000.0,04/01/2022,03/31/2024,03/31/2022,14050 Office of Student Health & Wellness;14050 Office of Student Health & Wellness,"AUTHORIZE A NEW AGREEMENT WITH BLUEMARK, LLC TO PROVIDE MEDICAID/SNAP/CHIP/TANF ENROLLMENT CASE MANAGEMENT TOOL SERVICES"
2022,22-0323-PR2,22-0323-PR2-1,"ATI HOLDINGS, LLC",9500000.0,9500000.0,04/01/2022,03/31/2025,08/10/2022,13737 Sports Administration and Facilities Management - City ,"AUTHORIZE A NEW AGREEMENT WITH ATI HOLDINGS, LLC FOR SPORTS ATHLETIC TRAINING COVERAGE AND RELATED SERVICES"
2022,22-0323-OP2,22-0323-OP2-1,"BROTHERS C & S, LLC",93117.0,93117.0,07/01/2022,12/31/2022,05/03/2022,NO_USER_UNIT,"AUTHORIZE THE THIRD AND FINAL RENEWAL OF LEASE AGREEMENT WITH BROTHERS C&S, L.L.C. FOR USE OF SPACE AT 4014, 4024, AND 4028 WEST 59TH STREET FOR USE FOR PECK PRE-K PROGRAMMING"
2022,22-0323-OP1,22-0323-OP1-1,CHICAGO TRANSIT AUTHORITY,1264770.5,1264770.5,11/01/2018,12/31/2022,04/29/2022,NO_USER_UNIT,AMEND BOARD REPORT 18-0926-OP1 APPROVE ENTERING INTO LEASE AGREEMENT WITH CHICAGO TRANSIT AUTHORITY FOR ADDITIONAL OFFICES FOR THE INSPECTOR GENERAL
2022,22-0322-CPOR-7800,22-0322-CPOR-7800-1,"EQUAL LEVEL, INC.",132784.25,132784.25,03/22/2022,03/21/2023,04/01/2022,PDF_404,E-Marketplace Solution
2022,22-0318-CPOR-7795,22-0318-CPOR-7795-1,QBS MIDCO LLC DBA QBS LLC,126700.0,126700.0,02/01/2022,01/31/2023,03/23/2022,PDF_404,De-escalation and Physical Restraint Training
2022,22-0316-CPOR-7801,22-0316-CPOR-7801,Spotlight,147476.0,147476.0,07/01/2021,06/30/2022,03/28/2022,PDF_404,Postsecondary Readiness Reports
2022,22-0225-CPOR-7798,21-0225-CPOR-7798-1,MENA TOURS AND TRAVEL INC,85000.0,85000.0,04/08/2022,04/11/2022,03/16/2022,PDF_404,Travel for US Chess Nationals Tournament
2022,22-0223-PR8,22-0223-PR8-1,"72 HOUR LLC DBA CHEVROLET OF WATSONVILLE, NATIONAL AUTO FLEET GROUP",2500000.0,2500000.0,03/01/2022,11/08/2025,09/06/2022,11870 Student Transportation,"AUTHORIZE A NEW AGREEMENT WITH 72 HOUR LLC DBA CHEVROLET OF WATSONVILLE, NATIONAL AUTO FLEET GROUP FOR THE PURCHASE OF VEHICLES"
2022,22-0223-PR4,22-0223-PR4-1,"NORTHERN SAFETY CO., INC.",15000000.0,15000000.0,09/28/2021,09/27/2022,03/14/2022,11880 Facility Opers & Maint - City Wide;11880 Facility Opers & Maint - City Wide,"AMEND TO RATIFY BOARD REPORT 21-0623-PR15AUTHORIZE A NEW AGREEMENT WITH NORTHERN SAFETY CO., INC. FOR THE PURCHASE OF PERSONAL PROTECTIVE EQUIPMENT"
2022,22-0223-PR3,22-0223-PR3-1,"BAKER TILLY US, LLP",2500000.0,2500000.0,04/01/2022,03/31/2025,06/15/2022,12410 Accounting,"AUTHORIZE A NEW AGREEMENT WITH BAKER TILLY US, LLP FOR EXTERNAL AUDITING SERVICES"
2022,22-0223-PR2,22-0223-PR2-1,"A MOON JUMP 4U, INC. DBA AMJ SPECTACULAR EVENTS",1000000.0,1000000.0,04/01/2022,03/31/2024,03/01/2022,14060 Family & Community Engagement Office,"AUTHORIZE THE SECOND, THIRD AND FINAL RENEWAL AGREEMENT WITH A MOON JUMP 4U, INC DBA AMJ SPECTACULAR EVENTS TO PROVIDE RENTAL EQUIPMENT AND RELATED SERVICES FOR SCHOOL BASED EVENTS"
2022,22-0223-OP1,22-0223-OP1-1,,0.0,1.0,07/01/2022,06/30/2023,,NO_USER_UNIT,APPROVE RENEWAL LEASE AGREEMENT WITH URBAN PREP ACADEMIES FOR SOLE OCCUPANCY OF THE ENGLEWOOD SCHOOL BUILDING AT 6201 S. STEWART AVENUE
2022,22-0223-EX3,22-0223-EX3-1,URBAN PREP ACADEMIES  1,0.0,0.0,07/01/2022,06/30/2023,11/01/2022,NO_USER_UNIT,AUTHORIZE THE RENEWAL OF THE URBAN PREP CHARTER ACADEMY FOR YOUNG MEN HIGH SCHOOL - ENGLEWOOD CAMPUS AGREEMENT WITH PERFORMANCE BENCHMARKS AND CONDITIONS
2022,22-0203-CPOR-7782,22-0203-CPOR-7782-1,"BLAIDA AND ASSOCIATES, LLC",108000.0,108000.0,01/01/2022,12/31/2022,02/01/2022,PDF_404,Legislative Consulting Services
2022,22-0127-CPOR-7790,22-0127-CPOR-7790,"WILLIS OF ILLINOIS, INC.",120000.0,120000.0,03/01/2022,02/28/2023,03/16/2023,PDF_404,Healthcare and Benefits Consulting Services
2022,22-0126-PR6,22-0126-PR6-108,MORENO ARCHITECTS LTD.,0.0,50000000.0,08/01/2022,08/31/2023,08/01/2022,11860 Facility Operations & Maintenance;12150 Capital/Operations - City Wide,AMEND BOARD REPORT 21-0728-PR9AUTHORIZE THE PRE-QUALIFICATION OF AND THE FIRST AND SECOND RENEWAL AGREEMENTS WITH VARIOUS VENDORS FOR ARCHITECT/ENGINEER OF RECORD SERVICES
2022,22-0126-PR4,22-0126-PR4-1,BUREAU VERITAS TECHNICAL ASSESSMENTS LLC,6000000.0,6000000.0,05/01/2019,04/30/2022,06/09/2022,11860 Facility Operations & Maintenance;11860 Facility Operations & Maintenance,AMEND BOARD REPORT 19-0424-PR3AUTHORIZE A NEW AGREEMENT WITH BUREAU VERITAS TECHNICAL ASSESSMENTS LLC [FORMERLY CLAMPETT INDUSTRIES LLC DBA EMG] FOR BIENNIAL FACILITY ASSESSMENTS SERVICES
2022,22-0126-PR3,22-0126-PR3-1,AMERICAN INSTITUTES FOR RESEARCH IN THE BEHAVIORAL SCIENCES DBA AMERICAN INSTITUTES FOR RESEARCH,1011977.0,1011977.0,02/01/2022,08/31/2026,02/01/2022,11371 Student Support and Engagement;10816 Chief Education Office,AUTHORIZE A NEW AGREEMENT WITH AMERICAN INSTITUTES FOR RESEARCH IN THE BEHAVIORAL SCIENCES FOR RESEARCH FOR COMMUNITY SCHOOLS INITIATIVE FY22 COHORT EVALUATION SERVICES
2022,22-0126-PR2,22-0126-PR2-1,BATTELLE FOR KIDS,90058.0,90058.0,02/01/2022,01/31/2023,02/01/2022,10811 Office of School Quality Measurement,AUTHORIZE A NEW AGREEMENT WITH BATTELLE FOR KIDS FOR ROSTER VERIFICATION SYSTEMS SERVICES
2022,22-0126-PR17,22-0126-PR17-1,DENTONS US LLP,328000.0,328000.0,03/01/2022,02/28/2023,02/04/2022,10320 Inspector General,AUTHORIZE THE SECOND AND FINAL RENEWAL AGREEMENT WITH DENTONS US LLP FOR INVESTIGATIVE SERVICES
2022,22-0126-PR16,22-0126-PR16-1,MESIROW INSURANCE SERVICES INC.,698750.0,698750.0,03/01/2022,02/28/2025,05/25/2022,12460 Risk Management,"AUTHORIZE A NEW AGREEMENT WITH MESIROW INSURANCE SERVICES, INC FOR INSURANCE BROKERAGE AND CONSULTING SERVICES"
2022,22-0126-PR15,22-0126-PR15-1,"ASKREPLY, INC. DBA B2GNOW",100000.0,100000.0,02/01/2022,01/31/2024,02/22/2022,12210 Procurement and Contracts Office,"AUTHORIZE A NEW AGREEMENT WITH ASKREPLY INC., DBA B2GNOW FOR COMPLIANCE REPORTING SYSTEM AND SERVICES"
2022,22-0126-PR13,22-0126-PR13-30,"JOSTENS, INC.",0.0,9000000.0,02/04/2022,04/30/2024,02/04/2022,12210 Procurement and Contracts Office,AMEND BOARD REPORT 21-0428-PR8AUTHORIZE THE PRE-QUALIFICATION STATUS OF AND ENTERING INTO AGREEMENTS WITH VARIOUS VENDORS TO PROVIDE CUSTOM PRINT SERVICES
2022,22-0126-PR12,22-0126-PR12-1,GENESYS WORKS CHICAGO,250000.0,270000.0,04/01/2022,03/31/2023,02/26/2022,12510 Information & Technology Services,AUTHORIZE THE FIRST RENEWAL AGREEMENT WITH GENESYS WORKS CHICAGO FOR TECHNICAL SUPPORT SERVICES
2022,22-0126-PR10,22-0126-PR10-1,"GLOBAL PAYMENTS INC. DBA HEARTLAND PAYMENT SYSTEMS, LLC",6000000.0,6000000.0,06/05/2022,06/04/2023,02/01/2022,12010 Nutrition Support Services,"AUTHORIZE A NO COST EXTENSION OF THE AGREEMENT WITH HEARTLAND PAYMENT SYSTEMS, LLC, AS SUCCESSOR-IN-INTEREST TO HEARTLAND PAYMENT SYSTEMS, INC. TO PROVIDE MEAL MANAGEMENT POINT OF SERVICE (POS) SYSTEM TO THE DEPARTMENT OF NUTRITIONAL SUPPORT"
2022,22-0126-PR1,22-0126-PR1-1,ELECTRICAL JOINT APPRENTICESHIP AND TRAINING TRUST,160000.0,160000.0,08/22/2021,07/31/2022,,13725 Early College and Career;10816 Chief Education Office,AMEND BOARD REPORT 21-0728-PR2 AUTHORIZE A NEW AGREEMENT WITH ELECTRICAL JOINT APPRENTICESHIP AND TRAINING TRUST FOR EDUCATIONAL SERVICES
2022,22-0126-OP5,22-0126-OP5-1,,0.0,2499598.95,,,,NO_USER_UNIT,"AUTHORIZE ENTERING INTO LEASE AGREEMENT WITH AJM MAYFAIR PLAZA LLC, AGM MAYFAIR PLAZA LLC AND EJB MAYFAIR PLAZA LLC, AS TENANTS IN COMMON, FOR 4840 N. PULASKI ROAD FOR USE AS A PRE-K/EARLY CHILDHOOD CENTER"
2022,22-0126-OP4,22-0126-OP4-1,,1900000.0,1900000.0,,,02/02/2022,NO_USER_UNIT,AUTHORIZATION TO PURCHASE 5000 W. FLOURNOY STREET (EXPANSION OF MICHELLE CLARK ACADEMIC PREP MAGNET HIGH SCHOOL)
2022,22-0126-OP3,22-0126-OP3-1,,0.0,3.0,07/01/2022,06/30/2025,03/23/2023,NO_USER_UNIT,"APPROVE RENEWAL LEASE AGREEMENT WITH PERSPECTIVES CHARTER SCHOOL FOR THE SOLE OCCUPANCY OF THE RAYMOND SCHOOL BUILDING, 3663 S. WABASH AVENUE"
2022,22-0126-OP2,22-0126-OP2-1,,0.0,5.0,07/01/2022,06/30/2027,,NO_USER_UNIT,APPROVE RENEWAL LEASE AGREEMENT WITH POLARIS CHARTER ACADEMY FOR SOLE OCCUPANCY OF THE MORSE SCHOOL BUILDING AT 620 N. SAWYER AVENUE
2022,22-0126-OP1,22-0126-OP1-1,,0.0,2.0,07/01/2022,06/30/2024,10/05/2022,NO_USER_UNIT,"APPROVE RENEWAL LEASE AGREEMENT WITH MONTESSORI NETWORK, INC. FOR SOLE OCCUPANCY OF THE JOHNS SCHOOL BUILDING AT 6936 S. HERMITAGE AVENUE"
2022,22-0126-EX9,22-0126-EX9-1,,0.0,0.0,07/01/2022,06/30/2027,05/03/2022,NO_USER_UNIT,AUTHORIZE THE RENEWAL OF THE POLARIS SCHOOL AGREEMENT WITH CONDITIONS
2022,22-0126-EX8,22-0126-EX8-1,,0.0,0.0,07/01/2022,06/30/2024,04/27/2022,NO_USER_UNIT,AUTHORIZE THE RENEWAL OF THE MONTESSORI SCHOOL OF ENGLEWOOD AGREEMENT WITH CONDITIONS
2022,22-0126-EX7,22-0126-EX7-1,,0.0,0.0,07/01/2022,06/30/2024,03/24/2022,NO_USER_UNIT,AUTHORIZE THE RENEWAL OF THE LEGAL PREP CHARTER ACADEMY AGREEMENT WITH CONDITIONS
2022,22-0126-EX6,22-0126-EX6-1,,0.0,0.0,07/01/2022,06/30/2025,04/24/2022,NO_USER_UNIT,AUTHORIZE THE RENEWAL OF THE CATALYST MARIA CHARTER SCHOOL AGREEMENT WITH CONDITIONS
2022,22-0126-EX5,22-0126-EX5-1,,0.0,0.0,07/01/2022,06/30/2025,07/18/2022,NO_USER_UNIT,AUTHORIZE THE RENEWAL OF THE EXCEL ACADEMY OF SOUTH SHORE AGREEMENT WITH CONDITIONS
2022,22-0126-EX4,22-0126-EX4-1,,0.0,0.0,07/01/2022,06/30/2025,07/18/2022,NO_USER_UNIT,AUTHORIZE THE RENEWAL OF THE EXCEL ACADEMY SOUTHWEST AGREEMENT WITH CONDITIONS
2022,22-0126-EX3,22-0126-EX3-1,,0.0,0.0,07/01/2022,06/30/2025,03/25/2022,NO_USER_UNIT,AUTHORIZE THE RENEWAL OF THE PERSPECTIVES CHARTER SCHOOL AGREEMENT WITH CONDITIONS
2022,22-0126-EX2,22-0126-EX2-1,SCH&T CORP OF ILLINOIS DBA SHERATON GRAND CHICAGO RIVERWALK,120000.0,120000.0,,05/21/2022,,NO_USER_UNIT,AUTHORIZE NEW AGREEMENT WITH SCH&T CORP OF ILLINOIS DBA SHERATON GRAND CHICAGO FOR ALBERT G LANE TECHNICAL HIGH SCHOOL PROM
2022,22-0118-CPOR-7793,22-0118-CPOR-7793,SMARTSHEET INC.,47000.0,47000.0,01/31/2022,01/30/2023,02/04/2022,PDF_404,Project Portfolio Managment
2022,22-0114-CPOR-7756,22-0114-CPOR-7756,"OUTMATCH, INC.",87500.0,87500.0,07/01/2022,12/31/2022,07/07/2022,PDF_404,Automated Reference Checks
2022,22-0113-CPOR-7757,22-0113-CPOR-7757-1,RENAISSANCE KNIGHTS FOUNDATION,149500.0,149500.0,02/25/2022,10/31/2022,02/25/2022,PDF_404,USCF Certified Tournament Director and International Chess Federation (USCF) Licensed Trainer
2022,22-0111-CPOR-7743,22-0111-CPOR-7743,"DANIELS SHARPSMART, INC. DBA DANIELS HEALTH",75000.0,75000.0,01/19/2022,12/31/2022,01/19/2022,PDF_404,Hand Sanitizer Pickup and Disposal
2022,22-0104-CPOR-7775,22-0104-CPOR-7775-1,"PPT HOLDINGS I, LLC DBA PARK PLACE TECHNOLOGIES, LLC",46721.64,46721.64,01/01/2022,12/31/2022,01/20/2022,PDF_404,Enterprise Storage Area Network (SAN) Maintenance & Support
2022,21-1222-CPOR-7777,20-CPOR-7606,"VERTOSOFT, LLC",72843.75,72843.75,01/01/2022,12/31/2022,01/03/2022,PDF_404,Comprehensive Annual Financial Report (CAFR Automation) Software
2022,21-1215-PR9,21-1215-PR9-1,"GARTNER, INC.",750000.0,750000.0,01/01/2022,12/31/2022,02/22/2022,12510 Information & Technology Services,"AUTHORIZE A NEW AGREEMENT WITH GARTNER, INC. FOR GAP ANALYSIS FOR ENTERPRISE FINANCIAL SERVICES"
2022,21-1215-PR6,21-1215-PR6-1,"Atlas Toyota Material Handling, LLC",304625.0,304625.0,04/14/2022,04/13/2024,04/14/2022,11880 Facility Opers & Maint - City Wide,"AUTHORIZE A NEW AGREEMENT WITH ATLAS TOYOTA MATERIAL HANDLING, LLC FOR THE PURCHASE OF HEAVY EQUIPMENT PRODUCTS AND SERVICES"
2022,21-1215-PR5,21-1215-PR5-1,JACOBS PROJECT MANAGEMENT CO.,65000000.0,65000000.0,09/01/2022,08/31/2024,02/14/2022,11860 Facility Operations & Maintenance,"AUTHORIZE THE FIRST, SECOND AND FINAL RENEWAL AGREEMENT WITH JACOBS PROJECTS MANAGEMENT CO. FOR CAPITAL PROGRAM MANAGEMENT SERVICES"
2022,21-1215-PR3,21-1215-PR3-1,THORSEN CONSULTING INC,782500.0,782500.0,01/01/2022,12/31/2022,01/06/2022,11201 Access and Enrollment;12120 Office Of Portfolio Management,"AUTHORIZE A NEW AGREEMENT WITH THORSEN CONSULTING, INC. FOR DEVELOPMENT AND HOSTING OF GOCPS WAITLIST/OFFER MODULE SERVICES"
2022,21-1215-PR1,21-1215-PR1-1,"VERA CREATIVE, INC.",250000.0,250000.0,01/01/2022,12/31/2022,01/10/2022,11385 Early Childhood Development - City Wide;11360 Early Childhood Development,"AUTHORIZE A NEW AGREEMENT WITH VERA CREATIVE, INC. FOR EARLY CHILDHOOD MARKETING SERVICES"
2022,21-1215-OP8,21-1215-OP8-1,,635000.0,635000.0,,,12/21/2021,NO_USER_UNIT,AUTHORIZATION TO PURCHASE 6662 N. NORTHWEST HIGHWAY (EDISON PARK EARLY CHILDHOOD CENTER)
2022,21-1215-OP7,21-1215-OP7-1,,1480647.44,1480647.44,,,,NO_USER_UNIT,AUTHORIZE ENTERING INTO LEASE AGREEMENT WITH PENELOPE PLAZA LLC FOR 3349 N. HARLEM AVENUE FOR USE AS A PRE-K/EARLY CHILDHOOD CENTER
2022,21-1215-OP6,21-1215-OP6-1,,75000.0,75000.0,,,,NO_USER_UNIT,AMEND BOARD REPORT 17-0927-OP2 DISPOSITION OF BIDS RECEIVED FOR THE SALE OF PROPERTY LOCATED AT 6529-33 S. STEWART AND 6530 S. HARVARD (FORMER HAYES ADMINISTRATION BUILDING)
2022,21-1215-AR5,21-1215-AR5-6,COGHLAN LAW  LLC,0.0,0.0,07/01/2021,06/30/2022,,NO_USER_UNIT,AMEND BOARD REPORT 21-0623-AR4 AUTHORIZE CONTINUED RETENTION OF VARIOUS OUTSIDE COUNSEL LAW FIRMS FOR AFFIRMATIVE LITIGATION ON A CONTINGENCY FEE BASIS
2022,21-1117-OP3,21-1117-OP3-1,,5574455.3,5574455.3,01/18/2022,01/17/2032,01/18/2022,NO_USER_UNIT,"AUTHORIZE ENTERING INTO LEASE AGREEMENT WITH DEMI INVESTMENTS, LLC FOR 5320-5330 & 5314-5316 W. DEVON AVENUE FOR USE AS A PRE-K/EARLY CHILDHOOD CENTER"
2022,21-1117-OP2,21-1117-OP2-1,,6853453.03,6853453.03,01/24/2022,01/23/2032,01/24/2022,NO_USER_UNIT,"AUTHORIZE ENTERING INTO LEASE AGREEMENT WITH BRYTON ROCKWELL, LLC FOR 2633 W. ADDISON STREET FOR USE AS A PRE-K/EARLY CHILDHOOD CENTER"
2022,21-1117-OP1,21-1117-OP1-1,,0.0,2100000.0,,,01/03/2021,NO_USER_UNIT,AUTHORIZATION TO PURCHASE 9901 S. WESTERN AVENUE (BEVERLY COMMUNITY EARLY CHILDHOOD CENTER AND CPS ADMINISTRATIVE OFFICES)
2022,21-1117-AR6,21-1117-AR6-1,,200000.0,200000.0,07/01/2021,06/30/2022,,NO_USER_UNIT,"AUTHORIZE RETENTION OF THE LAW FIRM JARECKI LAW GROUP, LLC"
2022,21-1116-CPOR-7769,21-1116-CPOR-7769-1,FORWARD MOMENTUM CHICAGO NFP,70000.0,70000.0,08/30/2021,06/14/2022,12/22/2022,PDF_404,Marquette Art Residency
2022,21-1116-CPOR-7732,21-1116-CPOR-7732-1,"Lake Shore Athletic Services, Inc. dba Lakeshore Athletic Services Inc.",60600.0,60600.0,01/01/2022,12/31/2022,02/23/2022,PDF_404,CPS SCORE
2022,21-1115-CPOR-7758,	21-1115-CPOR-7758,"VERTOSOFT, LLC",113100.0,113100.0,07/01/2022,06/30/2023,07/17/2022,PDF_404,Internal Audit Service
2022,21-1115-CPOR-7690,21-1115-CPOR-7690-1,CAL INTERPRETING & TRANSLATIONS,74691.96,74691.96,11/29/2021,07/30/2022,12/02/2021,PDF_404,Translation of Sexual Health Education Curriculum
2022,21-1110-CPOR-7733,21-1110-CPOR-7733-1,"Double Line, Inc.",57500.0,57500.0,01/01/2022,12/31/2022,01/23/2022,PDF_404,Analyze Current Dash Board Environment
2022,21-1105-CPOR-7753,21-1105-CPOR-7753-1,"WILLIAM K. RICE, JR. DBA RICE CONSULTING",89040.75,89040.75,11/01/2021,06/30/2022,11/10/2021,PDF_404,Consulting Services for Local School Council Relations
2022,21-1105-CPOR-7736,21-1105-CPOR-7736,Michael Mahone dba Arc Light Investigate Services,145000.0,145000.0,10/15/2021,10/14/2023,02/25/2022,PDF_404,Investigative Services
2022,21-1104-CPOR-7710,21-1104-CPOR-7710,HENDY AVENUE CONSULTING LLC,84000.0,84000.0,09/01/2021,08/30/2022,12/08/2021,PDF_404,Human Capital Management Training Modules
2022,21-1027-PR9,21-1027-PR9-1,DELTA DENTAL OF ILLINOIS,1200000.0,1200000.0,01/01/2022,12/31/2022,12/31/2021,11010 Talent Office,AUTHORIZE THE FIRST RENEWAL AGREEMENT WITH DELTA DENTAL OF ILLINOIS FOR DENTAL DPPO AND DHMO INSURANCE SERVICES
2022,21-1027-PR7,21-1027-PR7-1,"ACCURATE BIOMETRICS, INC.",4654302.0,4654302.0,11/01/2021,10/31/2024,11/10/2021,10610 School Safety and Security Office,"AUTHORIZE A NEW AGREEMENT WITH ACCURATE BIOMETRICS, INC FOR COMPREHENSIVE FINGERPRINTING AND RELATED SERVICES"
2022,21-1027-PR5,21-1027-PR5-1,"AMERESCO, INC",630000.0,630000.0,01/01/2022,12/31/2023,01/03/2022,11880 Facility Opers & Maint - City Wide;11880 Facility Opers & Maint - City Wide,"AUTHORIZE THE FIRST, SECOND AND FINAL RENEWAL AGREEMENT WITH AMERESCO, INC. FOR ENERGY MANAGEMENT CONSULTING SERVICES"
2022,21-1027-PR4,21-1027-PR4-1,"SIVIC SOLUTIONS GROUP, LLC",624000.0,624000.0,01/01/2022,12/31/2022,12/22/2021,12610 Budget & Management Office,"AUTHORIZE THE THIRD RENEWAL AGREEMENT WITH SIVIC SOLUTIONS GROUP, LLC FOR MEDICAID CLAIMS PROCESSING AND ADVISORY SERVICES"
2022,21-1027-PR3,21-1027-PR3-1,THE NATIONAL CENTER FOR THE IMPROVEMENT OF EDUCATIONAL ASSESSMENT INC,188000.0,188000.0,11/01/2021,12/31/2022,12/21/2021,10811 Office of School Quality Measurement,"AUTHORIZE A NEW AGREEMENT WITH THE NATIONAL CENTER FOR IMPROVEMENT OF EDUCATIONAL ASSESSMENT, INC. FOR ACCOUNTABILITY REDESIGN SUPPORT SERVICES"
2022,21-1027-PR2,21-1027-PR2-1,ECRA GROUP INCORPORATED,230000.0,230000.0,01/01/2022,04/01/2023,12/22/2021,10811 Office of School Quality Measurement;10811 Office of School Quality Measurement,AUTHORIZE THE SECOND AND FINAL RENEWAL AGREEMENT WITH ECRA GROUP INCORPORATED FOR STUDENT GROWTH MEASURE SERVICES
2022,21-1027-PR13,21-1027-PR13-1,"PUBLIC IMPACT, LLC",197768.0,197768.0,12/01/2021,11/30/2022,12/03/2021,11010 Talent Office,"AUTHORIZE THE THIRD AND FINAL RENEWAL WITH PUBLIC IMPACT, LLC FOR TEACHER LEADERSHIP IMPLEMENTATION SERVICES"
2022,21-1027-PR11,21-1027-PR11-1,"BENEFIT EXPRESS SERVICES, LLC",250000.0,250000.0,01/01/2022,12/31/2022,11/12/2021,11010 Talent Office,"AUTHORIZE THE SECOND AND FINAL RENEWAL AGREEMENT WITH BENEFIT EXPRESS SERVICES, LLC FOR MEDICAL AND DEPENDENT CARE FLEXIBLE SPENDING ACCOUNT SERVICES"
2022,21-1027-OP4,21-1027-OP4-1,,1.0,1.0,,,,NO_USER_UNIT,AUTHORIZATION TO ACCEPT TITLE AND POSSESSION OF PROPERTY FROM THE CITY OF CHICAGO FOR PARKING AND AN ATHLETIC FIELD AT MORGAN PARK HIGH SCHOOL
2022,21-1027-OP3,21-1027-OP3-1,,1.0,1.0,,,,NO_USER_UNIT,AUTHORIZATION TO ACCEPT TITLE AND POSSESSION OF PROPERTY FROM THE CITY OF CHICAGO FOR PARKING AND PLAYGROUND EXPANSION AT KANOON MAGNET SCHOOL AND TO AUTHORIZE THE PUBLIC BUILDING COMMISSION TO DEDICATE PROPERTY FOR A NEW PUBLIC ALLEY AND ACCESS IN EXCHANGE
2022,21-1027-OP2,21-1027-OP2-1,,125000.0,125000.0,,,,NO_USER_UNIT,AMEND BOARD REPORT 18-0321-OP3 AMEND BOARD REPORT 18-0124-OP1 DISPOSITON OF BIDS RECEIVED FOR THE SALE OF PROPERTY LOCATED AT 517-535 N. PARKSIDE AVENUE (FORMER FRANCES SCOTT KEY ELEMENTARY SCHOOL)
2022,21-1027-OP1,21-1027-OP1-1,,1022344.09,1022344.09,07/01/2021,06/30/2026,11/29/2021,NO_USER_UNIT,AMEND BOARD REPORT 21-0623-OP4 AUTHORIZE THE SECOND RENEWAL OF LEASE AGREEMENT WITH MESSIAH EVANGELICAL LUTHERAN CONGREGATION FOR SPACE AT 6200 W PATTERSON AVE FOR SMYSER ELEMENTARY SCHOOL
2022,21-1014-CPOR-7735,21-1014-CPOR-7735-1,KCC CLASS ACTION SERVICES LLC,150000.0,150000.0,10/15/2021,08/31/2021,12/22/2021,PDF_404,Claims Administrator 2021-2022
2022,21-1011-CPOR-7734,21-1011-CPOR-7734-1,HONEST GAME CORPORATION,39625.0,39625.0,12/01/2021,11/30/2022,12/20/2021,PDF_404,Post Secondary Pathways
2022,21-1008-CPOR-7731,21-1008-CPOR-7731-1,"AVANT ASSESSMENT, LLC",74500.0,74500.0,07/01/2021,06/30/2022,03/11/2022,PDF_404,Language Proficiency Testing 5th to 8th Grade
2022,21-0929-CPOR-7740,21-0929-CPOR-7740-1,"CONSORTIUM FOR EDUCATIONAL RESEARCH AND ADVANCEMENT, LLC",150000.0,150000.0,05/22/2021,05/21/2022,03/23/2022,PDF_404,Scope Writing Training Course
2022,21-0929-CPOR-7740,21-0929-CPOR-7740-2,"MIDWEST BUSINESS CONSULTING, LLC",150000.0,150000.0,05/22/2021,05/21/2022,10/01/2021,PDF_404,Scope Writing Training Course
2022,21-0929-CPOR-7740,21-0929-CPOR-7740-5,H.G. Jones & Associates,192500.0,192500.0,05/22/2021,05/21/2022,04/21/2022,PDF_404,Scope Writing Training Course
2022,21-0929-CPOR-7740,21-0929-CPOR-7740-3,"PMA CONSULTANTS, L.L.C.",150000.0,150000.0,05/22/2021,05/21/2022,10/01/2021,PDF_404,Scope Writing Training Course
2022,21-0929-CPOR-7740,21-0929-CPOR-7740-4,"TRAINSMART, INC.",150000.0,150000.0,05/22/2021,05/21/2022,10/01/2021,PDF_404,Scope Writing Training Course
2022,21-0927-CPOR-7656,21-0927-CPOR-7656-1,"EQUAL LEVEL, INC.",87985.0,87985.0,03/22/2021,03/21/2022,04/28/2021,PDF_404,E-Marketplace Solution
2022,21-0922-PR7,21-0922-PR7-1,"THE CONCORD CONSULTING GROUP OF ILLINOIS, INC.",3800000.0,3800000.0,01/01/2021,12/31/2022,02/01/2022,NO_USER_UNIT,"AMEND BOARD REPORT 19-0925-PR5AUTHORIZE THE FIRST AND SECOND RENEWAL AGREEMENTS WITH THE CONCORD CONSULTING GROUP OF ILLINOIS, INC FOR COST ESTIMATING SERVICES"
2022,21-0922-PR6,21-0922-PR6-1,FRONTLINE TECHNOLOGIES GROUP LLC DBA FRONTLINE EDUCATION,342000.0,342000.0,12/01/2021,11/30/2022,12/13/2021,NO_USER_UNIT,AUTHORIZE THE FIRST RENEWAL AGREEMENT WITH GEMCAP INC DBA HAYES SOFTWARE SYSTEMS FOR AN ASSET MANAGEMENT SOLUTION
2022,21-0922-PR2,21-0922-PR2-1,"BSN SPORTS, LLC 1",2500000.0,2500000.0,11/01/2021,10/31/2022,11/05/2021,NO_USER_UNIT,"AUTHORIZE A NEW AGREEMENT WITH BSN SPORTS, LLC FOR THE PURCHASE OF PHYSICAL EDUCATION SUPPLIES AND EQUIPMENT"
2022,21-0922-PR13,21-0922-PR13-1,THE VARIABLE ANNUITY LIFE INSURANCE COMPANY (VALIC),0.0,0.0,01/01/2022,12/31/2024,12/23/2021,NO_USER_UNIT,AUTHORIZE A NEW AGREEMENT WITH THE VARIABLE ANNUITY LIFE INSURANCE COMPANY (VALIC) FOR DEFINED CONTRIBUTION RETIREMENT SERVICES
2022,21-0922-PR12,21-0922-PR12-1,CHICAGO DEPT. OF HEALTH,500000.0,500000.0,10/01/2021,09/30/2023,11/10/2021,NO_USER_UNIT,"AUTHORIZE THE RENEWAL OF THE INTERGOVERNMENTAL AGREEMENT WITH CITY OF CHICAGO, DEPARTMENT OF PUBLIC HEALTH, FOR INSPECTION, RE-INSPECTION, TRAINING AND CONSULTING SERVICES"
2022,21-0922-PR11,21-0922-PR11-1,"SENTINEL TECHNOLOGIES, INC.",5115944.0,5115944.0,10/09/2021,10/08/2023,10/26/2021,NO_USER_UNIT,"AUTHORIZE THE FIRST AND FINAL RENEWAL AGREEMENT WITH SENTINEL TECHNOLOGIES, INC. TO PROVIDE FIREWALL REPLACEMENT AND RELATED SERVICES"
2022,21-0922-PR1,21-0922-PR1-1,"ILLINOIS RESTAURANT ASSOCIATION EDUCATIONAL FOUNDATION, INC.",0.0,165280.0,10/01/2021,09/30/2023,09/27/2021,NO_USER_UNIT,AUTHORIZE THE SECOND AND FINAL RENEWAL AGREEMENT WITH ILLINOIS RESTAURANT ASSOCIATION EDUCATIONAL FOUNDATION FOR CULINARY EDUCATION SERVICES
2022,21-0922-OP1,21-0922-OP1-1,,9648356.0,9648356.0,06/01/2022,05/31/2032,,NO_USER_UNIT,"AMEND BOARD REPORT 21-0324-OP2 APPROVE ENTERING INTO LEASE AGREEMENT WITH HEMINGWAY ASSOCIATES, LLC FOR 1840 N. CLARK STREET FOR USE AS A PRE-K/EARLY CHILDHOOD CENTER"
2022,21-0922-EX3,21-0922-EX3-1,CHICAGO POLICE DEPARTMENT,11062446.0,11062446.0,09/01/2021,08/31/2022,02/17/2022,NO_USER_UNIT,RATIFY THE SECOND AND FINAL RENEWAL OF THE INTERGOVERNMENTAL AGREEMENT WITH THE CHICAGO POLICE DEPARTMENT OF THE CITY OF CHICAGO FOR SCHOOL RESOURCE OFFICER SERVICES
2022,21-0922-AR7,21-0922-AR7-1,"QUINTAIROS, PRIETO, WOOD & BOYER, P.A.",150000.0,150000.0,07/01/2021,06/30/2022,,NO_USER_UNIT,"AUTHORIZE CONTINUED RETENTION OF THE LAW FIRM QUINTAIROS, PRIETO, WOOD & BOYER, P.A."
2022,21-0920-CPOR-7717,21-0920-CPOR-7717,Claim Technologies Incorporated,49000.0,49000.0,04/01/2022,08/31/2022,03/31/2022,PDF_404,Benefits Audit
2022,21-0913-CPOR-7703,21-0913-CPOR-7703,AMERICAN INSTITUTES FOR RESEARCH IN THE BEHAVIORAL SCIENCES,74160.0,74160.0,10/01/2021,03/30/2022,11/21/2021,PDF_404,Competency-Based Education SEL Evaluation
2022,21-0825-PR6,21-0825-PR6-1,SCHOOL HEALTH CORPORATION,2356000.0,2356000.0,10/01/2021,09/30/2023,10/07/2021,NO_USER_UNIT,"AUTHORIZE THE FIRST AND FINAL RENEWAL AGREEMENT AND AMEND AGREEMENT WITH SCHOOL HEALTH CORPORATION FOR THE PURCHASE, INSTALLATION AND MAINTENANCE SERVICES OF AUTOMATED EXTERNAL DEFIBRILLATORS (AED) AND NUTRITIONAL PRODUCTS"
2022,21-0825-PR5,21-0825-PR5-1,LEAP INNOVATIONS,600000.0,600000.0,09/01/2021,08/31/2022,09/01/2022,NO_USER_UNIT,AUTHORIZE THE FIRST AND FINAL RENEWAL AGREEMENT WITH LEAP INNOVATIONS FOR RESEARCH AND DEVELOPMENT SERVICES
2022,21-0825-PR4,21-0825-PR4-1,"SAGA INNOVATIONS, INC.",2320117.0,2320117.0,08/26/2021,07/31/2023,09/14/2021,NO_USER_UNIT,"AUTHORIZE A NEW AGREEMENT WITH SAGA INNOVATIONS, INC FOR ONLINE PILOT FOR MATH TUTORING SERVICES"
2022,21-0825-PR3,21-0825-PR3-1,"CAREERS THROUGH CULINARY ARTS PROGRAM, INC.",113925.0,113925.0,09/01/2021,08/31/2022,11/04/2021,NO_USER_UNIT,"AUTHORIZE THE SECOND RENEWAL AGREEMENT WITH CAREERS THROUGH CULINARY ARTS PROGRAM, INC. FOR EDUCATIONAL SERVICES TO CULINARY STUDENTS AND TEACHERS"
2022,21-0809-CPOR-7691,21-0809-CPOR-7691,Johnson Research Group,200000.0,200000.0,07/01/2021,06/30/2023,11/12/2021,PDF_404,TIF Consulting Services
2022,21-0804-CPOR-7661,21-0804-CPOR-7661-1,RACHEL WARNICK,74842.0,74842.0,08/13/2021,08/01/2022,08/13/2021,PDF_404,CEI HS Science Curriculum Writing (Physics)
2022,21-0728-RS1,21-0728-RS1-1,,125000000.0,125000000.0,03/05/2020,07/31/2021,,NO_USER_UNIT,AMEND BOARD REPORT 21-0127-RS1 AMEND BOARD REPORT 20-1216-RS1 AMEND BOARD REPORT 20-0923-RS1 AMEND BOARD REPORT 20-0624-RS1 AMEND BOARD REPORT 20-0325-RS1 RESOLUTION AUTHORIZING EXPENDITURES AND ACTIONS IN RESPONSE TO THE CORONAVIRUS DISEASE 2019 (COVID-19)
2022,21-0728-PR8,21-0728-PR8-1,"SCHOOL SPECIALTY, LLC",3000000.0,3000000.0,08/01/2021,07/31/2022,04/14/2022,NO_USER_UNIT,"AUTHORIZE A NEW AGREEMENT WITH SCHOOL SPECIALTY, LLC FOR THE PURCHASE OF SCIENCE LABORATORY EQUIPMENT AND SUPPLIES"
2022,21-0728-PR7,21-0728-PR7-1,"COUGHLAN COMPANIES, LLC",1033350.0,1033350.0,08/01/2021,07/31/2024,09/30/2021,NO_USER_UNIT,"AUTHORIZE A NEW AGREEMENT WITH COUGHLAN COMPANIES, LLC DBA CAPSTONE FOR EARLY CHILDHOOD SUBSCRIPTION DATABASE PRODUCTS AND SERVICES"
2022,21-0728-PR4,21-0728-PR4-1,"ATI HOLDINGS, LLC",250000.0,250000.0,10/01/2021,09/30/2022,11/18/2021,NO_USER_UNIT,"AUTHORIZE THE SECOND AND FINAL RENEWAL WITH ATI HOLDINGS, LLC FOR ATHLETIC TRAINING SERVICES"
2022,21-0728-PR3,21-0728-PR3-1,"CITY YEAR, INC.",9577000.0,9577000.0,08/01/2019,07/31/2022,05/09/2023,NO_USER_UNIT,"AMEND BOARD REPORT 19-0522-PR4AUTHORIZE A NEW AGREEMENT WITH CITY YEAR, INC. FOR IN-SCHOOL AND OUT-OF-SCHOOL MENTORING AND TUTORING SERVICES"
2022,21-0728-PR26,21-0728-PR26-1,"LINEV SYSTEMS US, INC.",0.0,1379650.0,08/01/2021,07/31/2023,08/31/2021,NO_USER_UNIT,"AUTHORIZE A NEW AGREEMENT WITH ADANI SYSTEMS, INC. FOR THE PURCHASE OF PORTABLE X-RAY MACHINES AND RELATED INSTALLATION, MAINTENANCE AND TRAINING SERVICES"
2022,21-0728-PR25,21-0728-PR25-1,CDW GOVERNMENT LLC,6000000.0,6000000.0,08/01/2021,06/30/2022,04/04/2022,NO_USER_UNIT,"AUTHORIZE A NEW AGREEMENT WITH CDW GOVERNEMENT, LLC FOR THE PURCHASE OF AUDIO VISUAL AND INTERACTIVE WHITEBOARD EQUIPMENT"
2022,21-0728-PR22,21-0728-PR22-1,"LIONHEART CRITICAL POWER SPECIALISTS, INC.",826304.0,826304.0,10/01/2021,09/30/2023,09/10/2021,NO_USER_UNIT,AUTHORIZE A NEW AGREEMENT WITH LIONHEART CRITICAL POWER SPECIALISTS INC. FOR EMERGENCY BACKUP GENERATOR SYSTEM MAINTENANCE AND REPAIR SERVICES
2022,21-0728-PR21,21-0728-PR21-1,"JOS SERVICES, INC.",513000.0,513000.0,10/01/2021,09/30/2023,09/07/2021,NO_USER_UNIT,"AUTHORIZE A NEW AGREEMENT WITH JOS SERVICES, INC. FOR BACKFLOW ANNUAL DEVICE TESTING SERVICES"
2022,21-0728-PR20,21-0728-PR20-1,JOHNSON CONTROLS FIRE PROTECTION LP,2076554.0,2076554.0,10/01/2021,09/30/2023,09/07/2021,NO_USER_UNIT,AUTHORIZE A NEW AGREEMENT WITH JOHNSON CONTROLS FIRE PROTECTION LP FOR FIRE SUPPRESSION SYSTEM MAINTENANCE AND REPAIR SERVICES
2022,21-0728-PR2,21-0728-PR2-1,ELECTRICAL JOINT APPRENTICESHIP AND TRAINING TRUST,160000.0,160000.0,08/22/2021,07/31/2022,04/14/2022,NO_USER_UNIT,AUTHORIZE A NEW AGREEMENT WITH ELECTRICAL JOINT APPRENTICESHIP AND TRAINING TRUST FOR EDUCATIONAL SERVICES
2022,21-0728-PR19,21-0728-PR19-1,JOHNSON CONTROLS FIRE PROTECTION LP,1784570.2,1784570.2,10/01/2021,09/30/2023,09/07/2021,NO_USER_UNIT,AUTHORIZE A NEW AGREEMENT WITH JOHNSON CONTROLS FIRE PROTECTION LP FOR FIRE SUPPRESSION ANSUL AND EXHAUST SYSTEM MAINTENANCE AND REPAIR SERVICES
2022,21-0728-PR18,21-0728-PR18-1,JOHNSON CONTROLS FIRE PROTECTION LP,232401.19,232401.19,10/01/2021,09/30/2023,09/07/2021,NO_USER_UNIT,AUTHORIZE A NEW AGREEMENT WITH JOHNSON CONTROLS FIRE PROTECTION LP FOR FIRE EXTINGUISHER MAINTENANCE AND REPAIR SERVICES
2022,21-0728-PR17,21-0728-PR17-1,"GLOBAL WATER TECHNOLOGY, INC.",1946250.0,1946250.0,10/01/2021,09/30/2023,09/10/2021,NO_USER_UNIT,"AUTHORIZE A NEW AGREEMENT WITH GLOBAL WATER TECHNOLOGY, INC. FOR WATER TREATMENT PRODUCTS AND SERVICES"
2022,21-0728-PR16,21-0728-PR16-1,CHICAGO FIRE PROTECTION LLC,3165938.0,3165938.0,10/01/2021,09/30/2023,09/09/2021,NO_USER_UNIT,AUTHORIZE A NEW AGREEMENT WITH CHICAGO FIRE PROTECTION LLC FOR FIRE ALARM SYSTEM MAINTENANCE AND REPAIR SERVICES
2022,21-0728-PR15,21-0728-PR15-1,"AQUA ENTERPRISES, INC.",504878.0,504878.0,10/01/2021,09/30/2023,09/10/2021,NO_USER_UNIT,"AUTHORIZE A NEW AGREEMENT WITH AQUA ENTERPRISES, INC. DBA AQUA PURE ENTERPRISES, INC. FOR THE PURCHASE OF POOL CHEMICALS"
2022,21-0728-PR14,21-0728-PR14-1,ARAMARK SERVICES INC DBA ARAMARK MANAGEMENT SERVICES LP,369000000.0,369000000.0,08/01/2021,06/30/2024,10/01/2021,NO_USER_UNIT,AUTHORIZE A NEW AGREEMENT WITH ARAMARK MANAGEMENT SERVICES LIMITED PARTNERSHIP FOR CUSTODIAL SERVICES AND RELATED PROFESSIONAL SERVICES
2022,21-0728-PR13,21-0728-PR13-1,Aero Elevator LLC,3393520.0,3393520.0,10/01/2021,09/30/2023,09/08/2021,NO_USER_UNIT,AUTHORIZE A NEW AGREEMENT WITH AERO ELEVATOR LLC FOR CONVEYANCE MAINTENANCE AND REPAIR SERVICES
2022,21-0728-PR12,21-0728-PR12-1,"ABC Humane Wildlife Control & Prevention, Inc. dba Landmark Pest Management",2856000.0,2856000.0,10/01/2021,09/30/2023,09/07/2021,NO_USER_UNIT,"AUTHORIZE A NEW AGREEMENT WITH ABC HUMANE WILDLIFE CONTROL AND PREVENTION, INC. DBA LANDMARK PEST MANAGEMENT, INC. FOR INTEGRATED PEST MANAGEMENT SERVICES"
2022,21-0728-PR11,21-0728-PR11-1,BUREAU VERITAS TECHNICAL ASSESSMENTS LLC,4000000.0,4000000.0,05/01/2022,04/30/2024,05/02/2022,NO_USER_UNIT,AUTHORIZE THE FIRST RENEWAL AGREEMENT WITH BUREAU VERITAS TECHNICAL ASSESSMENTS LLC FOR BIENNIAL FACILITY ASSESSMENTS SERVICES
2022,21-0728-OP1,21-0728-OP1-1,,10000.0,10000.0,,,,NO_USER_UNIT,AUTHORIZE THE PUBLIC BUILDING COMMISSION TO ISSUE A QUIT CLAIM DEED FOR AN ABANDONED STRIP OF RAILROAD PROPERTY ADJACENT TO CORLISS HIGH SCHOOL
2022,21-0719-CPOR-7674,21-0719-CPOR-7674,"DANIELS SHARPSMART, INC. DBA DANIELS HEALTH",116200.0,116200.0,11/04/2021,06/30/2022,11/08/2021,PDF_404,School District Medical Waste Pick-up (Bonfire Spec# 21-022)
2022,21-0706-CPOR-7714,21-0706-CPOR-7714-1,"SANDRA L STOREY DBA SLS METRICS, LLC",106500.0,106500.0,07/06/2021,07/05/2022,07/23/2021,PDF_404,SQRP Data Analyst Contractor
2021,21-0625-CPOR-7664,21-0625-CPOR-7664-1,RACHEL WARNICK,74842.0,74842.0,08/02/2021,08/01/2022,08/04/2021,PDF_404,CEI HS Science Curriculum Writing (Biology)
2021,21-0623-PR8,21-0623-PR8-1,LIBRARY VIDEO COMPANY DBA SAFARI MONTAGE,20088813.0,20088813.0,06/30/2021,06/30/2024,10/14/2021,NO_USER_UNIT,"AUTHORIZE A NEW AGREEMENT WITH LIBRARY VIDEO COMPANY, DBA SAFARI MONTAGE FOR LEARNING OBJECT REPOSITORY (LOR) SERVICES"
2021,21-0623-PR7,21-0623-PR7-1,EQUAL OPPORTUNITY SCHOOLS,3707500.0,3707500.0,08/01/2021,07/31/2024,07/28/2021,NO_USER_UNIT,AUTHORIZE A NEW AGREEMENT WITH EQUAL OPPORTUNITY SCHOOLS FOR ESTABLISHING EQUITY IN ADVANCE PLACEMENT AND INTERNATIONAL BACCALAUREATE COURSE SELECTION
2021,21-0623-PR5,21-0623-PR5-1,"RIVERSIDE ASSESSMENTS, LLC DBA RIVERSIDE INSIGHTS",1770369.0,1770369.0,09/01/2021,08/31/2023,09/30/2021,NO_USER_UNIT,"AUTHORIZE THE THIRD AND FINAL RENEWAL AGREEMENT WITH RIVERSIDE ASSESSMENTS, LLC DBA RIVERSIDE INSIGHTS FOR THE PURCHASE OF TEST MATERIALS AND RELATED SERVICES"
2021,21-0623-PR4,21-0623-PR4-1,THE INSTITUTE FOR EXCELLENCE IN EDUCATION DBA NATIONAL CHARTER SCHOOLS INSTITUTE,150000.0,150000.0,07/01/2021,06/30/2022,01/11/2022,NO_USER_UNIT,AUTHORIZE THE SECOND AND FINAL RENEWAL AGREEMENT WITH THE INSTITUTE FOR EXCELLENCE IN EDUCATION DBA NATIONAL CHARTER SCHOOLS INSTITUTE FOR A SCHOOL OVERSIGHT SYSTEM
2021,21-0623-PR29,21-0623-PR29-1,"ORACLE AMERICA, INC.",5000000.0,5000000.0,07/01/2019,06/30/2023,09/30/2021,NO_USER_UNIT,"AMEND BOARD REPORT 19-0327-PR13AUTHORIZE THE EXTENSION OF THE AGREEMENT WITH ORACLE AMERICA, INC. FOR THE PURCHASE OF A HUMAN CAPITAL MANAGEMENT SYSTEM AND HOSTING SERVICES"
2021,21-0623-PR28,21-0623-PR28-1,CHRISTOPHER TOCZYCKI,677500.0,677500.0,07/01/2021,06/30/2022,08/11/2021,NO_USER_UNIT,"AUTHORIZE A NEW AGREEMENT WITH CHRISTOPHER TOCZYCKI, INC FOR STUDENT TRANSPORTATION CONSULTING SERVICES"
2021,21-0623-PR27,21-0623-PR27-1,KERRY'S AUTO BODY INC.,250000.0,250000.0,07/01/2021,06/30/2022,08/03/2021,NO_USER_UNIT,AUTHORIZE THE FIRST AND FINAL RENEWAL AGREEMENT WITH KERRY'S AUTO BODY INC. FOR VEHICLE MAINTENANCE SERVICES
2021,21-0623-PR26,21-0623-PR26-1,"72 HOUR LLC DBA CHEVROLET OF WATSONVILLE, NATIONAL AUTO FLEET GROUP",2500000.0,2500000.0,11/01/2017,10/31/2021,08/12/2021,NO_USER_UNIT,"AMEND BOARD REPORT 17-1025-PR10AUTHORIZE A NEW AGREEMENT WITH 72 HOUR LLC DBA CHEVROLET OF WATSONVILLE, NATIONAL AUTO FLEET GROUP FOR THE PURCHASE OF VEHICLES"
2021,21-0623-PR25,21-0623-PR25-1,"YOUTH ADVOCATE PROGRAMS, INC.",7872511.0,7872511.0,10/15/2018,06/30/2023,12/21/2021,NO_USER_UNIT,"AMEND AND EXTEND BOARD REPORT 20-0122-PR6RATIFY TO AMEND AND EXTEND BOARD REPORT 19-0724-PR13 AUTHORIZE A NEW AGREEMENT WITH YOUTH ADVOCATE PROGRAMS, INC FOR CHOOSE TO CHANGE PROGRAM'S YOUTH THERAPY SERVICES"
2021,21-0623-PR23,21-0623-PR23-1,POWERSCHOOL HOLDINGS LLC DBA POWERSCHOOL GROUP LLC,1412352.0,1412352.0,07/01/2021,06/30/2024,07/01/2021,NO_USER_UNIT,AUTHORIZE A NEW AGREEMENT WITH POWERSCHOOL GROUP LLC FOR SOFTWARE MAINTENANCE AND SUPPORT
2021,21-0623-PR22,21-0623-PR22-1,"SENTINEL TECHNOLOGIES, INC.",34632555.0,34632555.0,07/01/2021,06/30/2024,06/30/2021,NO_USER_UNIT,"AUTHORIZE A NEW AGREEMENT WITH SENTINEL TECHNOLOGIES, INC. FOR INFORMATION TECHNOLOGY AND SECURITY SYSTEMS MANAGEMENT, MONITORING AND MAINTENANCE SERVICES"
2021,21-0623-PR21,21-0623-PR21-1,"AT&T ENTERPRISES, LLC",7581213.0,7581213.0,07/01/2021,06/30/2024,08/13/2021,NO_USER_UNIT,"AUTHORIZE A NEW AGREEMENT WITH A T AND T CORP. FOR CELLULAR SERVICES, APPLICATIONS, EQUIPMENT, ACCESSORIES AND SUPPORT"
2021,21-0623-PR20,21-0623-PR20-1,"CBRE, INC.",0.0,0.0,08/01/2021,07/31/2023,11/24/2021,NO_USER_UNIT,"AUTHORIZE THE SECOND AND FINAL RENEWAL AGREEMENT WITH CBRE, INC. FOR REAL ESTATE BROKERAGE SERVICES"
2021,21-0623-PR2,21-0623-PR2-1,"TEACHING STRATEGIES, LLC",670000.0,670000.0,09/01/2021,08/31/2022,08/03/2021,NO_USER_UNIT,"AUTHORIZE THE SECOND AND FINAL RENEWAL AGREEMENT WITH TEACHING STRATEGIES, LLC FOR TEACHING STRATEGIES GOLD ASSESSMENT SERVICES"
2021,21-0623-PR18,21-0623-PR18-1,"JONES LANG LASALLE AMERICAS, INC.",376500000.0,376500000.0,07/01/2021,06/30/2024,08/11/2021,NO_USER_UNIT,"AUTHORIZE A NEW AGREEMENT WITH JONES LANG LASALLE AMERICAS, INC. FOR FACILITY MANAGEMENT AND BUILDING ENGINEERING SERVICES"
2021,21-0623-PR17,21-0623-PR17-1,HERC RENTALS INC.,750000.0,750000.0,11/03/2021,11/02/2022,11/03/2021,NO_USER_UNIT,AUTHORIZE A NEW AGREEMENT WITH HERC RENTALS INC. FOR THE RENTAL OF HEAVY EQUIPMENT
2021,21-0623-PR16,21-0623-PR16-1,"SAFEWARE, INC.",7500000.0,7500000.0,09/27/2021,09/26/2022,09/27/2021,NO_USER_UNIT,"AUTHORIZE A NEW AGREEMENT WITH SAFEWARE, INC. FOR THE PURCHASE OF PERSONAL PROTECTIVE EQUIPMENT"
2021,21-0623-PR15,21-0623-PR15-1,"NORTHERN SAFETY CO., INC.",7500000.0,7500000.0,09/28/2021,09/27/2022,09/28/2021,NO_USER_UNIT,"AUTHORIZE A NEW AGREEMENT WITH NORTHERN SAFETY CO., INC. FOR THE PURCHASE OF PERSONAL PROTECTIVE EQUIPMENT"
2021,21-0623-PR14,21-0623-PR14-1,FASTENAL COMPANY,7500000.0,7500000.0,,,11/19/2021,NO_USER_UNIT,AUTHORIZE A NEW AGREEMENT WITH FASTENAL COMPANY FOR THE PURCHASE OF PERSONAL PROTECTIVE EQUIPMENT
2021,21-0623-PR13,21-0623-PR13-1,"ELLIOTT AUTO SUPPLY CO., INC.",7500000.0,7500000.0,,,,NO_USER_UNIT,AUTHORIZE A NEW AGREEMENT WITH ELLIOTT AUTO SUPPLY CO INC DBA FACTORY MOTOR PARTS FOR THE PURCHASE OF PERSONAL PROTECTIVE EQUIPMENT
2021,21-0623-OP5,21-0623-OP5-1,,19500.0,19500.0,,,,NO_USER_UNIT,AUTHORIZE PAYMENT OF CONDEMNATION AWARD FOR THE ACQUISITION OF THE PROPERTY AT 7345-51 S. HOYNE FOR THE SOUTHSIDE OCCUPATIONAL HIGH SCHOOL
2021,21-0623-OP4,21-0623-OP4-1,,196452.0,196452.0,07/01/2021,06/30/2022,09/24/2021,NO_USER_UNIT,AUTHORIZE THE SECOND RENEWAL OF LEASE AGREEMENT WITH MESSIAH EVANGELICAL LUTHERAN CONGREGATION FOR SPACE AT 6200 W PATTERSON AVE FOR SMYSER ELEMENTARY SCHOOL
2021,21-0623-OP3,21-0623-OP3-1,"BROTHERS C & S, LLC",182700.0,182700.0,07/01/2021,06/30/2022,07/01/2021,NO_USER_UNIT,"AUTHORIZE THE SECOND RENEWAL OF LEASE AGREEMENT WITH BROTHERS C&S, L.L.C. FOR USE OF SPACE AT 4014, 2024, AND 4028 WEST 59TH STREET FOR USE FOR PECK PRE-K PROGRAMMING"
2021,21-0623-OP2,21-0623-OP2-1,,1031304.0,1031304.0,07/01/2021,06/30/2023,07/28/2021,NO_USER_UNIT,AUTHORIZE FIRST RENEWAL OF THE LEASE AGREEMENT WITH 11424 S. WESTERN AVENUE L.L.C. FOR LEASE OF SPACE AT 11424 S. WESTERN AVENUE
2021,21-0623-OP1,21-0623-OP1-1,,630000.0,630000.0,,,,NO_USER_UNIT,"READOPT BOARD REPORT 21-0428-OP1, AUTHORIZATION TO PURCHASE 3001 W. 59TH STREET (VICK VILLAGE EARLY CHILDHOOD CENTER) AND RATIFY ALL ACTIONS TAKEN PURSUANT TO THAT REPORT"
2021,21-0623-EX3,21-0623-EX3-1,,0.0,0.0,07/01/2018,06/30/2023,09/22/2021,NO_USER_UNIT,AMEND BOARD REPORT 17-1206-EX20 AUTHORIZE RENEWAL OF THE CHICAGO TECH ACADEMY HIGH SCHOOL AGREEMENT WITH CONDITIONS
2021,21-0623-AR8,21-0623-AR8-1,NEAL & LEROY LLC,675000.0,675000.0,07/01/2021,06/30/2022,,NO_USER_UNIT,"AUTHORIZE CONTINUED RETENTION OF NEAL & LEROY, LLC"
2021,21-0623-AR7,21-0623-AR7-1,,135000.0,135000.0,07/01/2021,06/30/2022,,NO_USER_UNIT,AUTHORIZE CONTINUED RETENTION OF DEBORAH HILL DBA HILL LAW OFFICES
2021,21-0617-CPOR-7698,21-06174-CPOR-7698,"EMPHASYS COMPUTER SOLUTIONS, INC dba Emphasys Software, Sympro",115600.0,115600.0,03/17/2022,03/16/2024,04/01/2022,PDF_404,Portfolio Management Software Platform
2021,21-0609-CPOR-7667,21-0609-CPOR-7667-1,GREATLAND CORPORATION,125000.0,125000.0,07/01/2021,06/30/2022,07/20/2021,PDF_404,W-2 and Affordable Care Act 1095-C Processing Services
2021,21-0526-PR9,21-0526-PR9-1,"JOHNSON RESEARCH GROUP, INC.",400000.0,400000.0,07/01/2021,06/30/2023,11/12/2021,NO_USER_UNIT,"AUTHORIZE THE FIRST AND SECOND RENEWAL AGREEMENT WITH JOHNSON RESEARCH GROUP, INC. FOR TAX INCREMENT FINANCING (TIF) FUNDING FOR THE CAPITAL IMPROVEMENT PROGRAM"
2021,21-0526-PR7,21-0526-PR7-1,"SODEXOMAGIC, LLC",263200000.0,263200000.0,07/01/2018,09/30/2021,06/25/2021,NO_USER_UNIT,"AMEND BOARD REPORT 20-0527-PR8AMEND BOARD REPORT 18-0725-PR5AMEND BOARD REPORT 18-0627-PR11AUTHORIZE NEW AGREEMENT WITH SODEXOMAGIC, LLC FOR INTEGRATED FACILITY MANAGEMENT SERVICES"
2021,21-0526-PR3,21-0526-PR3-1,ILLINOIS ACTION FOR CHILDREN,250000.0,250000.0,07/01/2021,06/30/2022,06/11/2011,NO_USER_UNIT,AUTHORIZE A NEW AGREEMENT WITH ILLINOIS ACTION FOR CHILDREN FOR PARENT SUPPORT THROUGH THE UNIVERSAL APPLICATION HOLTINE SERVICES
2021,21-0526-PR2,21-0526-PR2-1,"NCS PEARSON, INC.",150000.0,150000.0,07/02/2021,07/01/2022,06/09/2021,NO_USER_UNIT,"AUTHORIZE THE FIRST RENEWAL AGREEMENT WITH NCS PEARSON, INC. TO PURCHASE A DEVELOPMENTAL SCREENING TOOL"
2021,21-0526-PR18,21-0526-PR18-1,ACADEMY FOR URBAN SCHOOL LEADERSHIP,11950025.0,11950025.0,07/01/2021,06/30/2024,06/09/2021,NO_USER_UNIT,AUTHORIZE THE FIRST AND FINAL RENEWAL AND AMEND THE MASTER AGREEMENT WITH ACADEMY FOR URBAN SCHOOL LEADERSHIP TO PROVIDE PROFESSIONAL DEVELOPMENT CONSULTING (TEACHER TRAINING) SERVICES
2021,21-0526-PR17,21-0526-PR17-1,FRONTLINE TECHNOLOGIES GROUP LLC DBA FRONTLINE EDUCATION,355000.0,355000.0,07/01/2020,06/30/2022,12/08/2022,NO_USER_UNIT,AMEND BOARD REPORT 20-0422-PR14AUTHORIZE THE SECOND AND THIRD RENEWAL AGREEMENTS WITH FRONTLINE TECHNOLOGIES GROUP LLC FOR SUBSTITUTE SERVICES PLACEMENT SYSTEM
2021,21-0526-PR16,21-0526-PR16-1,UKG INC DBA UKG KRONOS SYSTEMS LLC,940000.0,940000.0,07/01/2020,06/30/2022,11/18/2021,NO_USER_UNIT,AMEND BOARD REPORT 20-0422-PR10AUTHORIZE THE EXTENSION OF THE AGREEMENT WITH KRONOS INCORPORATED FOR SOFTWARE AND HARDWARE MAINTENANCE
2021,21-0526-PR15,21-0526-PR15-1,"ARAMARK EDUCATIONAL SERVICES, LLC",105000000.0,105000000.0,07/01/2021,08/15/2022,07/01/2021,NO_USER_UNIT,"AUTHORIZE THE THIRD RENEWAL AGREEMENT WITH ARAMARK EDUCATIONAL SERVICES, LLC DBA ARAMARK EDUCATION K-12 FOR FOOD SERVICE MANAGEMENT SERVICES"
2021,21-0526-PR14,21-0526-PR14-1,"TRIMARK MARLINN, LLC",4950000.0,4950000.0,07/01/2021,06/30/2023,08/23/2021,NO_USER_UNIT,"AUTHORIZE THE FIRST, SECOND, AND FINAL RENEWAL AGREEMENT WITH TRIMARK MARLINN, LLC FOR PURCHASE OF FOOD SERVICES EQUIPMENT AND RELATED INSTALLATION SERVICES"
2021,21-0526-PR13,21-0526-PR13-1,"CONVERGEONE, INC",1656372.0,1656372.0,07/01/2021,06/30/2024,06/09/2021,NO_USER_UNIT,"AUTHORIZE THE FIRST, SECOND AND FINAL RENEWAL AGREEMENT WITH CONVERGEONE INC. FOR THE PURCHASE OF CLOUD BASED CALL CENTER MANAGED SERVICES"
2021,21-0526-PR12,21-0526-PR12-1,"ORACLE AMERICA, INC.",4400000.0,4400000.0,07/01/2021,06/30/2022,06/09/2021,NO_USER_UNIT,"AUTHORIZE THE ANNUAL RENEWAL AGREEMENT WITH ORACLE AMERICA, INC FOR LICENSING AND SUPPORT FOR ORACLE ENTERPRISE FINANCIAL SYSTEMS"
2021,21-0526-PR10,21-0526-PR10-1,JACOBS PROJECT MANAGEMENT CO.,75500000.0,75500000.0,09/01/2019,08/31/2022,06/15/2021,NO_USER_UNIT,AMEND BOARD REPORT 19-0522-PR6AUTHORIZE A NEW AGREEMENT WITH JACOBS PROJECT MANAGEMENT CO.FOR CAPITAL PROGRAM MANAGEMENT SERVICES
2021,21-0526-OP2,21-0526-OP2-1,CATHOLIC BISHOP OF CHICAGO DBA ST. SABINA CHURCH,3325000.0,3325000.0,,,,NO_USER_UNIT,"AUTHORIZATION TO PURCHASE 5228 AND 5252 N. LONG AND 5205 N. LIEB (FORMER ST. CORNELIUS SCHOOL, CONVENT AND RECTORY)"
2021,21-0526-OP1,21-0526-OP1-1,,10.0,10.0,,,,NO_USER_UNIT,"AUTHORIZE THE ACCEPTANCE OF TITLE OF 1816 W. MONTEREY AVENUE FROM NEIGHBORSPACE, INC. FOR PARKING AT MORGAN PARK HIGH SCHOOL"
2021,21-0526-FN1,21-0526-FN1-1,MESIROW INSURANCE SERVICES INC.,15000000.0,15000000.0,07/01/2021,06/30/2022,,NO_USER_UNIT,"AUTHORIZE PLACEMENT OF THE BOARD'S FY 2022 EXCESS LIABILITY AND PROPERTY INSURANCE PROGRAMS WITH VARIOUS INSURANCE COMPANIES THROUGH MESIROW INSURANCE SERVICES, INC."
2021,21-0526-EX5,21-0526-EX5-1,A.I.M. (Art in Motion),0.0,0.0,07/01/2019,06/30/2024,06/09/2021,NO_USER_UNIT,AMEND BOARD REPORT 19-0424-EX9 AMEND BOARD REPORT 18-0627-EX5 AMEND BOARD REPORT 17-1206-EX4 AUTHORIZE ART IN MOTION CHARTER SCHOOL PROPOSAL AND CHARTER SCHOOL AGREEMENT
2021,21-0526-EX4,21-0526-EX4-1,ACADEMY FOR URBAN SCHOOL LEADERSHIP,0.0,0.0,07/01/2021,06/30/2024,06/30/2021,NO_USER_UNIT,AUTHORIZE A NEW NO COST AGREEMENT WITH THE ACADEMY FOR URBAN SCHOOL LEADERSHIP FOR TRANSITION AND MANAGEMENT SERVICES
2021,21-0526-EX3,21-0526-EX3-1,,1500000.0,1500000.0,06/01/2021,06/30/2022,06/09/2021,NO_USER_UNIT,APPROVE ENTERING INTO AN INTERGOVERNMENTAL AGREEMENT WITH THE DEPARTMENT OF FAMILY & SUPPORT SERVICES (DFSS) - THE CITY OF CHICAGO
2021,21-0526-EX2,21-0526-EX2-1,,80200000.0,80200000.0,07/01/2021,06/30/2022,03/04/2022,NO_USER_UNIT,APPROVE THE FIRST OPTION TO RENEW THE INTERGOVERNMENTAL AGREEMENT WITH THE DEPARTMENT OF FAMILY & SUPPORT SERVICES (DFSS) - THE CITY OF CHICAGO - COMMUNITY BASED ORGANIZATIONS
2021,21-0526-AR3,21-0526-AR3-1,,0.0,500000.0,07/01/2020,06/30/2021,,NO_USER_UNIT,"AUTHORIZE CONTINUED RETENTION OF THE LAW FIRM FRANCZEK, P.C."
2021,21-0518-CPOR-7672,21-0518-CPOR-7672-1,"MILLIMAN, INC",59595.0,59595.0,07/01/2021,06/30/2022,06/30/2021,PDF_404,Actuarial Services
2021,21-0514-CPOR-7682,21-0514-CPOR-7682-1,BLUEMARK LLC,132000.0,132000.0,04/01/2020,03/31/2022,05/21/2021,PDF_404,Medicaid and SNAP Enrollment Case Management Tool
2021,21-0514-CPOR-7670,21-0514-CPOR-7670-1,LA TIA T. COLLINS,65000.0,65000.0,06/01/2021,05/31/2022,09/03/2021,PDF_404,CEL Coordinator
2021,21-0501-CPOR-7683,21-0501-CPOR-7683-1,"CHICAGO AREA INTERPRETER REFERRAL SERVICE, LLC.",70000.0,70000.0,07/01/2021,06/30/2022,05/24/2021,PDF_404,Sign Language Interpreting Services
2021,21-0429-CPOR-7645,21-0429-CPOR-7645-1,SMARTSHEET INC.,47000.0,47000.0,01/31/2021,01/30/2022,04/28/2021,PDF_404,Project Portfolio Managment
2021,21-0428-RS2,21-0428-RS2-1,,125000000.0,125000000.0,03/05/2020,07/31/2021,,NO_USER_UNIT,AMEND BOARD REPORT 21-0127-RS1 AMEND BOARD REPORT 20-1216-RS1 AMEND BOARD REPORT 20-0923-RS1 AMEND BOARD REPORT 20-0624-RS1 AMEND BOARD REPORT 20-0325-RS1 RESOLUTION AUTHORIZING EXPENDITURES AND ACTIONS IN RESPONSE TO THE CORONAVIRUS DISEASE 2019 (COVID-19)
2021,21-0428-PR9,21-0428-PR9-1,BLACKBOARD INC,396000.0,396000.0,07/01/2021,06/30/2022,01/13/2022,NO_USER_UNIT,AUTHORIZE THE SECOND AND FINAL RENEWAL AGREEMENT WITH BLACKBOARD INC FOR A DISTRICT-WIDE COMMUNICATIONS SOLUTION
2021,21-0428-PR4,21-0428-PR4-1,"DISCOVERY EDUCATION, INC.",207500.0,207500.0,08/01/2021,07/31/2022,04/14/2022,NO_USER_UNIT,"AUTHORIZE THE FIRST RENEWAL AGREEMENT WITH DISCOVERY EDUCATION, INC FOR STEM MAGNET SCHOOL SERVICES"
2021,21-0428-PR2,21-0428-PR2-1,National Louis University,1333333.0,1333333.0,07/01/2021,06/30/2022,06/09/2021,NO_USER_UNIT,AUTHORIZE THE SECOND AND FINAL RENEWAL AGREEMENT WITH NATIONAL LOUIS UNIVERSITY FOR CLASS PROFESSIONAL DEVELOPMENT FOR PRE-K SERVICES
2021,21-0428-PR12,21-0428-PR12-1,POWERSCHOOL HOLDINGS LLC DBA POWERSCHOOL GROUP LLC,656000.0,656000.0,07/01/2021,06/30/2022,07/01/2021,NO_USER_UNIT,AUTHORIZE THE FIRST RENEWAL AGREEMENT WITH POWERSCHOOL GROUP LLC FOR SOFTWARE AND RELATED SERVICES FOR PERFORMANCE EVALUATIONS
2021,21-0428-PR11,21-0428-PR11-1,ADVANCE SECURITY RESOURCES LLC,196100.0,196100.0,08/01/2021,07/31/2022,06/11/2021,NO_USER_UNIT,"AUTHORIZE THE FIRST RENEWAL AGREEMENT WITH ADVANCE SECURITY RESOURCES LLC FOR THE PURCHASE OF WALK-THROUGH METAL DETECTORS AND RELATED INSTALLATION, MAINTENANCE AND TRAINING SERVICES"
2021,21-0428-PR10,21-0428-PR10-1,"MITEL NETWORKS, INC.",5820000.0,5820000.0,07/01/2021,06/30/2022,07/13/2021,NO_USER_UNIT,"AUTHORIZE THE EXTENSION OF THE AGREEMENT WITH MITEL NETWORKS, INC. FOR WIRING, CABLING, VOICE MAINTENANCE, AND SUPPORT SERVICES"
2021,21-0428-PR1,21-0428-PR1-1,AMERICAN INSTITUTES FOR RESEARCH IN THE BEHAVIORAL SCIENCES DBA AMERICAN INSTITUTES FOR RESEARCH,334695.0,334695.0,05/01/2021,08/31/2025,05/11/2021,NO_USER_UNIT,AUTHORIZE A NEW AGREEMENT WITH AMERICAN INSTITUTES FOR RESEARCH IN THE BEHAVIORAL SCIENCES FOR COMMUNITY SCHOOLS INITIATIVE CONSULTING SERVICES
2021,21-0428-OP1,21-0428-OP1-1,,630000.0,630000.0,,,05/11/2021,NO_USER_UNIT,AUTHORIZATION TO PURCHASE 3001 W. 59TH STREET (VICK VILLAGE EARLY CHILDHOOD CENTER)
2021,21-0428-CPOR-7651,21-0428-CPOR-7651-1,"Concentric Sky, Inc",61615.0,61615.0,02/15/2022,02/14/2023,02/14/2022,PDF_404,Badging Platform
2021,21-0428-CPOR-7605,21-0428-CPOR-7605-1,THE COLLEGE-READY PROMISE INCORPORATED,0.0,0.0,05/05/2021,05/04/2022,05/19/2021,PDF_404,CPOR -- CEI HS Science EL_SEL Supports
2021,21-0428-AR5,21-0428-AR5-1,ICE MILLER LLP,40000.0,40000.0,07/01/2020,06/30/2021,,NO_USER_UNIT,AUTHORIZE CONTINUED RETENTION OF THE LAW FIRM ICE MILLER LLP
2021,21-0428-AR4,21-0428-AR4-1,,0.0,0.0,07/01/2020,06/30/2021,,NO_USER_UNIT,"AUTHORIZE RETENTION OF THE LAW FIRM WAGSTAFF & CARTMELL, LLP"
2021,21-0428-AR3,21-0428-AR3-1,,0.0,0.0,07/01/2020,06/30/2021,,NO_USER_UNIT,"AUTHORIZE RETENTION OF THE LAW FIRM SCHOCHOR, FEDERICO AND STATON, P.A."
2021,21-0324-PR5,21-0324-PR5-1,"INSPIRA FINANCIAL HEALTH, INC.",41500.0,41500.0,04/01/2021,07/31/2021,04/05/2021,NO_USER_UNIT,"AUTHORIZE THE EXTENSION OF THE AGREEMENT WITH PAYFLEX SYSTEMS, USA, INC. FOR COBRA ADMINISTRATIVE SERVICES"
2021,21-0324-PR1,21-0324-PR1-1,"A MOON JUMP 4U, INC. DBA AMJ SPECTACULAR EVENTS",500000.0,500000.0,04/01/2021,03/31/2022,04/05/2021,NO_USER_UNIT,"AUTHORIZE THE FIRST RENEWAL AGREEMENT WITH A MOON JUMP 4U, INC DBA AMJ SPECTACULAR EVENTS TO PROVIDE RENTAL EQUIPMENT AND RELATED SERVICES FOR SCHOOL BASED EVENTS"
2021,21-0324-OP2,21-0324-OP2-1,,0.0,9648356.0,08/01/2021,07/31/2031,,NO_USER_UNIT,"APPROVE ENTERING INTO LEASE AGREEMENT WITH HEMINGWAY ASSOCIATES, LLC FOR 1840 N. CLARK STREET FOR USE AS A PRE-K/EARLY CHILDHOOD CENTER"
2021,21-0324-OP1,21-0324-OP1-1,,1.0,1.0,,,07/01/2021,NO_USER_UNIT,"TRANSFER TITLE TO THE FORMER KATE S. BUCKINGHAM SCHOOL AT 9207 S. PHILLIPS AVENUE TO THE CITY OF CHICAGO (""CITY"") FOR REDEVELOPMENT AS A COMMUNITY YOUTH CENTER"
2021,21-0324-AR5,21-0324-AR5-1,,0.0,325000.0,07/01/2020,06/30/2021,,NO_USER_UNIT,AUTHORIZE RETENTION OF THE LAW FIRM COLETTE HOLT & ASSOCIATES
2021,21-0324-AR4,21-0324-AR4-1,,50000.0,50000.0,07/01/2020,06/30/2021,,NO_USER_UNIT,"AUTHORIZE RETENTION OF THE LAW FIRM GORDON & REES, LLP"
2021,21-0310-CPOR-7612,21-0310-CPOR-7612-1,QBS MIDCO LLC DBA QBS LLC,127250.0,127250.0,02/01/2021,01/31/2022,03/11/2021,PDF_404,Momentary Physical Intervention Training
2021,21-0304-CPOR-7603,21-0304-CPOR-7603-1,"NOTHING BUT EDUCATION, LLC",145200.0,145200.0,05/07/2021,05/06/2022,05/19/2021,PDF_404,CEI CHRE Support
2021,21-0304-CPOR-7569,21-0304-CPOR-7569-1,Tobii Dynavox LLC,45000.0,45000.0,03/04/2021,02/28/2022,04/22/2021,PDF_404,Specialized Equipment Services
2021,21-0304-CPOR-7569,21-0304-CPOR-7569-2,PRENTKE ROMICH COMPANY DBA PRC SALTILLO,45000.0,45000.0,03/04/2021,02/28/2022,04/22/2021,PDF_404,Specialized Equipment Services
2021,21-0224-PR5,21-0224-PR5-1,DENTONS US LLP,550000.0,550000.0,03/01/2021,02/28/2022,03/01/2021,NO_USER_UNIT,AUTHORIZE THE FIRST RENEWAL AGREEMENT WITH DENTONS US LLP FOR INVESTIGATIVE SERVICES
2021,21-0224-PR1,21-0224-PR1-1,THE UNIVERSITY OF CHICAGO,153640.0,153640.0,04/01/2021,03/31/2023,07/20/2021,NO_USER_UNIT,AUTHORIZE A NEW AGREEMENT WITH UNIVERSITY OF CHICAGO FOR THE EVALUATION OF THE ACCELERATED STEM AND LEADERSHIP DEVELOPMENT GRANT
2021,21-0224-OP2,21-0224-OP2-1,,5874274.5,5874274.5,08/01/2021,07/31/2031,03/23/2021,NO_USER_UNIT,APPROVE ENTERING INTO LEASE AGREEMENT WITH NRG CS HOLDINGS LIMITED PARTNERSHIP FOR 2720 N. CLARK STREET FOR USE AS A PRE-K/EARLY CHILDHOOD CENTER
2021,21-0224-OP1,21-0224-OP1-1,,0.0,3.0,07/01/2021,06/30/2024,,NO_USER_UNIT,"APPROVE RENEWAL LEASE AGREEMENT WITH LAWNDALE EDUCATIONAL AND REGIONAL NETWORK (""L.E.A.R.N."") CHARTER SCHOOL FOR A PORTION OF THE THORP SCHOOL BUILDING AT 8914 SOUTH BUFFALO AVENUE"
2021,21-0224-EX2,21-0224-EX2-1,Lawndale Educational and Regional Network Charter School,0.0,0.0,07/01/2021,06/30/2024,,NO_USER_UNIT,AUTHORIZE RENEWAL OF THE LEARN CHARTER SCHOOL AGREEMENT WITH CONDITIONS
2021,21-0224-AR6,21-0224-AR6-1,,200000.0,200000.0,07/01/2020,06/30/2022,,NO_USER_UNIT,"AUTHORIZE CONTINUED RETENTION OF THE LAW FIRM LANER MUCHIN, LTD."
2021,21-0224-AR5,21-0224-AR5-1,,145000.0,145000.0,07/01/2020,06/30/2021,,NO_USER_UNIT,AUTHORIZE RETENTION OF THE LAW FIR MAYER BROWN LLP
2021,21-0224-AR4,21-0224-AR4-1,,200000.0,200000.0,07/01/2020,06/30/2021,,NO_USER_UNIT,AUTHORIZE RETENTION OF THE FIRM ROBERT HALF A TEMPORARY LEGAL SERVICES AGENCY
2021,21-0220-CPOR-7615,21-0220-CPOR-7615-1,YWCA METROPOLITAN CHICAGO,75000.0,75000.0,06/01/2021,05/31/2022,06/15/2021,PDF_404,Prevention Pilot 2.0
2021,21-0217-CPOR-7666,21-0217-CPOR-7666-1,FORWARD MOMENTUM CHICAGO NFP,70000.0,70000.0,02/22/2021,07/07/2021,02/22/2021,PDF_404,Marquette Art Residency
2021,21-0203-CPOR-7660,21-0203-CPOR-7660,CAMPUS KAIZEN LLC,38796.0,38796.0,02/01/2021,06/30/2022,02/22/2021,PDF_404,Title IX Software
2021,21-0203-CPOR-7652,21-0203-CPOR-7652,People Element LLC,161550.0,161550.0,05/01/2021,04/30/2022,03/09/2021,PDF_404,Employee Engagement Survey (EES) Platform
2021,21-0127-RS1,21-0127-RS1-1,,100000000.0,100000000.0,03/05/2020,06/30/2021,,NO_USER_UNIT,AMEND BOARD REPORT 20-1216-RS1 AMEND BOARD REPORT 20-0923-RS1 AMEND BOARD REPORT 20-0624-RS1 AMEND BOARD REPORT 20-0325-RS1 RESOLUTION AUTHORIZING EXPENDITURES AND ACTIONS IN RESPONSE TO THE CORONAVIRUS DISEASE 2019 (COVID-19)
2021,21-0127-PR9,21-0127-PR9-1,"IBOSS, INC.",948371.28,948371.28,04/01/2021,03/31/2022,02/09/2021,NO_USER_UNIT,"AUTHORIZE THE EXTENSION AND AMENDMENT OF THE AGREEMENT WITH IBOSS, INC. FOR WEB FILTERING SERVICES"
2021,21-0127-PR7,21-0127-PR7-1,"MIP V ONION PARENT LLC DBA LRS HOLDINGS, LLC",27350000.0,27350000.0,04/01/2021,03/31/2024,04/05/2021,NO_USER_UNIT,"AUTHORIZE A NEW AGREEMENT WITH LAKESHORE RECYCLING SYSTEMS, LLC FOR SOLID WASTE DISPOSAL, RECYCLING, AND COMPACTOR MAINTENANCE AND REPAIR SERVICES"
2021,21-0127-PR4,21-0127-PR4-1,"BAKER TILLY US, LLP",738600.0,738600.0,04/01/2021,03/31/2022,02/09/2021,NO_USER_UNIT,"AUTHORIZE THE SECOND AND FINAL RENEWAL AGREEMENT WITH BAKER TILLY US, LLP FOR EXTERNAL AUDITING SERVICES"
2021,21-0127-PR3,21-0127-PR3-1,AMERICAN INSTITUTES FOR RESEARCH IN THE BEHAVIORAL SCIENCES DBA AMERICAN INSTITUTES FOR RESEARCH,206795.0,206795.0,02/01/2021,06/30/2025,02/09/2021,NO_USER_UNIT,AUTHORIZE A NEW AGREEMENT WITH AMERICAN INSTITUTES FOR RESEARCH IN THE BEHAVIORAL SCIENCES FOR COMMUNITY SCHOOLS INITIATIVE CONSULTING SERVICES
2021,21-0127-PR2,21-0127-PR2-1,AMERICAN INSTITUTES FOR RESEARCH IN THE BEHAVIORAL SCIENCES DBA AMERICAN INSTITUTES FOR RESEARCH,209391.0,209391.0,02/01/2021,06/30/2022,02/02/2021,NO_USER_UNIT,AUTHORIZE A NEW AGREEMENT WITH AMERICAN INSTITUTES FOR RESEARCH IN THE BEHAVIORAL SCIENCES FOR EVALUATION SERVICES TO SUPPORT THE SUSTAINABLE COMMUNITY SCHOOLS (SCS)
2021,21-0127-PR1,21-0127-PR1-1,PACIFIC EDUCATIONAL GROUP INC.,250000.0,250000.0,04/01/2021,03/31/2022,02/05/2021,NO_USER_UNIT,AUTHORIZE THE FIRST AND FINAL RENEWAL AGREEMENT WITH PACIFIC EDUCATIONAL GROUP INC. FOR RACE AND EQUITY TRAINING SERVICES
2021,21-0127-OP2,21-0127-OP2-1,TEACHERS ACADEMY FOR MATH AND SCIENCE,315000.0,315000.0,,06/30/2021,,NO_USER_UNIT,APPROVE THE PURCHASE OF THE TEACHERS ACADEMY FOR MATHEMATICS AND SCIENCE LOCATED AT 501 W. 35TH STREET
2021,21-0127-OP1,21-0127-OP1-1,,0.0,1.0,07/01/2021,06/30/2022,04/26/2021,NO_USER_UNIT,APPROVE RENEWAL LEASE AGREEMENT WITH URBAN PREP ACADEMIES FOR SHARED OCCUPANCY OF THE ENGLEWOOD SCHOOL BUILDING AT 6201 S. STEWART AVENUE
2021,21-0127-EX4,21-0127-EX4-1,URBAN PREP ACADEMIES  1,0.0,0.0,07/01/2021,06/30/2022,03/09/2021,NO_USER_UNIT,AUTHORIZE RENEWAL OF THE URBAN PREP CHARTER ACADEMY FOR YOUNG MEN HIGH SCHOOL - ENGLEWOOD CAMPUS AGREEMENT WITH CONTIDIONS
2021,21-0127-EX3,21-0127-EX3-1,Alain Locke Charter School,0.0,0.0,07/01/2021,06/30/2026,,NO_USER_UNIT,AUTHORIZE RENEWAL OF THE ALAIN LOCKE CHARTER SCHOOL AGREEMENT WITH CONTIDIONS
2021,21-0127-EX2,21-0127-EX2-1,"LITTLE BLACK PEARL WORKSHOP,",0.0,0.0,07/01/2021,06/30/2023,01/13/2022,NO_USER_UNIT,AUTHORIZE RENEWAL OF THE LITTLE BLACK PEARL ART AND DESIGN ACADEMY AGREEMENT WITH CONDITIONS
2021,21-0127-AR9,21-0127-AR9-1,"QUINTAIROS, PRIETO, WOOD & BOYER, P.A.",0.0,250000.0,07/01/2020,06/30/2021,,NO_USER_UNIT,"AUTHORIZE CONTINUED RETENTION OF THE LAW FIRM QUINTAIROS, PRIETO, WOOD & BOYER, P.A."
2021,21-0127-AR3,21-0127-AR3-1,,60000.0,60000.0,07/01/2020,06/30/2021,,NO_USER_UNIT,"AUTHORIZE RETENTION OF THE LAW OFFICE OF PATEL & ASSOCIATES, LLC"
2021,21-0123-CPOR-7657,21-0123-CPOR-7657-1,"RED CLAY DANCE COMPANY, INC.",30850.0,30850.0,02/01/2021,07/01/2021,02/09/2021,PDF_404,Haines Modern & Afro-Contemporary Dance Teaching Services
2021,21-0120-CPOR-7642,21-0120-CPOR-7642,"LCPTRACKER, INC.",110266.66,110266.66,12/01/2020,12/10/2022,02/07/2021,PDF_404,Certified Payroll for Construction
2021,21-0120-CPOR-7623,21-0120-CPOR-7623-1,Renaissance Knights Chess Foundation,132000.0,132000.0,09/01/2020,08/31/2021,04/27/2021,PDF_404,AUTHORIZE A NEW AGREEMENT WITH RENAISSANCE KNIGHTS FOUNDATION FOR SEEKING US CHESS FEDERATION CERTIFIED NATIONAL TOURNAMENT DIRECTOR
2021,21-0118-CPOR-7621,21-0118-CPOR-7621-1,AMERICAN INSTITUTES FOR RESEARCH IN THE BEHAVIORAL SCIENCES,81962.0,81962.0,06/28/2021,06/30/2022,06/28/2021,PDF_404,TIERRS Grant Evaluation
2021,21-0118-CPOR-7614,21-0118-CPOR-7416-1,"AGS CENTAUR LLC DBA ATALIAN US MIDWEST, LLC",64833.0,64833.0,02/01/2021,01/31/2022,01/29/2021,PDF_404,CTE Culinary Equipment Maintenance
2021,20-1216-RS1,20-1216-RS1-1,,75000000.0,75000000.0,03/05/2020,03/31/2021,,NO_USER_UNIT,AMEND BOARD REPORT 20-0923-RS1 AMEND BOARD REPORT 20-0624-RS1 AMEND BOARD REPORT 20-0325-RS1 RESOLUTION AUTHORIZING EXPENDITURES AND ACTIONS IN RESPONSE TO THE CORONAVIRUS DISEASE 2019 (COVID-19)
2021,20-1216-PR7,20-1216-PR7-1,THE UNIVERSITY OF CHICAGO,284216.0,284216.0,01/01/2021,09/30/2022,12/31/2020,NO_USER_UNIT,AUTHORIZE A NEW AGREEMENT WITH THE UNIVERSITY OF CHICAGO FOR SCHOOL CLIMATE SURVEY OF STUDENTS AND TEACHERS SERVICES
2021,20-1216-PR6,20-1216-PR6-1,AUTOCLEAR L.L.C.,200000.0,200000.0,03/01/2021,02/28/2022,12/18/2020,NO_USER_UNIT,AUTHORIZE THE FIRST AND FINAL RENEWAL AGREEMENT WITH AUTOCLEAR L.L.C. FOR MAINTENANCE AND REPAIR SERVICES FOR PORTABLE X-RAY MACHINES
2021,20-1216-PR5,20-1216-PR5-1,"ODP BUSINESS SOLUTIONS, LLC",30000000.0,30000000.0,03/01/2021,02/29/2024,03/01/2021,NO_USER_UNIT,"AUTHORIZE NEW AGREEMENT WITH OFFICE DEPOT, LLC FOR THE PURCHASE OF OFFICE SUPPLIES AND RELATED PRODUCTS"
2021,20-1216-PR2,20-1216-PR2-1,ECRA GROUP INCORPORATED,230000.0,230000.0,01/01/2021,12/31/2021,12/18/2020,NO_USER_UNIT,AUTHORIZE THE FIRST RENEWAL AGREEMENT WITH ECRA GROUP INCORPORATED FOR STUDENT GROWTH MEASURE SERVICES
2021,20-1216-PR1,20-1216-PR1-1,"E3 DIAGNOSTICS, INC.",131998.0,131998.0,01/01/2021,12/31/2023,12/21/2020,NO_USER_UNIT,"AUTHORIZE A NEW AGREEMENT WITH E3 DIAGNOSTICS, INC. FOR AUDIOLOGY EQUIPMENT AND SERVICES"
2021,20-1216-AR6,20-1216-AR6-1,"The Sotos Law Firm, P.C.",30000.0,30000.0,07/01/2020,06/30/2021,,NO_USER_UNIT,"AUTHORIZE CONTINUED RETENTION OF THE SOTOS LAW FIRM, P.C."
2021,20-1216-AR5,20-1216-AR5-1,,250000.0,250000.0,07/01/2020,06/30/2021,,NO_USER_UNIT,"AUTHORIZE CONTINUED RETENTION OF THE LAW FIRM NIELSEN, ZEHE & ANTAS, P.C."
2021,20-1216-AR4,20-1216-AR4-1,,50000.0,50000.0,07/01/2020,06/30/2021,,NO_USER_UNIT,AUTHORIZE RETENTION OF THE LAW FIRM SCHARF BANKS MARMOR LLC
2021,20-1123-CPOR-7629,20-1123-CPOR-7629,"LANGUAGE TESTING INTERNATIONAL, INC.",33000.0,33000.0,08/31/2020,08/30/2021,12/16/2020,PDF_404,SY19 Language Proficiency Testing for Seniors (LTI)
2021,20-1118-PR3,20-1118-PR3-1,"FSS CONTENT TOPCO LP DBA FOLLETT CONTENT SOLUTIONS, LLC",3308856.0,3308856.0,01/01/2021,12/31/2022,11/24/2020,NO_USER_UNIT,"AUTHORIZE THE FIRST AND SECOND RENEWAL AGREEMENT WITH FOLLETT SCHOOL SOLUTIONS, INC FOR STUDENT INFORMATION SYSTEM SOFTWARE, HOSTING, MAINTENANCE, AND SUPPORT SERVICES"
2021,20-1118-PR2,20-1118-PR2-1,CARAHSOFT TECHNOLOGY CORPORATION,963880.0,963880.0,02/01/2021,01/31/2023,11/24/2020,NO_USER_UNIT,AUTHORIZE THE FIRST AND SECOND RENEWAL AGREEMENT WITH CARAHSOFT TECHNOLOGY CORPORATION FOR IDENTITY AND ACCESS MANAGEMENT SERVICES
2021,20-1118-OP1,20-1118-OP1-1,CHICAGO PARK DISTRICT,40.0,40.0,01/19/2023,01/18/2063,01/09/2023,NO_USER_UNIT,APPROVE ENTERING INTO AN INTERGOVERNMENTAL AGREEMENT WITH THE CHICAGO PARK DISTRICT FOR THE LEASE OF LAND FOR CONSTRUCTION OF THE NEW BELMONT CRAGIN SCHOOL AND THE SHARED USE OF ATHLETIC FACILITIES AT RIIS PARK
2021,20-1118-EX2,20-1118-EX2-1,CHICAGO CHARTER SCHOOL FOUNDATION DBA CHICAGO INT'L CHARTER SCHOOL,0.0,0.0,07/01/2017,06/30/2024,11/16/2022,NO_USER_UNIT,AMEND BOARD REPORT 19-0724-EX3 AMEND BOARD REPORT 18-0425-EX7 AMEND BOARD REPORT 17-0828-EX10 AMEND BOARD REPORT 16-1207-EX6 AUTHORIZE RENEWAL OF THE CHICAGO INTERNATIONAL CHARTER SCHOOL AGREEMENT WITH CONDITIONS
2021,20-1118-AR4,20-1118-AR4-1,NEAL & LEROY LLC,500000.0,500000.0,07/01/2020,06/30/2021,,NO_USER_UNIT,"AUTHORIZE CONTINUED RETENTION OF THE LAW FIRM NEAL & LEROY, LLC"
2021,20-1118-AR3,20-1118-AR3-1,ICE MILLER LLP,75000.0,75000.0,07/01/2020,06/30/2021,,NO_USER_UNIT,AUTHORIZE CONTINUED RETENTION OF THE LAW FIRM ICE MILLER LLP
2021,20-1110-CPOR-7634,20-1110-CPOR-7634,"OUTMATCH, INC.",87500.0,87500.0,01/01/2021,12/31/2021,01/30/2021,PDF_404,"Authorize entering an agreement to provide automated reference checks with Checkster, Inc."
2021,20-1102-CPOR-7619,20-1102-CPOR-7619,"AVANT ASSESSMENT, LLC",74500.0,74500.0,07/01/2020,06/30/2021,12/18/2020,PDF_404,Language Proficiency Testing 5th to 8th Grade
2021,20-1029-CPOR-7606,20-1029-CPOR-7606,"VERTOSOFT, LLC",74500.0,74500.0,01/01/2021,12/31/2021,12/28/2020,PDF_404,Comprehensive Annual Financial Report (CAFR Automation) Software
2021,20-1028-PR7,20-1028-PR7-1,"PUBLIC IMPACT, LLC",197768.0,197768.0,12/01/2020,11/30/2021,11/04/2020,NO_USER_UNIT,"AUTHORIZE SECOND RENEWAL AND AMEND THE AGREEMENT WITH PUBLIC IMPACT, LLC FOR TEACHER LEADERSHIP IMPLEMENTATION SERVICES"
2021,20-1028-PR6,20-1028-PR6-1,"BENEFIT EXPRESS SERVICES, LLC",250000.0,250000.0,01/01/2021,12/31/2021,11/13/2020,NO_USER_UNIT,"AUTHORIZE THE FIRST RENEWAL AGREEMENT WITH BENEFIT EXPRESS SERVICES, LLC FOR MEDICAL AND DEPENDENT CARE FLEXIBLE SPENDING ACCOUNT SERVICES"
2021,20-1028-PR5,20-1028-PR5-1,"ORACLE AMERICA, INC.",1036124.0,1036124.0,01/01/2021,12/31/2023,05/20/2021,NO_USER_UNIT,"AUTHORIZE A NEW TALEO SOFTWARE LICENSE AGREEMENT WITH ORACLE AMERICA, INC. FOR TALENT ACQUISITION AND ON-BOARDING PROVIDED AS SOFTWARE AS A SERVICE"
2021,20-1028-PR3,20-1028-PR3-1,"SAGA INNOVATIONS, INC.",322482.0,322482.0,11/01/2020,06/30/2021,11/19/2020,NO_USER_UNIT,"AUTHORIZE A NEW AGREEMENT WITH SAGA INNOVATIONS, INC. FOR AN ONLINE PILOT FOR MATH TUTORING SERVICES"
2021,20-1028-PR2,20-1028-PR2-1,ILLINOIS INSTITUTE OF TECHNOLOGY,1787000.0,1787000.0,08/01/2020,07/31/2022,11/04/2020,NO_USER_UNIT,"AMEND BOARD REPORT 20-0422-PR1AUTHORIZE THE SECOND AND FINAL RENEWAL AGREEMENT WITH ILLINOIS INSTITUTE OF TECHNOLOGY FOR ADMINISTRATION OF THE SELECTIVE ENROLLMENT ELEMENTARY SCHOOLS (""SEES"") ADMISSIONS EXAMINATION FOR STUDENTS APPLYING TO KINDERGARTEN THROUGH EIGHTH GRADES FOR THE CHICAGO PUBLIC SCHOOLS (""CPS"") OFFICE OF ACCESS AND ENROLLMENT (""OAE"")"
2021,20-1028-PR1,20-1028-PR1-1,"Joel Straus Consulting, LTD. dba Straus Art Group",1100000.0,1100000.0,11/01/2020,10/31/2022,11/04/2020,NO_USER_UNIT,"AUTHORIZE A NEW AGREEMENT WITH JOEL STRAUS CONSULTING, LTD. DBA STRAUS ART GROUP FOR FINE ART PORTFOLIO ASSESSMENT SERVICES"
2021,20-1028-OP1,20-1028-OP1-1,INTERPARK HOLDINGS LLC DBA URBAN GROWTH HOLDINGS LLC,500000.0,500000.0,05/01/2019,04/30/2024,10/08/2021,NO_USER_UNIT,"AMEND BOARD REPORT 19-0227-OP2 APPROVE LICENSE AGREEMENT WITH UGP-THEATER DISTRICT PARKING, LLC AS LICENSOR, BY ITS AGENT, INTERPARK LLC FOR THE USE OF THE PARKING GARAGE LOCATED AT 181 NORTH DEARBORN STREET FOR THE USE OF CHICAGO PUBLIC SCHOOLS EMPLOYEES, OFFICIALS, AND INVITEES TRAVELING TO AND FROM CENTRAL OFFICE"
2021,20-1028-EX2,20-1028-EX2-1,CITY OF CHICAGO,1287377.0,1287377.0,11/01/2020,08/31/2021,09/14/2021,NO_USER_UNIT,"APPROVE ENTERING INTO AN INTERGOVERNMENTAL AGREEMENT WITH THE DEPARTMENT OF FAMILY & SUPPORT SERVICES (DFSS), CITY OF CHICAGO, TO SUPPORT COMMUNITIES DISPROPORTIONATELY IMPACTED BY COVID-19"
2021,20-1028-AR7,20-1028-AR7-1,,150000.0,150000.0,07/01/2020,06/30/2021,,NO_USER_UNIT,
2021,20-1028-AR6,20-1028-AR6-1,,500000.0,500000.0,07/01/2020,06/30/2021,,NO_USER_UNIT,"AUTHORIZE CONTINUED RETENTION OF THE LAW FIRM FRANCZEK, P.C."
2021,20-1028-AR5,20-1028-AR5-1,COGHLAN LAW  LLC,0.0,0.0,01/01/2021,12/31/2021,11/12/2020,NO_USER_UNIT,AUTHORIZE CONTINUED RETENTION OF THE LAW FIRM COGHLAN LAW LLC
2021,20-1028-AR4,20-1028-AR4-1,"BROTHERS & THOMPSON, P.C.",50000.0,50000.0,07/01/2020,06/30/2021,,NO_USER_UNIT,"AUTHORIZE CONTINUED RETENTION OF THE LAW FIRM BROTHERS & THOMPSON, P.C."
2021,20-1028-AR3,20-1028-AR3-1,,50000.0,50000.0,07/01/2020,06/30/2021,,NO_USER_UNIT,AUTHORIZE RETENTION OF THE LAW FIRM AKERMAN LLP
2021,20-1006-CPOR-7613,20-1028-PR6-1,"BENEFIT EXPRESS SERVICES, LLC",250000.0,250000.0,01/01/2021,12/31/2021,11/13/2020,PDF_404,Medical and Dependent Care Flexible Spending Account (FSA) Services
2021,20-0923-RS1,20-0923-RS1-1,,75000000.0,75000000.0,03/05/2020,12/31/2020,,NO_USER_UNIT,AMEND BOARD REPORT 20-0624-RS1 AMEND BOARD REPORT 20-0325-RS1 RESOLUTION AUTHORIZING EXPENDITURES AND ACTIONS IN RESPONSE TO THE CORONAVIRUS DISEASE 2019 (COVID-19)
2021,20-0923-PR8,20-0923-PR8-1,"CAREMARKPCS HEALTH, L.L.C.",350000000.0,350000000.0,01/01/2021,12/31/2023,12/29/2020,NO_USER_UNIT,"AUTHORIZE A NEW AGREEMENT WITH CAREMARKPCS HEALTH, L.L.C. FOR PHARMACY BENEFIT MANAGEMENT SERVICES"
2021,20-0923-PR7,20-0923-PR7-1,"CANNON COCHRAN MANAGEMENT SERVICES, INC.",90000000.0,90000000.0,01/01/2021,12/31/2022,10/03/2020,NO_USER_UNIT,"AUTHORIZE THE SECOND AND FINAL RENEWAL AND AMEND AGREEMENT WITH CANNON COCHRAN MANAGEMENT SERVICES, INC FOR THIRD PARTY CLAIMS ADMINISTRATION SERVICES"
2021,20-0923-PR6,20-0923-PR6-1,"ACCURATE BIOMETRICS, INC.",433332.0,433332.0,11/01/2020,10/31/2021,10/03/2020,NO_USER_UNIT,"AUTHORIZE THE FIRST RENEWAL AND AMEND THE AGREEMENT WITH ACCURATE BIOMETRICS, INC. FOR MANAGED SERVICES SYSTEM"
2021,20-0923-PR2,20-0923-PR2-1,"BSN SPORTS, LLC 1",2000000.0,2000000.0,11/01/2020,10/31/2021,10/03/2020,NO_USER_UNIT,"AUTHORIZE THE SECOND AND FINAL RENEWAL AGREEMENT WITH BSN SPORTS, LLC FOR THE PURCHASE OF PHYSICAL EDUCATION SUPPLIES AND EQUIPMENT"
2021,20-0923-PR1,20-0923-PR1-1,"ATI HOLDINGS, LLC",250000.0,250000.0,10/01/2020,09/30/2021,10/03/2020,NO_USER_UNIT,"AUTHORIZE THE FIRST RENEWAL AND AMEND AGREEMENT WITH ATI HOLDINGS, LLC FOR ATHLETIC TRAINING SERVICES"
2021,20-0923-OP1,20-0923-OP1-1,CHICAGO PARK DISTRICT,500000.0,500000.0,06/24/2021,06/23/2041,06/24/2021,NO_USER_UNIT,APPROVE ENTERING INTO AN INTERGOVERNMENTAL USE AGREEMENT WITH THE CHICAGO PARK DISTRICKT IN CONNECTION WITH THE CONSTRUCTION AND USE OF ATHLETIC FIELD AT LAWLER PARK
2021,20-0923-FN1,20-0923-FN1-1,CITY OF CHICAGO,100000000.0,100000000.0,01/01/2021,12/31/2021,08/25/2021,NO_USER_UNIT,AUTHORIZE THE FIRST RENEWAL AND AMEND THE INTERGOVERNMENTAL AGREEMENT WITH THE CITY OF CHICAGO FOR THE MUNICIPAL EMPLOYEES' ANNUITY AND BENEFIT FUND
2021,20-0923-AR4,20-0923-AR4-1,THOMPSON COBURN LLP,50000.0,50000.0,07/01/2020,06/30/2021,,NO_USER_UNIT,AUTHORIZE CONTINUED RETENTION OF THE LAW FIRM THOMPSON COBURN LLP
2021,20-0923-AR3,20-0923-AR3-1,MCGUIREWOODS LLP,30000.0,30000.0,07/01/2020,06/30/2021,,NO_USER_UNIT,AUTHORIZE RETENTION OF THE LAW FIRM MCGUIREWOODS LLP
2021,20-0923-AR2,20-0923-AR2-1,,50000.0,50000.0,07/01/2020,06/30/2021,,NO_USER_UNIT,AUTHORIZE RETENTION OF THE LAW FIRM HUSCH BLACKWELL LLP
2021,20-0910-CPOR-7607,20-0910-CPOR-7607-1,"INTERACTIVE APPLICATIONS, INC. DBA SOLIDPROFESSOR",91000.0,91000.0,09/08/2020,09/07/2021,11/13/2020,PDF_404,On-line Design Software Learning Modules
2021,20-0830-CPOR-7592,20-0830-CPOR-7592,"R.V. KUHNS & ASSOCIATES, INC. DBA RVK, INC.",145000.0,145000.0,10/01/2020,09/30/2021,09/29/2020,PDF_404,Retirement Plans Consulting Services
2021,20-0826-PR9,20-0826-PR9-1,CDW GOVERNMENT LLC,16000000.0,16000000.0,09/01/2020,12/31/2020,09/01/2020,NO_USER_UNIT,"AUTHORIZE THE EXTENSION OF THE AGREEMENT WITH CDW GOVERNMENT, LLC TO PROVIDE SOFTWARE PRODUCTS AND SERVICES"
2021,20-0826-PR8,20-0826-PR8-1,"SIVIC SOLUTIONS GROUP, LLC",624000.0,624000.0,01/01/2021,12/31/2021,09/09/2020,NO_USER_UNIT,"AUTHORIZE THE SECOND RENEWAL AGREEMENT WITH SIVIC SOLUTIONS GROUP, LLC FOR MEDICAID CLAIMS PROCESSING AND ADVISORY SERVICES"
2021,20-0826-PR2,20-0826-PR2-1,"CAREERS THROUGH CULINARY ARTS PROGRAM, INC.",113925.0,113925.0,09/01/2020,08/31/2021,09/15/2020,NO_USER_UNIT,"AUTHORIZE THE FIRST RENEWAL AGREEMENT WITH CAREERS THROUGH CULINARY ARTS PROGRAM, INC. FOR EDUCATIONAL SERVICES TO CULINARY STUDENTS AND TEACHERS"
2021,20-0826-PR11,20-0826-PR11-1,STANDARD INSURANCE COMPANY,1450000.0,1450000.0,01/01/2021,12/31/2023,01/25/2021,NO_USER_UNIT,"AUTHORIZE A NEW AGREEMENT WITH STANDARD INSURANCE COMPANY FOR LIFE INSURANCE, LONG TERM DISABILITY AND VOLUNTARY BENEFITS SERVICES"
2021,20-0826-PR1,20-0826-PR1-1,THORSEN CONSULTING INC,250000.0,250000.0,01/26/2021,01/25/2022,09/09/2020,NO_USER_UNIT,"AUTHORIZE THE FIRST RENEWAL AND AMEND AGREEMENT WITH THORSEN CONSULTING, INC. FOR DEVELOPMENT AND HOSTING OF THE GOCPS WAITLIST/OFFER MODULE"
2021,20-0826-OP1,20-0826-OP1-1,BETH SHALOM B'NAI ZAKEN ETHIOPIAN HEBREW CONGREGATION,0.0,121980.0,07/01/2020,06/30/2021,10/03/2020,NO_USER_UNIT,AUTHORIZE EXTENSION OF FOURTH RENEWAL OF LEASE WITH BETH SHALOM B'NAI ZAKEN ETHIOPIAN HEBREW CONGREGATION AT 6601 S. KEDZIE AVE FOR USE BY BARBARA VICK VILLAGE PRE-K CENTER
2021,20-0826-EX5,20-0826-EX5-1,,12100000.0,12100000.0,09/01/2020,08/31/2021,10/14/2020,NO_USER_UNIT,AUTHORIZE ENTERING INTO THE AMENDED AND RESTATED RENEWAL OF THE INTERGOVERNMENTAL AGREEMENT WITH THE CHICAGO POLICE DEPARTMENT OF THE CITY OF CHICAGO FOR SCHOOL RESOURCE OFFICER SERVICES
2021,20-0826-AR2,20-0826-AR2-1,,100000.0,100000.0,07/01/2020,06/30/2021,,NO_USER_UNIT,"AUTHORIZE CONTINUED RETENTION OF THE LAW FIRM SALVATORE PRESCOTT PORTER & PORTER, PLLC"
2021,20-0818-CPOR-7342,20-0818-CPOR-7342-1,La Tia Collins Dunn,65000.0,65000.0,06/01/2019,06/30/2021,08/17/2020,PDF_404,Chicago Early Learning (CEL) Project Coordinator/Consultant
2021,20-0811-CPOR-7544,20-0811-CPOR-7544-1,"GAVIN DOUGHTY DBA RESPOND-ABILITY, LLC",66000.0,66000.0,,,10/26/2020,PDF_404,Tiered Support Model and Professional Development
2021,20-0729-CPOR-7522,20-0729-CPOR-7522-1,"RENAISSANCE LEARNING, INC.",75000.0,75000.0,07/01/2020,06/30/2021,11/14/2020,PDF_404,Options Assessment
2021,20-0722-PR8,20-0722-PR8-3,"COOK-DUPAGE TRANSPORTATION COMPANY, INC.",0.0,26000000.0,08/01/2020,07/31/2021,08/10/2020,NO_USER_UNIT,"AMEND BOARD REPORT 19-0327-PR10AUTHORIZE THE FIRST AND SECOND RENEWAL AGREEMENTS WITH SCR MEDICAL TRANSPORTATION, RELIANT TRANSPORTATION, AND AUTHORIZE NEW AGREEMENT WITH COOK-DUPAGE TRANSPORTATION COMPANY, INC. FOR PARA-TRANSIT AND ALTERNATE MODES OF STUDENT TRANSPORTATION SERVICES"
2021,20-0722-PR7,20-0722-PR7-1,PITNEY BOWES INC,0.0,1000000.0,08/01/2020,07/31/2022,,NO_USER_UNIT,"AUTHORIZE A NEW AGREEMENT WITH PITNEY BOWES INC FOR MAIL EQUIPMENT, SUPPLIES AND SERVICES"
2021,20-0722-PR4,20-0722-PR4-1,"DISCOVERY EDUCATION, INC.",222500.0,222500.0,08/01/2020,07/31/2021,07/31/2020,NO_USER_UNIT,"AUTHORIZE A NEW AGREEMENT WITH DISCOVERY EDUCATION, INC FOR STEM MAGNET SCHOOL SERVICES"
2021,20-0722-PR2,20-0722-PR2-1,"TEACHING STRATEGIES, LLC",544418.0,544418.0,09/01/2020,08/31/2021,09/15/2020,NO_USER_UNIT,"AUTHORIZE THE FIRST RENEWAL AGREEMENT WITH TEACHING STRATEGIES, LLC FOR TEACHING STRATEGIES GOLD ASSESSMENT SERVICES"
2021,20-0722-PR1,20-0722-PR1-1,ELECTRICAL JOINT APPRENTICESHIP AND TRAINING TRUST,250000.0,250000.0,09/01/2020,08/31/2021,09/17/2020,NO_USER_UNIT,AUTHORIZE THE THIRD AND FINAL RENEWAL AGREEMENT WITH ELECTRICAL JOINT APPRENTICESHIP AND TRAINING TRUST FOR EDUCATIONAL SERVICES
2021,20-0722-AR9,20-0722-AR9-1,,250000.0,250000.0,,,,NO_USER_UNIT,"AUTHORIZE CONTINUED RETENTION OF THE LAW FIRM QUINTAIROS, PRIETO, WOOD & BOYER, P.A."
2021,20-0722-AR8,20-0722-AR8-1,,0.0,50000.0,07/01/2020,06/30/2021,,NO_USER_UNIT,AUTHORIZE CONTINUED RETENTION OF THE LAW FIRM MASTERSLAW
2021,20-0722-AR7,20-0722-AR7-1,,50000.0,50000.0,07/01/2020,06/30/2021,,NO_USER_UNIT,AUTHORIZE CONTINUED RETENTION OF THE LAW OFFICE OF LINDA K. HOGAN
2021,20-0722-AR6,20-0722-AR6-1,DEBORAH F. HILL DBA HILL LAW OFFICES_RENEW,135000.0,135000.0,07/01/2019,06/30/2021,,NO_USER_UNIT,AUTHORIZE CONTINUED RETENTION OF HILL LAW OFFICES
2021,20-0722-AR5,20-0722-AR5-1,"BROTHERS & THOMPSON, P.C.",50000.0,50000.0,07/01/2020,06/30/2021,,NO_USER_UNIT,"AUTHORIZE CONTINUED RETENTION OF THE LAW FIRM BROTHERS & THOMPSON, P.C."
2021,20-0722-AR11,20-0722-AR11-1,"TAFT STETTINIUS & HOLLISTER, LLP",350000.0,350000.0,07/01/2020,06/30/2021,,NO_USER_UNIT,"AUTHORIZE CONTINUED RETENTION OF THE LAW FIRM TAFT STETTINIUS & HOLLISTER, LLP"
2021,20-0722-AR10,20-0722-AR10-1,RILEY SAFER HOLMES & CANCILA LLP,100000.0,100000.0,07/01/2020,06/30/2021,,NO_USER_UNIT,AUTHORIZE CONTINUED RETENTION OF THE LAW FIRM RILEY SAFER HOLMES & CANCILA LLP
2021,20-0709-CPOR-7571,20-0709-CPOR-7571,FISCAL TECHNOLOGIES INC.,102388.0,102388.0,10/01/2020,09/30/2021,11/13/2020,PDF_404,Forensic Software for AP
2021,20-0708-CPOR-7580,20-0708-CPOR-7580,"AON Risk Services Central, Inc.",62500.0,62500.0,07/26/2020,07/25/2021,07/30/2020,PDF_404,Renewal of CPOR-1859: Actuarial Services
2021,20-0708-CPOR-7556,20-0708-CPOR-7556,"TNTP, INC.",74091.0,74091.0,08/01/2020,07/31/2021,08/03/2020,PDF_404,Teacher Leadership Strategy Development Consultant
2021,20-0708-CPOR-7553,20-0708-CPOR-7553,HENDY AVENUE CONSULTING LLC,84000.0,84000.0,08/31/2020,08/30/2021,09/01/2020,PDF_404,Human Capital Management Training Modules
2021,20-0708-CPOR-7551,20-0708-CPOR-7551-1,Ascension,85000.0,85000.0,07/01/2020,06/30/2021,08/05/2020,PDF_404,Curriculum Lead
